ISO-10303-21;
HEADER;
/* Generated by software containing ST-Developer
 * from STEP Tools, Inc. (www.steptools.com) 
 */

FILE_DESCRIPTION(
/* description */ (''),
/* implementation_level */ '2;1');

FILE_NAME(
/* name */ 'Jetson Case v2.2 - Upper Half - Enclosed w Buttons.step',
/* time_stamp */ '2026-08-10T20:35:07-04:00',
/* author */ (''),
/* organization */ (''),
/* preprocessor_version */ 'ST-DEVELOPER v20.1',
/* originating_system */ 'Autodesk Translation Framework v15.8.0.0',
/* authorisation */ '');

FILE_SCHEMA (('AUTOMOTIVE_DESIGN { 1 0 10303 214 3 1 1 }'));
ENDSEC;

DATA;
#10=MECHANICAL_DESIGN_GEOMETRIC_PRESENTATION_REPRESENTATION('',(#13),#6394);
#11=SHAPE_REPRESENTATION_RELATIONSHIP('SRR','None',#6401,#12);
#12=ADVANCED_BREP_SHAPE_REPRESENTATION('',(#14),#6393);
#13=STYLED_ITEM('',(#6410),#14);
#14=MANIFOLD_SOLID_BREP('Body1',#2068);
#15=TOROIDAL_SURFACE('',#2136,10.0832159566199,1.);
#16=TOROIDAL_SURFACE('',#2140,10.0832159566199,1.);
#17=TOROIDAL_SURFACE('',#2144,10.0832159566199,1.);
#18=TOROIDAL_SURFACE('',#2159,10.0832159566199,1.);
#19=TOROIDAL_SURFACE('',#2163,10.0832159566199,1.);
#20=TOROIDAL_SURFACE('',#2166,10.0832159566199,1.);
#21=TOROIDAL_SURFACE('',#2174,8.90000000000001,0.2);
#22=TOROIDAL_SURFACE('',#2186,8.90000000000001,0.2);
#23=TOROIDAL_SURFACE('',#2196,8.9,0.2);
#24=TOROIDAL_SURFACE('',#2200,8.9,0.2);
#25=B_SPLINE_CURVE_WITH_KNOTS('',3,(#2955,#2956,#2957,#2958,#2959,#2960,
#2961,#2962,#2963,#2964),.UNSPECIFIED.,.F.,.F.,(4,2,2,2,4),(0.,0.00320869707877438,
0.0162765412027985,0.0211674316868497,0.0216826685371284),.UNSPECIFIED.);
#26=B_SPLINE_CURVE_WITH_KNOTS('',3,(#2966,#2967,#2968,#2969,#2970,#2971,
#2972,#2973,#2974),.UNSPECIFIED.,.F.,.F.,(4,1,1,1,1,1,4),(7.71225217774587E-15,
0.0180841950320737,0.0361683900641396,0.0542525850962056,0.0723367801282715,
0.0904209751603375,0.126589365224469),.UNSPECIFIED.);
#27=B_SPLINE_CURVE_WITH_KNOTS('',3,(#2977,#2978,#2979,#2980,#2981,#2982,
#2983),.UNSPECIFIED.,.F.,.F.,(4,1,1,1,4),(-0.126589365224469,-0.0904209751603375,
-0.0723367801282715,-0.0542525850962056,-0.0522244834757884),
 .UNSPECIFIED.);
#28=B_SPLINE_CURVE_WITH_KNOTS('',3,(#3027,#3028,#3029,#3030,#3031,#3032,
#3033,#3034),.UNSPECIFIED.,.F.,.F.,(4,1,2,1,4),(-0.496477697015702,-0.391760332483563,
-0.234684285685356,-0.0938737142741425,0.),.UNSPECIFIED.);
#29=B_SPLINE_CURVE_WITH_KNOTS('',3,(#3035,#3036,#3037,#3038,#3039,#3040,
#3041,#3042),.UNSPECIFIED.,.F.,.F.,(4,1,2,1,4),(0.,0.0938737142741425,0.234684285685356,
0.391760332483563,0.496477697015702),.UNSPECIFIED.);
#30=B_SPLINE_CURVE_WITH_KNOTS('',3,(#3066,#3067,#3068,#3069),
 .UNSPECIFIED.,.F.,.F.,(4,4),(-0.263715907357106,-9.02917910987193E-12),
 .UNSPECIFIED.);
#31=B_SPLINE_CURVE_WITH_KNOTS('',3,(#3070,#3071,#3072,#3073),
 .UNSPECIFIED.,.F.,.F.,(4,4),(9.02917910987193E-12,0.263715907357106),
 .UNSPECIFIED.);
#32=B_SPLINE_CURVE_WITH_KNOTS('',3,(#3115,#3116,#3117,#3118),
 .UNSPECIFIED.,.F.,.F.,(4,4),(-0.263737678256461,0.),.UNSPECIFIED.);
#33=B_SPLINE_CURVE_WITH_KNOTS('',3,(#3119,#3120,#3121,#3122),
 .UNSPECIFIED.,.F.,.F.,(4,4),(0.,0.263737678256461),.UNSPECIFIED.);
#34=B_SPLINE_CURVE_WITH_KNOTS('',3,(#3161,#3162,#3163,#3164,#3165,#3166,
#3167,#3168,#3169,#3170,#3171,#3172),.UNSPECIFIED.,.F.,.F.,(4,2,2,2,2,4),
(-0.00188569958351632,0.,0.0140099571170384,0.0325336722859601,0.0383695591129476,
0.0432860518377969),.UNSPECIFIED.);
#35=B_SPLINE_CURVE_WITH_KNOTS('',3,(#3174,#3175,#3176,#3177,#3178,#3179,
#3180),.UNSPECIFIED.,.F.,.F.,(4,1,1,1,4),(0.0522243658285925,0.0542522867861077,
0.0723363823814891,0.0904204779768704,0.126588669167633),.UNSPECIFIED.);
#36=B_SPLINE_CURVE_WITH_KNOTS('',3,(#3183,#3184,#3185,#3186,#3187,#3188,
#3189,#3190,#3191),.UNSPECIFIED.,.F.,.F.,(4,1,1,1,1,1,4),(-0.126588669167633,
-0.0904204779768704,-0.0723363823814891,-0.0542522867861077,-0.0361681911907263,
-0.0180840955953449,3.6499837882595E-14),.UNSPECIFIED.);
#37=B_SPLINE_CURVE_WITH_KNOTS('',3,(#3232,#3233,#3234,#3235,#3236,#3237,
#3238,#3239),.UNSPECIFIED.,.F.,.F.,(4,2,1,1,4),(-0.496471914460368,-0.453059629872553,
-0.317141740910787,-0.181223851949021,0.),.UNSPECIFIED.);
#38=B_SPLINE_CURVE_WITH_KNOTS('',3,(#3240,#3241,#3242,#3243,#3244,#3245,
#3246,#3247),.UNSPECIFIED.,.F.,.F.,(4,1,1,2,4),(0.,0.181223851949021,0.317141740910787,
0.453059629872553,0.496471914460368),.UNSPECIFIED.);
#39=B_SPLINE_CURVE_WITH_KNOTS('',3,(#3313,#3314,#3315,#3316),
 .UNSPECIFIED.,.F.,.F.,(4,4),(-0.263737678257868,0.),.UNSPECIFIED.);
#40=B_SPLINE_CURVE_WITH_KNOTS('',3,(#3318,#3319,#3320,#3321,#3322,#3323,
#3324,#3325),.UNSPECIFIED.,.F.,.F.,(4,2,1,1,4),(-0.496471914460338,-0.45305963143746,
-0.317141742006222,-0.181223852574984,0.),.UNSPECIFIED.);
#41=B_SPLINE_CURVE_WITH_KNOTS('',3,(#3327,#3328,#3329,#3330,#3331,#3332,
#3333,#3334),.UNSPECIFIED.,.F.,.F.,(4,1,1,1,1,4),(0.0524813576031134,0.0542522867861345,
0.0632943345838244,0.0723363823815143,0.0904204779768941,0.126588669167654),
 .UNSPECIFIED.);
#42=B_SPLINE_CURVE_WITH_KNOTS('',3,(#3336,#3337,#3338,#3339),
 .UNSPECIFIED.,.F.,.F.,(4,4),(0.20963390286712,0.243768148375601),
 .UNSPECIFIED.);
#43=B_SPLINE_CURVE_WITH_KNOTS('',3,(#3341,#3342,#3343,#3344),
 .UNSPECIFIED.,.F.,.F.,(4,4),(-0.0128404095462633,0.),.UNSPECIFIED.);
#44=B_SPLINE_CURVE_WITH_KNOTS('',3,(#3346,#3347,#3348,#3349,#3350,#3351,
#3352,#3353,#3354,#3355,#3356,#3357,#3358,#3359,#3360,#3361,#3362,#3363,
#3364,#3365,#3366,#3367,#3368,#3369,#3370,#3371,#3372,#3373,#3374,#3375,
#3376,#3377,#3378,#3379),.UNSPECIFIED.,.F.,.F.,(4,3,3,3,3,3,3,3,3,3,3,4),
(-0.0431082327864767,-0.0220081772902571,-0.00719848940992699,-0.00230711088650178,
-0.000699429446337617,-0.000609723359050145,-0.000533586660305147,-0.000392358775734129,
-0.000216040126539537,-7.05476252816308E-5,0.,6.47138600273138E-5),
 .UNSPECIFIED.);
#45=B_SPLINE_CURVE_WITH_KNOTS('',3,(#3381,#3382,#3383,#3384,#3385,#3386,
#3387,#3388,#3389,#3390,#3391,#3392,#3393,#3394,#3395,#3396,#3397,#3398,
#3399,#3400,#3401,#3402,#3403,#3404,#3405,#3406,#3407,#3408,#3409,#3410,
#3411,#3412,#3413,#3414,#3415,#3416,#3417,#3418,#3419,#3420,#3421,#3422,
#3423,#3424,#3425,#3426,#3427,#3428,#3429,#3430,#3431,#3432,#3433,#3434,
#3435,#3436,#3437,#3438,#3439,#3440,#3441,#3442,#3443,#3444,#3445,#3446,
#3447,#3448,#3449,#3450,#3451,#3452,#3453,#3454,#3455,#3456,#3457,#3458,
#3459,#3460,#3461,#3462,#3463,#3464,#3465,#3466,#3467,#3468,#3469,#3470,
#3471,#3472,#3473,#3474,#3475,#3476,#3477,#3478,#3479,#3480,#3481,#3482,
#3483,#3484,#3485,#3486,#3487,#3488,#3489,#3490,#3491,#3492,#3493,#3494,
#3495,#3496,#3497,#3498,#3499,#3500,#3501,#3502,#3503,#3504,#3505,#3506,
#3507,#3508,#3509,#3510,#3511,#3512,#3513,#3514,#3515,#3516,#3517,#3518,
#3519,#3520,#3521,#3522,#3523,#3524,#3525,#3526,#3527,#3528,#3529,#3530,
#3531,#3532,#3533,#3534,#3535,#3536,#3537,#3538,#3539,#3540,#3541,#3542,
#3543,#3544,#3545,#3546,#3547,#3548,#3549,#3550,#3551,#3552,#3553,#3554,
#3555,#3556,#3557,#3558,#3559,#3560,#3561,#3562,#3563,#3564,#3565,#3566,
#3567,#3568,#3569,#3570,#3571,#3572,#3573,#3574,#3575,#3576,#3577,#3578,
#3579),.UNSPECIFIED.,.F.,.F.,(4,3,3,3,3,3,3,3,3,3,3,3,3,3,3,3,3,3,3,3,3,
3,3,3,3,3,3,3,3,3,3,3,3,3,3,3,3,3,3,3,3,3,3,3,3,3,3,3,3,3,3,3,3,3,3,3,3,
3,3,3,3,3,3,3,3,3,4),(-5.89906131593597,-5.7113942106866,-5.54935377348976,
-5.54934119493966,-5.36590422757248,-5.16069359482569,-5.0298218320758,
-4.90124840088829,-4.74673702159074,-4.58771359091378,-4.5668569066946,
-4.40398739953395,-4.23551644426744,-4.21052436397149,-4.03326394338325,
-3.93656091577134,-3.93655143944576,-3.87457841753503,-3.81212121992749,
-3.7653012773537,-3.7036731004383,-3.64426311468605,-3.5940768968084,-3.59403590093699,
-3.56810578590107,-3.54537805764021,-3.52104153524852,-3.49867605283661,
-3.49670501285682,-3.47363050559288,-3.46750151605449,-3.44756925139163,
-3.44063779580809,-3.4285498289702,-3.41975581867058,-3.40923891291195,
-3.40738393820375,-3.3953447307317,-3.39236150606921,-3.38952596833173,
-3.36813696420427,-3.34110039528819,-3.32746960863767,-3.32741307694847,
-3.29996593940666,-3.27084768508491,-3.23747954613006,-3.22527654243579,
-3.22521930189492,-3.12647794759456,-3.00772950847252,-2.97997778280507,
-2.86309067732057,-2.80395180440447,-2.80392313811897,-2.56792761049653,
-2.30638523759701,-2.26104623924471,-2.02207793488608,-1.88730304608578,
-1.88729640476658,-1.68478178003508,-1.57120833803723,-1.40542595661021,
-1.25524045393844,-1.06919838812753,-0.938147670061554),.UNSPECIFIED.);
#46=B_SPLINE_CURVE_WITH_KNOTS('',3,(#3581,#3582,#3583,#3584,#3585,#3586,
#3587,#3588,#3589,#3590,#3591,#3592,#3593,#3594,#3595,#3596,#3597,#3598,
#3599,#3600,#3601,#3602,#3603,#3604,#3605,#3606,#3607,#3608,#3609,#3610,
#3611,#3612,#3613,#3614,#3615,#3616,#3617,#3618,#3619,#3620,#3621,#3622,
#3623,#3624,#3625,#3626),.UNSPECIFIED.,.F.,.F.,(4,3,3,3,3,3,3,3,3,3,3,3,
3,3,3,4),(-0.0103494842812421,-0.0103492192243348,-0.0103418226261047,-0.0103334883254475,
-0.0103020123599581,-0.0102797127048837,-0.0102735740960656,-0.0102670796526576,
-0.0102527947904958,-0.0102418039005066,-0.0100217133866654,-0.00949019783348475,
-0.00935833794176012,-0.00876304118111339,-0.00816019275272032,-0.00755734432432726),
 .UNSPECIFIED.);
#47=B_SPLINE_CURVE_WITH_KNOTS('',3,(#3628,#3629,#3630,#3631),
 .UNSPECIFIED.,.F.,.F.,(4,4),(-0.0128254684314469,0.),.UNSPECIFIED.);
#48=B_SPLINE_CURVE_WITH_KNOTS('',3,(#3633,#3634,#3635,#3636),
 .UNSPECIFIED.,.F.,.F.,(4,4),(0.23775696339068,0.271891517071967),
 .UNSPECIFIED.);
#49=B_SPLINE_CURVE_WITH_KNOTS('',3,(#3638,#3639,#3640,#3641,#3642,#3643,
#3644),.UNSPECIFIED.,.F.,.F.,(4,1,1,1,4),(-0.12658936522456,-0.0904209751604045,
-0.0723367801283268,-0.0542525850962492,-0.0522243150815977),
 .UNSPECIFIED.);
#50=B_SPLINE_CURVE_WITH_KNOTS('',3,(#3646,#3647,#3648,#3649,#3650,#3651,
#3652,#3653),.UNSPECIFIED.,.F.,.F.,(4,1,2,1,4),(-0.496477697015526,-0.391760330054277,
-0.234684279612405,-0.0938737118449618,0.),.UNSPECIFIED.);
#51=B_SPLINE_CURVE_WITH_KNOTS('',3,(#3655,#3656,#3657,#3658),
 .UNSPECIFIED.,.F.,.F.,(4,4),(-0.263715907357126,-9.0369124665792E-12),
 .UNSPECIFIED.);
#52=B_SPLINE_CURVE_WITH_KNOTS('',3,(#3662,#3663,#3664,#3665),
 .UNSPECIFIED.,.F.,.F.,(4,4),(0.0513367181956377,0.570951040936241),
 .UNSPECIFIED.);
#53=B_SPLINE_CURVE_WITH_KNOTS('',3,(#3667,#3668,#3669,#3670,#3671,#3672,
#3673,#3674,#3675,#3676,#3677,#3678,#3679,#3680,#3681,#3682,#3683,#3684,
#3685,#3686,#3687,#3688,#3689,#3690,#3691,#3692,#3693,#3694,#3695,#3696,
#3697,#3698,#3699,#3700,#3701,#3702,#3703,#3704,#3705,#3706,#3707,#3708,
#3709,#3710,#3711,#3712),.UNSPECIFIED.,.F.,.F.,(4,3,3,3,3,3,3,3,3,3,3,3,
3,3,3,4),(1.88441538929975,1.89514821116333,1.9116142866225,1.94126210683459,
1.9485580984812,1.9817386242443,1.99802179967492,2.04922524980675,2.06989822130718,
2.10643490300376,2.14001438353426,2.15172950260725,2.18289254576259,2.21385638807887,
2.24039776378193,2.25186537792995),.UNSPECIFIED.);
#54=B_SPLINE_CURVE_WITH_KNOTS('',3,(#3714,#3715,#3716,#3717,#3718,#3719,
#3720,#3721,#3722,#3723),.UNSPECIFIED.,.F.,.F.,(4,2,2,2,4),(0.,0.664166467944416,
1.24039715775988,1.83127068903635,2.32214130684194),.UNSPECIFIED.);
#55=B_SPLINE_CURVE_WITH_KNOTS('',3,(#3727,#3728,#3729,#3730,#3731,#3732,
#3733,#3734,#3735,#3736),.UNSPECIFIED.,.F.,.F.,(4,2,2,2,4),(0.0527415076665837,
0.569146611660454,1.09135835287578,1.52751941698275,2.05279062289026),
 .UNSPECIFIED.);
#56=B_SPLINE_CURVE_WITH_KNOTS('',3,(#3738,#3739,#3740,#3741,#3742,#3743,
#3744,#3745,#3746,#3747,#3748,#3749,#3750,#3751,#3752,#3753,#3754,#3755,
#3756,#3757,#3758,#3759,#3760,#3761,#3762,#3763,#3764,#3765,#3766,#3767,
#3768,#3769,#3770,#3771,#3772,#3773,#3774,#3775,#3776,#3777,#3778,#3779,
#3780),.UNSPECIFIED.,.F.,.F.,(4,3,3,3,3,3,3,3,3,3,3,3,3,3,4),(0.513414269260092,
0.544377854153497,0.575253493509153,0.598586537023875,0.631425616698851,
0.666562204183035,0.69243815149352,0.753509508635188,0.770058166479571,
0.803119789387638,0.833888050114912,0.840645657897398,0.863170079602777,
0.876589667812928,0.880988540166293),.UNSPECIFIED.);
#57=B_SPLINE_CURVE_WITH_KNOTS('',3,(#3781,#3782,#3783,#3784),
 .UNSPECIFIED.,.F.,.F.,(4,4),(0.,0.459012909164759),.UNSPECIFIED.);
#58=B_SPLINE_CURVE_WITH_KNOTS('',3,(#3786,#3787,#3788,#3789),
 .UNSPECIFIED.,.F.,.F.,(4,4),(0.209633902867113,0.243768148375577),
 .UNSPECIFIED.);
#59=B_SPLINE_CURVE_WITH_KNOTS('',3,(#3791,#3792,#3793,#3794),
 .UNSPECIFIED.,.F.,.F.,(4,4),(-0.0128404095463873,0.),.UNSPECIFIED.);
#60=B_SPLINE_CURVE_WITH_KNOTS('',3,(#3796,#3797,#3798,#3799,#3800,#3801,
#3802,#3803,#3804,#3805,#3806,#3807,#3808,#3809,#3810,#3811,#3812,#3813,
#3814,#3815,#3816,#3817,#3818,#3819,#3820,#3821,#3822,#3823,#3824,#3825,
#3826,#3827,#3828,#3829),.UNSPECIFIED.,.F.,.F.,(4,3,3,3,3,3,3,3,3,3,3,4),
(-0.0431178876105985,-0.0220132159530889,-0.00720028795590021,-0.00230783923800908,
-0.000699798403187338,-0.000610060686928149,-0.000533901252611391,-0.000392640455895191,
-0.000216287231488475,-7.0669908590042E-5,-6.93889390390723E-18,6.45107369674321E-5),
 .UNSPECIFIED.);
#61=B_SPLINE_CURVE_WITH_KNOTS('',3,(#3831,#3832,#3833,#3834,#3835,#3836,
#3837,#3838,#3839,#3840,#3841,#3842,#3843,#3844,#3845,#3846,#3847,#3848,
#3849,#3850,#3851,#3852,#3853,#3854,#3855,#3856,#3857,#3858,#3859,#3860,
#3861,#3862,#3863,#3864,#3865,#3866,#3867,#3868,#3869,#3870,#3871,#3872,
#3873,#3874,#3875,#3876,#3877,#3878,#3879,#3880,#3881,#3882,#3883,#3884,
#3885,#3886,#3887,#3888,#3889,#3890,#3891,#3892,#3893,#3894,#3895,#3896,
#3897,#3898,#3899,#3900,#3901,#3902,#3903,#3904,#3905,#3906,#3907,#3908,
#3909,#3910,#3911,#3912,#3913,#3914,#3915,#3916,#3917,#3918,#3919,#3920,
#3921,#3922,#3923,#3924,#3925,#3926,#3927,#3928,#3929,#3930,#3931,#3932,
#3933,#3934,#3935,#3936,#3937,#3938,#3939,#3940,#3941,#3942,#3943,#3944,
#3945,#3946,#3947,#3948,#3949,#3950,#3951,#3952,#3953,#3954,#3955,#3956,
#3957,#3958,#3959,#3960,#3961,#3962,#3963,#3964,#3965,#3966,#3967,#3968,
#3969,#3970,#3971,#3972,#3973,#3974,#3975,#3976,#3977,#3978,#3979,#3980,
#3981,#3982,#3983,#3984,#3985,#3986,#3987,#3988,#3989,#3990,#3991,#3992,
#3993,#3994,#3995,#3996,#3997,#3998,#3999,#4000,#4001,#4002,#4003,#4004,
#4005,#4006,#4007,#4008,#4009,#4010,#4011,#4012,#4013,#4014,#4015,#4016,
#4017,#4018,#4019,#4020,#4021,#4022,#4023,#4024,#4025,#4026,#4027,#4028,
#4029),.UNSPECIFIED.,.F.,.F.,(4,3,3,3,3,3,3,3,3,3,3,3,3,3,3,3,3,3,3,3,3,
3,3,3,3,3,3,3,3,3,3,3,3,3,3,3,3,3,3,3,3,3,3,3,3,3,3,3,3,3,3,3,3,3,3,3,3,
3,3,3,3,3,3,3,3,3,4),(-5.89906131593601,-5.71120502978593,-5.54935377242984,
-5.54934157078766,-5.3661446531292,-5.16107465810349,-5.02982148402416,
-4.90124839930409,-4.74620062155432,-4.58659472495358,-4.56685536763847,
-4.40333589306638,-4.23408371487888,-4.21052103254977,-4.03235383153405,
-3.93655634821962,-3.93655143862354,-3.87456796377088,-3.81209968741863,
-3.76529662535426,-3.70366476687391,-3.64425314423938,-3.59407314769825,
-3.59403590077662,-3.56824860656066,-3.54537486172566,-3.52103993725277,
-3.49875468885614,-3.49670501277989,-3.4736922643419,-3.46750053621511,
-3.44759296999804,-3.44063779580054,-3.42855068211558,-3.41975726919652,
-3.40924331815465,-3.40738393820023,-3.39539699084685,-3.39236150605947,
-3.38952853747638,-3.36820916625822,-3.34181001909495,-3.32746960860774,
-3.32741655739715,-3.29990317573529,-3.27069826147484,-3.23717441811143,
-3.22527774170366,-3.22521930181363,-3.12647695745352,-3.00563160835581,
-2.97997482005268,-2.86091061274855,-2.80394783488652,-2.80392313765974,
-2.56792351619022,-2.30515153505154,-2.26104335088634,-2.02129498573602,
-1.88730265023026,-1.88729640296596,-1.68497002111408,-1.57121046002562,
-1.40528550373927,-1.2552404527293,-1.06919932525834,-0.93814767006158),
 .UNSPECIFIED.);
#62=B_SPLINE_CURVE_WITH_KNOTS('',3,(#4031,#4032,#4033,#4034,#4035,#4036,
#4037,#4038,#4039,#4040,#4041,#4042,#4043,#4044,#4045,#4046,#4047,#4048,
#4049,#4050,#4051,#4052,#4053,#4054,#4055,#4056,#4057,#4058,#4059,#4060,
#4061,#4062,#4063,#4064,#4065,#4066,#4067,#4068,#4069,#4070,#4071,#4072,
#4073),.UNSPECIFIED.,.F.,.F.,(4,3,3,3,3,3,3,3,3,3,3,3,3,3,4),(-0.0103527324691187,
-0.0103519442991423,-0.0103334869508847,-0.0103020116832886,-0.0102797070525872,
-0.0102735689196006,-0.0102670719994525,-0.010252794701318,-0.0102418039526299,
-0.0100217133933156,-0.00949019821101392,-0.00935833794649175,-0.00876304088061762,
-0.00816019260382852,-0.00755734432703942),.UNSPECIFIED.);
#63=B_SPLINE_CURVE_WITH_KNOTS('',3,(#4075,#4076,#4077,#4078),
 .UNSPECIFIED.,.F.,.F.,(4,4),(-0.0128254684312795,0.),.UNSPECIFIED.);
#64=B_SPLINE_CURVE_WITH_KNOTS('',3,(#4079,#4080,#4081,#4082),
 .UNSPECIFIED.,.F.,.F.,(4,4),(0.237810974384822,0.271945528066094),
 .UNSPECIFIED.);
#65=B_SPLINE_CURVE_WITH_KNOTS('',3,(#4120,#4121,#4122,#4123,#4124,#4125,
#4126,#4127,#4128,#4129),.UNSPECIFIED.,.F.,.F.,(4,2,2,2,4),(0.,0.00320909651526478,
0.0162766954151286,0.0211679610243759,0.0216831853925883),.UNSPECIFIED.);
#66=B_SPLINE_CURVE_WITH_KNOTS('',3,(#4131,#4132,#4133,#4134,#4135,#4136,
#4137,#4138,#4139),.UNSPECIFIED.,.F.,.F.,(4,1,1,1,1,1,4),(1.62092561595273E-14,
0.0180841950320939,0.0361683900641715,0.0542525850962492,0.0723367801283268,
0.0904209751604045,0.12658936522456),.UNSPECIFIED.);
#67=B_SPLINE_CURVE_WITH_KNOTS('',3,(#4183,#4184,#4185,#4186,#4187,#4188,
#4189,#4190),.UNSPECIFIED.,.F.,.F.,(4,1,2,1,4),(0.,0.0938737118449618,0.234684279612405,
0.391760330054277,0.496477697015526),.UNSPECIFIED.);
#68=B_SPLINE_CURVE_WITH_KNOTS('',3,(#4213,#4214,#4215,#4216),
 .UNSPECIFIED.,.F.,.F.,(4,4),(9.0369124665792E-12,0.263715907357126),
 .UNSPECIFIED.);
#69=B_SPLINE_CURVE_WITH_KNOTS('',3,(#4252,#4253,#4254,#4255),
 .UNSPECIFIED.,.F.,.F.,(4,4),(0.,0.263737678257868),.UNSPECIFIED.);
#70=B_SPLINE_CURVE_WITH_KNOTS('',3,(#4293,#4294,#4295,#4296,#4297,#4298,
#4299,#4300,#4301,#4302,#4303,#4304),.UNSPECIFIED.,.F.,.F.,(4,2,2,2,2,4),
(-0.00188559657361548,0.,0.0140111335889802,0.0325344851792906,0.0383705764944963,
0.0432872419919781),.UNSPECIFIED.);
#71=B_SPLINE_CURVE_WITH_KNOTS('',3,(#4307,#4308,#4309,#4310,#4311,#4312,
#4313,#4314,#4315),.UNSPECIFIED.,.F.,.F.,(4,1,1,1,1,1,4),(-0.126588669167654,
-0.0904204779768941,-0.0723363823815143,-0.0632943345838244,-0.0542522867861345,
-0.0361681911907547,4.90105945849764E-15),.UNSPECIFIED.);
#72=B_SPLINE_CURVE_WITH_KNOTS('',3,(#4356,#4357,#4358,#4359,#4360,#4361,
#4362,#4363),.UNSPECIFIED.,.F.,.F.,(4,1,1,2,4),(0.,0.181223852574984,0.317141742006222,
0.45305963143746,0.496471914460338),.UNSPECIFIED.);
#73=B_SPLINE_CURVE_WITH_KNOTS('',3,(#4404,#4405,#4406,#4407,#4408,#4409,
#4410),.UNSPECIFIED.,.F.,.F.,(4,1,1,1,4),(0.0948452872039436,0.219971457175164,
0.345097627146385,0.480607718822005,0.616117810497625),.UNSPECIFIED.);
#74=B_SPLINE_CURVE_WITH_KNOTS('',3,(#4457,#4458,#4459,#4460,#4461,#4462,
#4463,#4464),.UNSPECIFIED.,.F.,.F.,(4,1,1,1,1,4),(0.,0.118260609558006,
0.236521219116013,0.354781828674019,0.473042438232025,0.521046307913809),
 .UNSPECIFIED.);
#75=B_SPLINE_CURVE_WITH_KNOTS('',3,(#4482,#4483,#4484,#4485),
 .UNSPECIFIED.,.F.,.F.,(4,4),(0.145886349320057,0.183327859853922),
 .UNSPECIFIED.);
#76=B_SPLINE_CURVE_WITH_KNOTS('',3,(#4502,#4503,#4504,#4505),
 .UNSPECIFIED.,.F.,.F.,(4,4),(1.1339217775468E-15,0.0374331400055556),
 .UNSPECIFIED.);
#77=B_SPLINE_CURVE_WITH_KNOTS('',3,(#4532,#4533,#4534,#4535,#4536,#4537),
 .UNSPECIFIED.,.F.,.F.,(4,2,4),(-0.0437175667528473,0.,0.00097583407105545),
 .UNSPECIFIED.);
#78=B_SPLINE_CURVE_WITH_KNOTS('',3,(#4599,#4600,#4601,#4602,#4603,#4604,
#4605,#4606,#4607,#4608,#4609,#4610),.UNSPECIFIED.,.F.,.F.,(4,1,1,2,1,1,
1,1,4),(0.0568609324611805,0.0861302926070081,0.128074696901626,0.211963505490863,
0.270019972845608,0.444189374909845,0.560302309619336,0.676415244328827,
0.708536286180429),.UNSPECIFIED.);
#79=B_SPLINE_CURVE_WITH_KNOTS('',3,(#4613,#4614,#4615,#4616,#4617,#4618,
#4619,#4620,#4621,#4622,#4623,#4624),.UNSPECIFIED.,.F.,.F.,(4,1,1,1,1,2,
1,1,4),(-0.708536286180429,-0.676415244328827,-0.560302309619336,-0.444189374909845,
-0.270019972845608,-0.211963505490863,-0.128074696901626,-0.0861302926070081,
-0.0441858883123899),.UNSPECIFIED.);
#80=B_SPLINE_CURVE_WITH_KNOTS('',3,(#4627,#4628,#4629,#4630,#4631,#4632,
#4633,#4634,#4635,#4636),.UNSPECIFIED.,.F.,.F.,(4,1,2,1,1,1,4),(0.,0.119352250969686,
0.298380627424216,0.444839661612267,0.518069178706293,0.591298695800319,
0.651847442201952),.UNSPECIFIED.);
#81=B_SPLINE_CURVE_WITH_KNOTS('',3,(#4642,#4643,#4644,#4645,#4646,#4647,
#4648,#4649,#4650,#4651,#4652,#4653,#4654,#4655,#4656,#4657,#4658,#4659,
#4660,#4661,#4662,#4663,#4664,#4665,#4666,#4667,#4668,#4669,#4670,#4671,
#4672,#4673,#4674,#4675,#4676,#4677,#4678),.UNSPECIFIED.,.F.,.F.,(4,3,3,
3,3,3,3,3,3,3,3,3,4),(-2.56394856715955,-2.46555721093954,-2.27215822257524,
-2.08708051968867,-1.89188844150936,-1.795684318317,-1.7314133871302,-1.67097407313429,
-1.59267392023668,-1.44722248497368,-1.23095148812485,-1.00749435734078,
-0.833512763474761),.UNSPECIFIED.);
#82=B_SPLINE_CURVE_WITH_KNOTS('',3,(#4718,#4719,#4720,#4721,#4722,#4723,
#4724),.UNSPECIFIED.,.F.,.F.,(4,1,1,1,4),(0.0948452872039433,0.21997145393333,
0.345097620662716,0.480607715576853,0.616117810490991),.UNSPECIFIED.);
#83=B_SPLINE_CURVE_WITH_KNOTS('',3,(#4771,#4772,#4773,#4774,#4775,#4776,
#4777,#4778),.UNSPECIFIED.,.F.,.F.,(4,1,1,1,1,4),(0.,0.118260609982222,
0.236521219964445,0.354781829946667,0.473042439928889,0.521046307912455),
 .UNSPECIFIED.);
#84=B_SPLINE_CURVE_WITH_KNOTS('',3,(#4796,#4797,#4798,#4799),
 .UNSPECIFIED.,.F.,.F.,(4,4),(0.145886349320061,0.183327859853939),
 .UNSPECIFIED.);
#85=B_SPLINE_CURVE_WITH_KNOTS('',3,(#4816,#4817,#4818,#4819),
 .UNSPECIFIED.,.F.,.F.,(4,4),(0.,0.0374331400055776),.UNSPECIFIED.);
#86=B_SPLINE_CURVE_WITH_KNOTS('',3,(#4846,#4847,#4848,#4849,#4850,#4851),
 .UNSPECIFIED.,.F.,.F.,(4,2,4),(-0.0437175666304064,0.,0.000975834373413062),
 .UNSPECIFIED.);
#87=B_SPLINE_CURVE_WITH_KNOTS('',3,(#4913,#4914,#4915,#4916,#4917,#4918,
#4919,#4920,#4921,#4922,#4923,#4924),.UNSPECIFIED.,.F.,.F.,(4,1,1,2,1,1,
1,1,4),(0.056860932461165,0.0861302930049412,0.128074697697492,0.211963507082595,
0.270019974426847,0.444189376459604,0.560302311148108,0.676415245836612,
0.70853628617732),.UNSPECIFIED.);
#88=B_SPLINE_CURVE_WITH_KNOTS('',3,(#4927,#4928,#4929,#4930,#4931,#4932,
#4933,#4934,#4935,#4936,#4937,#4938),.UNSPECIFIED.,.F.,.F.,(4,1,1,1,1,2,
1,1,4),(-0.70853628617732,-0.676415245836612,-0.560302311148108,-0.444189376459604,
-0.270019974426847,-0.211963507082595,-0.128074697697492,-0.0861302930049412,
-0.0441858883123899),.UNSPECIFIED.);
#89=B_SPLINE_CURVE_WITH_KNOTS('',3,(#4941,#4942,#4943,#4944,#4945,#4946,
#4947,#4948,#4949,#4950),.UNSPECIFIED.,.F.,.F.,(4,1,2,1,1,1,4),(0.,0.119352251349182,
0.298380628372956,0.444839662181013,0.518069179085042,0.59129869598907,
0.651847442200709),.UNSPECIFIED.);
#90=B_SPLINE_CURVE_WITH_KNOTS('',3,(#4956,#4957,#4958,#4959,#4960,#4961,
#4962,#4963,#4964,#4965,#4966,#4967,#4968,#4969,#4970,#4971,#4972,#4973,
#4974,#4975,#4976,#4977,#4978,#4979,#4980,#4981,#4982,#4983,#4984,#4985,
#4986,#4987,#4988,#4989,#4990,#4991,#4992),.UNSPECIFIED.,.F.,.F.,(4,3,3,
3,3,3,3,3,3,3,3,3,4),(-2.56394856715821,-2.46555721109883,-2.27215822305033,
-2.08708052046595,-1.89188844260535,-1.79568431957006,-1.73141338848817,
-1.67097407459095,-1.59267392182118,-1.44722248679566,-1.23095149029994,
-1.00749435988067,-0.833512766298691),.UNSPECIFIED.);
#91=B_SPLINE_CURVE_WITH_KNOTS('',3,(#5050,#5051,#5052,#5053,#5054,#5055,
#5056,#5057,#5058,#5059),.UNSPECIFIED.,.F.,.F.,(4,1,1,1,2,1,4),(-0.664528212894345,
-0.591298695800319,-0.518069178706293,-0.444839661612267,-0.298380627424216,
-0.119352250969686,0.),.UNSPECIFIED.);
#92=B_SPLINE_CURVE_WITH_KNOTS('',3,(#5084,#5085,#5086,#5087,#5088,#5089),
 .UNSPECIFIED.,.F.,.F.,(4,2,4),(-0.124323300187672,-0.122906551430663,-0.0796298734019671),
 .UNSPECIFIED.);
#93=B_SPLINE_CURVE_WITH_KNOTS('',3,(#5290,#5291,#5292,#5293,#5294,#5295,
#5296,#5297,#5298,#5299,#5300,#5301,#5302,#5303,#5304,#5305,#5306,#5307,
#5308,#5309,#5310,#5311),.UNSPECIFIED.,.F.,.F.,(4,1,1,1,1,1,1,1,1,1,1,1,
1,1,1,1,1,1,1,4),(1.60301550199097,1.88729640296596,2.26105457263717,2.56789332678036,
2.80392313765974,2.97994668697471,3.12642510455532,3.22521930181363,3.32746960860774,
3.38960147885618,3.42854989796218,3.46749831706817,3.54536759935029,3.59403590077662,
3.76529652712804,3.93655143862354,4.21056386890108,4.56678002826187,5.02986103543091,
5.23419010667147),.UNSPECIFIED.);
#94=B_SPLINE_CURVE_WITH_KNOTS('',3,(#5368,#5369,#5370,#5371,#5372,#5373,
#5374,#5375,#5376,#5377),.UNSPECIFIED.,.F.,.F.,(4,1,1,1,2,1,4),(-0.664528212893099,
-0.59129869598907,-0.518069179085042,-0.444839662181013,-0.298380628372956,
-0.119352251349182,0.),.UNSPECIFIED.);
#95=B_SPLINE_CURVE_WITH_KNOTS('',3,(#5402,#5403,#5404,#5405,#5406,#5407),
 .UNSPECIFIED.,.F.,.F.,(4,2,4),(-0.124323300171406,-0.122906551635977,-0.0796298734019736),
 .UNSPECIFIED.);
#96=B_SPLINE_CURVE_WITH_KNOTS('',3,(#5608,#5609,#5610,#5611,#5612,#5613,
#5614,#5615,#5616,#5617,#5618,#5619,#5620,#5621,#5622,#5623,#5624,#5625,
#5626,#5627,#5628,#5629),.UNSPECIFIED.,.F.,.F.,(4,1,1,1,1,1,1,1,1,1,1,1,
1,1,1,1,1,1,1,4),(1.60301550199096,1.88729640476658,2.26105457380599,2.56789332754811,
2.80392313811897,2.97994668705289,3.12642510462785,3.22521930189492,3.32746960863767,
3.38960147888884,3.42854989800446,3.46749831712008,3.54536759946894,3.59403590093699,
3.76529652761934,3.93655143944576,4.21056387025279,4.56678003030192,5.02986103836578,
5.23419010667143),.UNSPECIFIED.);
#97=B_SPLINE_CURVE_WITH_KNOTS('',3,(#5682,#5683,#5684,#5685,#5686,#5687,
#5688,#5689,#5690,#5691,#5692,#5693,#5694,#5695,#5696,#5697,#5698,#5699,
#5700,#5701,#5702,#5703,#5704,#5705,#5706,#5707),.UNSPECIFIED.,.F.,.F.,
(4,2,2,2,2,2,2,2,2,2,2,2,4),(-2.56394856715955,-2.46555721093954,-2.27215822257524,
-2.08708051968867,-1.89188844150936,-1.795684318317,-1.7314133871302,-1.67097407313429,
-1.59267392023668,-1.44722248497368,-1.23095148812485,-1.00749435734078,
-0.833512763474761),.UNSPECIFIED.);
#98=B_SPLINE_CURVE_WITH_KNOTS('',3,(#5762,#5763,#5764,#5765,#5766,#5767,
#5768,#5769,#5770,#5771,#5772,#5773,#5774,#5775,#5776,#5777,#5778,#5779,
#5780,#5781,#5782,#5783,#5784,#5785,#5786,#5787),.UNSPECIFIED.,.F.,.F.,
(4,2,2,2,2,2,2,2,2,2,2,2,4),(-2.56394856715821,-2.46555721093825,-2.27215822257411,
-2.08708051968768,-1.89188844150852,-1.79568431831622,-1.73141338712944,
-1.67097407313358,-1.59267392023602,-1.44722248497312,-1.23095148812442,
-1.00749435734047,-0.833512763474542),.UNSPECIFIED.);
#99=B_SPLINE_CURVE_WITH_KNOTS('',3,(#5804,#5805,#5806,#5807,#5808,#5809,
#5810,#5811,#5812,#5813,#5814,#5815,#5816,#5817,#5818,#5819,#5820,#5821,
#5822,#5823,#5824,#5825),.UNSPECIFIED.,.F.,.F.,(4,3,3,3,3,3,3,4),(0.,0.0223418116969419,
0.0446836233938838,0.0670254350908257,0.0893672467877676,0.11170905848471,
0.134050870181651,0.156392681878593),.UNSPECIFIED.);
#100=B_SPLINE_CURVE_WITH_KNOTS('',3,(#5829,#5830,#5831,#5832,#5833,#5834,
#5835,#5836,#5837,#5838,#5839,#5840,#5841,#5842,#5843,#5844,#5845,#5846,
#5847,#5848,#5849,#5850),.UNSPECIFIED.,.F.,.F.,(4,3,3,3,3,3,3,4),(0.,0.0223418116969699,
0.0446836233939399,0.0670254350909098,0.0893672467878798,0.11170905848485,
0.13405087018182,0.15639268187879),.UNSPECIFIED.);
#101=B_SPLINE_CURVE_WITH_KNOTS('',3,(#5872,#5873,#5874,#5875,#5876,#5877,
#5878,#5879,#5880,#5881,#5882,#5883,#5884,#5885,#5886,#5887,#5888,#5889,
#5890,#5891,#5892,#5893),.UNSPECIFIED.,.F.,.F.,(4,3,3,3,3,3,3,4),(0.,0.0223418116969583,
0.0446836233939166,0.0670254350908749,0.0893672467878332,0.111709058484792,
0.13405087018175,0.156392681878708),.UNSPECIFIED.);
#102=B_SPLINE_CURVE_WITH_KNOTS('',3,(#5897,#5898,#5899,#5900,#5901,#5902,
#5903,#5904,#5905,#5906,#5907,#5908,#5909,#5910,#5911,#5912,#5913,#5914,
#5915,#5916,#5917,#5918),.UNSPECIFIED.,.F.,.F.,(4,3,3,3,3,3,3,4),(0.,0.0223418116969871,
0.0446836233939743,0.0670254350909614,0.0893672467879485,0.111709058484936,
0.134050870181923,0.15639268187891),.UNSPECIFIED.);
#103=B_SPLINE_CURVE_WITH_KNOTS('',3,(#6183,#6184,#6185,#6186,#6187,#6188,
#6189,#6190,#6191,#6192),.UNSPECIFIED.,.F.,.F.,(4,1,1,1,1,1,1,4),(-1.,-0.857142857142857,
-0.714285714285714,-0.571428571428571,-0.428571428571429,-0.285714285714286,
-0.142857142857143,0.),.UNSPECIFIED.);
#104=B_SPLINE_CURVE_WITH_KNOTS('',3,(#6238,#6239,#6240,#6241,#6242,#6243,
#6244,#6245,#6246,#6247,#6248,#6249,#6250,#6251,#6252,#6253,#6254,#6255,
#6256,#6257,#6258,#6259),.UNSPECIFIED.,.F.,.F.,(4,3,3,3,3,3,3,4),(0.,0.0223418116969645,
0.044683623393929,0.0670254350908936,0.0893672467878581,0.111709058484823,
0.134050870181787,0.156392681878752),.UNSPECIFIED.);
#105=B_SPLINE_CURVE_WITH_KNOTS('',3,(#6308,#6309,#6310,#6311,#6312,#6313,
#6314,#6315,#6316,#6317,#6318,#6319,#6320,#6321,#6322,#6323,#6324,#6325,
#6326,#6327,#6328,#6329),.UNSPECIFIED.,.F.,.F.,(4,3,3,3,3,3,3,4),(0.,0.0223418116969568,
0.0446836233939137,0.0670254350908705,0.0893672467878273,0.111709058484784,
0.134050870181741,0.156392681878698),.UNSPECIFIED.);
#106=B_SPLINE_SURFACE_WITH_KNOTS('',3,3,((#2917,#2918,#2919,#2920,#2921,
#2922,#2923,#2924,#2925),(#2926,#2927,#2928,#2929,#2930,#2931,#2932,#2933,
#2934),(#2935,#2936,#2937,#2938,#2939,#2940,#2941,#2942,#2943),(#2944,#2945,
#2946,#2947,#2948,#2949,#2950,#2951,#2952)),.UNSPECIFIED.,.F.,.F.,.F.,(4,
4),(4,1,1,1,1,1,4),(0.,1.),(7.71225217774587E-15,0.0180841950320737,0.0361683900641396,
0.0542525850962056,0.0723367801282715,0.0904209751603375,0.126589365224469),
 .UNSPECIFIED.);
#107=B_SPLINE_SURFACE_WITH_KNOTS('',3,3,((#2984,#2985,#2986,#2987,#2988,
#2989,#2990,#2991),(#2992,#2993,#2994,#2995,#2996,#2997,#2998,#2999),(#3000,
#3001,#3002,#3003,#3004,#3005,#3006,#3007),(#3008,#3009,#3010,#3011,#3012,
#3013,#3014,#3015),(#3016,#3017,#3018,#3019,#3020,#3021,#3022,#3023)),
 .UNSPECIFIED.,.F.,.F.,.F.,(4,1,4),(4,1,2,1,4),(0.,0.5,1.),(0.,0.0938737142741425,
0.234684285685356,0.391760332483563,0.496477697015702),.UNSPECIFIED.);
#108=B_SPLINE_SURFACE_WITH_KNOTS('',3,3,((#3043,#3044,#3045,#3046),(#3047,
#3048,#3049,#3050),(#3051,#3052,#3053,#3054),(#3055,#3056,#3057,#3058),
(#3059,#3060,#3061,#3062)),.UNSPECIFIED.,.F.,.F.,.F.,(4,1,4),(4,4),(0.,
0.571428571428571,1.),(9.02917910987193E-12,0.263715907357106),
 .UNSPECIFIED.);
#109=B_SPLINE_SURFACE_WITH_KNOTS('',3,3,((#3092,#3093,#3094,#3095),(#3096,
#3097,#3098,#3099),(#3100,#3101,#3102,#3103),(#3104,#3105,#3106,#3107),
(#3108,#3109,#3110,#3111)),.UNSPECIFIED.,.F.,.F.,.F.,(4,1,4),(4,4),(0.,
0.571428571428571,1.),(0.,0.263737678256461),.UNSPECIFIED.);
#110=B_SPLINE_SURFACE_WITH_KNOTS('',3,3,((#3123,#3124,#3125,#3126,#3127,
#3128,#3129,#3130,#3131),(#3132,#3133,#3134,#3135,#3136,#3137,#3138,#3139,
#3140),(#3141,#3142,#3143,#3144,#3145,#3146,#3147,#3148,#3149),(#3150,#3151,
#3152,#3153,#3154,#3155,#3156,#3157,#3158)),.UNSPECIFIED.,.F.,.F.,.F.,(4,
4),(4,1,1,1,1,1,4),(0.,1.),(-3.6499837882595E-14,0.0180840955953449,0.0361681911907263,
0.0542522867861077,0.0723363823814891,0.0904204779768704,0.126588669167633),
 .UNSPECIFIED.);
#111=B_SPLINE_SURFACE_WITH_KNOTS('',3,3,((#3192,#3193,#3194,#3195,#3196,
#3197,#3198,#3199),(#3200,#3201,#3202,#3203,#3204,#3205,#3206,#3207),(#3208,
#3209,#3210,#3211,#3212,#3213,#3214,#3215),(#3216,#3217,#3218,#3219,#3220,
#3221,#3222,#3223),(#3224,#3225,#3226,#3227,#3228,#3229,#3230,#3231)),
 .UNSPECIFIED.,.F.,.F.,.F.,(4,1,4),(4,1,1,2,4),(0.,0.571428571428571,1.),
(0.,0.181223851949021,0.317141740910787,0.453059629872553,0.496471914460368),
 .UNSPECIFIED.);
#112=B_SPLINE_SURFACE_WITH_KNOTS('',3,3,((#3272,#3273,#3274,#3275),(#3276,
#3277,#3278,#3279),(#3280,#3281,#3282,#3283),(#3284,#3285,#3286,#3287),
(#3288,#3289,#3290,#3291),(#3292,#3293,#3294,#3295),(#3296,#3297,#3298,
#3299),(#3300,#3301,#3302,#3303),(#3304,#3305,#3306,#3307),(#3308,#3309,
#3310,#3311)),.UNSPECIFIED.,.F.,.F.,.F.,(4,1,1,1,1,1,1,4),(4,4),(0.,0.142857142857143,
0.285714285714286,0.428571428571429,0.571428571428571,0.714285714285714,
0.857142857142857,1.),(-7.63000000000001,2.710000632801),.UNSPECIFIED.);
#113=B_SPLINE_SURFACE_WITH_KNOTS('',3,3,((#4083,#4084,#4085,#4086,#4087,
#4088,#4089,#4090,#4091),(#4092,#4093,#4094,#4095,#4096,#4097,#4098,#4099,
#4100),(#4101,#4102,#4103,#4104,#4105,#4106,#4107,#4108,#4109),(#4110,#4111,
#4112,#4113,#4114,#4115,#4116,#4117,#4118)),.UNSPECIFIED.,.F.,.F.,.F.,(4,
4),(4,1,1,1,1,1,4),(0.,1.),(1.62092561595273E-14,0.0180841950320939,0.0361683900641715,
0.0542525850962492,0.0723367801283268,0.0904209751604045,0.12658936522456),
 .UNSPECIFIED.);
#114=B_SPLINE_SURFACE_WITH_KNOTS('',3,3,((#4141,#4142,#4143,#4144,#4145,
#4146,#4147,#4148),(#4149,#4150,#4151,#4152,#4153,#4154,#4155,#4156),(#4157,
#4158,#4159,#4160,#4161,#4162,#4163,#4164),(#4165,#4166,#4167,#4168,#4169,
#4170,#4171,#4172),(#4173,#4174,#4175,#4176,#4177,#4178,#4179,#4180)),
 .UNSPECIFIED.,.F.,.F.,.F.,(4,1,4),(4,1,2,1,4),(0.,0.5,1.),(0.,0.0938737118449618,
0.234684279612405,0.391760330054277,0.496477697015526),.UNSPECIFIED.);
#115=B_SPLINE_SURFACE_WITH_KNOTS('',3,3,((#4191,#4192,#4193,#4194),(#4195,
#4196,#4197,#4198),(#4199,#4200,#4201,#4202),(#4203,#4204,#4205,#4206),
(#4207,#4208,#4209,#4210)),.UNSPECIFIED.,.F.,.F.,.F.,(4,1,4),(4,4),(0.,
0.571428571428571,1.),(9.0369124665792E-12,0.263715907357126),
 .UNSPECIFIED.);
#116=B_SPLINE_SURFACE_WITH_KNOTS('',3,3,((#4230,#4231,#4232,#4233),(#4234,
#4235,#4236,#4237),(#4238,#4239,#4240,#4241),(#4242,#4243,#4244,#4245),
(#4246,#4247,#4248,#4249)),.UNSPECIFIED.,.F.,.F.,.F.,(4,1,4),(4,4),(0.,
0.571428571428571,1.),(0.,0.263737678257868),.UNSPECIFIED.);
#117=B_SPLINE_SURFACE_WITH_KNOTS('',3,3,((#4256,#4257,#4258,#4259,#4260,
#4261,#4262,#4263,#4264),(#4265,#4266,#4267,#4268,#4269,#4270,#4271,#4272,
#4273),(#4274,#4275,#4276,#4277,#4278,#4279,#4280,#4281,#4282),(#4283,#4284,
#4285,#4286,#4287,#4288,#4289,#4290,#4291)),.UNSPECIFIED.,.F.,.F.,.F.,(4,
4),(4,1,1,1,1,1,4),(0.,1.),(-4.90105945849764E-15,0.0361681911907547,0.0542522867861345,
0.0632943345838244,0.0723363823815143,0.0904204779768941,0.126588669167654),
 .UNSPECIFIED.);
#118=B_SPLINE_SURFACE_WITH_KNOTS('',3,3,((#4316,#4317,#4318,#4319,#4320,
#4321,#4322,#4323),(#4324,#4325,#4326,#4327,#4328,#4329,#4330,#4331),(#4332,
#4333,#4334,#4335,#4336,#4337,#4338,#4339),(#4340,#4341,#4342,#4343,#4344,
#4345,#4346,#4347),(#4348,#4349,#4350,#4351,#4352,#4353,#4354,#4355)),
 .UNSPECIFIED.,.F.,.F.,.F.,(4,1,4),(4,1,1,2,4),(0.,0.571428571428571,1.),
(0.,0.181223852574984,0.317141742006222,0.45305963143746,0.496471914460338),
 .UNSPECIFIED.);
#119=B_SPLINE_SURFACE_WITH_KNOTS('',3,3,((#4366,#4367,#4368,#4369,#4370,
#4371,#4372),(#4373,#4374,#4375,#4376,#4377,#4378,#4379),(#4380,#4381,#4382,
#4383,#4384,#4385,#4386),(#4387,#4388,#4389,#4390,#4391,#4392,#4393),(#4394,
#4395,#4396,#4397,#4398,#4399,#4400)),.UNSPECIFIED.,.F.,.F.,.F.,(4,1,4),
(4,1,1,1,4),(0.,0.439076197311677,0.878152394623355),(0.0948452872039436,
0.219971457175164,0.345097627146385,0.480607718822005,0.616117810497625),
 .UNSPECIFIED.);
#120=B_SPLINE_SURFACE_WITH_KNOTS('',3,3,((#4416,#4417,#4418,#4419,#4420,
#4421,#4422,#4423),(#4424,#4425,#4426,#4427,#4428,#4429,#4430,#4431),(#4432,
#4433,#4434,#4435,#4436,#4437,#4438,#4439),(#4440,#4441,#4442,#4443,#4444,
#4445,#4446,#4447),(#4448,#4449,#4450,#4451,#4452,#4453,#4454,#4455)),
 .UNSPECIFIED.,.F.,.F.,.F.,(4,1,4),(4,1,1,1,1,4),(0.,0.376351026267163,
0.87815239462338),(0.,0.118260609558006,0.236521219116013,0.354781828674019,
0.473042438232025,0.521046307913809),.UNSPECIFIED.);
#121=B_SPLINE_SURFACE_WITH_KNOTS('',3,3,((#4466,#4467,#4468,#4469),(#4470,
#4471,#4472,#4473),(#4474,#4475,#4476,#4477),(#4478,#4479,#4480,#4481)),
 .UNSPECIFIED.,.F.,.F.,.F.,(4,4),(4,4),(0.,0.450358244512671),(0.111561344282567,
0.183327859853922),.UNSPECIFIED.);
#122=B_SPLINE_SURFACE_WITH_KNOTS('',3,3,((#4486,#4487,#4488,#4489),(#4490,
#4491,#4492,#4493),(#4494,#4495,#4496,#4497),(#4498,#4499,#4500,#4501)),
 .UNSPECIFIED.,.F.,.F.,.F.,(4,4),(4,4),(0.,0.450357971435356),(1.1339217775468E-15,
0.0717620530105835),.UNSPECIFIED.);
#123=B_SPLINE_SURFACE_WITH_KNOTS('',3,3,((#4506,#4507,#4508,#4509,#4510,
#4511),(#4512,#4513,#4514,#4515,#4516,#4517),(#4518,#4519,#4520,#4521,#4522,
#4523),(#4524,#4525,#4526,#4527,#4528,#4529)),.UNSPECIFIED.,.F.,.F.,.F.,
(4,4),(4,2,4),(0.0522995145236918,1.),(-0.0437175667528473,0.,0.00097583407105545),
 .UNSPECIFIED.);
#124=B_SPLINE_SURFACE_WITH_KNOTS('',3,3,((#4538,#4539,#4540,#4541,#4542,
#4543,#4544,#4545,#4546,#4547,#4548,#4549),(#4550,#4551,#4552,#4553,#4554,
#4555,#4556,#4557,#4558,#4559,#4560,#4561),(#4562,#4563,#4564,#4565,#4566,
#4567,#4568,#4569,#4570,#4571,#4572,#4573),(#4574,#4575,#4576,#4577,#4578,
#4579,#4580,#4581,#4582,#4583,#4584,#4585),(#4586,#4587,#4588,#4589,#4590,
#4591,#4592,#4593,#4594,#4595,#4596,#4597)),.UNSPECIFIED.,.F.,.F.,.F.,(4,
1,4),(4,1,1,2,1,1,1,1,4),(0.,0.571428571428571,1.),(0.0441858883123899,
0.0861302926070081,0.128074696901626,0.211963505490863,0.270019972845608,
0.444189374909845,0.560302309619336,0.676415244328827,0.708536286180429),
 .UNSPECIFIED.);
#125=B_SPLINE_SURFACE_WITH_KNOTS('',3,3,((#4680,#4681,#4682,#4683,#4684,
#4685,#4686),(#4687,#4688,#4689,#4690,#4691,#4692,#4693),(#4694,#4695,#4696,
#4697,#4698,#4699,#4700),(#4701,#4702,#4703,#4704,#4705,#4706,#4707),(#4708,
#4709,#4710,#4711,#4712,#4713,#4714)),.UNSPECIFIED.,.F.,.F.,.F.,(4,1,4),
(4,1,1,1,4),(0.,0.439076197311685,0.87815239462337),(0.0948452872039433,
0.21997145393333,0.345097620662716,0.480607715576853,0.616117810490991),
 .UNSPECIFIED.);
#126=B_SPLINE_SURFACE_WITH_KNOTS('',3,3,((#4730,#4731,#4732,#4733,#4734,
#4735,#4736,#4737),(#4738,#4739,#4740,#4741,#4742,#4743,#4744,#4745),(#4746,
#4747,#4748,#4749,#4750,#4751,#4752,#4753),(#4754,#4755,#4756,#4757,#4758,
#4759,#4760,#4761),(#4762,#4763,#4764,#4765,#4766,#4767,#4768,#4769)),
 .UNSPECIFIED.,.F.,.F.,.F.,(4,1,4),(4,1,1,1,1,4),(0.,0.376351026267158,
0.878152394623369),(0.,0.118260609982222,0.236521219964445,0.354781829946667,
0.473042439928889,0.521046307912455),.UNSPECIFIED.);
#127=B_SPLINE_SURFACE_WITH_KNOTS('',3,3,((#4780,#4781,#4782,#4783),(#4784,
#4785,#4786,#4787),(#4788,#4789,#4790,#4791),(#4792,#4793,#4794,#4795)),
 .UNSPECIFIED.,.F.,.F.,.F.,(4,4),(4,4),(0.,0.450358244512721),(0.111561344282585,
0.183327859853939),.UNSPECIFIED.);
#128=B_SPLINE_SURFACE_WITH_KNOTS('',3,3,((#4800,#4801,#4802,#4803),(#4804,
#4805,#4806,#4807),(#4808,#4809,#4810,#4811),(#4812,#4813,#4814,#4815)),
 .UNSPECIFIED.,.F.,.F.,.F.,(4,4),(4,4),(0.,0.45035797143538),(0.,0.0717620530106101),
 .UNSPECIFIED.);
#129=B_SPLINE_SURFACE_WITH_KNOTS('',3,3,((#4820,#4821,#4822,#4823,#4824,
#4825),(#4826,#4827,#4828,#4829,#4830,#4831),(#4832,#4833,#4834,#4835,#4836,
#4837),(#4838,#4839,#4840,#4841,#4842,#4843)),.UNSPECIFIED.,.F.,.F.,.F.,
(4,4),(4,2,4),(0.0450773773864181,1.),(-0.0437175666304064,0.,0.000975834373413062),
 .UNSPECIFIED.);
#130=B_SPLINE_SURFACE_WITH_KNOTS('',3,3,((#4852,#4853,#4854,#4855,#4856,
#4857,#4858,#4859,#4860,#4861,#4862,#4863),(#4864,#4865,#4866,#4867,#4868,
#4869,#4870,#4871,#4872,#4873,#4874,#4875),(#4876,#4877,#4878,#4879,#4880,
#4881,#4882,#4883,#4884,#4885,#4886,#4887),(#4888,#4889,#4890,#4891,#4892,
#4893,#4894,#4895,#4896,#4897,#4898,#4899),(#4900,#4901,#4902,#4903,#4904,
#4905,#4906,#4907,#4908,#4909,#4910,#4911)),.UNSPECIFIED.,.F.,.F.,.F.,(4,
1,4),(4,1,1,2,1,1,1,1,4),(0.,0.571428571428571,1.),(0.0441858883123899,
0.0861302930049412,0.128074697697492,0.211963507082595,0.270019974426847,
0.444189376459604,0.560302311148108,0.676415245836612,0.70853628617732),
 .UNSPECIFIED.);
#131=B_SPLINE_SURFACE_WITH_KNOTS('',3,3,((#4998,#4999,#5000,#5001,#5002,
#5003,#5004,#5005,#5006,#5007),(#5008,#5009,#5010,#5011,#5012,#5013,#5014,
#5015,#5016,#5017),(#5018,#5019,#5020,#5021,#5022,#5023,#5024,#5025,#5026,
#5027),(#5028,#5029,#5030,#5031,#5032,#5033,#5034,#5035,#5036,#5037),(#5038,
#5039,#5040,#5041,#5042,#5043,#5044,#5045,#5046,#5047)),.UNSPECIFIED.,.F.,
 .F.,.F.,(4,1,4),(4,1,2,1,1,1,4),(0.,0.571428571428571,1.),(0.,0.119352250969686,
0.298380627424216,0.444839661612267,0.518069178706293,0.591298695800319,
0.664528212894345),.UNSPECIFIED.);
#132=B_SPLINE_SURFACE_WITH_KNOTS('',3,3,((#5060,#5061,#5062,#5063,#5064,
#5065),(#5066,#5067,#5068,#5069,#5070,#5071),(#5072,#5073,#5074,#5075,#5076,
#5077),(#5078,#5079,#5080,#5081,#5082,#5083)),.UNSPECIFIED.,.F.,.F.,.F.,
(4,4),(4,2,4),(0.,1.),(-0.124323300187672,-0.122906551430663,-0.0796298734019671),
 .UNSPECIFIED.);
#133=B_SPLINE_SURFACE_WITH_KNOTS('',3,3,((#5090,#5091,#5092,#5093,#5094,
#5095,#5096,#5097,#5098,#5099,#5100,#5101,#5102,#5103,#5104,#5105,#5106,
#5107,#5108,#5109,#5110,#5111,#5112,#5113,#5114),(#5115,#5116,#5117,#5118,
#5119,#5120,#5121,#5122,#5123,#5124,#5125,#5126,#5127,#5128,#5129,#5130,
#5131,#5132,#5133,#5134,#5135,#5136,#5137,#5138,#5139),(#5140,#5141,#5142,
#5143,#5144,#5145,#5146,#5147,#5148,#5149,#5150,#5151,#5152,#5153,#5154,
#5155,#5156,#5157,#5158,#5159,#5160,#5161,#5162,#5163,#5164),(#5165,#5166,
#5167,#5168,#5169,#5170,#5171,#5172,#5173,#5174,#5175,#5176,#5177,#5178,
#5179,#5180,#5181,#5182,#5183,#5184,#5185,#5186,#5187,#5188,#5189),(#5190,
#5191,#5192,#5193,#5194,#5195,#5196,#5197,#5198,#5199,#5200,#5201,#5202,
#5203,#5204,#5205,#5206,#5207,#5208,#5209,#5210,#5211,#5212,#5213,#5214),
(#5215,#5216,#5217,#5218,#5219,#5220,#5221,#5222,#5223,#5224,#5225,#5226,
#5227,#5228,#5229,#5230,#5231,#5232,#5233,#5234,#5235,#5236,#5237,#5238,
#5239),(#5240,#5241,#5242,#5243,#5244,#5245,#5246,#5247,#5248,#5249,#5250,
#5251,#5252,#5253,#5254,#5255,#5256,#5257,#5258,#5259,#5260,#5261,#5262,
#5263,#5264),(#5265,#5266,#5267,#5268,#5269,#5270,#5271,#5272,#5273,#5274,
#5275,#5276,#5277,#5278,#5279,#5280,#5281,#5282,#5283,#5284,#5285,#5286,
#5287,#5288,#5289)),.UNSPECIFIED.,.F.,.F.,.F.,(4,1,1,1,1,4),(4,1,1,1,1,
1,1,1,1,1,1,1,1,1,1,1,1,1,1,1,1,1,4),(0.,0.285714285714286,0.428571428571429,
0.571428571428571,0.857142857142857,1.),(0.938147670061558,1.06921476536352,
1.57126541705628,1.88729640296596,2.26105457263717,2.56789332678036,2.80392313765974,
2.97994668697471,3.12642510455532,3.22521930181363,3.32746960860774,3.38960147885618,
3.42854989796218,3.46749831706817,3.54536759935029,3.59403590077662,3.76529652712804,
3.93655143862354,4.21056386890108,4.56678002826187,5.02986103543091,5.54935377242984,
5.89906131593603),.UNSPECIFIED.);
#134=B_SPLINE_SURFACE_WITH_KNOTS('',3,3,((#5316,#5317,#5318,#5319,#5320,
#5321,#5322,#5323,#5324,#5325),(#5326,#5327,#5328,#5329,#5330,#5331,#5332,
#5333,#5334,#5335),(#5336,#5337,#5338,#5339,#5340,#5341,#5342,#5343,#5344,
#5345),(#5346,#5347,#5348,#5349,#5350,#5351,#5352,#5353,#5354,#5355),(#5356,
#5357,#5358,#5359,#5360,#5361,#5362,#5363,#5364,#5365)),.UNSPECIFIED.,.F.,
 .F.,.F.,(4,1,4),(4,1,2,1,1,1,4),(0.,0.571428571428571,1.),(0.,0.119352251349182,
0.298380628372956,0.444839662181013,0.518069179085042,0.59129869598907,
0.664528212893099),.UNSPECIFIED.);
#135=B_SPLINE_SURFACE_WITH_KNOTS('',3,3,((#5378,#5379,#5380,#5381,#5382,
#5383),(#5384,#5385,#5386,#5387,#5388,#5389),(#5390,#5391,#5392,#5393,#5394,
#5395),(#5396,#5397,#5398,#5399,#5400,#5401)),.UNSPECIFIED.,.F.,.F.,.F.,
(4,4),(4,2,4),(0.,1.),(-0.124323300397187,-0.122906551635977,-0.0796298734019736),
 .UNSPECIFIED.);
#136=B_SPLINE_SURFACE_WITH_KNOTS('',3,3,((#5408,#5409,#5410,#5411,#5412,
#5413,#5414,#5415,#5416,#5417,#5418,#5419,#5420,#5421,#5422,#5423,#5424,
#5425,#5426,#5427,#5428,#5429,#5430,#5431,#5432),(#5433,#5434,#5435,#5436,
#5437,#5438,#5439,#5440,#5441,#5442,#5443,#5444,#5445,#5446,#5447,#5448,
#5449,#5450,#5451,#5452,#5453,#5454,#5455,#5456,#5457),(#5458,#5459,#5460,
#5461,#5462,#5463,#5464,#5465,#5466,#5467,#5468,#5469,#5470,#5471,#5472,
#5473,#5474,#5475,#5476,#5477,#5478,#5479,#5480,#5481,#5482),(#5483,#5484,
#5485,#5486,#5487,#5488,#5489,#5490,#5491,#5492,#5493,#5494,#5495,#5496,
#5497,#5498,#5499,#5500,#5501,#5502,#5503,#5504,#5505,#5506,#5507),(#5508,
#5509,#5510,#5511,#5512,#5513,#5514,#5515,#5516,#5517,#5518,#5519,#5520,
#5521,#5522,#5523,#5524,#5525,#5526,#5527,#5528,#5529,#5530,#5531,#5532),
(#5533,#5534,#5535,#5536,#5537,#5538,#5539,#5540,#5541,#5542,#5543,#5544,
#5545,#5546,#5547,#5548,#5549,#5550,#5551,#5552,#5553,#5554,#5555,#5556,
#5557),(#5558,#5559,#5560,#5561,#5562,#5563,#5564,#5565,#5566,#5567,#5568,
#5569,#5570,#5571,#5572,#5573,#5574,#5575,#5576,#5577,#5578,#5579,#5580,
#5581,#5582),(#5583,#5584,#5585,#5586,#5587,#5588,#5589,#5590,#5591,#5592,
#5593,#5594,#5595,#5596,#5597,#5598,#5599,#5600,#5601,#5602,#5603,#5604,
#5605,#5606,#5607)),.UNSPECIFIED.,.F.,.F.,.F.,(4,1,1,1,1,4),(4,1,1,1,1,
1,1,1,1,1,1,1,1,1,1,1,1,1,1,1,1,1,4),(0.,0.285714285714286,0.428571428571429,
0.571428571428571,0.857142857142857,1.),(0.938147670061526,1.06921476701488,
1.57126541856116,1.88729640476658,2.26105457380599,2.56789332754811,2.80392313811897,
2.97994668705289,3.12642510462785,3.22521930189492,3.32746960863767,3.38960147888884,
3.42854989800446,3.46749831712008,3.54536759946894,3.59403590093699,3.76529652761934,
3.93655143944576,4.21056387025279,4.56678003030192,5.02986103836578,5.54935377348976,
5.89906131593597),.UNSPECIFIED.);
#137=B_SPLINE_SURFACE_WITH_KNOTS('',3,1,((#5630,#5631),(#5632,#5633),(#5634,
#5635),(#5636,#5637),(#5638,#5639),(#5640,#5641),(#5642,#5643),(#5644,#5645),
(#5646,#5647),(#5648,#5649),(#5650,#5651),(#5652,#5653),(#5654,#5655),(#5656,
#5657),(#5658,#5659),(#5660,#5661),(#5662,#5663),(#5664,#5665),(#5666,#5667),
(#5668,#5669),(#5670,#5671),(#5672,#5673),(#5674,#5675),(#5676,#5677),(#5678,
#5679),(#5680,#5681)),.UNSPECIFIED.,.F.,.F.,.F.,(4,2,2,2,2,2,2,2,2,2,2,
2,4),(2,2),(0.833512763474761,1.00749435734078,1.23095148812485,1.44722248497368,
1.59267392023668,1.67097407313429,1.7314133871302,1.795684318317,1.89188844150936,
2.08708051968867,2.27215822257524,2.46555721093954,2.56394856715955),(0.,
0.2),.UNSPECIFIED.);
#138=B_SPLINE_SURFACE_WITH_KNOTS('',3,1,((#5710,#5711),(#5712,#5713),(#5714,
#5715),(#5716,#5717),(#5718,#5719),(#5720,#5721),(#5722,#5723),(#5724,#5725),
(#5726,#5727),(#5728,#5729),(#5730,#5731),(#5732,#5733),(#5734,#5735),(#5736,
#5737),(#5738,#5739),(#5740,#5741),(#5742,#5743),(#5744,#5745),(#5746,#5747),
(#5748,#5749),(#5750,#5751),(#5752,#5753),(#5754,#5755),(#5756,#5757),(#5758,
#5759),(#5760,#5761)),.UNSPECIFIED.,.F.,.F.,.F.,(4,2,2,2,2,2,2,2,2,2,2,
2,4),(2,2),(0.833512766298691,1.00749435988067,1.23095149029994,1.44722248679566,
1.59267392182118,1.67097407459095,1.73141338848817,1.79568431957006,1.89188844260535,
2.08708052046595,2.27215822305033,2.46555721109883,2.56394856715821),(0.,
0.2),.UNSPECIFIED.);
#139=B_SPLINE_SURFACE_WITH_KNOTS('',3,3,((#5992,#5993,#5994,#5995,#5996,
#5997,#5998,#5999,#6000,#6001,#6002,#6003,#6004,#6005,#6006,#6007,#6008,
#6009,#6010),(#6011,#6012,#6013,#6014,#6015,#6016,#6017,#6018,#6019,#6020,
#6021,#6022,#6023,#6024,#6025,#6026,#6027,#6028,#6029),(#6030,#6031,#6032,
#6033,#6034,#6035,#6036,#6037,#6038,#6039,#6040,#6041,#6042,#6043,#6044,
#6045,#6046,#6047,#6048),(#6049,#6050,#6051,#6052,#6053,#6054,#6055,#6056,
#6057,#6058,#6059,#6060,#6061,#6062,#6063,#6064,#6065,#6066,#6067),(#6068,
#6069,#6070,#6071,#6072,#6073,#6074,#6075,#6076,#6077,#6078,#6079,#6080,
#6081,#6082,#6083,#6084,#6085,#6086),(#6087,#6088,#6089,#6090,#6091,#6092,
#6093,#6094,#6095,#6096,#6097,#6098,#6099,#6100,#6101,#6102,#6103,#6104,
#6105),(#6106,#6107,#6108,#6109,#6110,#6111,#6112,#6113,#6114,#6115,#6116,
#6117,#6118,#6119,#6120,#6121,#6122,#6123,#6124),(#6125,#6126,#6127,#6128,
#6129,#6130,#6131,#6132,#6133,#6134,#6135,#6136,#6137,#6138,#6139,#6140,
#6141,#6142,#6143),(#6144,#6145,#6146,#6147,#6148,#6149,#6150,#6151,#6152,
#6153,#6154,#6155,#6156,#6157,#6158,#6159,#6160,#6161,#6162),(#6163,#6164,
#6165,#6166,#6167,#6168,#6169,#6170,#6171,#6172,#6173,#6174,#6175,#6176,
#6177,#6178,#6179,#6180,#6181)),.UNSPECIFIED.,.F.,.T.,.F.,(4,1,1,1,1,1,
1,4),(4,1,1,1,1,1,1,1,1,1,1,1,1,1,1,1,4),(0.,0.142857142857143,0.285714285714286,
0.428571428571429,0.571428571428571,0.714285714285714,0.857142857142857,
1.),(-3.14159265358979,-2.69279370307697,-2.24399475256414,-1.79519580205131,
-1.34639685153848,-1.0471975511966,-0.747998250854713,-0.448798950512828,
-0.149599650170943,0.448798950512828,0.747998250854713,1.0471975511966,
1.34639685153848,1.64559615188037,2.24399475256414,2.69279370307697,3.14159265358979),
 .UNSPECIFIED.);
#140=B_SPLINE_SURFACE_WITH_KNOTS('',3,3,((#6196,#6197,#6198,#6199),(#6200,
#6201,#6202,#6203),(#6204,#6205,#6206,#6207),(#6208,#6209,#6210,#6211),
(#6212,#6213,#6214,#6215),(#6216,#6217,#6218,#6219),(#6220,#6221,#6222,
#6223),(#6224,#6225,#6226,#6227),(#6228,#6229,#6230,#6231),(#6232,#6233,
#6234,#6235)),.UNSPECIFIED.,.F.,.F.,.F.,(4,1,1,1,1,1,1,4),(4,4),(0.,0.142857142857143,
0.285714285714286,0.428571428571429,0.571428571428571,0.714285714285714,
0.857142857142857,1.),(-2.58500000000001,0.777854844300563),
 .UNSPECIFIED.);
#141=B_SPLINE_SURFACE_WITH_KNOTS('',3,3,((#6266,#6267,#6268,#6269),(#6270,
#6271,#6272,#6273),(#6274,#6275,#6276,#6277),(#6278,#6279,#6280,#6281),
(#6282,#6283,#6284,#6285),(#6286,#6287,#6288,#6289),(#6290,#6291,#6292,
#6293),(#6294,#6295,#6296,#6297),(#6298,#6299,#6300,#6301),(#6302,#6303,
#6304,#6305)),.UNSPECIFIED.,.F.,.F.,.F.,(4,1,1,1,1,1,1,4),(4,4),(0.,0.142857142857143,
0.285714285714286,0.428571428571429,0.571428571428571,0.714285714285714,
0.857142857142857,1.),(-7.74500000000001,-0.767854844300563),
 .UNSPECIFIED.);
#142=B_SPLINE_SURFACE_WITH_KNOTS('',3,3,((#6336,#6337,#6338,#6339),(#6340,
#6341,#6342,#6343),(#6344,#6345,#6346,#6347),(#6348,#6349,#6350,#6351),
(#6352,#6353,#6354,#6355),(#6356,#6357,#6358,#6359),(#6360,#6361,#6362,
#6363),(#6364,#6365,#6366,#6367),(#6368,#6369,#6370,#6371),(#6372,#6373,
#6374,#6375)),.UNSPECIFIED.,.F.,.F.,.F.,(4,1,1,1,1,1,1,4),(4,4),(0.,0.142857142857143,
0.285714285714286,0.428571428571429,0.571428571428571,0.714285714285714,
0.857142857142857,1.),(-7.74500000000001,2.59500000000001),
 .UNSPECIFIED.);
#143=FACE_BOUND('',#360,.T.);
#144=FACE_BOUND('',#361,.T.);
#145=FACE_BOUND('',#362,.T.);
#146=FACE_BOUND('',#374,.T.);
#147=FACE_BOUND('',#395,.T.);
#148=FACE_BOUND('',#404,.T.);
#149=FACE_BOUND('',#435,.T.);
#150=FACE_BOUND('',#436,.T.);
#151=FACE_BOUND('',#437,.T.);
#152=FACE_BOUND('',#438,.T.);
#153=CONICAL_SURFACE('',#2110,9.87500000000002,0.785398163397446);
#154=CONICAL_SURFACE('',#2114,9.87500000000001,0.785398163397459);
#155=CONICAL_SURFACE('',#2118,9.87500000000005,0.785398163397437);
#156=CONICAL_SURFACE('',#2122,9.87499999999998,0.785398163397445);
#157=PLANE('',#2085);
#158=PLANE('',#2093);
#159=PLANE('',#2095);
#160=PLANE('',#2096);
#161=PLANE('',#2097);
#162=PLANE('',#2098);
#163=PLANE('',#2099);
#164=PLANE('',#2100);
#165=PLANE('',#2101);
#166=PLANE('',#2102);
#167=PLANE('',#2103);
#168=PLANE('',#2104);
#169=PLANE('',#2105);
#170=PLANE('',#2106);
#171=PLANE('',#2107);
#172=PLANE('',#2108);
#173=PLANE('',#2109);
#174=PLANE('',#2113);
#175=PLANE('',#2117);
#176=PLANE('',#2121);
#177=PLANE('',#2126);
#178=PLANE('',#2129);
#179=PLANE('',#2150);
#180=PLANE('',#2152);
#181=PLANE('',#2155);
#182=PLANE('',#2171);
#183=PLANE('',#2180);
#184=PLANE('',#2192);
#185=PLANE('',#2206);
#186=PLANE('',#2209);
#187=PLANE('',#2210);
#188=PLANE('',#2216);
#189=PLANE('',#2220);
#190=PLANE('',#2224);
#191=PLANE('',#2228);
#192=PLANE('',#2229);
#193=PLANE('',#2230);
#194=PLANE('',#2231);
#195=PLANE('',#2232);
#196=PLANE('',#2238);
#197=PLANE('',#2239);
#198=PLANE('',#2240);
#199=PLANE('',#2241);
#200=PLANE('',#2242);
#201=PLANE('',#2245);
#202=PLANE('',#2246);
#203=PLANE('',#2247);
#204=PLANE('',#2248);
#205=PLANE('',#2254);
#206=PLANE('',#2255);
#207=PLANE('',#2256);
#208=FACE_OUTER_BOUND('',#329,.T.);
#209=FACE_OUTER_BOUND('',#330,.T.);
#210=FACE_OUTER_BOUND('',#331,.T.);
#211=FACE_OUTER_BOUND('',#332,.T.);
#212=FACE_OUTER_BOUND('',#333,.T.);
#213=FACE_OUTER_BOUND('',#334,.T.);
#214=FACE_OUTER_BOUND('',#335,.T.);
#215=FACE_OUTER_BOUND('',#336,.T.);
#216=FACE_OUTER_BOUND('',#337,.T.);
#217=FACE_OUTER_BOUND('',#338,.T.);
#218=FACE_OUTER_BOUND('',#339,.T.);
#219=FACE_OUTER_BOUND('',#340,.T.);
#220=FACE_OUTER_BOUND('',#341,.T.);
#221=FACE_OUTER_BOUND('',#342,.T.);
#222=FACE_OUTER_BOUND('',#343,.T.);
#223=FACE_OUTER_BOUND('',#344,.T.);
#224=FACE_OUTER_BOUND('',#345,.T.);
#225=FACE_OUTER_BOUND('',#346,.T.);
#226=FACE_OUTER_BOUND('',#347,.T.);
#227=FACE_OUTER_BOUND('',#348,.T.);
#228=FACE_OUTER_BOUND('',#349,.T.);
#229=FACE_OUTER_BOUND('',#350,.T.);
#230=FACE_OUTER_BOUND('',#351,.T.);
#231=FACE_OUTER_BOUND('',#352,.T.);
#232=FACE_OUTER_BOUND('',#353,.T.);
#233=FACE_OUTER_BOUND('',#354,.T.);
#234=FACE_OUTER_BOUND('',#355,.T.);
#235=FACE_OUTER_BOUND('',#356,.T.);
#236=FACE_OUTER_BOUND('',#357,.T.);
#237=FACE_OUTER_BOUND('',#358,.T.);
#238=FACE_OUTER_BOUND('',#359,.T.);
#239=FACE_OUTER_BOUND('',#363,.T.);
#240=FACE_OUTER_BOUND('',#364,.T.);
#241=FACE_OUTER_BOUND('',#365,.T.);
#242=FACE_OUTER_BOUND('',#366,.T.);
#243=FACE_OUTER_BOUND('',#367,.T.);
#244=FACE_OUTER_BOUND('',#368,.T.);
#245=FACE_OUTER_BOUND('',#369,.T.);
#246=FACE_OUTER_BOUND('',#370,.T.);
#247=FACE_OUTER_BOUND('',#371,.T.);
#248=FACE_OUTER_BOUND('',#372,.T.);
#249=FACE_OUTER_BOUND('',#373,.T.);
#250=FACE_OUTER_BOUND('',#375,.T.);
#251=FACE_OUTER_BOUND('',#376,.T.);
#252=FACE_OUTER_BOUND('',#377,.T.);
#253=FACE_OUTER_BOUND('',#378,.T.);
#254=FACE_OUTER_BOUND('',#379,.T.);
#255=FACE_OUTER_BOUND('',#380,.T.);
#256=FACE_OUTER_BOUND('',#381,.T.);
#257=FACE_OUTER_BOUND('',#382,.T.);
#258=FACE_OUTER_BOUND('',#383,.T.);
#259=FACE_OUTER_BOUND('',#384,.T.);
#260=FACE_OUTER_BOUND('',#385,.T.);
#261=FACE_OUTER_BOUND('',#386,.T.);
#262=FACE_OUTER_BOUND('',#387,.T.);
#263=FACE_OUTER_BOUND('',#388,.T.);
#264=FACE_OUTER_BOUND('',#389,.T.);
#265=FACE_OUTER_BOUND('',#390,.T.);
#266=FACE_OUTER_BOUND('',#391,.T.);
#267=FACE_OUTER_BOUND('',#392,.T.);
#268=FACE_OUTER_BOUND('',#393,.T.);
#269=FACE_OUTER_BOUND('',#394,.T.);
#270=FACE_OUTER_BOUND('',#396,.T.);
#271=FACE_OUTER_BOUND('',#397,.T.);
#272=FACE_OUTER_BOUND('',#398,.T.);
#273=FACE_OUTER_BOUND('',#399,.T.);
#274=FACE_OUTER_BOUND('',#400,.T.);
#275=FACE_OUTER_BOUND('',#401,.T.);
#276=FACE_OUTER_BOUND('',#402,.T.);
#277=FACE_OUTER_BOUND('',#403,.T.);
#278=FACE_OUTER_BOUND('',#405,.T.);
#279=FACE_OUTER_BOUND('',#406,.T.);
#280=FACE_OUTER_BOUND('',#407,.T.);
#281=FACE_OUTER_BOUND('',#408,.T.);
#282=FACE_OUTER_BOUND('',#409,.T.);
#283=FACE_OUTER_BOUND('',#410,.T.);
#284=FACE_OUTER_BOUND('',#411,.T.);
#285=FACE_OUTER_BOUND('',#412,.T.);
#286=FACE_OUTER_BOUND('',#413,.T.);
#287=FACE_OUTER_BOUND('',#414,.T.);
#288=FACE_OUTER_BOUND('',#415,.T.);
#289=FACE_OUTER_BOUND('',#416,.T.);
#290=FACE_OUTER_BOUND('',#417,.T.);
#291=FACE_OUTER_BOUND('',#418,.T.);
#292=FACE_OUTER_BOUND('',#419,.T.);
#293=FACE_OUTER_BOUND('',#420,.T.);
#294=FACE_OUTER_BOUND('',#421,.T.);
#295=FACE_OUTER_BOUND('',#422,.T.);
#296=FACE_OUTER_BOUND('',#423,.T.);
#297=FACE_OUTER_BOUND('',#424,.T.);
#298=FACE_OUTER_BOUND('',#425,.T.);
#299=FACE_OUTER_BOUND('',#426,.T.);
#300=FACE_OUTER_BOUND('',#427,.T.);
#301=FACE_OUTER_BOUND('',#428,.T.);
#302=FACE_OUTER_BOUND('',#429,.T.);
#303=FACE_OUTER_BOUND('',#430,.T.);
#304=FACE_OUTER_BOUND('',#431,.T.);
#305=FACE_OUTER_BOUND('',#432,.T.);
#306=FACE_OUTER_BOUND('',#433,.T.);
#307=FACE_OUTER_BOUND('',#434,.T.);
#308=FACE_OUTER_BOUND('',#439,.T.);
#309=FACE_OUTER_BOUND('',#440,.T.);
#310=FACE_OUTER_BOUND('',#441,.T.);
#311=FACE_OUTER_BOUND('',#442,.T.);
#312=FACE_OUTER_BOUND('',#443,.T.);
#313=FACE_OUTER_BOUND('',#444,.T.);
#314=FACE_OUTER_BOUND('',#445,.T.);
#315=FACE_OUTER_BOUND('',#446,.T.);
#316=FACE_OUTER_BOUND('',#447,.T.);
#317=FACE_OUTER_BOUND('',#448,.T.);
#318=FACE_OUTER_BOUND('',#449,.T.);
#319=FACE_OUTER_BOUND('',#450,.T.);
#320=FACE_OUTER_BOUND('',#451,.T.);
#321=FACE_OUTER_BOUND('',#452,.T.);
#322=FACE_OUTER_BOUND('',#453,.T.);
#323=FACE_OUTER_BOUND('',#454,.T.);
#324=FACE_OUTER_BOUND('',#455,.T.);
#325=FACE_OUTER_BOUND('',#456,.T.);
#326=FACE_OUTER_BOUND('',#457,.T.);
#327=FACE_OUTER_BOUND('',#458,.T.);
#328=FACE_OUTER_BOUND('',#459,.T.);
#329=EDGE_LOOP('',(#1316,#1317,#1318,#1319));
#330=EDGE_LOOP('',(#1320,#1321,#1322,#1323,#1324,#1325,#1326,#1327,#1328,
#1329));
#331=EDGE_LOOP('',(#1330,#1331,#1332,#1333));
#332=EDGE_LOOP('',(#1334,#1335,#1336,#1337,#1338,#1339));
#333=EDGE_LOOP('',(#1340,#1341,#1342,#1343,#1344));
#334=EDGE_LOOP('',(#1345,#1346,#1347,#1348));
#335=EDGE_LOOP('',(#1349,#1350,#1351,#1352));
#336=EDGE_LOOP('',(#1353,#1354,#1355,#1356));
#337=EDGE_LOOP('',(#1357,#1358,#1359,#1360));
#338=EDGE_LOOP('',(#1361,#1362,#1363,#1364,#1365));
#339=EDGE_LOOP('',(#1366,#1367,#1368,#1369));
#340=EDGE_LOOP('',(#1370,#1371,#1372,#1373));
#341=EDGE_LOOP('',(#1374,#1375,#1376,#1377,#1378));
#342=EDGE_LOOP('',(#1379,#1380,#1381,#1382));
#343=EDGE_LOOP('',(#1383,#1384,#1385,#1386));
#344=EDGE_LOOP('',(#1387,#1388,#1389,#1390));
#345=EDGE_LOOP('',(#1391,#1392,#1393,#1394,#1395));
#346=EDGE_LOOP('',(#1396,#1397,#1398,#1399));
#347=EDGE_LOOP('',(#1400,#1401,#1402,#1403));
#348=EDGE_LOOP('',(#1404,#1405,#1406,#1407));
#349=EDGE_LOOP('',(#1408,#1409,#1410,#1411));
#350=EDGE_LOOP('',(#1412,#1413,#1414,#1415));
#351=EDGE_LOOP('',(#1416,#1417,#1418,#1419));
#352=EDGE_LOOP('',(#1420,#1421,#1422,#1423));
#353=EDGE_LOOP('',(#1424,#1425,#1426,#1427));
#354=EDGE_LOOP('',(#1428,#1429,#1430,#1431));
#355=EDGE_LOOP('',(#1432,#1433,#1434,#1435));
#356=EDGE_LOOP('',(#1436,#1437,#1438,#1439));
#357=EDGE_LOOP('',(#1440,#1441,#1442,#1443));
#358=EDGE_LOOP('',(#1444,#1445,#1446,#1447,#1448,#1449));
#359=EDGE_LOOP('',(#1450,#1451,#1452,#1453,#1454,#1455,#1456,#1457));
#360=EDGE_LOOP('',(#1458));
#361=EDGE_LOOP('',(#1459));
#362=EDGE_LOOP('',(#1460));
#363=EDGE_LOOP('',(#1461,#1462,#1463,#1464));
#364=EDGE_LOOP('',(#1465,#1466,#1467,#1468));
#365=EDGE_LOOP('',(#1469,#1470,#1471,#1472));
#366=EDGE_LOOP('',(#1473,#1474,#1475,#1476));
#367=EDGE_LOOP('',(#1477,#1478,#1479,#1480));
#368=EDGE_LOOP('',(#1481,#1482,#1483,#1484));
#369=EDGE_LOOP('',(#1485,#1486,#1487,#1488));
#370=EDGE_LOOP('',(#1489,#1490,#1491,#1492));
#371=EDGE_LOOP('',(#1493,#1494,#1495,#1496));
#372=EDGE_LOOP('',(#1497,#1498,#1499,#1500));
#373=EDGE_LOOP('',(#1501,#1502,#1503,#1504,#1505,#1506,#1507,#1508));
#374=EDGE_LOOP('',(#1509));
#375=EDGE_LOOP('',(#1510,#1511,#1512,#1513));
#376=EDGE_LOOP('',(#1514,#1515,#1516,#1517,#1518,#1519,#1520,#1521,#1522,
#1523,#1524,#1525,#1526,#1527,#1528,#1529,#1530,#1531,#1532,#1533,#1534,
#1535,#1536,#1537,#1538,#1539,#1540,#1541,#1542,#1543,#1544,#1545,#1546,
#1547,#1548,#1549));
#377=EDGE_LOOP('',(#1550,#1551,#1552,#1553));
#378=EDGE_LOOP('',(#1554,#1555,#1556,#1557));
#379=EDGE_LOOP('',(#1558,#1559,#1560,#1561));
#380=EDGE_LOOP('',(#1562,#1563,#1564,#1565));
#381=EDGE_LOOP('',(#1566,#1567,#1568,#1569));
#382=EDGE_LOOP('',(#1570,#1571,#1572,#1573));
#383=EDGE_LOOP('',(#1574,#1575,#1576,#1577));
#384=EDGE_LOOP('',(#1578,#1579,#1580,#1581));
#385=EDGE_LOOP('',(#1582,#1583,#1584,#1585));
#386=EDGE_LOOP('',(#1586,#1587,#1588,#1589));
#387=EDGE_LOOP('',(#1590,#1591,#1592,#1593));
#388=EDGE_LOOP('',(#1594,#1595,#1596,#1597,#1598,#1599,#1600,#1601));
#389=EDGE_LOOP('',(#1602,#1603,#1604,#1605));
#390=EDGE_LOOP('',(#1606,#1607,#1608));
#391=EDGE_LOOP('',(#1609,#1610,#1611));
#392=EDGE_LOOP('',(#1612,#1613,#1614));
#393=EDGE_LOOP('',(#1615,#1616,#1617,#1618,#1619));
#394=EDGE_LOOP('',(#1620,#1621,#1622,#1623,#1624,#1625,#1626,#1627,#1628,
#1629,#1630,#1631));
#395=EDGE_LOOP('',(#1632,#1633,#1634));
#396=EDGE_LOOP('',(#1635,#1636,#1637,#1638));
#397=EDGE_LOOP('',(#1639,#1640,#1641,#1642,#1643,#1644,#1645,#1646));
#398=EDGE_LOOP('',(#1647,#1648,#1649,#1650));
#399=EDGE_LOOP('',(#1651,#1652,#1653));
#400=EDGE_LOOP('',(#1654,#1655,#1656));
#401=EDGE_LOOP('',(#1657,#1658,#1659));
#402=EDGE_LOOP('',(#1660,#1661,#1662,#1663,#1664));
#403=EDGE_LOOP('',(#1665,#1666,#1667,#1668,#1669,#1670,#1671,#1672,#1673,
#1674,#1675,#1676));
#404=EDGE_LOOP('',(#1677,#1678,#1679));
#405=EDGE_LOOP('',(#1680,#1681,#1682,#1683));
#406=EDGE_LOOP('',(#1684,#1685,#1686,#1687,#1688));
#407=EDGE_LOOP('',(#1689,#1690,#1691));
#408=EDGE_LOOP('',(#1692,#1693,#1694,#1695,#1696,#1697));
#409=EDGE_LOOP('',(#1698,#1699,#1700,#1701));
#410=EDGE_LOOP('',(#1702,#1703,#1704,#1705,#1706));
#411=EDGE_LOOP('',(#1707,#1708,#1709));
#412=EDGE_LOOP('',(#1710,#1711,#1712,#1713,#1714,#1715));
#413=EDGE_LOOP('',(#1716,#1717));
#414=EDGE_LOOP('',(#1718,#1719,#1720,#1721,#1722,#1723));
#415=EDGE_LOOP('',(#1724,#1725));
#416=EDGE_LOOP('',(#1726,#1727,#1728,#1729,#1730,#1731));
#417=EDGE_LOOP('',(#1732,#1733,#1734,#1735,#1736,#1737));
#418=EDGE_LOOP('',(#1738,#1739));
#419=EDGE_LOOP('',(#1740,#1741));
#420=EDGE_LOOP('',(#1742,#1743,#1744,#1745,#1746,#1747,#1748,#1749,#1750,
#1751,#1752,#1753));
#421=EDGE_LOOP('',(#1754,#1755,#1756,#1757,#1758,#1759,#1760,#1761,#1762,
#1763,#1764,#1765));
#422=EDGE_LOOP('',(#1766,#1767,#1768,#1769));
#423=EDGE_LOOP('',(#1770,#1771,#1772,#1773));
#424=EDGE_LOOP('',(#1774));
#425=EDGE_LOOP('',(#1775,#1776,#1777,#1778));
#426=EDGE_LOOP('',(#1779));
#427=EDGE_LOOP('',(#1780,#1781,#1782,#1783));
#428=EDGE_LOOP('',(#1784));
#429=EDGE_LOOP('',(#1785,#1786,#1787,#1788));
#430=EDGE_LOOP('',(#1789));
#431=EDGE_LOOP('',(#1790,#1791,#1792,#1793));
#432=EDGE_LOOP('',(#1794,#1795,#1796,#1797));
#433=EDGE_LOOP('',(#1798,#1799,#1800,#1801));
#434=EDGE_LOOP('',(#1802,#1803,#1804,#1805,#1806,#1807,#1808,#1809,#1810,
#1811,#1812,#1813,#1814,#1815,#1816,#1817,#1818,#1819,#1820,#1821,#1822,
#1823));
#435=EDGE_LOOP('',(#1824));
#436=EDGE_LOOP('',(#1825));
#437=EDGE_LOOP('',(#1826));
#438=EDGE_LOOP('',(#1827));
#439=EDGE_LOOP('',(#1828,#1829,#1830,#1831));
#440=EDGE_LOOP('',(#1832,#1833,#1834,#1835));
#441=EDGE_LOOP('',(#1836,#1837,#1838,#1839));
#442=EDGE_LOOP('',(#1840,#1841,#1842,#1843,#1844,#1845));
#443=EDGE_LOOP('',(#1846,#1847,#1848,#1849,#1850,#1851,#1852,#1853));
#444=EDGE_LOOP('',(#1854,#1855,#1856,#1857));
#445=EDGE_LOOP('',(#1858,#1859,#1860,#1861));
#446=EDGE_LOOP('',(#1862,#1863,#1864,#1865));
#447=EDGE_LOOP('',(#1866,#1867,#1868,#1869));
#448=EDGE_LOOP('',(#1870,#1871,#1872,#1873));
#449=EDGE_LOOP('',(#1874,#1875,#1876,#1877));
#450=EDGE_LOOP('',(#1878,#1879,#1880,#1881));
#451=EDGE_LOOP('',(#1882,#1883,#1884,#1885));
#452=EDGE_LOOP('',(#1886,#1887,#1888,#1889,#1890,#1891));
#453=EDGE_LOOP('',(#1892,#1893,#1894,#1895,#1896,#1897));
#454=EDGE_LOOP('',(#1898,#1899,#1900,#1901));
#455=EDGE_LOOP('',(#1902,#1903,#1904,#1905));
#456=EDGE_LOOP('',(#1906,#1907,#1908,#1909));
#457=EDGE_LOOP('',(#1910,#1911,#1912,#1913,#1914,#1915));
#458=EDGE_LOOP('',(#1916,#1917,#1918,#1919));
#459=EDGE_LOOP('',(#1920,#1921,#1922,#1923,#1924,#1925,#1926,#1927));
#460=ELLIPSE('',#2084,9.19238815542508,6.5);
#461=ELLIPSE('',#2087,9.19238815542512,6.5);
#462=ELLIPSE('',#2090,14.5663996924429,10.3);
#463=ELLIPSE('',#2094,14.5663996924428,10.3);
#464=LINE('',#2749,#598);
#465=LINE('',#2752,#599);
#466=LINE('',#2756,#600);
#467=LINE('',#2758,#601);
#468=LINE('',#2760,#602);
#469=LINE('',#2762,#603);
#470=LINE('',#2764,#604);
#471=LINE('',#2766,#605);
#472=LINE('',#2768,#606);
#473=LINE('',#2770,#607);
#474=LINE('',#2772,#608);
#475=LINE('',#2773,#609);
#476=LINE('',#2779,#610);
#477=LINE('',#2782,#611);
#478=LINE('',#2788,#612);
#479=LINE('',#2792,#613);
#480=LINE('',#2793,#614);
#481=LINE('',#2797,#615);
#482=LINE('',#2798,#616);
#483=LINE('',#2801,#617);
#484=LINE('',#2802,#618);
#485=LINE('',#2805,#619);
#486=LINE('',#2806,#620);
#487=LINE('',#2809,#621);
#488=LINE('',#2811,#622);
#489=LINE('',#2812,#623);
#490=LINE('',#2814,#624);
#491=LINE('',#2816,#625);
#492=LINE('',#2819,#626);
#493=LINE('',#2821,#627);
#494=LINE('',#2822,#628);
#495=LINE('',#2825,#629);
#496=LINE('',#2827,#630);
#497=LINE('',#2828,#631);
#498=LINE('',#2831,#632);
#499=LINE('',#2832,#633);
#500=LINE('',#2835,#634);
#501=LINE('',#2836,#635);
#502=LINE('',#2839,#636);
#503=LINE('',#2840,#637);
#504=LINE('',#2843,#638);
#505=LINE('',#2845,#639);
#506=LINE('',#2846,#640);
#507=LINE('',#2849,#641);
#508=LINE('',#2850,#642);
#509=LINE('',#2853,#643);
#510=LINE('',#2854,#644);
#511=LINE('',#2857,#645);
#512=LINE('',#2859,#646);
#513=LINE('',#2860,#647);
#514=LINE('',#2864,#648);
#515=LINE('',#2870,#649);
#516=LINE('',#2871,#650);
#517=LINE('',#2872,#651);
#518=LINE('',#2877,#652);
#519=LINE('',#2882,#653);
#520=LINE('',#2883,#654);
#521=LINE('',#2884,#655);
#522=LINE('',#2889,#656);
#523=LINE('',#2893,#657);
#524=LINE('',#2894,#658);
#525=LINE('',#2895,#659);
#526=LINE('',#2900,#660);
#527=LINE('',#2903,#661);
#528=LINE('',#2906,#662);
#529=LINE('',#2907,#663);
#530=LINE('',#3250,#664);
#531=LINE('',#3253,#665);
#532=LINE('',#3256,#666);
#533=LINE('',#3258,#667);
#534=LINE('',#3260,#668);
#535=LINE('',#3262,#669);
#536=LINE('',#3264,#670);
#537=LINE('',#3270,#671);
#538=LINE('',#3271,#672);
#539=LINE('',#3660,#673);
#540=LINE('',#3725,#674);
#541=LINE('',#4365,#675);
#542=LINE('',#5709,#676);
#543=LINE('',#5789,#677);
#544=LINE('',#5792,#678);
#545=LINE('',#5794,#679);
#546=LINE('',#5796,#680);
#547=LINE('',#5797,#681);
#548=LINE('',#5802,#682);
#549=LINE('',#5827,#683);
#550=LINE('',#5852,#684);
#551=LINE('',#5854,#685);
#552=LINE('',#5856,#686);
#553=LINE('',#5858,#687);
#554=LINE('',#5859,#688);
#555=LINE('',#5862,#689);
#556=LINE('',#5864,#690);
#557=LINE('',#5866,#691);
#558=LINE('',#5868,#692);
#559=LINE('',#5870,#693);
#560=LINE('',#5895,#694);
#561=LINE('',#5919,#695);
#562=LINE('',#5922,#696);
#563=LINE('',#5928,#697);
#564=LINE('',#5935,#698);
#565=LINE('',#5942,#699);
#566=LINE('',#5949,#700);
#567=LINE('',#5954,#701);
#568=LINE('',#5956,#702);
#569=LINE('',#5957,#703);
#570=LINE('',#5960,#704);
#571=LINE('',#5961,#705);
#572=LINE('',#5963,#706);
#573=LINE('',#5965,#707);
#574=LINE('',#5970,#708);
#575=LINE('',#5972,#709);
#576=LINE('',#5975,#710);
#577=LINE('',#5977,#711);
#578=LINE('',#5978,#712);
#579=LINE('',#5983,#713);
#580=LINE('',#5984,#714);
#581=LINE('',#5987,#715);
#582=LINE('',#5989,#716);
#583=LINE('',#5990,#717);
#584=LINE('',#6195,#718);
#585=LINE('',#6260,#719);
#586=LINE('',#6261,#720);
#587=LINE('',#6264,#721);
#588=LINE('',#6265,#722);
#589=LINE('',#6330,#723);
#590=LINE('',#6331,#724);
#591=LINE('',#6334,#725);
#592=LINE('',#6335,#726);
#593=LINE('',#6376,#727);
#594=LINE('',#6377,#728);
#595=LINE('',#6379,#729);
#596=LINE('',#6382,#730);
#597=LINE('',#6388,#731);
#598=VECTOR('',#2263,6.5);
#599=VECTOR('',#2266,10.);
#600=VECTOR('',#2269,10.);
#601=VECTOR('',#2270,10.);
#602=VECTOR('',#2271,10.);
#603=VECTOR('',#2272,10.);
#604=VECTOR('',#2273,10.);
#605=VECTOR('',#2274,10.);
#606=VECTOR('',#2275,10.);
#607=VECTOR('',#2276,10.);
#608=VECTOR('',#2277,10.);
#609=VECTOR('',#2278,10.);
#610=VECTOR('',#2283,6.5);
#611=VECTOR('',#2286,10.);
#612=VECTOR('',#2293,10.);
#613=VECTOR('',#2298,10.);
#614=VECTOR('',#2299,10.);
#615=VECTOR('',#2304,10.);
#616=VECTOR('',#2305,10.);
#617=VECTOR('',#2308,10.);
#618=VECTOR('',#2309,10.);
#619=VECTOR('',#2312,10.);
#620=VECTOR('',#2313,10.);
#621=VECTOR('',#2316,10.);
#622=VECTOR('',#2317,10.);
#623=VECTOR('',#2318,10.);
#624=VECTOR('',#2321,10.);
#625=VECTOR('',#2324,10.);
#626=VECTOR('',#2327,10.);
#627=VECTOR('',#2328,10.);
#628=VECTOR('',#2329,10.);
#629=VECTOR('',#2332,10.);
#630=VECTOR('',#2333,10.);
#631=VECTOR('',#2334,10.);
#632=VECTOR('',#2337,10.);
#633=VECTOR('',#2338,10.);
#634=VECTOR('',#2341,10.);
#635=VECTOR('',#2342,10.);
#636=VECTOR('',#2345,10.);
#637=VECTOR('',#2346,10.);
#638=VECTOR('',#2349,10.);
#639=VECTOR('',#2350,10.);
#640=VECTOR('',#2351,10.);
#641=VECTOR('',#2354,10.);
#642=VECTOR('',#2355,10.);
#643=VECTOR('',#2358,10.);
#644=VECTOR('',#2359,10.);
#645=VECTOR('',#2362,10.);
#646=VECTOR('',#2363,10.);
#647=VECTOR('',#2364,10.);
#648=VECTOR('',#2367,10.);
#649=VECTOR('',#2374,10.);
#650=VECTOR('',#2375,10.);
#651=VECTOR('',#2376,10.);
#652=VECTOR('',#2381,10.);
#653=VECTOR('',#2386,10.);
#654=VECTOR('',#2387,10.);
#655=VECTOR('',#2388,10.);
#656=VECTOR('',#2393,10.);
#657=VECTOR('',#2398,10.);
#658=VECTOR('',#2399,10.);
#659=VECTOR('',#2400,10.);
#660=VECTOR('',#2407,10.);
#661=VECTOR('',#2410,10.);
#662=VECTOR('',#2413,10.);
#663=VECTOR('',#2414,10.);
#664=VECTOR('',#2463,10.);
#665=VECTOR('',#2466,10.);
#666=VECTOR('',#2469,10.);
#667=VECTOR('',#2470,10.);
#668=VECTOR('',#2471,10.);
#669=VECTOR('',#2472,10.);
#670=VECTOR('',#2473,10.);
#671=VECTOR('',#2480,10.);
#672=VECTOR('',#2481,10.);
#673=VECTOR('',#2482,10.);
#674=VECTOR('',#2483,10.);
#675=VECTOR('',#2516,10.);
#676=VECTOR('',#2583,6.1);
#677=VECTOR('',#2586,6.09999999999999);
#678=VECTOR('',#2589,10.);
#679=VECTOR('',#2590,10.);
#680=VECTOR('',#2591,10.);
#681=VECTOR('',#2592,10.);
#682=VECTOR('',#2599,10.);
#683=VECTOR('',#2600,10.);
#684=VECTOR('',#2601,10.);
#685=VECTOR('',#2602,10.);
#686=VECTOR('',#2603,10.);
#687=VECTOR('',#2604,10.);
#688=VECTOR('',#2605,10.);
#689=VECTOR('',#2608,10.);
#690=VECTOR('',#2609,10.);
#691=VECTOR('',#2610,10.);
#692=VECTOR('',#2611,10.);
#693=VECTOR('',#2612,10.);
#694=VECTOR('',#2613,10.);
#695=VECTOR('',#2614,10.);
#696=VECTOR('',#2617,10.);
#697=VECTOR('',#2624,2.00000000000001);
#698=VECTOR('',#2633,2.00000000000001);
#699=VECTOR('',#2642,2.00000000000001);
#700=VECTOR('',#2651,2.00000000000001);
#701=VECTOR('',#2658,10.);
#702=VECTOR('',#2659,10.);
#703=VECTOR('',#2660,10.);
#704=VECTOR('',#2663,10.);
#705=VECTOR('',#2664,10.);
#706=VECTOR('',#2667,10.);
#707=VECTOR('',#2670,10.);
#708=VECTOR('',#2677,10.);
#709=VECTOR('',#2678,10.);
#710=VECTOR('',#2681,10.);
#711=VECTOR('',#2684,10.);
#712=VECTOR('',#2685,10.);
#713=VECTOR('',#2692,10.);
#714=VECTOR('',#2693,10.);
#715=VECTOR('',#2696,10.);
#716=VECTOR('',#2697,10.);
#717=VECTOR('',#2698,10.);
#718=VECTOR('',#2705,18.5);
#719=VECTOR('',#2706,10.);
#720=VECTOR('',#2707,10.);
#721=VECTOR('',#2710,10.);
#722=VECTOR('',#2711,10.);
#723=VECTOR('',#2712,10.);
#724=VECTOR('',#2713,10.);
#725=VECTOR('',#2716,10.);
#726=VECTOR('',#2717,10.);
#727=VECTOR('',#2718,10.);
#728=VECTOR('',#2719,10.);
#729=VECTOR('',#2722,10.);
#730=VECTOR('',#2727,10.);
#731=VECTOR('',#2738,10.);
#732=CIRCLE('',#2083,6.5);
#733=CIRCLE('',#2088,6.5);
#734=CIRCLE('',#2091,10.3);
#735=CIRCLE('',#2092,10.3);
#736=CIRCLE('',#2111,9.45000000000002);
#737=CIRCLE('',#2112,10.3);
#738=CIRCLE('',#2115,10.3);
#739=CIRCLE('',#2116,9.45000000000001);
#740=CIRCLE('',#2119,10.3);
#741=CIRCLE('',#2120,9.45000000000005);
#742=CIRCLE('',#2123,9.44999999999998);
#743=CIRCLE('',#2125,10.3);
#744=CIRCLE('',#2128,10.3);
#745=CIRCLE('',#2130,26.5);
#746=CIRCLE('',#2131,6.1);
#747=CIRCLE('',#2132,6.09999999999999);
#748=CIRCLE('',#2133,0.999999999999998);
#749=CIRCLE('',#2134,1.);
#750=CIRCLE('',#2135,1.);
#751=CIRCLE('',#2137,1.);
#752=CIRCLE('',#2138,10.0832159566199);
#753=CIRCLE('',#2139,9.09720265943666);
#754=CIRCLE('',#2141,1.);
#755=CIRCLE('',#2142,10.0832159566199);
#756=CIRCLE('',#2143,9.09720265943667);
#757=CIRCLE('',#2145,1.);
#758=CIRCLE('',#2146,10.0832159566199);
#759=CIRCLE('',#2147,9.09720265943666);
#760=CIRCLE('',#2148,1.);
#761=CIRCLE('',#2149,1.);
#762=CIRCLE('',#2151,10.0832159566199);
#763=CIRCLE('',#2153,10.0832159566199);
#764=CIRCLE('',#2154,18.5);
#765=CIRCLE('',#2156,0.999999999999995);
#766=CIRCLE('',#2157,1.00000000000001);
#767=CIRCLE('',#2158,0.999999999999997);
#768=CIRCLE('',#2160,1.);
#769=CIRCLE('',#2161,10.0832159566199);
#770=CIRCLE('',#2162,9.09720265943666);
#771=CIRCLE('',#2164,1.);
#772=CIRCLE('',#2165,9.09720265943667);
#773=CIRCLE('',#2167,0.999999999999999);
#774=CIRCLE('',#2168,9.09720265943667);
#775=CIRCLE('',#2169,0.999999999999989);
#776=CIRCLE('',#2170,0.999999999999998);
#777=CIRCLE('',#2172,0.200000000000009);
#778=CIRCLE('',#2173,0.2);
#779=CIRCLE('',#2175,8.90000000000001);
#780=CIRCLE('',#2176,0.2);
#781=CIRCLE('',#2177,0.2);
#782=CIRCLE('',#2178,0.200000000000002);
#783=CIRCLE('',#2179,0.2);
#784=CIRCLE('',#2181,8.9);
#785=CIRCLE('',#2182,6.1);
#786=CIRCLE('',#2183,6.1);
#787=CIRCLE('',#2184,0.199999999999997);
#788=CIRCLE('',#2185,0.2);
#789=CIRCLE('',#2187,8.90000000000001);
#790=CIRCLE('',#2188,0.2);
#791=CIRCLE('',#2189,0.2);
#792=CIRCLE('',#2190,0.199999999999996);
#793=CIRCLE('',#2191,0.2);
#794=CIRCLE('',#2193,8.9);
#795=CIRCLE('',#2194,6.09999999999999);
#796=CIRCLE('',#2195,6.09999999999999);
#797=CIRCLE('',#2197,0.2);
#798=CIRCLE('',#2198,9.1);
#799=CIRCLE('',#2199,0.200000000000036);
#800=CIRCLE('',#2201,0.2);
#801=CIRCLE('',#2202,9.09999999999999);
#802=CIRCLE('',#2203,0.20000000000004);
#803=CIRCLE('',#2212,2.3);
#804=CIRCLE('',#2214,2.00000000000001);
#805=CIRCLE('',#2215,2.00000000000001);
#806=CIRCLE('',#2218,2.00000000000001);
#807=CIRCLE('',#2219,2.00000000000001);
#808=CIRCLE('',#2222,2.00000000000001);
#809=CIRCLE('',#2223,2.00000000000001);
#810=CIRCLE('',#2226,2.00000000000001);
#811=CIRCLE('',#2227,2.00000000000001);
#812=CIRCLE('',#2233,2.30000000000001);
#813=CIRCLE('',#2234,2.30000000000002);
#814=CIRCLE('',#2235,2.29999999999999);
#815=CIRCLE('',#2236,10.3);
#816=CIRCLE('',#2243,18.5);
#817=CIRCLE('',#2249,2.30000000000001);
#818=CIRCLE('',#2253,2.29999999999999);
#819=VERTEX_POINT('',#2745);
#820=VERTEX_POINT('',#2746);
#821=VERTEX_POINT('',#2748);
#822=VERTEX_POINT('',#2750);
#823=VERTEX_POINT('',#2754);
#824=VERTEX_POINT('',#2755);
#825=VERTEX_POINT('',#2757);
#826=VERTEX_POINT('',#2759);
#827=VERTEX_POINT('',#2761);
#828=VERTEX_POINT('',#2763);
#829=VERTEX_POINT('',#2765);
#830=VERTEX_POINT('',#2767);
#831=VERTEX_POINT('',#2769);
#832=VERTEX_POINT('',#2771);
#833=VERTEX_POINT('',#2775);
#834=VERTEX_POINT('',#2776);
#835=VERTEX_POINT('',#2778);
#836=VERTEX_POINT('',#2780);
#837=VERTEX_POINT('',#2785);
#838=VERTEX_POINT('',#2787);
#839=VERTEX_POINT('',#2791);
#840=VERTEX_POINT('',#2796);
#841=VERTEX_POINT('',#2800);
#842=VERTEX_POINT('',#2804);
#843=VERTEX_POINT('',#2808);
#844=VERTEX_POINT('',#2810);
#845=VERTEX_POINT('',#2818);
#846=VERTEX_POINT('',#2820);
#847=VERTEX_POINT('',#2824);
#848=VERTEX_POINT('',#2826);
#849=VERTEX_POINT('',#2830);
#850=VERTEX_POINT('',#2834);
#851=VERTEX_POINT('',#2838);
#852=VERTEX_POINT('',#2842);
#853=VERTEX_POINT('',#2844);
#854=VERTEX_POINT('',#2848);
#855=VERTEX_POINT('',#2852);
#856=VERTEX_POINT('',#2856);
#857=VERTEX_POINT('',#2858);
#858=VERTEX_POINT('',#2862);
#859=VERTEX_POINT('',#2863);
#860=VERTEX_POINT('',#2868);
#861=VERTEX_POINT('',#2869);
#862=VERTEX_POINT('',#2874);
#863=VERTEX_POINT('',#2876);
#864=VERTEX_POINT('',#2880);
#865=VERTEX_POINT('',#2881);
#866=VERTEX_POINT('',#2886);
#867=VERTEX_POINT('',#2888);
#868=VERTEX_POINT('',#2892);
#869=VERTEX_POINT('',#2899);
#870=VERTEX_POINT('',#2901);
#871=VERTEX_POINT('',#2905);
#872=VERTEX_POINT('',#2911);
#873=VERTEX_POINT('',#2913);
#874=VERTEX_POINT('',#2915);
#875=VERTEX_POINT('',#2953);
#876=VERTEX_POINT('',#2954);
#877=VERTEX_POINT('',#2965);
#878=VERTEX_POINT('',#2975);
#879=VERTEX_POINT('',#3024);
#880=VERTEX_POINT('',#3025);
#881=VERTEX_POINT('',#3063);
#882=VERTEX_POINT('',#3064);
#883=VERTEX_POINT('',#3075);
#884=VERTEX_POINT('',#3076);
#885=VERTEX_POINT('',#3081);
#886=VERTEX_POINT('',#3082);
#887=VERTEX_POINT('',#3087);
#888=VERTEX_POINT('',#3088);
#889=VERTEX_POINT('',#3112);
#890=VERTEX_POINT('',#3113);
#891=VERTEX_POINT('',#3159);
#892=VERTEX_POINT('',#3160);
#893=VERTEX_POINT('',#3173);
#894=VERTEX_POINT('',#3181);
#895=VERTEX_POINT('',#3249);
#896=VERTEX_POINT('',#3251);
#897=VERTEX_POINT('',#3255);
#898=VERTEX_POINT('',#3257);
#899=VERTEX_POINT('',#3259);
#900=VERTEX_POINT('',#3261);
#901=VERTEX_POINT('',#3263);
#902=VERTEX_POINT('',#3266);
#903=VERTEX_POINT('',#3269);
#904=VERTEX_POINT('',#3312);
#905=VERTEX_POINT('',#3317);
#906=VERTEX_POINT('',#3326);
#907=VERTEX_POINT('',#3335);
#908=VERTEX_POINT('',#3340);
#909=VERTEX_POINT('',#3345);
#910=VERTEX_POINT('',#3380);
#911=VERTEX_POINT('',#3580);
#912=VERTEX_POINT('',#3627);
#913=VERTEX_POINT('',#3632);
#914=VERTEX_POINT('',#3637);
#915=VERTEX_POINT('',#3645);
#916=VERTEX_POINT('',#3654);
#917=VERTEX_POINT('',#3659);
#918=VERTEX_POINT('',#3661);
#919=VERTEX_POINT('',#3666);
#920=VERTEX_POINT('',#3713);
#921=VERTEX_POINT('',#3724);
#922=VERTEX_POINT('',#3726);
#923=VERTEX_POINT('',#3737);
#924=VERTEX_POINT('',#3785);
#925=VERTEX_POINT('',#3790);
#926=VERTEX_POINT('',#3795);
#927=VERTEX_POINT('',#3830);
#928=VERTEX_POINT('',#4030);
#929=VERTEX_POINT('',#4074);
#930=VERTEX_POINT('',#4119);
#931=VERTEX_POINT('',#4130);
#932=VERTEX_POINT('',#4181);
#933=VERTEX_POINT('',#4211);
#934=VERTEX_POINT('',#4218);
#935=VERTEX_POINT('',#4223);
#936=VERTEX_POINT('',#4227);
#937=VERTEX_POINT('',#4250);
#938=VERTEX_POINT('',#4292);
#939=VERTEX_POINT('',#4305);
#940=VERTEX_POINT('',#4401);
#941=VERTEX_POINT('',#4403);
#942=VERTEX_POINT('',#4413);
#943=VERTEX_POINT('',#4456);
#944=VERTEX_POINT('',#4530);
#945=VERTEX_POINT('',#4598);
#946=VERTEX_POINT('',#4611);
#947=VERTEX_POINT('',#4626);
#948=VERTEX_POINT('',#4638);
#949=VERTEX_POINT('',#4639);
#950=VERTEX_POINT('',#4641);
#951=VERTEX_POINT('',#4715);
#952=VERTEX_POINT('',#4717);
#953=VERTEX_POINT('',#4727);
#954=VERTEX_POINT('',#4770);
#955=VERTEX_POINT('',#4844);
#956=VERTEX_POINT('',#4912);
#957=VERTEX_POINT('',#4925);
#958=VERTEX_POINT('',#4940);
#959=VERTEX_POINT('',#4952);
#960=VERTEX_POINT('',#4953);
#961=VERTEX_POINT('',#4955);
#962=VERTEX_POINT('',#4995);
#963=VERTEX_POINT('',#5048);
#964=VERTEX_POINT('',#5313);
#965=VERTEX_POINT('',#5366);
#966=VERTEX_POINT('',#5791);
#967=VERTEX_POINT('',#5793);
#968=VERTEX_POINT('',#5795);
#969=VERTEX_POINT('',#5801);
#970=VERTEX_POINT('',#5803);
#971=VERTEX_POINT('',#5826);
#972=VERTEX_POINT('',#5828);
#973=VERTEX_POINT('',#5851);
#974=VERTEX_POINT('',#5853);
#975=VERTEX_POINT('',#5855);
#976=VERTEX_POINT('',#5857);
#977=VERTEX_POINT('',#5861);
#978=VERTEX_POINT('',#5863);
#979=VERTEX_POINT('',#5865);
#980=VERTEX_POINT('',#5867);
#981=VERTEX_POINT('',#5869);
#982=VERTEX_POINT('',#5871);
#983=VERTEX_POINT('',#5894);
#984=VERTEX_POINT('',#5896);
#985=VERTEX_POINT('',#5921);
#986=VERTEX_POINT('',#5925);
#987=VERTEX_POINT('',#5927);
#988=VERTEX_POINT('',#5932);
#989=VERTEX_POINT('',#5934);
#990=VERTEX_POINT('',#5939);
#991=VERTEX_POINT('',#5941);
#992=VERTEX_POINT('',#5946);
#993=VERTEX_POINT('',#5948);
#994=VERTEX_POINT('',#5953);
#995=VERTEX_POINT('',#5955);
#996=VERTEX_POINT('',#5959);
#997=VERTEX_POINT('',#5968);
#998=VERTEX_POINT('',#5971);
#999=VERTEX_POINT('',#5973);
#1000=VERTEX_POINT('',#5982);
#1001=VERTEX_POINT('',#5986);
#1002=VERTEX_POINT('',#5988);
#1003=VERTEX_POINT('',#6182);
#1004=VERTEX_POINT('',#6236);
#1005=VERTEX_POINT('',#6237);
#1006=VERTEX_POINT('',#6263);
#1007=VERTEX_POINT('',#6306);
#1008=VERTEX_POINT('',#6307);
#1009=VERTEX_POINT('',#6333);
#1010=EDGE_CURVE('',#819,#820,#732,.T.);
#1011=EDGE_CURVE('',#820,#821,#464,.T.);
#1012=EDGE_CURVE('',#821,#822,#460,.F.);
#1013=EDGE_CURVE('',#822,#819,#465,.T.);
#1014=EDGE_CURVE('',#823,#824,#466,.T.);
#1015=EDGE_CURVE('',#825,#823,#467,.T.);
#1016=EDGE_CURVE('',#826,#825,#468,.T.);
#1017=EDGE_CURVE('',#826,#827,#469,.T.);
#1018=EDGE_CURVE('',#828,#827,#470,.T.);
#1019=EDGE_CURVE('',#829,#828,#471,.T.);
#1020=EDGE_CURVE('',#830,#829,#472,.T.);
#1021=EDGE_CURVE('',#831,#830,#473,.T.);
#1022=EDGE_CURVE('',#832,#831,#474,.T.);
#1023=EDGE_CURVE('',#824,#832,#475,.T.);
#1024=EDGE_CURVE('',#833,#834,#461,.T.);
#1025=EDGE_CURVE('',#833,#835,#476,.T.);
#1026=EDGE_CURVE('',#835,#836,#733,.T.);
#1027=EDGE_CURVE('',#836,#834,#477,.T.);
#1028=EDGE_CURVE('',#827,#833,#462,.T.);
#1029=EDGE_CURVE('',#837,#826,#734,.T.);
#1030=EDGE_CURVE('',#838,#837,#478,.T.);
#1031=EDGE_CURVE('',#838,#835,#735,.T.);
#1032=EDGE_CURVE('',#824,#839,#479,.T.);
#1033=EDGE_CURVE('',#839,#822,#480,.T.);
#1034=EDGE_CURVE('',#821,#823,#463,.T.);
#1035=EDGE_CURVE('',#832,#840,#481,.T.);
#1036=EDGE_CURVE('',#840,#839,#482,.T.);
#1037=EDGE_CURVE('',#831,#841,#483,.T.);
#1038=EDGE_CURVE('',#841,#840,#484,.T.);
#1039=EDGE_CURVE('',#830,#842,#485,.T.);
#1040=EDGE_CURVE('',#842,#841,#486,.T.);
#1041=EDGE_CURVE('',#828,#843,#487,.T.);
#1042=EDGE_CURVE('',#843,#844,#488,.T.);
#1043=EDGE_CURVE('',#844,#829,#489,.T.);
#1044=EDGE_CURVE('',#834,#843,#490,.T.);
#1045=EDGE_CURVE('',#844,#842,#491,.T.);
#1046=EDGE_CURVE('',#845,#839,#492,.T.);
#1047=EDGE_CURVE('',#846,#845,#493,.T.);
#1048=EDGE_CURVE('',#822,#846,#494,.T.);
#1049=EDGE_CURVE('',#847,#840,#495,.F.);
#1050=EDGE_CURVE('',#848,#847,#496,.F.);
#1051=EDGE_CURVE('',#845,#848,#497,.F.);
#1052=EDGE_CURVE('',#849,#841,#498,.T.);
#1053=EDGE_CURVE('',#847,#849,#499,.T.);
#1054=EDGE_CURVE('',#842,#850,#500,.F.);
#1055=EDGE_CURVE('',#849,#850,#501,.F.);
#1056=EDGE_CURVE('',#851,#844,#502,.F.);
#1057=EDGE_CURVE('',#850,#851,#503,.T.);
#1058=EDGE_CURVE('',#843,#852,#504,.T.);
#1059=EDGE_CURVE('',#853,#852,#505,.F.);
#1060=EDGE_CURVE('',#853,#851,#506,.F.);
#1061=EDGE_CURVE('',#854,#834,#507,.T.);
#1062=EDGE_CURVE('',#852,#854,#508,.T.);
#1063=EDGE_CURVE('',#855,#836,#509,.T.);
#1064=EDGE_CURVE('',#854,#855,#510,.T.);
#1065=EDGE_CURVE('',#825,#856,#511,.T.);
#1066=EDGE_CURVE('',#856,#857,#512,.T.);
#1067=EDGE_CURVE('',#857,#826,#513,.T.);
#1068=EDGE_CURVE('',#858,#859,#514,.T.);
#1069=EDGE_CURVE('',#859,#856,#736,.T.);
#1070=EDGE_CURVE('',#825,#858,#737,.T.);
#1071=EDGE_CURVE('',#860,#861,#515,.T.);
#1072=EDGE_CURVE('',#861,#859,#516,.T.);
#1073=EDGE_CURVE('',#858,#860,#517,.T.);
#1074=EDGE_CURVE('',#860,#862,#738,.T.);
#1075=EDGE_CURVE('',#862,#863,#518,.T.);
#1076=EDGE_CURVE('',#863,#861,#739,.T.);
#1077=EDGE_CURVE('',#864,#865,#519,.T.);
#1078=EDGE_CURVE('',#865,#863,#520,.T.);
#1079=EDGE_CURVE('',#862,#864,#521,.T.);
#1080=EDGE_CURVE('',#864,#866,#740,.T.);
#1081=EDGE_CURVE('',#866,#867,#522,.T.);
#1082=EDGE_CURVE('',#867,#865,#741,.T.);
#1083=EDGE_CURVE('',#837,#868,#523,.T.);
#1084=EDGE_CURVE('',#868,#867,#524,.T.);
#1085=EDGE_CURVE('',#866,#837,#525,.T.);
#1086=EDGE_CURVE('',#857,#868,#742,.T.);
#1087=EDGE_CURVE('',#860,#869,#526,.T.);
#1088=EDGE_CURVE('',#869,#870,#743,.T.);
#1089=EDGE_CURVE('',#870,#862,#527,.T.);
#1090=EDGE_CURVE('',#858,#871,#528,.T.);
#1091=EDGE_CURVE('',#871,#869,#529,.T.);
#1092=EDGE_CURVE('',#820,#871,#744,.T.);
#1093=EDGE_CURVE('',#872,#872,#745,.T.);
#1094=EDGE_CURVE('',#873,#873,#746,.T.);
#1095=EDGE_CURVE('',#874,#874,#747,.T.);
#1096=EDGE_CURVE('',#875,#876,#25,.T.);
#1097=EDGE_CURVE('',#876,#877,#26,.T.);
#1098=EDGE_CURVE('',#877,#878,#748,.T.);
#1099=EDGE_CURVE('',#878,#875,#27,.T.);
#1100=EDGE_CURVE('',#879,#880,#749,.T.);
#1101=EDGE_CURVE('',#880,#878,#28,.T.);
#1102=EDGE_CURVE('',#877,#879,#29,.T.);
#1103=EDGE_CURVE('',#881,#882,#750,.T.);
#1104=EDGE_CURVE('',#882,#880,#30,.T.);
#1105=EDGE_CURVE('',#879,#881,#31,.T.);
#1106=EDGE_CURVE('',#883,#884,#751,.T.);
#1107=EDGE_CURVE('',#884,#882,#752,.T.);
#1108=EDGE_CURVE('',#881,#883,#753,.T.);
#1109=EDGE_CURVE('',#885,#886,#754,.T.);
#1110=EDGE_CURVE('',#886,#884,#755,.T.);
#1111=EDGE_CURVE('',#883,#885,#756,.T.);
#1112=EDGE_CURVE('',#887,#888,#757,.T.);
#1113=EDGE_CURVE('',#888,#886,#758,.T.);
#1114=EDGE_CURVE('',#885,#887,#759,.T.);
#1115=EDGE_CURVE('',#889,#890,#760,.T.);
#1116=EDGE_CURVE('',#890,#888,#32,.T.);
#1117=EDGE_CURVE('',#887,#889,#33,.T.);
#1118=EDGE_CURVE('',#891,#892,#34,.T.);
#1119=EDGE_CURVE('',#892,#893,#35,.T.);
#1120=EDGE_CURVE('',#893,#894,#761,.T.);
#1121=EDGE_CURVE('',#894,#891,#36,.T.);
#1122=EDGE_CURVE('',#893,#890,#37,.T.);
#1123=EDGE_CURVE('',#889,#894,#38,.T.);
#1124=EDGE_CURVE('',#884,#895,#530,.T.);
#1125=EDGE_CURVE('',#896,#895,#762,.T.);
#1126=EDGE_CURVE('',#882,#896,#531,.T.);
#1127=EDGE_CURVE('',#897,#886,#532,.T.);
#1128=EDGE_CURVE('',#898,#897,#533,.T.);
#1129=EDGE_CURVE('',#898,#899,#534,.T.);
#1130=EDGE_CURVE('',#900,#899,#535,.T.);
#1131=EDGE_CURVE('',#901,#900,#536,.T.);
#1132=EDGE_CURVE('',#895,#901,#763,.T.);
#1133=EDGE_CURVE('',#902,#902,#764,.T.);
#1134=EDGE_CURVE('',#903,#888,#537,.T.);
#1135=EDGE_CURVE('',#897,#903,#538,.T.);
#1136=EDGE_CURVE('',#904,#896,#39,.T.);
#1137=EDGE_CURVE('',#905,#904,#40,.T.);
#1138=EDGE_CURVE('',#906,#905,#41,.T.);
#1139=EDGE_CURVE('',#906,#907,#42,.T.);
#1140=EDGE_CURVE('',#907,#908,#43,.T.);
#1141=EDGE_CURVE('',#908,#909,#44,.T.);
#1142=EDGE_CURVE('',#910,#909,#45,.T.);
#1143=EDGE_CURVE('',#910,#911,#46,.T.);
#1144=EDGE_CURVE('',#911,#912,#47,.T.);
#1145=EDGE_CURVE('',#912,#913,#48,.T.);
#1146=EDGE_CURVE('',#914,#913,#49,.T.);
#1147=EDGE_CURVE('',#915,#914,#50,.T.);
#1148=EDGE_CURVE('',#916,#915,#51,.T.);
#1149=EDGE_CURVE('',#916,#917,#539,.T.);
#1150=EDGE_CURVE('',#918,#917,#52,.T.);
#1151=EDGE_CURVE('',#919,#918,#53,.T.);
#1152=EDGE_CURVE('',#920,#919,#54,.T.);
#1153=EDGE_CURVE('',#920,#921,#540,.T.);
#1154=EDGE_CURVE('',#922,#921,#55,.T.);
#1155=EDGE_CURVE('',#923,#922,#56,.T.);
#1156=EDGE_CURVE('',#903,#923,#57,.T.);
#1157=EDGE_CURVE('',#892,#924,#58,.T.);
#1158=EDGE_CURVE('',#924,#925,#59,.T.);
#1159=EDGE_CURVE('',#925,#926,#60,.T.);
#1160=EDGE_CURVE('',#927,#926,#61,.T.);
#1161=EDGE_CURVE('',#927,#928,#62,.T.);
#1162=EDGE_CURVE('',#928,#929,#63,.T.);
#1163=EDGE_CURVE('',#929,#875,#64,.T.);
#1164=EDGE_CURVE('',#913,#930,#65,.T.);
#1165=EDGE_CURVE('',#930,#931,#66,.T.);
#1166=EDGE_CURVE('',#931,#914,#765,.T.);
#1167=EDGE_CURVE('',#932,#915,#766,.T.);
#1168=EDGE_CURVE('',#931,#932,#67,.T.);
#1169=EDGE_CURVE('',#933,#916,#767,.T.);
#1170=EDGE_CURVE('',#932,#933,#68,.T.);
#1171=EDGE_CURVE('',#934,#901,#768,.T.);
#1172=EDGE_CURVE('',#901,#916,#769,.T.);
#1173=EDGE_CURVE('',#933,#934,#770,.T.);
#1174=EDGE_CURVE('',#935,#895,#771,.T.);
#1175=EDGE_CURVE('',#934,#935,#772,.T.);
#1176=EDGE_CURVE('',#936,#896,#773,.T.);
#1177=EDGE_CURVE('',#935,#936,#774,.T.);
#1178=EDGE_CURVE('',#937,#904,#775,.T.);
#1179=EDGE_CURVE('',#936,#937,#69,.T.);
#1180=EDGE_CURVE('',#938,#906,#70,.T.);
#1181=EDGE_CURVE('',#905,#939,#776,.T.);
#1182=EDGE_CURVE('',#939,#938,#71,.T.);
#1183=EDGE_CURVE('',#937,#939,#72,.T.);
#1184=EDGE_CURVE('',#917,#900,#541,.T.);
#1185=EDGE_CURVE('',#877,#940,#777,.T.);
#1186=EDGE_CURVE('',#940,#941,#73,.T.);
#1187=EDGE_CURVE('',#941,#879,#778,.T.);
#1188=EDGE_CURVE('',#941,#942,#779,.T.);
#1189=EDGE_CURVE('',#942,#889,#780,.T.);
#1190=EDGE_CURVE('',#942,#943,#74,.T.);
#1191=EDGE_CURVE('',#943,#894,#781,.T.);
#1192=EDGE_CURVE('',#876,#940,#75,.T.);
#1193=EDGE_CURVE('',#943,#891,#76,.T.);
#1194=EDGE_CURVE('',#944,#925,#782,.T.);
#1195=EDGE_CURVE('',#944,#926,#77,.T.);
#1196=EDGE_CURVE('',#924,#945,#78,.T.);
#1197=EDGE_CURVE('',#945,#946,#783,.T.);
#1198=EDGE_CURVE('',#946,#944,#79,.T.);
#1199=EDGE_CURVE('',#947,#929,#80,.T.);
#1200=EDGE_CURVE('',#945,#947,#784,.T.);
#1201=EDGE_CURVE('',#948,#949,#785,.T.);
#1202=EDGE_CURVE('',#948,#950,#81,.T.);
#1203=EDGE_CURVE('',#949,#950,#786,.T.);
#1204=EDGE_CURVE('',#931,#951,#787,.T.);
#1205=EDGE_CURVE('',#951,#952,#82,.T.);
#1206=EDGE_CURVE('',#952,#932,#788,.T.);
#1207=EDGE_CURVE('',#952,#953,#789,.T.);
#1208=EDGE_CURVE('',#953,#937,#790,.T.);
#1209=EDGE_CURVE('',#953,#954,#83,.T.);
#1210=EDGE_CURVE('',#954,#939,#791,.T.);
#1211=EDGE_CURVE('',#930,#951,#84,.T.);
#1212=EDGE_CURVE('',#954,#938,#85,.T.);
#1213=EDGE_CURVE('',#955,#908,#792,.T.);
#1214=EDGE_CURVE('',#955,#909,#86,.T.);
#1215=EDGE_CURVE('',#907,#956,#87,.T.);
#1216=EDGE_CURVE('',#956,#957,#793,.T.);
#1217=EDGE_CURVE('',#957,#955,#88,.T.);
#1218=EDGE_CURVE('',#958,#912,#89,.T.);
#1219=EDGE_CURVE('',#956,#958,#794,.T.);
#1220=EDGE_CURVE('',#959,#960,#795,.T.);
#1221=EDGE_CURVE('',#959,#961,#90,.T.);
#1222=EDGE_CURVE('',#960,#961,#796,.T.);
#1223=EDGE_CURVE('',#947,#962,#797,.T.);
#1224=EDGE_CURVE('',#962,#946,#798,.T.);
#1225=EDGE_CURVE('',#928,#963,#799,.T.);
#1226=EDGE_CURVE('',#963,#962,#91,.T.);
#1227=EDGE_CURVE('',#927,#963,#92,.T.);
#1228=EDGE_CURVE('',#946,#962,#93,.T.);
#1229=EDGE_CURVE('',#958,#964,#800,.T.);
#1230=EDGE_CURVE('',#964,#957,#801,.T.);
#1231=EDGE_CURVE('',#911,#965,#802,.T.);
#1232=EDGE_CURVE('',#965,#964,#94,.T.);
#1233=EDGE_CURVE('',#910,#965,#95,.T.);
#1234=EDGE_CURVE('',#957,#964,#96,.T.);
#1235=EDGE_CURVE('',#948,#950,#97,.T.);
#1236=EDGE_CURVE('',#873,#949,#542,.T.);
#1237=EDGE_CURVE('',#959,#961,#98,.T.);
#1238=EDGE_CURVE('',#874,#960,#543,.T.);
#1239=EDGE_CURVE('',#966,#846,#544,.F.);
#1240=EDGE_CURVE('',#848,#967,#545,.T.);
#1241=EDGE_CURVE('',#968,#967,#546,.T.);
#1242=EDGE_CURVE('',#968,#966,#547,.F.);
#1243=EDGE_CURVE('',#899,#969,#548,.T.);
#1244=EDGE_CURVE('',#970,#969,#99,.F.);
#1245=EDGE_CURVE('',#970,#971,#549,.T.);
#1246=EDGE_CURVE('',#972,#971,#100,.F.);
#1247=EDGE_CURVE('',#972,#973,#550,.T.);
#1248=EDGE_CURVE('',#973,#974,#551,.T.);
#1249=EDGE_CURVE('',#975,#974,#552,.T.);
#1250=EDGE_CURVE('',#975,#976,#553,.F.);
#1251=EDGE_CURVE('',#918,#976,#554,.T.);
#1252=EDGE_CURVE('',#977,#923,#555,.T.);
#1253=EDGE_CURVE('',#977,#978,#556,.F.);
#1254=EDGE_CURVE('',#979,#978,#557,.T.);
#1255=EDGE_CURVE('',#979,#980,#558,.T.);
#1256=EDGE_CURVE('',#980,#981,#559,.T.);
#1257=EDGE_CURVE('',#982,#981,#101,.F.);
#1258=EDGE_CURVE('',#982,#983,#560,.T.);
#1259=EDGE_CURVE('',#984,#983,#102,.F.);
#1260=EDGE_CURVE('',#984,#898,#561,.T.);
#1261=EDGE_CURVE('',#922,#985,#562,.T.);
#1262=EDGE_CURVE('',#977,#985,#803,.T.);
#1263=EDGE_CURVE('',#986,#986,#804,.T.);
#1264=EDGE_CURVE('',#986,#987,#563,.T.);
#1265=EDGE_CURVE('',#987,#987,#805,.T.);
#1266=EDGE_CURVE('',#988,#988,#806,.T.);
#1267=EDGE_CURVE('',#988,#989,#564,.T.);
#1268=EDGE_CURVE('',#989,#989,#807,.T.);
#1269=EDGE_CURVE('',#990,#990,#808,.T.);
#1270=EDGE_CURVE('',#990,#991,#565,.T.);
#1271=EDGE_CURVE('',#991,#991,#809,.T.);
#1272=EDGE_CURVE('',#992,#992,#810,.T.);
#1273=EDGE_CURVE('',#992,#993,#566,.T.);
#1274=EDGE_CURVE('',#993,#993,#811,.T.);
#1275=EDGE_CURVE('',#994,#919,#567,.T.);
#1276=EDGE_CURVE('',#995,#994,#568,.T.);
#1277=EDGE_CURVE('',#995,#920,#569,.T.);
#1278=EDGE_CURVE('',#921,#996,#570,.T.);
#1279=EDGE_CURVE('',#985,#996,#571,.T.);
#1280=EDGE_CURVE('',#996,#995,#572,.T.);
#1281=EDGE_CURVE('',#819,#966,#573,.T.);
#1282=EDGE_CURVE('',#968,#978,#812,.T.);
#1283=EDGE_CURVE('',#994,#976,#813,.T.);
#1284=EDGE_CURVE('',#975,#997,#814,.T.);
#1285=EDGE_CURVE('',#855,#997,#574,.F.);
#1286=EDGE_CURVE('',#998,#838,#575,.T.);
#1287=EDGE_CURVE('',#999,#998,#815,.T.);
#1288=EDGE_CURVE('',#870,#999,#576,.F.);
#1289=EDGE_CURVE('',#864,#999,#577,.T.);
#1290=EDGE_CURVE('',#998,#866,#578,.T.);
#1291=EDGE_CURVE('',#1000,#997,#579,.T.);
#1292=EDGE_CURVE('',#1000,#853,#580,.T.);
#1293=EDGE_CURVE('',#1001,#848,#581,.T.);
#1294=EDGE_CURVE('',#853,#1002,#582,.T.);
#1295=EDGE_CURVE('',#1002,#1001,#583,.T.);
#1296=EDGE_CURVE('',#872,#1003,#103,.T.);
#1297=EDGE_CURVE('',#1003,#1003,#816,.T.);
#1298=EDGE_CURVE('',#902,#1003,#584,.T.);
#1299=EDGE_CURVE('',#1004,#1005,#104,.T.);
#1300=EDGE_CURVE('',#1005,#982,#585,.T.);
#1301=EDGE_CURVE('',#981,#1004,#586,.T.);
#1302=EDGE_CURVE('',#1006,#980,#587,.T.);
#1303=EDGE_CURVE('',#1006,#1004,#588,.T.);
#1304=EDGE_CURVE('',#1007,#1008,#105,.F.);
#1305=EDGE_CURVE('',#1008,#972,#589,.T.);
#1306=EDGE_CURVE('',#971,#1007,#590,.T.);
#1307=EDGE_CURVE('',#1009,#1008,#591,.T.);
#1308=EDGE_CURVE('',#973,#1009,#592,.T.);
#1309=EDGE_CURVE('',#983,#970,#593,.T.);
#1310=EDGE_CURVE('',#969,#984,#594,.T.);
#1311=EDGE_CURVE('',#1005,#1007,#595,.T.);
#1312=EDGE_CURVE('',#979,#967,#817,.T.);
#1313=EDGE_CURVE('',#1001,#1006,#596,.T.);
#1314=EDGE_CURVE('',#1000,#974,#818,.T.);
#1315=EDGE_CURVE('',#1009,#1002,#597,.T.);
#1316=ORIENTED_EDGE('',*,*,#1010,.T.);
#1317=ORIENTED_EDGE('',*,*,#1011,.T.);
#1318=ORIENTED_EDGE('',*,*,#1012,.T.);
#1319=ORIENTED_EDGE('',*,*,#1013,.T.);
#1320=ORIENTED_EDGE('',*,*,#1014,.F.);
#1321=ORIENTED_EDGE('',*,*,#1015,.F.);
#1322=ORIENTED_EDGE('',*,*,#1016,.F.);
#1323=ORIENTED_EDGE('',*,*,#1017,.T.);
#1324=ORIENTED_EDGE('',*,*,#1018,.F.);
#1325=ORIENTED_EDGE('',*,*,#1019,.F.);
#1326=ORIENTED_EDGE('',*,*,#1020,.F.);
#1327=ORIENTED_EDGE('',*,*,#1021,.F.);
#1328=ORIENTED_EDGE('',*,*,#1022,.F.);
#1329=ORIENTED_EDGE('',*,*,#1023,.F.);
#1330=ORIENTED_EDGE('',*,*,#1024,.F.);
#1331=ORIENTED_EDGE('',*,*,#1025,.T.);
#1332=ORIENTED_EDGE('',*,*,#1026,.T.);
#1333=ORIENTED_EDGE('',*,*,#1027,.T.);
#1334=ORIENTED_EDGE('',*,*,#1025,.F.);
#1335=ORIENTED_EDGE('',*,*,#1028,.F.);
#1336=ORIENTED_EDGE('',*,*,#1017,.F.);
#1337=ORIENTED_EDGE('',*,*,#1029,.F.);
#1338=ORIENTED_EDGE('',*,*,#1030,.F.);
#1339=ORIENTED_EDGE('',*,*,#1031,.T.);
#1340=ORIENTED_EDGE('',*,*,#1014,.T.);
#1341=ORIENTED_EDGE('',*,*,#1032,.T.);
#1342=ORIENTED_EDGE('',*,*,#1033,.T.);
#1343=ORIENTED_EDGE('',*,*,#1012,.F.);
#1344=ORIENTED_EDGE('',*,*,#1034,.T.);
#1345=ORIENTED_EDGE('',*,*,#1023,.T.);
#1346=ORIENTED_EDGE('',*,*,#1035,.T.);
#1347=ORIENTED_EDGE('',*,*,#1036,.T.);
#1348=ORIENTED_EDGE('',*,*,#1032,.F.);
#1349=ORIENTED_EDGE('',*,*,#1022,.T.);
#1350=ORIENTED_EDGE('',*,*,#1037,.T.);
#1351=ORIENTED_EDGE('',*,*,#1038,.T.);
#1352=ORIENTED_EDGE('',*,*,#1035,.F.);
#1353=ORIENTED_EDGE('',*,*,#1021,.T.);
#1354=ORIENTED_EDGE('',*,*,#1039,.T.);
#1355=ORIENTED_EDGE('',*,*,#1040,.T.);
#1356=ORIENTED_EDGE('',*,*,#1037,.F.);
#1357=ORIENTED_EDGE('',*,*,#1019,.T.);
#1358=ORIENTED_EDGE('',*,*,#1041,.T.);
#1359=ORIENTED_EDGE('',*,*,#1042,.T.);
#1360=ORIENTED_EDGE('',*,*,#1043,.T.);
#1361=ORIENTED_EDGE('',*,*,#1018,.T.);
#1362=ORIENTED_EDGE('',*,*,#1028,.T.);
#1363=ORIENTED_EDGE('',*,*,#1024,.T.);
#1364=ORIENTED_EDGE('',*,*,#1044,.T.);
#1365=ORIENTED_EDGE('',*,*,#1041,.F.);
#1366=ORIENTED_EDGE('',*,*,#1020,.T.);
#1367=ORIENTED_EDGE('',*,*,#1043,.F.);
#1368=ORIENTED_EDGE('',*,*,#1045,.T.);
#1369=ORIENTED_EDGE('',*,*,#1039,.F.);
#1370=ORIENTED_EDGE('',*,*,#1033,.F.);
#1371=ORIENTED_EDGE('',*,*,#1046,.F.);
#1372=ORIENTED_EDGE('',*,*,#1047,.F.);
#1373=ORIENTED_EDGE('',*,*,#1048,.F.);
#1374=ORIENTED_EDGE('',*,*,#1036,.F.);
#1375=ORIENTED_EDGE('',*,*,#1049,.F.);
#1376=ORIENTED_EDGE('',*,*,#1050,.F.);
#1377=ORIENTED_EDGE('',*,*,#1051,.F.);
#1378=ORIENTED_EDGE('',*,*,#1046,.T.);
#1379=ORIENTED_EDGE('',*,*,#1038,.F.);
#1380=ORIENTED_EDGE('',*,*,#1052,.F.);
#1381=ORIENTED_EDGE('',*,*,#1053,.F.);
#1382=ORIENTED_EDGE('',*,*,#1049,.T.);
#1383=ORIENTED_EDGE('',*,*,#1040,.F.);
#1384=ORIENTED_EDGE('',*,*,#1054,.T.);
#1385=ORIENTED_EDGE('',*,*,#1055,.F.);
#1386=ORIENTED_EDGE('',*,*,#1052,.T.);
#1387=ORIENTED_EDGE('',*,*,#1045,.F.);
#1388=ORIENTED_EDGE('',*,*,#1056,.F.);
#1389=ORIENTED_EDGE('',*,*,#1057,.F.);
#1390=ORIENTED_EDGE('',*,*,#1054,.F.);
#1391=ORIENTED_EDGE('',*,*,#1042,.F.);
#1392=ORIENTED_EDGE('',*,*,#1058,.T.);
#1393=ORIENTED_EDGE('',*,*,#1059,.F.);
#1394=ORIENTED_EDGE('',*,*,#1060,.T.);
#1395=ORIENTED_EDGE('',*,*,#1056,.T.);
#1396=ORIENTED_EDGE('',*,*,#1044,.F.);
#1397=ORIENTED_EDGE('',*,*,#1061,.F.);
#1398=ORIENTED_EDGE('',*,*,#1062,.F.);
#1399=ORIENTED_EDGE('',*,*,#1058,.F.);
#1400=ORIENTED_EDGE('',*,*,#1027,.F.);
#1401=ORIENTED_EDGE('',*,*,#1063,.F.);
#1402=ORIENTED_EDGE('',*,*,#1064,.F.);
#1403=ORIENTED_EDGE('',*,*,#1061,.T.);
#1404=ORIENTED_EDGE('',*,*,#1065,.T.);
#1405=ORIENTED_EDGE('',*,*,#1066,.T.);
#1406=ORIENTED_EDGE('',*,*,#1067,.T.);
#1407=ORIENTED_EDGE('',*,*,#1016,.T.);
#1408=ORIENTED_EDGE('',*,*,#1068,.T.);
#1409=ORIENTED_EDGE('',*,*,#1069,.T.);
#1410=ORIENTED_EDGE('',*,*,#1065,.F.);
#1411=ORIENTED_EDGE('',*,*,#1070,.T.);
#1412=ORIENTED_EDGE('',*,*,#1071,.T.);
#1413=ORIENTED_EDGE('',*,*,#1072,.T.);
#1414=ORIENTED_EDGE('',*,*,#1068,.F.);
#1415=ORIENTED_EDGE('',*,*,#1073,.T.);
#1416=ORIENTED_EDGE('',*,*,#1071,.F.);
#1417=ORIENTED_EDGE('',*,*,#1074,.T.);
#1418=ORIENTED_EDGE('',*,*,#1075,.T.);
#1419=ORIENTED_EDGE('',*,*,#1076,.T.);
#1420=ORIENTED_EDGE('',*,*,#1077,.T.);
#1421=ORIENTED_EDGE('',*,*,#1078,.T.);
#1422=ORIENTED_EDGE('',*,*,#1075,.F.);
#1423=ORIENTED_EDGE('',*,*,#1079,.T.);
#1424=ORIENTED_EDGE('',*,*,#1077,.F.);
#1425=ORIENTED_EDGE('',*,*,#1080,.T.);
#1426=ORIENTED_EDGE('',*,*,#1081,.T.);
#1427=ORIENTED_EDGE('',*,*,#1082,.T.);
#1428=ORIENTED_EDGE('',*,*,#1083,.T.);
#1429=ORIENTED_EDGE('',*,*,#1084,.T.);
#1430=ORIENTED_EDGE('',*,*,#1081,.F.);
#1431=ORIENTED_EDGE('',*,*,#1085,.T.);
#1432=ORIENTED_EDGE('',*,*,#1067,.F.);
#1433=ORIENTED_EDGE('',*,*,#1086,.T.);
#1434=ORIENTED_EDGE('',*,*,#1083,.F.);
#1435=ORIENTED_EDGE('',*,*,#1029,.T.);
#1436=ORIENTED_EDGE('',*,*,#1074,.F.);
#1437=ORIENTED_EDGE('',*,*,#1087,.T.);
#1438=ORIENTED_EDGE('',*,*,#1088,.T.);
#1439=ORIENTED_EDGE('',*,*,#1089,.T.);
#1440=ORIENTED_EDGE('',*,*,#1073,.F.);
#1441=ORIENTED_EDGE('',*,*,#1090,.T.);
#1442=ORIENTED_EDGE('',*,*,#1091,.T.);
#1443=ORIENTED_EDGE('',*,*,#1087,.F.);
#1444=ORIENTED_EDGE('',*,*,#1011,.F.);
#1445=ORIENTED_EDGE('',*,*,#1092,.T.);
#1446=ORIENTED_EDGE('',*,*,#1090,.F.);
#1447=ORIENTED_EDGE('',*,*,#1070,.F.);
#1448=ORIENTED_EDGE('',*,*,#1015,.T.);
#1449=ORIENTED_EDGE('',*,*,#1034,.F.);
#1450=ORIENTED_EDGE('',*,*,#1066,.F.);
#1451=ORIENTED_EDGE('',*,*,#1069,.F.);
#1452=ORIENTED_EDGE('',*,*,#1072,.F.);
#1453=ORIENTED_EDGE('',*,*,#1076,.F.);
#1454=ORIENTED_EDGE('',*,*,#1078,.F.);
#1455=ORIENTED_EDGE('',*,*,#1082,.F.);
#1456=ORIENTED_EDGE('',*,*,#1084,.F.);
#1457=ORIENTED_EDGE('',*,*,#1086,.F.);
#1458=ORIENTED_EDGE('',*,*,#1093,.F.);
#1459=ORIENTED_EDGE('',*,*,#1094,.T.);
#1460=ORIENTED_EDGE('',*,*,#1095,.T.);
#1461=ORIENTED_EDGE('',*,*,#1096,.T.);
#1462=ORIENTED_EDGE('',*,*,#1097,.T.);
#1463=ORIENTED_EDGE('',*,*,#1098,.T.);
#1464=ORIENTED_EDGE('',*,*,#1099,.T.);
#1465=ORIENTED_EDGE('',*,*,#1100,.T.);
#1466=ORIENTED_EDGE('',*,*,#1101,.T.);
#1467=ORIENTED_EDGE('',*,*,#1098,.F.);
#1468=ORIENTED_EDGE('',*,*,#1102,.T.);
#1469=ORIENTED_EDGE('',*,*,#1103,.T.);
#1470=ORIENTED_EDGE('',*,*,#1104,.T.);
#1471=ORIENTED_EDGE('',*,*,#1100,.F.);
#1472=ORIENTED_EDGE('',*,*,#1105,.T.);
#1473=ORIENTED_EDGE('',*,*,#1106,.T.);
#1474=ORIENTED_EDGE('',*,*,#1107,.T.);
#1475=ORIENTED_EDGE('',*,*,#1103,.F.);
#1476=ORIENTED_EDGE('',*,*,#1108,.T.);
#1477=ORIENTED_EDGE('',*,*,#1109,.T.);
#1478=ORIENTED_EDGE('',*,*,#1110,.T.);
#1479=ORIENTED_EDGE('',*,*,#1106,.F.);
#1480=ORIENTED_EDGE('',*,*,#1111,.T.);
#1481=ORIENTED_EDGE('',*,*,#1112,.T.);
#1482=ORIENTED_EDGE('',*,*,#1113,.T.);
#1483=ORIENTED_EDGE('',*,*,#1109,.F.);
#1484=ORIENTED_EDGE('',*,*,#1114,.T.);
#1485=ORIENTED_EDGE('',*,*,#1115,.T.);
#1486=ORIENTED_EDGE('',*,*,#1116,.T.);
#1487=ORIENTED_EDGE('',*,*,#1112,.F.);
#1488=ORIENTED_EDGE('',*,*,#1117,.T.);
#1489=ORIENTED_EDGE('',*,*,#1118,.T.);
#1490=ORIENTED_EDGE('',*,*,#1119,.T.);
#1491=ORIENTED_EDGE('',*,*,#1120,.T.);
#1492=ORIENTED_EDGE('',*,*,#1121,.T.);
#1493=ORIENTED_EDGE('',*,*,#1120,.F.);
#1494=ORIENTED_EDGE('',*,*,#1122,.T.);
#1495=ORIENTED_EDGE('',*,*,#1115,.F.);
#1496=ORIENTED_EDGE('',*,*,#1123,.T.);
#1497=ORIENTED_EDGE('',*,*,#1107,.F.);
#1498=ORIENTED_EDGE('',*,*,#1124,.T.);
#1499=ORIENTED_EDGE('',*,*,#1125,.F.);
#1500=ORIENTED_EDGE('',*,*,#1126,.F.);
#1501=ORIENTED_EDGE('',*,*,#1110,.F.);
#1502=ORIENTED_EDGE('',*,*,#1127,.F.);
#1503=ORIENTED_EDGE('',*,*,#1128,.F.);
#1504=ORIENTED_EDGE('',*,*,#1129,.T.);
#1505=ORIENTED_EDGE('',*,*,#1130,.F.);
#1506=ORIENTED_EDGE('',*,*,#1131,.F.);
#1507=ORIENTED_EDGE('',*,*,#1132,.F.);
#1508=ORIENTED_EDGE('',*,*,#1124,.F.);
#1509=ORIENTED_EDGE('',*,*,#1133,.T.);
#1510=ORIENTED_EDGE('',*,*,#1113,.F.);
#1511=ORIENTED_EDGE('',*,*,#1134,.F.);
#1512=ORIENTED_EDGE('',*,*,#1135,.F.);
#1513=ORIENTED_EDGE('',*,*,#1127,.T.);
#1514=ORIENTED_EDGE('',*,*,#1099,.F.);
#1515=ORIENTED_EDGE('',*,*,#1101,.F.);
#1516=ORIENTED_EDGE('',*,*,#1104,.F.);
#1517=ORIENTED_EDGE('',*,*,#1126,.T.);
#1518=ORIENTED_EDGE('',*,*,#1136,.F.);
#1519=ORIENTED_EDGE('',*,*,#1137,.F.);
#1520=ORIENTED_EDGE('',*,*,#1138,.F.);
#1521=ORIENTED_EDGE('',*,*,#1139,.T.);
#1522=ORIENTED_EDGE('',*,*,#1140,.T.);
#1523=ORIENTED_EDGE('',*,*,#1141,.T.);
#1524=ORIENTED_EDGE('',*,*,#1142,.F.);
#1525=ORIENTED_EDGE('',*,*,#1143,.T.);
#1526=ORIENTED_EDGE('',*,*,#1144,.T.);
#1527=ORIENTED_EDGE('',*,*,#1145,.T.);
#1528=ORIENTED_EDGE('',*,*,#1146,.F.);
#1529=ORIENTED_EDGE('',*,*,#1147,.F.);
#1530=ORIENTED_EDGE('',*,*,#1148,.F.);
#1531=ORIENTED_EDGE('',*,*,#1149,.T.);
#1532=ORIENTED_EDGE('',*,*,#1150,.F.);
#1533=ORIENTED_EDGE('',*,*,#1151,.F.);
#1534=ORIENTED_EDGE('',*,*,#1152,.F.);
#1535=ORIENTED_EDGE('',*,*,#1153,.T.);
#1536=ORIENTED_EDGE('',*,*,#1154,.F.);
#1537=ORIENTED_EDGE('',*,*,#1155,.F.);
#1538=ORIENTED_EDGE('',*,*,#1156,.F.);
#1539=ORIENTED_EDGE('',*,*,#1134,.T.);
#1540=ORIENTED_EDGE('',*,*,#1116,.F.);
#1541=ORIENTED_EDGE('',*,*,#1122,.F.);
#1542=ORIENTED_EDGE('',*,*,#1119,.F.);
#1543=ORIENTED_EDGE('',*,*,#1157,.T.);
#1544=ORIENTED_EDGE('',*,*,#1158,.T.);
#1545=ORIENTED_EDGE('',*,*,#1159,.T.);
#1546=ORIENTED_EDGE('',*,*,#1160,.F.);
#1547=ORIENTED_EDGE('',*,*,#1161,.T.);
#1548=ORIENTED_EDGE('',*,*,#1162,.T.);
#1549=ORIENTED_EDGE('',*,*,#1163,.T.);
#1550=ORIENTED_EDGE('',*,*,#1164,.T.);
#1551=ORIENTED_EDGE('',*,*,#1165,.T.);
#1552=ORIENTED_EDGE('',*,*,#1166,.T.);
#1553=ORIENTED_EDGE('',*,*,#1146,.T.);
#1554=ORIENTED_EDGE('',*,*,#1167,.T.);
#1555=ORIENTED_EDGE('',*,*,#1147,.T.);
#1556=ORIENTED_EDGE('',*,*,#1166,.F.);
#1557=ORIENTED_EDGE('',*,*,#1168,.T.);
#1558=ORIENTED_EDGE('',*,*,#1169,.T.);
#1559=ORIENTED_EDGE('',*,*,#1148,.T.);
#1560=ORIENTED_EDGE('',*,*,#1167,.F.);
#1561=ORIENTED_EDGE('',*,*,#1170,.T.);
#1562=ORIENTED_EDGE('',*,*,#1171,.T.);
#1563=ORIENTED_EDGE('',*,*,#1172,.T.);
#1564=ORIENTED_EDGE('',*,*,#1169,.F.);
#1565=ORIENTED_EDGE('',*,*,#1173,.T.);
#1566=ORIENTED_EDGE('',*,*,#1174,.T.);
#1567=ORIENTED_EDGE('',*,*,#1132,.T.);
#1568=ORIENTED_EDGE('',*,*,#1171,.F.);
#1569=ORIENTED_EDGE('',*,*,#1175,.T.);
#1570=ORIENTED_EDGE('',*,*,#1176,.T.);
#1571=ORIENTED_EDGE('',*,*,#1125,.T.);
#1572=ORIENTED_EDGE('',*,*,#1174,.F.);
#1573=ORIENTED_EDGE('',*,*,#1177,.T.);
#1574=ORIENTED_EDGE('',*,*,#1178,.T.);
#1575=ORIENTED_EDGE('',*,*,#1136,.T.);
#1576=ORIENTED_EDGE('',*,*,#1176,.F.);
#1577=ORIENTED_EDGE('',*,*,#1179,.T.);
#1578=ORIENTED_EDGE('',*,*,#1180,.T.);
#1579=ORIENTED_EDGE('',*,*,#1138,.T.);
#1580=ORIENTED_EDGE('',*,*,#1181,.T.);
#1581=ORIENTED_EDGE('',*,*,#1182,.T.);
#1582=ORIENTED_EDGE('',*,*,#1181,.F.);
#1583=ORIENTED_EDGE('',*,*,#1137,.T.);
#1584=ORIENTED_EDGE('',*,*,#1178,.F.);
#1585=ORIENTED_EDGE('',*,*,#1183,.T.);
#1586=ORIENTED_EDGE('',*,*,#1172,.F.);
#1587=ORIENTED_EDGE('',*,*,#1131,.T.);
#1588=ORIENTED_EDGE('',*,*,#1184,.F.);
#1589=ORIENTED_EDGE('',*,*,#1149,.F.);
#1590=ORIENTED_EDGE('',*,*,#1102,.F.);
#1591=ORIENTED_EDGE('',*,*,#1185,.T.);
#1592=ORIENTED_EDGE('',*,*,#1186,.T.);
#1593=ORIENTED_EDGE('',*,*,#1187,.T.);
#1594=ORIENTED_EDGE('',*,*,#1105,.F.);
#1595=ORIENTED_EDGE('',*,*,#1187,.F.);
#1596=ORIENTED_EDGE('',*,*,#1188,.T.);
#1597=ORIENTED_EDGE('',*,*,#1189,.T.);
#1598=ORIENTED_EDGE('',*,*,#1117,.F.);
#1599=ORIENTED_EDGE('',*,*,#1114,.F.);
#1600=ORIENTED_EDGE('',*,*,#1111,.F.);
#1601=ORIENTED_EDGE('',*,*,#1108,.F.);
#1602=ORIENTED_EDGE('',*,*,#1123,.F.);
#1603=ORIENTED_EDGE('',*,*,#1189,.F.);
#1604=ORIENTED_EDGE('',*,*,#1190,.T.);
#1605=ORIENTED_EDGE('',*,*,#1191,.T.);
#1606=ORIENTED_EDGE('',*,*,#1097,.F.);
#1607=ORIENTED_EDGE('',*,*,#1192,.T.);
#1608=ORIENTED_EDGE('',*,*,#1185,.F.);
#1609=ORIENTED_EDGE('',*,*,#1121,.F.);
#1610=ORIENTED_EDGE('',*,*,#1191,.F.);
#1611=ORIENTED_EDGE('',*,*,#1193,.T.);
#1612=ORIENTED_EDGE('',*,*,#1159,.F.);
#1613=ORIENTED_EDGE('',*,*,#1194,.F.);
#1614=ORIENTED_EDGE('',*,*,#1195,.T.);
#1615=ORIENTED_EDGE('',*,*,#1158,.F.);
#1616=ORIENTED_EDGE('',*,*,#1196,.T.);
#1617=ORIENTED_EDGE('',*,*,#1197,.T.);
#1618=ORIENTED_EDGE('',*,*,#1198,.T.);
#1619=ORIENTED_EDGE('',*,*,#1194,.T.);
#1620=ORIENTED_EDGE('',*,*,#1193,.F.);
#1621=ORIENTED_EDGE('',*,*,#1190,.F.);
#1622=ORIENTED_EDGE('',*,*,#1188,.F.);
#1623=ORIENTED_EDGE('',*,*,#1186,.F.);
#1624=ORIENTED_EDGE('',*,*,#1192,.F.);
#1625=ORIENTED_EDGE('',*,*,#1096,.F.);
#1626=ORIENTED_EDGE('',*,*,#1163,.F.);
#1627=ORIENTED_EDGE('',*,*,#1199,.F.);
#1628=ORIENTED_EDGE('',*,*,#1200,.F.);
#1629=ORIENTED_EDGE('',*,*,#1196,.F.);
#1630=ORIENTED_EDGE('',*,*,#1157,.F.);
#1631=ORIENTED_EDGE('',*,*,#1118,.F.);
#1632=ORIENTED_EDGE('',*,*,#1201,.F.);
#1633=ORIENTED_EDGE('',*,*,#1202,.T.);
#1634=ORIENTED_EDGE('',*,*,#1203,.F.);
#1635=ORIENTED_EDGE('',*,*,#1168,.F.);
#1636=ORIENTED_EDGE('',*,*,#1204,.T.);
#1637=ORIENTED_EDGE('',*,*,#1205,.T.);
#1638=ORIENTED_EDGE('',*,*,#1206,.T.);
#1639=ORIENTED_EDGE('',*,*,#1170,.F.);
#1640=ORIENTED_EDGE('',*,*,#1206,.F.);
#1641=ORIENTED_EDGE('',*,*,#1207,.T.);
#1642=ORIENTED_EDGE('',*,*,#1208,.T.);
#1643=ORIENTED_EDGE('',*,*,#1179,.F.);
#1644=ORIENTED_EDGE('',*,*,#1177,.F.);
#1645=ORIENTED_EDGE('',*,*,#1175,.F.);
#1646=ORIENTED_EDGE('',*,*,#1173,.F.);
#1647=ORIENTED_EDGE('',*,*,#1183,.F.);
#1648=ORIENTED_EDGE('',*,*,#1208,.F.);
#1649=ORIENTED_EDGE('',*,*,#1209,.T.);
#1650=ORIENTED_EDGE('',*,*,#1210,.T.);
#1651=ORIENTED_EDGE('',*,*,#1165,.F.);
#1652=ORIENTED_EDGE('',*,*,#1211,.T.);
#1653=ORIENTED_EDGE('',*,*,#1204,.F.);
#1654=ORIENTED_EDGE('',*,*,#1182,.F.);
#1655=ORIENTED_EDGE('',*,*,#1210,.F.);
#1656=ORIENTED_EDGE('',*,*,#1212,.T.);
#1657=ORIENTED_EDGE('',*,*,#1141,.F.);
#1658=ORIENTED_EDGE('',*,*,#1213,.F.);
#1659=ORIENTED_EDGE('',*,*,#1214,.T.);
#1660=ORIENTED_EDGE('',*,*,#1140,.F.);
#1661=ORIENTED_EDGE('',*,*,#1215,.T.);
#1662=ORIENTED_EDGE('',*,*,#1216,.T.);
#1663=ORIENTED_EDGE('',*,*,#1217,.T.);
#1664=ORIENTED_EDGE('',*,*,#1213,.T.);
#1665=ORIENTED_EDGE('',*,*,#1180,.F.);
#1666=ORIENTED_EDGE('',*,*,#1212,.F.);
#1667=ORIENTED_EDGE('',*,*,#1209,.F.);
#1668=ORIENTED_EDGE('',*,*,#1207,.F.);
#1669=ORIENTED_EDGE('',*,*,#1205,.F.);
#1670=ORIENTED_EDGE('',*,*,#1211,.F.);
#1671=ORIENTED_EDGE('',*,*,#1164,.F.);
#1672=ORIENTED_EDGE('',*,*,#1145,.F.);
#1673=ORIENTED_EDGE('',*,*,#1218,.F.);
#1674=ORIENTED_EDGE('',*,*,#1219,.F.);
#1675=ORIENTED_EDGE('',*,*,#1215,.F.);
#1676=ORIENTED_EDGE('',*,*,#1139,.F.);
#1677=ORIENTED_EDGE('',*,*,#1220,.F.);
#1678=ORIENTED_EDGE('',*,*,#1221,.T.);
#1679=ORIENTED_EDGE('',*,*,#1222,.F.);
#1680=ORIENTED_EDGE('',*,*,#1223,.T.);
#1681=ORIENTED_EDGE('',*,*,#1224,.T.);
#1682=ORIENTED_EDGE('',*,*,#1197,.F.);
#1683=ORIENTED_EDGE('',*,*,#1200,.T.);
#1684=ORIENTED_EDGE('',*,*,#1162,.F.);
#1685=ORIENTED_EDGE('',*,*,#1225,.T.);
#1686=ORIENTED_EDGE('',*,*,#1226,.T.);
#1687=ORIENTED_EDGE('',*,*,#1223,.F.);
#1688=ORIENTED_EDGE('',*,*,#1199,.T.);
#1689=ORIENTED_EDGE('',*,*,#1161,.F.);
#1690=ORIENTED_EDGE('',*,*,#1227,.T.);
#1691=ORIENTED_EDGE('',*,*,#1225,.F.);
#1692=ORIENTED_EDGE('',*,*,#1226,.F.);
#1693=ORIENTED_EDGE('',*,*,#1227,.F.);
#1694=ORIENTED_EDGE('',*,*,#1160,.T.);
#1695=ORIENTED_EDGE('',*,*,#1195,.F.);
#1696=ORIENTED_EDGE('',*,*,#1198,.F.);
#1697=ORIENTED_EDGE('',*,*,#1228,.T.);
#1698=ORIENTED_EDGE('',*,*,#1229,.T.);
#1699=ORIENTED_EDGE('',*,*,#1230,.T.);
#1700=ORIENTED_EDGE('',*,*,#1216,.F.);
#1701=ORIENTED_EDGE('',*,*,#1219,.T.);
#1702=ORIENTED_EDGE('',*,*,#1144,.F.);
#1703=ORIENTED_EDGE('',*,*,#1231,.T.);
#1704=ORIENTED_EDGE('',*,*,#1232,.T.);
#1705=ORIENTED_EDGE('',*,*,#1229,.F.);
#1706=ORIENTED_EDGE('',*,*,#1218,.T.);
#1707=ORIENTED_EDGE('',*,*,#1143,.F.);
#1708=ORIENTED_EDGE('',*,*,#1233,.T.);
#1709=ORIENTED_EDGE('',*,*,#1231,.F.);
#1710=ORIENTED_EDGE('',*,*,#1232,.F.);
#1711=ORIENTED_EDGE('',*,*,#1233,.F.);
#1712=ORIENTED_EDGE('',*,*,#1142,.T.);
#1713=ORIENTED_EDGE('',*,*,#1214,.F.);
#1714=ORIENTED_EDGE('',*,*,#1217,.F.);
#1715=ORIENTED_EDGE('',*,*,#1234,.T.);
#1716=ORIENTED_EDGE('',*,*,#1235,.T.);
#1717=ORIENTED_EDGE('',*,*,#1202,.F.);
#1718=ORIENTED_EDGE('',*,*,#1094,.F.);
#1719=ORIENTED_EDGE('',*,*,#1236,.T.);
#1720=ORIENTED_EDGE('',*,*,#1203,.T.);
#1721=ORIENTED_EDGE('',*,*,#1235,.F.);
#1722=ORIENTED_EDGE('',*,*,#1201,.T.);
#1723=ORIENTED_EDGE('',*,*,#1236,.F.);
#1724=ORIENTED_EDGE('',*,*,#1237,.T.);
#1725=ORIENTED_EDGE('',*,*,#1221,.F.);
#1726=ORIENTED_EDGE('',*,*,#1095,.F.);
#1727=ORIENTED_EDGE('',*,*,#1238,.T.);
#1728=ORIENTED_EDGE('',*,*,#1222,.T.);
#1729=ORIENTED_EDGE('',*,*,#1237,.F.);
#1730=ORIENTED_EDGE('',*,*,#1220,.T.);
#1731=ORIENTED_EDGE('',*,*,#1238,.F.);
#1732=ORIENTED_EDGE('',*,*,#1239,.T.);
#1733=ORIENTED_EDGE('',*,*,#1047,.T.);
#1734=ORIENTED_EDGE('',*,*,#1051,.T.);
#1735=ORIENTED_EDGE('',*,*,#1240,.T.);
#1736=ORIENTED_EDGE('',*,*,#1241,.F.);
#1737=ORIENTED_EDGE('',*,*,#1242,.T.);
#1738=ORIENTED_EDGE('',*,*,#1224,.F.);
#1739=ORIENTED_EDGE('',*,*,#1228,.F.);
#1740=ORIENTED_EDGE('',*,*,#1230,.F.);
#1741=ORIENTED_EDGE('',*,*,#1234,.F.);
#1742=ORIENTED_EDGE('',*,*,#1150,.T.);
#1743=ORIENTED_EDGE('',*,*,#1184,.T.);
#1744=ORIENTED_EDGE('',*,*,#1130,.T.);
#1745=ORIENTED_EDGE('',*,*,#1243,.T.);
#1746=ORIENTED_EDGE('',*,*,#1244,.F.);
#1747=ORIENTED_EDGE('',*,*,#1245,.T.);
#1748=ORIENTED_EDGE('',*,*,#1246,.F.);
#1749=ORIENTED_EDGE('',*,*,#1247,.T.);
#1750=ORIENTED_EDGE('',*,*,#1248,.T.);
#1751=ORIENTED_EDGE('',*,*,#1249,.F.);
#1752=ORIENTED_EDGE('',*,*,#1250,.T.);
#1753=ORIENTED_EDGE('',*,*,#1251,.F.);
#1754=ORIENTED_EDGE('',*,*,#1156,.T.);
#1755=ORIENTED_EDGE('',*,*,#1252,.F.);
#1756=ORIENTED_EDGE('',*,*,#1253,.T.);
#1757=ORIENTED_EDGE('',*,*,#1254,.F.);
#1758=ORIENTED_EDGE('',*,*,#1255,.T.);
#1759=ORIENTED_EDGE('',*,*,#1256,.T.);
#1760=ORIENTED_EDGE('',*,*,#1257,.F.);
#1761=ORIENTED_EDGE('',*,*,#1258,.T.);
#1762=ORIENTED_EDGE('',*,*,#1259,.F.);
#1763=ORIENTED_EDGE('',*,*,#1260,.T.);
#1764=ORIENTED_EDGE('',*,*,#1128,.T.);
#1765=ORIENTED_EDGE('',*,*,#1135,.T.);
#1766=ORIENTED_EDGE('',*,*,#1155,.T.);
#1767=ORIENTED_EDGE('',*,*,#1261,.T.);
#1768=ORIENTED_EDGE('',*,*,#1262,.F.);
#1769=ORIENTED_EDGE('',*,*,#1252,.T.);
#1770=ORIENTED_EDGE('',*,*,#1263,.F.);
#1771=ORIENTED_EDGE('',*,*,#1264,.T.);
#1772=ORIENTED_EDGE('',*,*,#1265,.T.);
#1773=ORIENTED_EDGE('',*,*,#1264,.F.);
#1774=ORIENTED_EDGE('',*,*,#1265,.F.);
#1775=ORIENTED_EDGE('',*,*,#1266,.F.);
#1776=ORIENTED_EDGE('',*,*,#1267,.T.);
#1777=ORIENTED_EDGE('',*,*,#1268,.T.);
#1778=ORIENTED_EDGE('',*,*,#1267,.F.);
#1779=ORIENTED_EDGE('',*,*,#1268,.F.);
#1780=ORIENTED_EDGE('',*,*,#1269,.F.);
#1781=ORIENTED_EDGE('',*,*,#1270,.T.);
#1782=ORIENTED_EDGE('',*,*,#1271,.T.);
#1783=ORIENTED_EDGE('',*,*,#1270,.F.);
#1784=ORIENTED_EDGE('',*,*,#1271,.F.);
#1785=ORIENTED_EDGE('',*,*,#1272,.F.);
#1786=ORIENTED_EDGE('',*,*,#1273,.T.);
#1787=ORIENTED_EDGE('',*,*,#1274,.T.);
#1788=ORIENTED_EDGE('',*,*,#1273,.F.);
#1789=ORIENTED_EDGE('',*,*,#1274,.F.);
#1790=ORIENTED_EDGE('',*,*,#1152,.T.);
#1791=ORIENTED_EDGE('',*,*,#1275,.F.);
#1792=ORIENTED_EDGE('',*,*,#1276,.F.);
#1793=ORIENTED_EDGE('',*,*,#1277,.T.);
#1794=ORIENTED_EDGE('',*,*,#1154,.T.);
#1795=ORIENTED_EDGE('',*,*,#1278,.T.);
#1796=ORIENTED_EDGE('',*,*,#1279,.F.);
#1797=ORIENTED_EDGE('',*,*,#1261,.F.);
#1798=ORIENTED_EDGE('',*,*,#1153,.F.);
#1799=ORIENTED_EDGE('',*,*,#1277,.F.);
#1800=ORIENTED_EDGE('',*,*,#1280,.F.);
#1801=ORIENTED_EDGE('',*,*,#1278,.F.);
#1802=ORIENTED_EDGE('',*,*,#1010,.F.);
#1803=ORIENTED_EDGE('',*,*,#1281,.T.);
#1804=ORIENTED_EDGE('',*,*,#1242,.F.);
#1805=ORIENTED_EDGE('',*,*,#1282,.T.);
#1806=ORIENTED_EDGE('',*,*,#1253,.F.);
#1807=ORIENTED_EDGE('',*,*,#1262,.T.);
#1808=ORIENTED_EDGE('',*,*,#1279,.T.);
#1809=ORIENTED_EDGE('',*,*,#1280,.T.);
#1810=ORIENTED_EDGE('',*,*,#1276,.T.);
#1811=ORIENTED_EDGE('',*,*,#1283,.T.);
#1812=ORIENTED_EDGE('',*,*,#1250,.F.);
#1813=ORIENTED_EDGE('',*,*,#1284,.T.);
#1814=ORIENTED_EDGE('',*,*,#1285,.F.);
#1815=ORIENTED_EDGE('',*,*,#1063,.T.);
#1816=ORIENTED_EDGE('',*,*,#1026,.F.);
#1817=ORIENTED_EDGE('',*,*,#1031,.F.);
#1818=ORIENTED_EDGE('',*,*,#1286,.F.);
#1819=ORIENTED_EDGE('',*,*,#1287,.F.);
#1820=ORIENTED_EDGE('',*,*,#1288,.F.);
#1821=ORIENTED_EDGE('',*,*,#1088,.F.);
#1822=ORIENTED_EDGE('',*,*,#1091,.F.);
#1823=ORIENTED_EDGE('',*,*,#1092,.F.);
#1824=ORIENTED_EDGE('',*,*,#1263,.T.);
#1825=ORIENTED_EDGE('',*,*,#1266,.T.);
#1826=ORIENTED_EDGE('',*,*,#1269,.T.);
#1827=ORIENTED_EDGE('',*,*,#1272,.T.);
#1828=ORIENTED_EDGE('',*,*,#1080,.F.);
#1829=ORIENTED_EDGE('',*,*,#1289,.T.);
#1830=ORIENTED_EDGE('',*,*,#1287,.T.);
#1831=ORIENTED_EDGE('',*,*,#1290,.T.);
#1832=ORIENTED_EDGE('',*,*,#1085,.F.);
#1833=ORIENTED_EDGE('',*,*,#1290,.F.);
#1834=ORIENTED_EDGE('',*,*,#1286,.T.);
#1835=ORIENTED_EDGE('',*,*,#1030,.T.);
#1836=ORIENTED_EDGE('',*,*,#1079,.F.);
#1837=ORIENTED_EDGE('',*,*,#1089,.F.);
#1838=ORIENTED_EDGE('',*,*,#1288,.T.);
#1839=ORIENTED_EDGE('',*,*,#1289,.F.);
#1840=ORIENTED_EDGE('',*,*,#1064,.T.);
#1841=ORIENTED_EDGE('',*,*,#1285,.T.);
#1842=ORIENTED_EDGE('',*,*,#1291,.F.);
#1843=ORIENTED_EDGE('',*,*,#1292,.T.);
#1844=ORIENTED_EDGE('',*,*,#1059,.T.);
#1845=ORIENTED_EDGE('',*,*,#1062,.T.);
#1846=ORIENTED_EDGE('',*,*,#1293,.T.);
#1847=ORIENTED_EDGE('',*,*,#1050,.T.);
#1848=ORIENTED_EDGE('',*,*,#1053,.T.);
#1849=ORIENTED_EDGE('',*,*,#1055,.T.);
#1850=ORIENTED_EDGE('',*,*,#1057,.T.);
#1851=ORIENTED_EDGE('',*,*,#1060,.F.);
#1852=ORIENTED_EDGE('',*,*,#1294,.T.);
#1853=ORIENTED_EDGE('',*,*,#1295,.T.);
#1854=ORIENTED_EDGE('',*,*,#1013,.F.);
#1855=ORIENTED_EDGE('',*,*,#1048,.T.);
#1856=ORIENTED_EDGE('',*,*,#1239,.F.);
#1857=ORIENTED_EDGE('',*,*,#1281,.F.);
#1858=ORIENTED_EDGE('',*,*,#1296,.T.);
#1859=ORIENTED_EDGE('',*,*,#1297,.T.);
#1860=ORIENTED_EDGE('',*,*,#1296,.F.);
#1861=ORIENTED_EDGE('',*,*,#1093,.T.);
#1862=ORIENTED_EDGE('',*,*,#1133,.F.);
#1863=ORIENTED_EDGE('',*,*,#1298,.T.);
#1864=ORIENTED_EDGE('',*,*,#1297,.F.);
#1865=ORIENTED_EDGE('',*,*,#1298,.F.);
#1866=ORIENTED_EDGE('',*,*,#1299,.T.);
#1867=ORIENTED_EDGE('',*,*,#1300,.T.);
#1868=ORIENTED_EDGE('',*,*,#1257,.T.);
#1869=ORIENTED_EDGE('',*,*,#1301,.T.);
#1870=ORIENTED_EDGE('',*,*,#1301,.F.);
#1871=ORIENTED_EDGE('',*,*,#1256,.F.);
#1872=ORIENTED_EDGE('',*,*,#1302,.F.);
#1873=ORIENTED_EDGE('',*,*,#1303,.T.);
#1874=ORIENTED_EDGE('',*,*,#1304,.T.);
#1875=ORIENTED_EDGE('',*,*,#1305,.T.);
#1876=ORIENTED_EDGE('',*,*,#1246,.T.);
#1877=ORIENTED_EDGE('',*,*,#1306,.T.);
#1878=ORIENTED_EDGE('',*,*,#1305,.F.);
#1879=ORIENTED_EDGE('',*,*,#1307,.F.);
#1880=ORIENTED_EDGE('',*,*,#1308,.F.);
#1881=ORIENTED_EDGE('',*,*,#1247,.F.);
#1882=ORIENTED_EDGE('',*,*,#1259,.T.);
#1883=ORIENTED_EDGE('',*,*,#1309,.T.);
#1884=ORIENTED_EDGE('',*,*,#1244,.T.);
#1885=ORIENTED_EDGE('',*,*,#1310,.T.);
#1886=ORIENTED_EDGE('',*,*,#1300,.F.);
#1887=ORIENTED_EDGE('',*,*,#1311,.T.);
#1888=ORIENTED_EDGE('',*,*,#1306,.F.);
#1889=ORIENTED_EDGE('',*,*,#1245,.F.);
#1890=ORIENTED_EDGE('',*,*,#1309,.F.);
#1891=ORIENTED_EDGE('',*,*,#1258,.F.);
#1892=ORIENTED_EDGE('',*,*,#1302,.T.);
#1893=ORIENTED_EDGE('',*,*,#1255,.F.);
#1894=ORIENTED_EDGE('',*,*,#1312,.T.);
#1895=ORIENTED_EDGE('',*,*,#1240,.F.);
#1896=ORIENTED_EDGE('',*,*,#1293,.F.);
#1897=ORIENTED_EDGE('',*,*,#1313,.T.);
#1898=ORIENTED_EDGE('',*,*,#1282,.F.);
#1899=ORIENTED_EDGE('',*,*,#1241,.T.);
#1900=ORIENTED_EDGE('',*,*,#1312,.F.);
#1901=ORIENTED_EDGE('',*,*,#1254,.T.);
#1902=ORIENTED_EDGE('',*,*,#1151,.T.);
#1903=ORIENTED_EDGE('',*,*,#1251,.T.);
#1904=ORIENTED_EDGE('',*,*,#1283,.F.);
#1905=ORIENTED_EDGE('',*,*,#1275,.T.);
#1906=ORIENTED_EDGE('',*,*,#1314,.F.);
#1907=ORIENTED_EDGE('',*,*,#1291,.T.);
#1908=ORIENTED_EDGE('',*,*,#1284,.F.);
#1909=ORIENTED_EDGE('',*,*,#1249,.T.);
#1910=ORIENTED_EDGE('',*,*,#1315,.T.);
#1911=ORIENTED_EDGE('',*,*,#1294,.F.);
#1912=ORIENTED_EDGE('',*,*,#1292,.F.);
#1913=ORIENTED_EDGE('',*,*,#1314,.T.);
#1914=ORIENTED_EDGE('',*,*,#1248,.F.);
#1915=ORIENTED_EDGE('',*,*,#1308,.T.);
#1916=ORIENTED_EDGE('',*,*,#1310,.F.);
#1917=ORIENTED_EDGE('',*,*,#1243,.F.);
#1918=ORIENTED_EDGE('',*,*,#1129,.F.);
#1919=ORIENTED_EDGE('',*,*,#1260,.F.);
#1920=ORIENTED_EDGE('',*,*,#1299,.F.);
#1921=ORIENTED_EDGE('',*,*,#1303,.F.);
#1922=ORIENTED_EDGE('',*,*,#1313,.F.);
#1923=ORIENTED_EDGE('',*,*,#1295,.F.);
#1924=ORIENTED_EDGE('',*,*,#1315,.F.);
#1925=ORIENTED_EDGE('',*,*,#1307,.T.);
#1926=ORIENTED_EDGE('',*,*,#1304,.F.);
#1927=ORIENTED_EDGE('',*,*,#1311,.F.);
#1928=CYLINDRICAL_SURFACE('',#2082,6.5);
#1929=CYLINDRICAL_SURFACE('',#2086,6.5);
#1930=CYLINDRICAL_SURFACE('',#2089,10.3);
#1931=CYLINDRICAL_SURFACE('',#2124,10.3);
#1932=CYLINDRICAL_SURFACE('',#2127,10.3);
#1933=CYLINDRICAL_SURFACE('',#2204,6.1);
#1934=CYLINDRICAL_SURFACE('',#2205,6.09999999999999);
#1935=CYLINDRICAL_SURFACE('',#2207,9.1);
#1936=CYLINDRICAL_SURFACE('',#2208,9.09999999999999);
#1937=CYLINDRICAL_SURFACE('',#2211,2.3);
#1938=CYLINDRICAL_SURFACE('',#2213,2.00000000000001);
#1939=CYLINDRICAL_SURFACE('',#2217,2.00000000000001);
#1940=CYLINDRICAL_SURFACE('',#2221,2.00000000000001);
#1941=CYLINDRICAL_SURFACE('',#2225,2.00000000000001);
#1942=CYLINDRICAL_SURFACE('',#2237,10.3);
#1943=CYLINDRICAL_SURFACE('',#2244,18.5);
#1944=CYLINDRICAL_SURFACE('',#2250,2.30000000000001);
#1945=CYLINDRICAL_SURFACE('',#2251,2.30000000000002);
#1946=CYLINDRICAL_SURFACE('',#2252,2.29999999999999);
#1947=ADVANCED_FACE('',(#208),#1928,.T.);
#1948=ADVANCED_FACE('',(#209),#157,.T.);
#1949=ADVANCED_FACE('',(#210),#1929,.T.);
#1950=ADVANCED_FACE('',(#211),#1930,.T.);
#1951=ADVANCED_FACE('',(#212),#158,.T.);
#1952=ADVANCED_FACE('',(#213),#159,.T.);
#1953=ADVANCED_FACE('',(#214),#160,.T.);
#1954=ADVANCED_FACE('',(#215),#161,.T.);
#1955=ADVANCED_FACE('',(#216),#162,.T.);
#1956=ADVANCED_FACE('',(#217),#163,.T.);
#1957=ADVANCED_FACE('',(#218),#164,.T.);
#1958=ADVANCED_FACE('',(#219),#165,.F.);
#1959=ADVANCED_FACE('',(#220),#166,.F.);
#1960=ADVANCED_FACE('',(#221),#167,.F.);
#1961=ADVANCED_FACE('',(#222),#168,.F.);
#1962=ADVANCED_FACE('',(#223),#169,.F.);
#1963=ADVANCED_FACE('',(#224),#170,.F.);
#1964=ADVANCED_FACE('',(#225),#171,.F.);
#1965=ADVANCED_FACE('',(#226),#172,.F.);
#1966=ADVANCED_FACE('',(#227),#173,.T.);
#1967=ADVANCED_FACE('',(#228),#153,.T.);
#1968=ADVANCED_FACE('',(#229),#174,.T.);
#1969=ADVANCED_FACE('',(#230),#154,.T.);
#1970=ADVANCED_FACE('',(#231),#175,.T.);
#1971=ADVANCED_FACE('',(#232),#155,.T.);
#1972=ADVANCED_FACE('',(#233),#176,.T.);
#1973=ADVANCED_FACE('',(#234),#156,.T.);
#1974=ADVANCED_FACE('',(#235),#1931,.T.);
#1975=ADVANCED_FACE('',(#236),#177,.T.);
#1976=ADVANCED_FACE('',(#237),#1932,.T.);
#1977=ADVANCED_FACE('',(#238,#143,#144,#145),#178,.F.);
#1978=ADVANCED_FACE('',(#239),#106,.T.);
#1979=ADVANCED_FACE('',(#240),#107,.T.);
#1980=ADVANCED_FACE('',(#241),#108,.T.);
#1981=ADVANCED_FACE('',(#242),#15,.F.);
#1982=ADVANCED_FACE('',(#243),#16,.F.);
#1983=ADVANCED_FACE('',(#244),#17,.F.);
#1984=ADVANCED_FACE('',(#245),#109,.T.);
#1985=ADVANCED_FACE('',(#246),#110,.T.);
#1986=ADVANCED_FACE('',(#247),#111,.T.);
#1987=ADVANCED_FACE('',(#248),#179,.T.);
#1988=ADVANCED_FACE('',(#249,#146),#180,.T.);
#1989=ADVANCED_FACE('',(#250),#181,.T.);
#1990=ADVANCED_FACE('',(#251),#112,.T.);
#1991=ADVANCED_FACE('',(#252),#113,.T.);
#1992=ADVANCED_FACE('',(#253),#114,.T.);
#1993=ADVANCED_FACE('',(#254),#115,.T.);
#1994=ADVANCED_FACE('',(#255),#18,.F.);
#1995=ADVANCED_FACE('',(#256),#19,.F.);
#1996=ADVANCED_FACE('',(#257),#20,.F.);
#1997=ADVANCED_FACE('',(#258),#116,.T.);
#1998=ADVANCED_FACE('',(#259),#117,.T.);
#1999=ADVANCED_FACE('',(#260),#118,.T.);
#2000=ADVANCED_FACE('',(#261),#182,.T.);
#2001=ADVANCED_FACE('',(#262),#119,.F.);
#2002=ADVANCED_FACE('',(#263),#21,.T.);
#2003=ADVANCED_FACE('',(#264),#120,.F.);
#2004=ADVANCED_FACE('',(#265),#121,.F.);
#2005=ADVANCED_FACE('',(#266),#122,.F.);
#2006=ADVANCED_FACE('',(#267),#123,.T.);
#2007=ADVANCED_FACE('',(#268),#124,.T.);
#2008=ADVANCED_FACE('',(#269,#147),#183,.T.);
#2009=ADVANCED_FACE('',(#270),#125,.F.);
#2010=ADVANCED_FACE('',(#271),#22,.T.);
#2011=ADVANCED_FACE('',(#272),#126,.F.);
#2012=ADVANCED_FACE('',(#273),#127,.F.);
#2013=ADVANCED_FACE('',(#274),#128,.F.);
#2014=ADVANCED_FACE('',(#275),#129,.T.);
#2015=ADVANCED_FACE('',(#276),#130,.T.);
#2016=ADVANCED_FACE('',(#277,#148),#184,.T.);
#2017=ADVANCED_FACE('',(#278),#23,.F.);
#2018=ADVANCED_FACE('',(#279),#131,.T.);
#2019=ADVANCED_FACE('',(#280),#132,.T.);
#2020=ADVANCED_FACE('',(#281),#133,.F.);
#2021=ADVANCED_FACE('',(#282),#24,.F.);
#2022=ADVANCED_FACE('',(#283),#134,.T.);
#2023=ADVANCED_FACE('',(#284),#135,.T.);
#2024=ADVANCED_FACE('',(#285),#136,.F.);
#2025=ADVANCED_FACE('',(#286),#137,.T.);
#2026=ADVANCED_FACE('',(#287),#1933,.F.);
#2027=ADVANCED_FACE('',(#288),#138,.T.);
#2028=ADVANCED_FACE('',(#289),#1934,.F.);
#2029=ADVANCED_FACE('',(#290),#185,.F.);
#2030=ADVANCED_FACE('',(#291),#1935,.F.);
#2031=ADVANCED_FACE('',(#292),#1936,.F.);
#2032=ADVANCED_FACE('',(#293),#186,.F.);
#2033=ADVANCED_FACE('',(#294),#187,.F.);
#2034=ADVANCED_FACE('',(#295),#1937,.F.);
#2035=ADVANCED_FACE('',(#296),#1938,.F.);
#2036=ADVANCED_FACE('',(#297),#188,.T.);
#2037=ADVANCED_FACE('',(#298),#1939,.F.);
#2038=ADVANCED_FACE('',(#299),#189,.T.);
#2039=ADVANCED_FACE('',(#300),#1940,.F.);
#2040=ADVANCED_FACE('',(#301),#190,.T.);
#2041=ADVANCED_FACE('',(#302),#1941,.F.);
#2042=ADVANCED_FACE('',(#303),#191,.T.);
#2043=ADVANCED_FACE('',(#304),#192,.F.);
#2044=ADVANCED_FACE('',(#305),#193,.F.);
#2045=ADVANCED_FACE('',(#306),#194,.F.);
#2046=ADVANCED_FACE('',(#307,#149,#150,#151,#152),#195,.F.);
#2047=ADVANCED_FACE('',(#308),#1942,.T.);
#2048=ADVANCED_FACE('',(#309),#196,.T.);
#2049=ADVANCED_FACE('',(#310),#197,.T.);
#2050=ADVANCED_FACE('',(#311),#198,.F.);
#2051=ADVANCED_FACE('',(#312),#199,.T.);
#2052=ADVANCED_FACE('',(#313),#200,.F.);
#2053=ADVANCED_FACE('',(#314),#139,.F.);
#2054=ADVANCED_FACE('',(#315),#1943,.F.);
#2055=ADVANCED_FACE('',(#316),#140,.F.);
#2056=ADVANCED_FACE('',(#317),#201,.T.);
#2057=ADVANCED_FACE('',(#318),#141,.F.);
#2058=ADVANCED_FACE('',(#319),#202,.T.);
#2059=ADVANCED_FACE('',(#320),#142,.F.);
#2060=ADVANCED_FACE('',(#321),#203,.F.);
#2061=ADVANCED_FACE('',(#322),#204,.T.);
#2062=ADVANCED_FACE('',(#323),#1944,.F.);
#2063=ADVANCED_FACE('',(#324),#1945,.F.);
#2064=ADVANCED_FACE('',(#325),#1946,.F.);
#2065=ADVANCED_FACE('',(#326),#205,.T.);
#2066=ADVANCED_FACE('',(#327),#206,.T.);
#2067=ADVANCED_FACE('',(#328),#207,.T.);
#2068=CLOSED_SHELL('',(#1947,#1948,#1949,#1950,#1951,#1952,#1953,#1954,
#1955,#1956,#1957,#1958,#1959,#1960,#1961,#1962,#1963,#1964,#1965,#1966,
#1967,#1968,#1969,#1970,#1971,#1972,#1973,#1974,#1975,#1976,#1977,#1978,
#1979,#1980,#1981,#1982,#1983,#1984,#1985,#1986,#1987,#1988,#1989,#1990,
#1991,#1992,#1993,#1994,#1995,#1996,#1997,#1998,#1999,#2000,#2001,#2002,
#2003,#2004,#2005,#2006,#2007,#2008,#2009,#2010,#2011,#2012,#2013,#2014,
#2015,#2016,#2017,#2018,#2019,#2020,#2021,#2022,#2023,#2024,#2025,#2026,
#2027,#2028,#2029,#2030,#2031,#2032,#2033,#2034,#2035,#2036,#2037,#2038,
#2039,#2040,#2041,#2042,#2043,#2044,#2045,#2046,#2047,#2048,#2049,#2050,
#2051,#2052,#2053,#2054,#2055,#2056,#2057,#2058,#2059,#2060,#2061,#2062,
#2063,#2064,#2065,#2066,#2067));
#2069=DERIVED_UNIT_ELEMENT(#2071,1.);
#2070=DERIVED_UNIT_ELEMENT(#6396,-3.);
#2071=(
MASS_UNIT()
NAMED_UNIT(*)
SI_UNIT(.KILO.,.GRAM.)
);
#2072=DERIVED_UNIT((#2069,#2070));
#2073=MEASURE_REPRESENTATION_ITEM('density measure',
POSITIVE_RATIO_MEASURE(7850.),#2072);
#2074=PROPERTY_DEFINITION_REPRESENTATION(#2079,#2076);
#2075=PROPERTY_DEFINITION_REPRESENTATION(#2080,#2077);
#2076=REPRESENTATION('material name',(#2078),#6393);
#2077=REPRESENTATION('density',(#2073),#6393);
#2078=DESCRIPTIVE_REPRESENTATION_ITEM('Steel','Steel');
#2079=PROPERTY_DEFINITION('material property','material name',#6403);
#2080=PROPERTY_DEFINITION('material property','density of part',#6403);
#2081=AXIS2_PLACEMENT_3D('',#2743,#2257,#2258);
#2082=AXIS2_PLACEMENT_3D('',#2744,#2259,#2260);
#2083=AXIS2_PLACEMENT_3D('',#2747,#2261,#2262);
#2084=AXIS2_PLACEMENT_3D('',#2751,#2264,#2265);
#2085=AXIS2_PLACEMENT_3D('',#2753,#2267,#2268);
#2086=AXIS2_PLACEMENT_3D('',#2774,#2279,#2280);
#2087=AXIS2_PLACEMENT_3D('',#2777,#2281,#2282);
#2088=AXIS2_PLACEMENT_3D('',#2781,#2284,#2285);
#2089=AXIS2_PLACEMENT_3D('',#2783,#2287,#2288);
#2090=AXIS2_PLACEMENT_3D('',#2784,#2289,#2290);
#2091=AXIS2_PLACEMENT_3D('',#2786,#2291,#2292);
#2092=AXIS2_PLACEMENT_3D('',#2789,#2294,#2295);
#2093=AXIS2_PLACEMENT_3D('',#2790,#2296,#2297);
#2094=AXIS2_PLACEMENT_3D('',#2794,#2300,#2301);
#2095=AXIS2_PLACEMENT_3D('',#2795,#2302,#2303);
#2096=AXIS2_PLACEMENT_3D('',#2799,#2306,#2307);
#2097=AXIS2_PLACEMENT_3D('',#2803,#2310,#2311);
#2098=AXIS2_PLACEMENT_3D('',#2807,#2314,#2315);
#2099=AXIS2_PLACEMENT_3D('',#2813,#2319,#2320);
#2100=AXIS2_PLACEMENT_3D('',#2815,#2322,#2323);
#2101=AXIS2_PLACEMENT_3D('',#2817,#2325,#2326);
#2102=AXIS2_PLACEMENT_3D('',#2823,#2330,#2331);
#2103=AXIS2_PLACEMENT_3D('',#2829,#2335,#2336);
#2104=AXIS2_PLACEMENT_3D('',#2833,#2339,#2340);
#2105=AXIS2_PLACEMENT_3D('',#2837,#2343,#2344);
#2106=AXIS2_PLACEMENT_3D('',#2841,#2347,#2348);
#2107=AXIS2_PLACEMENT_3D('',#2847,#2352,#2353);
#2108=AXIS2_PLACEMENT_3D('',#2851,#2356,#2357);
#2109=AXIS2_PLACEMENT_3D('',#2855,#2360,#2361);
#2110=AXIS2_PLACEMENT_3D('',#2861,#2365,#2366);
#2111=AXIS2_PLACEMENT_3D('',#2865,#2368,#2369);
#2112=AXIS2_PLACEMENT_3D('',#2866,#2370,#2371);
#2113=AXIS2_PLACEMENT_3D('',#2867,#2372,#2373);
#2114=AXIS2_PLACEMENT_3D('',#2873,#2377,#2378);
#2115=AXIS2_PLACEMENT_3D('',#2875,#2379,#2380);
#2116=AXIS2_PLACEMENT_3D('',#2878,#2382,#2383);
#2117=AXIS2_PLACEMENT_3D('',#2879,#2384,#2385);
#2118=AXIS2_PLACEMENT_3D('',#2885,#2389,#2390);
#2119=AXIS2_PLACEMENT_3D('',#2887,#2391,#2392);
#2120=AXIS2_PLACEMENT_3D('',#2890,#2394,#2395);
#2121=AXIS2_PLACEMENT_3D('',#2891,#2396,#2397);
#2122=AXIS2_PLACEMENT_3D('',#2896,#2401,#2402);
#2123=AXIS2_PLACEMENT_3D('',#2897,#2403,#2404);
#2124=AXIS2_PLACEMENT_3D('',#2898,#2405,#2406);
#2125=AXIS2_PLACEMENT_3D('',#2902,#2408,#2409);
#2126=AXIS2_PLACEMENT_3D('',#2904,#2411,#2412);
#2127=AXIS2_PLACEMENT_3D('',#2908,#2415,#2416);
#2128=AXIS2_PLACEMENT_3D('',#2909,#2417,#2418);
#2129=AXIS2_PLACEMENT_3D('',#2910,#2419,#2420);
#2130=AXIS2_PLACEMENT_3D('',#2912,#2421,#2422);
#2131=AXIS2_PLACEMENT_3D('',#2914,#2423,#2424);
#2132=AXIS2_PLACEMENT_3D('',#2916,#2425,#2426);
#2133=AXIS2_PLACEMENT_3D('',#2976,#2427,#2428);
#2134=AXIS2_PLACEMENT_3D('',#3026,#2429,#2430);
#2135=AXIS2_PLACEMENT_3D('',#3065,#2431,#2432);
#2136=AXIS2_PLACEMENT_3D('',#3074,#2433,#2434);
#2137=AXIS2_PLACEMENT_3D('',#3077,#2435,#2436);
#2138=AXIS2_PLACEMENT_3D('',#3078,#2437,#2438);
#2139=AXIS2_PLACEMENT_3D('',#3079,#2439,#2440);
#2140=AXIS2_PLACEMENT_3D('',#3080,#2441,#2442);
#2141=AXIS2_PLACEMENT_3D('',#3083,#2443,#2444);
#2142=AXIS2_PLACEMENT_3D('',#3084,#2445,#2446);
#2143=AXIS2_PLACEMENT_3D('',#3085,#2447,#2448);
#2144=AXIS2_PLACEMENT_3D('',#3086,#2449,#2450);
#2145=AXIS2_PLACEMENT_3D('',#3089,#2451,#2452);
#2146=AXIS2_PLACEMENT_3D('',#3090,#2453,#2454);
#2147=AXIS2_PLACEMENT_3D('',#3091,#2455,#2456);
#2148=AXIS2_PLACEMENT_3D('',#3114,#2457,#2458);
#2149=AXIS2_PLACEMENT_3D('',#3182,#2459,#2460);
#2150=AXIS2_PLACEMENT_3D('',#3248,#2461,#2462);
#2151=AXIS2_PLACEMENT_3D('',#3252,#2464,#2465);
#2152=AXIS2_PLACEMENT_3D('',#3254,#2467,#2468);
#2153=AXIS2_PLACEMENT_3D('',#3265,#2474,#2475);
#2154=AXIS2_PLACEMENT_3D('',#3267,#2476,#2477);
#2155=AXIS2_PLACEMENT_3D('',#3268,#2478,#2479);
#2156=AXIS2_PLACEMENT_3D('',#4140,#2484,#2485);
#2157=AXIS2_PLACEMENT_3D('',#4182,#2486,#2487);
#2158=AXIS2_PLACEMENT_3D('',#4212,#2488,#2489);
#2159=AXIS2_PLACEMENT_3D('',#4217,#2490,#2491);
#2160=AXIS2_PLACEMENT_3D('',#4219,#2492,#2493);
#2161=AXIS2_PLACEMENT_3D('',#4220,#2494,#2495);
#2162=AXIS2_PLACEMENT_3D('',#4221,#2496,#2497);
#2163=AXIS2_PLACEMENT_3D('',#4222,#2498,#2499);
#2164=AXIS2_PLACEMENT_3D('',#4224,#2500,#2501);
#2165=AXIS2_PLACEMENT_3D('',#4225,#2502,#2503);
#2166=AXIS2_PLACEMENT_3D('',#4226,#2504,#2505);
#2167=AXIS2_PLACEMENT_3D('',#4228,#2506,#2507);
#2168=AXIS2_PLACEMENT_3D('',#4229,#2508,#2509);
#2169=AXIS2_PLACEMENT_3D('',#4251,#2510,#2511);
#2170=AXIS2_PLACEMENT_3D('',#4306,#2512,#2513);
#2171=AXIS2_PLACEMENT_3D('',#4364,#2514,#2515);
#2172=AXIS2_PLACEMENT_3D('',#4402,#2517,#2518);
#2173=AXIS2_PLACEMENT_3D('',#4411,#2519,#2520);
#2174=AXIS2_PLACEMENT_3D('',#4412,#2521,#2522);
#2175=AXIS2_PLACEMENT_3D('',#4414,#2523,#2524);
#2176=AXIS2_PLACEMENT_3D('',#4415,#2525,#2526);
#2177=AXIS2_PLACEMENT_3D('',#4465,#2527,#2528);
#2178=AXIS2_PLACEMENT_3D('',#4531,#2529,#2530);
#2179=AXIS2_PLACEMENT_3D('',#4612,#2531,#2532);
#2180=AXIS2_PLACEMENT_3D('',#4625,#2533,#2534);
#2181=AXIS2_PLACEMENT_3D('',#4637,#2535,#2536);
#2182=AXIS2_PLACEMENT_3D('',#4640,#2537,#2538);
#2183=AXIS2_PLACEMENT_3D('',#4679,#2539,#2540);
#2184=AXIS2_PLACEMENT_3D('',#4716,#2541,#2542);
#2185=AXIS2_PLACEMENT_3D('',#4725,#2543,#2544);
#2186=AXIS2_PLACEMENT_3D('',#4726,#2545,#2546);
#2187=AXIS2_PLACEMENT_3D('',#4728,#2547,#2548);
#2188=AXIS2_PLACEMENT_3D('',#4729,#2549,#2550);
#2189=AXIS2_PLACEMENT_3D('',#4779,#2551,#2552);
#2190=AXIS2_PLACEMENT_3D('',#4845,#2553,#2554);
#2191=AXIS2_PLACEMENT_3D('',#4926,#2555,#2556);
#2192=AXIS2_PLACEMENT_3D('',#4939,#2557,#2558);
#2193=AXIS2_PLACEMENT_3D('',#4951,#2559,#2560);
#2194=AXIS2_PLACEMENT_3D('',#4954,#2561,#2562);
#2195=AXIS2_PLACEMENT_3D('',#4993,#2563,#2564);
#2196=AXIS2_PLACEMENT_3D('',#4994,#2565,#2566);
#2197=AXIS2_PLACEMENT_3D('',#4996,#2567,#2568);
#2198=AXIS2_PLACEMENT_3D('',#4997,#2569,#2570);
#2199=AXIS2_PLACEMENT_3D('',#5049,#2571,#2572);
#2200=AXIS2_PLACEMENT_3D('',#5312,#2573,#2574);
#2201=AXIS2_PLACEMENT_3D('',#5314,#2575,#2576);
#2202=AXIS2_PLACEMENT_3D('',#5315,#2577,#2578);
#2203=AXIS2_PLACEMENT_3D('',#5367,#2579,#2580);
#2204=AXIS2_PLACEMENT_3D('',#5708,#2581,#2582);
#2205=AXIS2_PLACEMENT_3D('',#5788,#2584,#2585);
#2206=AXIS2_PLACEMENT_3D('',#5790,#2587,#2588);
#2207=AXIS2_PLACEMENT_3D('',#5798,#2593,#2594);
#2208=AXIS2_PLACEMENT_3D('',#5799,#2595,#2596);
#2209=AXIS2_PLACEMENT_3D('',#5800,#2597,#2598);
#2210=AXIS2_PLACEMENT_3D('',#5860,#2606,#2607);
#2211=AXIS2_PLACEMENT_3D('',#5920,#2615,#2616);
#2212=AXIS2_PLACEMENT_3D('',#5923,#2618,#2619);
#2213=AXIS2_PLACEMENT_3D('',#5924,#2620,#2621);
#2214=AXIS2_PLACEMENT_3D('',#5926,#2622,#2623);
#2215=AXIS2_PLACEMENT_3D('',#5929,#2625,#2626);
#2216=AXIS2_PLACEMENT_3D('',#5930,#2627,#2628);
#2217=AXIS2_PLACEMENT_3D('',#5931,#2629,#2630);
#2218=AXIS2_PLACEMENT_3D('',#5933,#2631,#2632);
#2219=AXIS2_PLACEMENT_3D('',#5936,#2634,#2635);
#2220=AXIS2_PLACEMENT_3D('',#5937,#2636,#2637);
#2221=AXIS2_PLACEMENT_3D('',#5938,#2638,#2639);
#2222=AXIS2_PLACEMENT_3D('',#5940,#2640,#2641);
#2223=AXIS2_PLACEMENT_3D('',#5943,#2643,#2644);
#2224=AXIS2_PLACEMENT_3D('',#5944,#2645,#2646);
#2225=AXIS2_PLACEMENT_3D('',#5945,#2647,#2648);
#2226=AXIS2_PLACEMENT_3D('',#5947,#2649,#2650);
#2227=AXIS2_PLACEMENT_3D('',#5950,#2652,#2653);
#2228=AXIS2_PLACEMENT_3D('',#5951,#2654,#2655);
#2229=AXIS2_PLACEMENT_3D('',#5952,#2656,#2657);
#2230=AXIS2_PLACEMENT_3D('',#5958,#2661,#2662);
#2231=AXIS2_PLACEMENT_3D('',#5962,#2665,#2666);
#2232=AXIS2_PLACEMENT_3D('',#5964,#2668,#2669);
#2233=AXIS2_PLACEMENT_3D('',#5966,#2671,#2672);
#2234=AXIS2_PLACEMENT_3D('',#5967,#2673,#2674);
#2235=AXIS2_PLACEMENT_3D('',#5969,#2675,#2676);
#2236=AXIS2_PLACEMENT_3D('',#5974,#2679,#2680);
#2237=AXIS2_PLACEMENT_3D('',#5976,#2682,#2683);
#2238=AXIS2_PLACEMENT_3D('',#5979,#2686,#2687);
#2239=AXIS2_PLACEMENT_3D('',#5980,#2688,#2689);
#2240=AXIS2_PLACEMENT_3D('',#5981,#2690,#2691);
#2241=AXIS2_PLACEMENT_3D('',#5985,#2694,#2695);
#2242=AXIS2_PLACEMENT_3D('',#5991,#2699,#2700);
#2243=AXIS2_PLACEMENT_3D('',#6193,#2701,#2702);
#2244=AXIS2_PLACEMENT_3D('',#6194,#2703,#2704);
#2245=AXIS2_PLACEMENT_3D('',#6262,#2708,#2709);
#2246=AXIS2_PLACEMENT_3D('',#6332,#2714,#2715);
#2247=AXIS2_PLACEMENT_3D('',#6378,#2720,#2721);
#2248=AXIS2_PLACEMENT_3D('',#6380,#2723,#2724);
#2249=AXIS2_PLACEMENT_3D('',#6381,#2725,#2726);
#2250=AXIS2_PLACEMENT_3D('',#6383,#2728,#2729);
#2251=AXIS2_PLACEMENT_3D('',#6384,#2730,#2731);
#2252=AXIS2_PLACEMENT_3D('',#6385,#2732,#2733);
#2253=AXIS2_PLACEMENT_3D('',#6386,#2734,#2735);
#2254=AXIS2_PLACEMENT_3D('',#6387,#2736,#2737);
#2255=AXIS2_PLACEMENT_3D('',#6389,#2739,#2740);
#2256=AXIS2_PLACEMENT_3D('',#6390,#2741,#2742);
#2257=DIRECTION('axis',(0.,0.,1.));
#2258=DIRECTION('refdir',(1.,0.,0.));
#2259=DIRECTION('center_axis',(-1.,0.,0.));
#2260=DIRECTION('ref_axis',(0.,-0.982612202698064,-0.1856697581968));
#2261=DIRECTION('center_axis',(1.,-3.98834614358283E-51,-2.22044604925031E-16));
#2262=DIRECTION('ref_axis',(0.,-0.982612202698064,-0.1856697581968));
#2263=DIRECTION('',(1.,0.,0.));
#2264=DIRECTION('center_axis',(0.707106781186551,0.707106781186544,-1.59562241736155E-16));
#2265=DIRECTION('ref_axis',(0.707106781186544,-0.707106781186551,1.66067471591554E-16));
#2266=DIRECTION('',(-1.,4.90464133364061E-32,2.17351242284487E-16));
#2267=DIRECTION('center_axis',(0.,-1.,2.25655086305926E-16));
#2268=DIRECTION('ref_axis',(2.22044604925031E-16,2.25655086305926E-16,1.));
#2269=DIRECTION('',(0.,2.25655086305926E-16,1.));
#2270=DIRECTION('',(-1.,0.,0.));
#2271=DIRECTION('',(-2.22044604925031E-16,-2.25655086305926E-16,-1.));
#2272=DIRECTION('',(-1.,0.,0.));
#2273=DIRECTION('',(0.,2.25655086305926E-16,1.));
#2274=DIRECTION('',(-1.,1.31541799959615E-31,5.82933015661259E-16));
#2275=DIRECTION('',(0.,2.25655086305926E-16,1.));
#2276=DIRECTION('',(1.,-1.25263736220308E-32,-5.55111512312578E-17));
#2277=DIRECTION('',(4.49640324973188E-15,2.25655086305926E-16,1.));
#2278=DIRECTION('',(1.,-4.92337149658091E-32,-2.18181277328098E-16));
#2279=DIRECTION('center_axis',(1.,0.,0.));
#2280=DIRECTION('ref_axis',(0.,-0.983017558346013,0.183511525478489));
#2281=DIRECTION('center_axis',(0.707106781186548,0.707106781186548,-1.59562241736156E-16));
#2282=DIRECTION('ref_axis',(0.707106781186547,-0.707106781186547,1.66067471591553E-16));
#2283=DIRECTION('',(-1.,0.,0.));
#2284=DIRECTION('center_axis',(1.,-3.98834614358283E-51,-2.22044604925031E-16));
#2285=DIRECTION('ref_axis',(0.,-0.983017558346013,0.183511525478489));
#2286=DIRECTION('',(1.,-1.25263736220308E-32,-5.55111512312578E-17));
#2287=DIRECTION('center_axis',(-1.,0.,0.));
#2288=DIRECTION('ref_axis',(0.,-1.,2.21255947474014E-63));
#2289=DIRECTION('center_axis',(-0.707106781186548,-0.707106781186548,1.59562241736156E-16));
#2290=DIRECTION('ref_axis',(0.707106781186547,-0.707106781186547,1.5645158083673E-63));
#2291=DIRECTION('center_axis',(1.,5.83407682299482E-62,-2.22044604925031E-16));
#2292=DIRECTION('ref_axis',(0.,-1.,2.21255947474014E-63));
#2293=DIRECTION('',(1.,0.,-3.94745964311167E-16));
#2294=DIRECTION('center_axis',(1.,-3.98834614358283E-51,-2.22044604925031E-16));
#2295=DIRECTION('ref_axis',(0.,-1.,2.21255947474014E-63));
#2296=DIRECTION('center_axis',(-0.707106781186551,-0.707106781186544,1.59562241736155E-16));
#2297=DIRECTION('ref_axis',(2.25655086305924E-16,0.,1.));
#2298=DIRECTION('',(-0.577350269189633,0.577350269189617,0.577350269189628));
#2299=DIRECTION('',(0.,-2.25655086305926E-16,-1.));
#2300=DIRECTION('center_axis',(-0.707106781186551,-0.707106781186544,1.59562241736155E-16));
#2301=DIRECTION('ref_axis',(0.707106781186544,-0.707106781186551,-1.5243616103726E-15));
#2302=DIRECTION('center_axis',(1.54277460726639E-16,-0.707106781186554,
0.707106781186541));
#2303=DIRECTION('ref_axis',(1.,0.,-2.18181277328098E-16));
#2304=DIRECTION('',(-0.57735026918974,0.577350269189569,0.577350269189569));
#2305=DIRECTION('',(-1.,4.92337149658091E-32,2.18181277328098E-16));
#2306=DIRECTION('center_axis',(-0.707106781186443,-0.707106781186652,3.33899947057035E-15));
#2307=DIRECTION('ref_axis',(4.72205833603787E-15,0.,1.));
#2308=DIRECTION('',(-0.577350269189754,0.577350269189551,0.577350269189572));
#2309=DIRECTION('',(-4.49640324973188E-15,-2.25655086305926E-16,-1.));
#2310=DIRECTION('center_axis',(3.92523114670944E-17,-0.707106781186548,
0.707106781186548));
#2311=DIRECTION('ref_axis',(1.,0.,-5.55111512312578E-17));
#2312=DIRECTION('',(-0.577350269189626,0.577350269189626,0.577350269189626));
#2313=DIRECTION('',(-1.,1.25263736220308E-32,5.55111512312578E-17));
#2314=DIRECTION('center_axis',(-4.12195888351608E-16,-0.707106781186534,
-0.707106781186561));
#2315=DIRECTION('ref_axis',(-1.,0.,5.82933015661259E-16));
#2316=DIRECTION('',(-0.577350269189619,0.577350269189619,-0.57735026918964));
#2317=DIRECTION('',(1.,-1.31541799959615E-31,-5.82933015661259E-16));
#2318=DIRECTION('',(0.577350269189633,-0.577350269189633,0.577350269189612));
#2319=DIRECTION('center_axis',(-0.707106781186548,-0.707106781186548,1.59562241736156E-16));
#2320=DIRECTION('ref_axis',(2.25655086305926E-16,0.,1.));
#2321=DIRECTION('',(0.,-2.25655086305926E-16,-1.));
#2322=DIRECTION('center_axis',(-0.707106781186548,-0.707106781186548,1.59562241736156E-16));
#2323=DIRECTION('ref_axis',(2.25655086305926E-16,0.,1.));
#2324=DIRECTION('',(0.,-2.25655086305926E-16,-1.));
#2325=DIRECTION('center_axis',(1.,0.,0.));
#2326=DIRECTION('ref_axis',(0.,0.,-1.));
#2327=DIRECTION('',(0.,-1.,0.));
#2328=DIRECTION('',(0.,4.51310172611851E-17,1.));
#2329=DIRECTION('',(0.,1.,0.));
#2330=DIRECTION('center_axis',(-2.18181277328098E-16,0.,-1.));
#2331=DIRECTION('ref_axis',(1.,1.57771189639318E-48,-2.18181277328098E-16));
#2332=DIRECTION('',(0.,1.,0.));
#2333=DIRECTION('',(-1.,9.84674299316182E-33,2.18181277328098E-16));
#2334=DIRECTION('',(-1.,9.84674299316182E-33,2.18181277328098E-16));
#2335=DIRECTION('center_axis',(1.,0.,-4.49640324973188E-15));
#2336=DIRECTION('ref_axis',(4.49640324973188E-15,-1.0263416486754E-47,1.));
#2337=DIRECTION('',(0.,-1.,0.));
#2338=DIRECTION('',(3.70074341541718E-16,0.,1.));
#2339=DIRECTION('center_axis',(-5.55111512312578E-17,0.,-1.));
#2340=DIRECTION('ref_axis',(1.,8.68159481369372E-50,-5.55111512312578E-17));
#2341=DIRECTION('',(0.,-1.,0.));
#2342=DIRECTION('',(-1.,2.50527472440616E-33,5.55111512312578E-17));
#2343=DIRECTION('center_axis',(1.,0.,0.));
#2344=DIRECTION('ref_axis',(0.,0.,-1.));
#2345=DIRECTION('',(0.,1.,0.));
#2346=DIRECTION('',(-5.55111512312578E-16,4.51310172611851E-17,1.));
#2347=DIRECTION('center_axis',(5.82933015661259E-16,0.,1.));
#2348=DIRECTION('ref_axis',(-1.,-4.93126972949051E-49,5.82933015661259E-16));
#2349=DIRECTION('',(0.,1.,0.));
#2350=DIRECTION('',(1.,-2.6308359991923E-32,-5.82933015661259E-16));
#2351=DIRECTION('',(-1.,2.6308359991923E-32,5.82933015661259E-16));
#2352=DIRECTION('center_axis',(1.,0.,0.));
#2353=DIRECTION('ref_axis',(0.,0.,-1.));
#2354=DIRECTION('',(0.,-1.,0.));
#2355=DIRECTION('',(0.,4.51310172611851E-17,1.));
#2356=DIRECTION('center_axis',(5.55111512312578E-17,0.,1.));
#2357=DIRECTION('ref_axis',(-1.,-4.99706253558698E-49,5.55111512312578E-17));
#2358=DIRECTION('',(-3.98834614358283E-51,-1.,2.2139768593903E-67));
#2359=DIRECTION('',(-1.,2.47752642840799E-33,5.48963125309116E-17));
#2360=DIRECTION('center_axis',(0.707106781186551,-0.707106781186544,2.55299586777715E-18));
#2361=DIRECTION('ref_axis',(3.61048138089289E-18,0.,-1.));
#2362=DIRECTION('',(0.707106781186546,0.707106781186549,-8.36997818048334E-16));
#2363=DIRECTION('',(2.22044604925031E-16,2.25655086305926E-16,1.));
#2364=DIRECTION('',(-0.707106781186544,-0.707106781186551,0.));
#2365=DIRECTION('center_axis',(-1.,0.,2.04085114820803E-16));
#2366=DIRECTION('ref_axis',(-1.06244127419825E-16,2.15577286334982E-15,
-1.));
#2367=DIRECTION('',(0.707106781186548,-1.84716759845152E-15,0.707106781186547));
#2368=DIRECTION('center_axis',(-1.,-5.83407682299482E-62,2.22044604925031E-16));
#2369=DIRECTION('ref_axis',(-2.22044604925031E-16,2.15577286334982E-15,
-1.));
#2370=DIRECTION('center_axis',(1.,5.83407682299482E-62,-2.22044604925031E-16));
#2371=DIRECTION('ref_axis',(0.,2.15577286334982E-15,-1.));
#2372=DIRECTION('center_axis',(0.707106781186542,1.82781427087752E-16,-0.707106781186553));
#2373=DIRECTION('ref_axis',(-0.707106781186553,0.,-0.707106781186542));
#2374=DIRECTION('',(0.707106781186552,0.,0.707106781186543));
#2375=DIRECTION('',(-5.73967480515868E-32,-1.,-2.58491973137406E-16));
#2376=DIRECTION('',(5.73967480515868E-32,1.,2.58491973137406E-16));
#2377=DIRECTION('center_axis',(-1.,0.,2.04085114820806E-16));
#2378=DIRECTION('ref_axis',(-7.51259429598056E-17,0.707106781186548,-0.707106781186547));
#2379=DIRECTION('center_axis',(1.,5.83407682299482E-62,-2.22044604925031E-16));
#2380=DIRECTION('ref_axis',(0.,0.707106781186548,-0.707106781186547));
#2381=DIRECTION('',(0.707106781186535,-0.70710678118656,-1.44309968629025E-16));
#2382=DIRECTION('center_axis',(-1.,-5.83407682299482E-62,2.22044604925031E-16));
#2383=DIRECTION('ref_axis',(-1.57009245868377E-16,0.707106781186548,-0.707106781186547));
#2384=DIRECTION('center_axis',(0.707106781186544,0.707106781186551,-2.20834142562839E-16));
#2385=DIRECTION('ref_axis',(-3.12306639447402E-16,0.,-1.));
#2386=DIRECTION('',(0.707106781186551,-0.707106781186544,0.));
#2387=DIRECTION('',(-2.22044604925031E-16,-9.02620345223701E-17,-1.));
#2388=DIRECTION('',(2.22044604925031E-16,9.02620345223701E-17,1.));
#2389=DIRECTION('center_axis',(-1.,0.,0.));
#2390=DIRECTION('ref_axis',(7.51259429598056E-17,0.707106781186549,0.707106781186546));
#2391=DIRECTION('center_axis',(1.,5.83407682299482E-62,-2.22044604925031E-16));
#2392=DIRECTION('ref_axis',(0.,0.707106781186549,0.707106781186546));
#2393=DIRECTION('',(0.707106781186559,-7.38867039380596E-15,-0.707106781186536));
#2394=DIRECTION('center_axis',(-1.,-5.83407682299482E-62,2.22044604925031E-16));
#2395=DIRECTION('ref_axis',(1.57009245868377E-16,0.707106781186549,0.707106781186546));
#2396=DIRECTION('center_axis',(0.707106781186562,-1.46225141670197E-16,
0.707106781186533));
#2397=DIRECTION('ref_axis',(0.707106781186533,0.,-0.707106781186562));
#2398=DIRECTION('',(0.70710678118654,0.,-0.707106781186555));
#2399=DIRECTION('',(4.59173984412694E-32,1.,2.06793578509924E-16));
#2400=DIRECTION('',(-4.59173984412694E-32,-1.,-2.06793578509924E-16));
#2401=DIRECTION('center_axis',(-1.,0.,0.));
#2402=DIRECTION('ref_axis',(2.79149498619246E-62,-1.,2.21255947474014E-63));
#2403=DIRECTION('center_axis',(-1.,-5.83407682299482E-62,2.22044604925031E-16));
#2404=DIRECTION('ref_axis',(5.83407682299482E-62,-1.,2.21255947474013E-63));
#2405=DIRECTION('center_axis',(-1.,0.,0.));
#2406=DIRECTION('ref_axis',(0.,0.707106781186548,-0.707106781186547));
#2407=DIRECTION('',(-1.,0.,0.));
#2408=DIRECTION('center_axis',(1.,-3.98834614358283E-51,-2.22044604925031E-16));
#2409=DIRECTION('ref_axis',(0.,0.707106781186548,-0.707106781186547));
#2410=DIRECTION('',(1.,0.,0.));
#2411=DIRECTION('center_axis',(0.,2.58491973137406E-16,-1.));
#2412=DIRECTION('ref_axis',(-5.53017667477039E-32,-1.,-2.58491973137406E-16));
#2413=DIRECTION('',(-1.,0.,0.));
#2414=DIRECTION('',(5.73967480515868E-32,1.,2.58491973137406E-16));
#2415=DIRECTION('center_axis',(-1.,0.,0.));
#2416=DIRECTION('ref_axis',(0.,2.15577286334982E-15,-1.));
#2417=DIRECTION('center_axis',(1.,-3.98834614358283E-51,-2.22044604925031E-16));
#2418=DIRECTION('ref_axis',(0.,2.15577286334982E-15,-1.));
#2419=DIRECTION('center_axis',(-1.,-5.83407682299482E-62,2.22044604925031E-16));
#2420=DIRECTION('ref_axis',(5.83407682299482E-62,-1.,-1.29542528326416E-77));
#2421=DIRECTION('center_axis',(1.,5.83407682299482E-62,-2.22044604925031E-16));
#2422=DIRECTION('ref_axis',(2.13205650059731E-32,-1.,9.60192886162292E-17));
#2423=DIRECTION('center_axis',(-1.,-5.83407682299482E-62,2.22044604925031E-16));
#2424=DIRECTION('ref_axis',(0.,0.,1.));
#2425=DIRECTION('center_axis',(-1.,-5.83407682299482E-62,2.22044604925031E-16));
#2426=DIRECTION('ref_axis',(0.,0.,1.));
#2427=DIRECTION('center_axis',(0.266817317569692,-0.842895606853567,-0.467263860138863));
#2428=DIRECTION('ref_axis',(0.760040381865045,0.482146853391932,-0.435744225089324));
#2429=DIRECTION('center_axis',(0.0347647572005495,-0.881648563812709,-0.470624289198693));
#2430=DIRECTION('ref_axis',(0.190231327033663,0.468137013219838,-0.862936717881805));
#2431=DIRECTION('center_axis',(9.50131433332913E-15,-0.725800006480646,
-0.68790577159426));
#2432=DIRECTION('ref_axis',(0.166666666666621,0.678284238001064,-0.715648457485625));
#2433=DIRECTION('center_axis',(1.,-1.99417307179141E-51,-1.11022302462515E-16));
#2434=DIRECTION('ref_axis',(0.,0.,-1.));
#2435=DIRECTION('center_axis',(3.09455317970862E-15,-0.717234941881944,
-0.696831427350694));
#2436=DIRECTION('ref_axis',(0.166666666666666,0.687085053262982,-0.707203189900066));
#2437=DIRECTION('center_axis',(-1.,3.98834614358283E-51,2.22044604925031E-16));
#2438=DIRECTION('ref_axis',(1.61159975693581E-16,-0.687905771594255,0.72580000648065));
#2439=DIRECTION('center_axis',(1.,-1.99417307179141E-51,-1.11022302462515E-16));
#2440=DIRECTION('ref_axis',(0.,-0.687905771594255,0.725800006480651));
#2441=DIRECTION('center_axis',(1.,-1.99417307179141E-51,-1.11022302462515E-16));
#2442=DIRECTION('ref_axis',(0.,0.,-1.));
#2443=DIRECTION('center_axis',(-6.3703259723442E-15,0.717234941881945,-0.696831427350692));
#2444=DIRECTION('ref_axis',(0.166666666666666,0.687085053262981,0.707203189900067));
#2445=DIRECTION('center_axis',(-1.,3.98834614358283E-51,2.22044604925031E-16));
#2446=DIRECTION('ref_axis',(1.59258149308604E-16,-0.696831427350693,0.717234941881944));
#2447=DIRECTION('center_axis',(1.,-1.99417307179141E-51,-1.11022302462515E-16));
#2448=DIRECTION('ref_axis',(0.,-0.696831427350693,0.717234941881944));
#2449=DIRECTION('center_axis',(1.,-1.99417307179141E-51,-1.11022302462515E-16));
#2450=DIRECTION('ref_axis',(0.,0.,-1.));
#2451=DIRECTION('center_axis',(7.63728826396481E-16,0.725800006480648,-0.687905771594257));
#2452=DIRECTION('ref_axis',(0.166666666666666,0.678284238001055,0.715648457485623));
#2453=DIRECTION('center_axis',(-1.,3.98834614358283E-51,2.22044604925031E-16));
#2454=DIRECTION('ref_axis',(-1.59258149308603E-16,-0.696831427350694,-0.717234941881943));
#2455=DIRECTION('center_axis',(1.,-1.99417307179141E-51,-1.11022302462515E-16));
#2456=DIRECTION('ref_axis',(0.,-0.696831427350694,-0.717234941881944));
#2457=DIRECTION('center_axis',(-0.0347647571974542,0.881648563734418,-0.470624289345589));
#2458=DIRECTION('ref_axis',(0.190231327033672,0.468137013363047,0.862936717804113));
#2459=DIRECTION('center_axis',(0.266817792454902,-0.84289685837019,0.467261331354475));
#2460=DIRECTION('ref_axis',(0.953374624938931,0.301789371122565,-2.77555756156289E-16));
#2461=DIRECTION('center_axis',(-1.,3.98834614358283E-51,2.22044604925031E-16));
#2462=DIRECTION('ref_axis',(-3.98834614358283E-51,-1.,8.85590743756118E-67));
#2463=DIRECTION('',(2.22044604925031E-16,0.,1.));
#2464=DIRECTION('center_axis',(-1.,3.98834614358283E-51,2.22044604925031E-16));
#2465=DIRECTION('ref_axis',(-1.592581493086E-16,-0.696831427350709,-0.717234941881928));
#2466=DIRECTION('',(2.22044604925031E-16,9.02056207507939E-17,1.));
#2467=DIRECTION('center_axis',(-1.,3.98834614358283E-51,2.22044604925031E-16));
#2468=DIRECTION('ref_axis',(-3.98834614358283E-51,-1.,8.85590743756118E-67));
#2469=DIRECTION('',(2.22044604925031E-16,0.,1.));
#2470=DIRECTION('',(5.81142074022316E-32,1.,2.61723122801623E-16));
#2471=DIRECTION('',(2.22044604925031E-16,0.,1.));
#2472=DIRECTION('',(-3.98834614358286E-51,-1.,-1.46563339818606E-49));
#2473=DIRECTION('',(2.22044604925031E-16,0.,1.));
#2474=DIRECTION('center_axis',(-1.,3.98834614358283E-51,2.22044604925031E-16));
#2475=DIRECTION('ref_axis',(1.592581493086E-16,-0.69683142735071,0.717234941881928));
#2476=DIRECTION('center_axis',(1.,-3.98834614358283E-51,-2.22044604925031E-16));
#2477=DIRECTION('ref_axis',(0.,-1.,0.));
#2478=DIRECTION('center_axis',(-1.,3.98834614358283E-51,2.22044604925031E-16));
#2479=DIRECTION('ref_axis',(-3.98834614358283E-51,-1.,8.85590743756118E-67));
#2480=DIRECTION('',(2.22044604925031E-16,9.02056207507939E-17,1.));
#2481=DIRECTION('',(5.81142074022316E-32,1.,2.61723122801623E-16));
#2482=DIRECTION('',(2.22044604925031E-16,9.02056207507939E-17,1.));
#2483=DIRECTION('',(-2.22044604925031E-16,-9.02056207507939E-17,-1.));
#2484=DIRECTION('center_axis',(0.266817317569622,-0.842895606853407,-0.467263860139192));
#2485=DIRECTION('ref_axis',(0.760040381864994,0.482146853392076,-0.435744225089254));
#2486=DIRECTION('center_axis',(0.0347647572005566,-0.881648563812693,-0.470624289198721));
#2487=DIRECTION('ref_axis',(0.19023132703366,0.468137013219867,-0.862936717881789));
#2488=DIRECTION('center_axis',(1.86660602500872E-14,-0.725800006480619,
-0.687905771594289));
#2489=DIRECTION('ref_axis',(0.166666666666613,0.678284238001094,-0.715648457485598));
#2490=DIRECTION('center_axis',(1.,-1.99417307179141E-51,-1.11022302462515E-16));
#2491=DIRECTION('ref_axis',(0.,0.,-1.));
#2492=DIRECTION('center_axis',(0.,-0.71723494188193,-0.696831427350708));
#2493=DIRECTION('ref_axis',(0.166666666666661,0.687085053262996,-0.707203189900053));
#2494=DIRECTION('center_axis',(-1.,3.98834614358283E-51,2.22044604925031E-16));
#2495=DIRECTION('ref_axis',(1.61159975693577E-16,-0.68790577159427,0.725800006480636));
#2496=DIRECTION('center_axis',(1.,-1.99417307179141E-51,-1.11022302462515E-16));
#2497=DIRECTION('ref_axis',(0.,-0.68790577159427,0.725800006480637));
#2498=DIRECTION('center_axis',(1.,-1.99417307179141E-51,-1.11022302462515E-16));
#2499=DIRECTION('ref_axis',(0.,0.,-1.));
#2500=DIRECTION('center_axis',(6.18910635941726E-15,0.717234941881938,-0.696831427350699));
#2501=DIRECTION('ref_axis',(0.166666666666656,0.687085053262987,0.707203189900062));
#2502=DIRECTION('center_axis',(1.,-1.99417307179141E-51,-1.11022302462515E-16));
#2503=DIRECTION('ref_axis',(0.,-0.696831427350709,0.717234941881929));
#2504=DIRECTION('center_axis',(1.,-1.99417307179141E-51,-1.11022302462515E-16));
#2505=DIRECTION('ref_axis',(0.,0.,-1.));
#2506=DIRECTION('center_axis',(0.,0.72580000648063,-0.687905771594277));
#2507=DIRECTION('ref_axis',(0.166666666666657,0.678284238001075,0.715648457485605));
#2508=DIRECTION('center_axis',(1.,-1.99417307179141E-51,-1.11022302462515E-16));
#2509=DIRECTION('ref_axis',(0.,-0.696831427350709,-0.717234941881929));
#2510=DIRECTION('center_axis',(-0.03476475719747,0.88164856373442,-0.470624289345583));
#2511=DIRECTION('ref_axis',(0.190231327033674,0.468137013363044,0.862936717804113));
#2512=DIRECTION('center_axis',(0.266817792454882,-0.842896858370153,0.467261331354554));
#2513=DIRECTION('ref_axis',(0.953374624938933,0.301789371122557,0.));
#2514=DIRECTION('center_axis',(-1.,3.98834614358283E-51,2.22044604925031E-16));
#2515=DIRECTION('ref_axis',(-3.98834614358283E-51,-1.,8.85590743756118E-67));
#2516=DIRECTION('',(-3.98834614358286E-51,-1.,-1.46563339818606E-49));
#2517=DIRECTION('center_axis',(0.,-0.670503799099423,-0.741906096074996));
#2518=DIRECTION('ref_axis',(2.22044604925021E-14,-0.741906096074995,0.670503799099423));
#2519=DIRECTION('center_axis',(0.,0.8789876517411,0.476844532407227));
#2520=DIRECTION('ref_axis',(-1.,0.,0.));
#2521=DIRECTION('center_axis',(-1.,-4.05730310803193E-79,-1.53852585374552E-70));
#2522=DIRECTION('ref_axis',(0.,0.,1.));
#2523=DIRECTION('center_axis',(1.,4.05730310803193E-79,1.53852585374552E-70));
#2524=DIRECTION('ref_axis',(4.11338795102201E-79,-1.,-3.64536240021812E-11));
#2525=DIRECTION('center_axis',(0.,-0.878987652532445,0.476844530948506));
#2526=DIRECTION('ref_axis',(-1.,0.,0.));
#2527=DIRECTION('center_axis',(0.,-0.670505261778157,0.741904774164317));
#2528=DIRECTION('ref_axis',(-1.,0.,0.));
#2529=DIRECTION('center_axis',(-1.2722795500018E-14,-0.115772617079951,
-0.993275742749444));
#2530=DIRECTION('ref_axis',(0.932851511871938,0.357838607033664,-0.0417083698368275));
#2531=DIRECTION('center_axis',(0.,0.868520134870181,0.495653886623603));
#2532=DIRECTION('ref_axis',(1.,0.,0.));
#2533=DIRECTION('center_axis',(-1.,-4.05730310803193E-79,-1.53852585374552E-70));
#2534=DIRECTION('ref_axis',(-1.53852585374552E-70,0.,1.));
#2535=DIRECTION('center_axis',(1.,4.05730310803193E-79,1.53852585374552E-70));
#2536=DIRECTION('ref_axis',(-4.00121225851236E-79,1.,-3.64575280831469E-11));
#2537=DIRECTION('center_axis',(-1.,-5.83407682299482E-62,2.22044604925031E-16));
#2538=DIRECTION('ref_axis',(0.,0.,1.));
#2539=DIRECTION('center_axis',(-1.,-5.83407682299482E-62,2.22044604925031E-16));
#2540=DIRECTION('ref_axis',(0.,0.,1.));
#2541=DIRECTION('center_axis',(0.,-0.670503799099374,-0.74190609607504));
#2542=DIRECTION('ref_axis',(0.,-0.74190609607504,0.670503799099374));
#2543=DIRECTION('center_axis',(0.,0.878987651741157,0.476844532407121));
#2544=DIRECTION('ref_axis',(-1.,0.,0.));
#2545=DIRECTION('center_axis',(-1.,-4.05730870838412E-79,-1.53852691556953E-70));
#2546=DIRECTION('ref_axis',(0.,0.,1.));
#2547=DIRECTION('center_axis',(1.,4.05730870838412E-79,1.53852691556953E-70));
#2548=DIRECTION('ref_axis',(4.11339171303976E-79,-1.,-3.64524039768794E-11));
#2549=DIRECTION('center_axis',(0.,-0.878987652532461,0.476844530948477));
#2550=DIRECTION('ref_axis',(-1.,0.,0.));
#2551=DIRECTION('center_axis',(0.,-0.670505261778128,0.741904774164343));
#2552=DIRECTION('ref_axis',(-1.,0.,0.));
#2553=DIRECTION('center_axis',(-5.14133700413058E-15,-0.115772617079961,
-0.993275742749443));
#2554=DIRECTION('ref_axis',(0.9328515118719,0.357838607033764,-0.0417083698368357));
#2555=DIRECTION('center_axis',(0.,0.868520134870185,0.495653886623596));
#2556=DIRECTION('ref_axis',(1.,0.,0.));
#2557=DIRECTION('center_axis',(-1.,-4.05730870838412E-79,-1.53852691556953E-70));
#2558=DIRECTION('ref_axis',(-1.53852691556953E-70,0.,1.));
#2559=DIRECTION('center_axis',(1.,4.05730870838412E-79,1.53852691556953E-70));
#2560=DIRECTION('ref_axis',(-4.001216693928E-79,1.,-3.6458260098328E-11));
#2561=DIRECTION('center_axis',(-1.,-5.83407682299482E-62,2.22044604925031E-16));
#2562=DIRECTION('ref_axis',(0.,0.,1.));
#2563=DIRECTION('center_axis',(-1.,-5.83407682299482E-62,2.22044604925031E-16));
#2564=DIRECTION('ref_axis',(0.,0.,1.));
#2565=DIRECTION('center_axis',(-1.,-4.05730310803193E-79,-1.53852585374552E-70));
#2566=DIRECTION('ref_axis',(0.,0.,1.));
#2567=DIRECTION('center_axis',(0.,-0.868519941238157,0.495654225919308));
#2568=DIRECTION('ref_axis',(1.,0.,0.));
#2569=DIRECTION('center_axis',(-1.,-4.05730310803193E-79,-1.53852585374552E-70));
#2570=DIRECTION('ref_axis',(0.,1.,-3.64575280831469E-11));
#2571=DIRECTION('center_axis',(0.,-0.115771761354764,0.993275842489293));
#2572=DIRECTION('ref_axis',(1.,0.,0.));
#2573=DIRECTION('center_axis',(-1.,-4.05730870838412E-79,-1.53852691556953E-70));
#2574=DIRECTION('ref_axis',(0.,0.,1.));
#2575=DIRECTION('center_axis',(0.,-0.868519941238157,0.495654225919308));
#2576=DIRECTION('ref_axis',(1.,0.,0.));
#2577=DIRECTION('center_axis',(-1.,-4.05730870838412E-79,-1.53852691556953E-70));
#2578=DIRECTION('ref_axis',(0.,1.,-3.6458260098328E-11));
#2579=DIRECTION('center_axis',(5.14129900229952E-15,-0.115771761354805,
0.993275842489289));
#2580=DIRECTION('ref_axis',(1.,4.44089209849974E-14,0.));
#2581=DIRECTION('center_axis',(-1.,0.,0.));
#2582=DIRECTION('ref_axis',(0.,0.,1.));
#2583=DIRECTION('',(-1.,0.,0.));
#2584=DIRECTION('center_axis',(-1.,0.,0.));
#2585=DIRECTION('ref_axis',(0.,0.,1.));
#2586=DIRECTION('',(-1.,0.,0.));
#2587=DIRECTION('center_axis',(0.,-1.,4.51310172611851E-17));
#2588=DIRECTION('ref_axis',(-2.22044604925031E-16,-4.51310172611851E-17,
-1.));
#2589=DIRECTION('',(-1.,9.80928266728123E-33,2.17351242284487E-16));
#2590=DIRECTION('',(0.,-4.51310172611851E-17,-1.));
#2591=DIRECTION('',(1.,0.,0.));
#2592=DIRECTION('',(-2.22044604925031E-16,-4.51310172611851E-17,-1.));
#2593=DIRECTION('center_axis',(-1.,0.,0.));
#2594=DIRECTION('ref_axis',(0.,0.,1.));
#2595=DIRECTION('center_axis',(-1.,0.,0.));
#2596=DIRECTION('ref_axis',(0.,0.,1.));
#2597=DIRECTION('center_axis',(0.,-1.46563339818606E-49,1.));
#2598=DIRECTION('ref_axis',(6.60062602593252E-34,-1.,-1.46563339818606E-49));
#2599=DIRECTION('',(-1.,0.,0.));
#2600=DIRECTION('',(0.,-1.,-1.46563339818606E-49));
#2601=DIRECTION('',(1.,0.,0.));
#2602=DIRECTION('',(-3.98834614358286E-51,-1.,-1.46563339818606E-49));
#2603=DIRECTION('',(1.,0.,0.));
#2604=DIRECTION('',(-3.98834614358286E-51,-1.,-1.46563339818606E-49));
#2605=DIRECTION('',(-1.,0.,0.));
#2606=DIRECTION('center_axis',(0.,2.61723122801623E-16,-1.));
#2607=DIRECTION('ref_axis',(5.74541447996384E-32,1.,2.61723122801623E-16));
#2608=DIRECTION('',(1.,0.,0.));
#2609=DIRECTION('',(5.81142074022316E-32,1.,2.61723122801623E-16));
#2610=DIRECTION('',(-1.,0.,0.));
#2611=DIRECTION('',(0.,1.,2.61723122801623E-16));
#2612=DIRECTION('',(-1.,0.,0.));
#2613=DIRECTION('',(0.,1.,2.61723122801623E-16));
#2614=DIRECTION('',(1.,0.,0.));
#2615=DIRECTION('center_axis',(-1.,0.,0.));
#2616=DIRECTION('ref_axis',(0.,0.707106781186547,-0.707106781186548));
#2617=DIRECTION('',(-1.,0.,0.));
#2618=DIRECTION('center_axis',(1.,-3.98834614358283E-51,-2.22044604925031E-16));
#2619=DIRECTION('ref_axis',(0.,0.707106781186547,-0.707106781186548));
#2620=DIRECTION('center_axis',(1.,0.,0.));
#2621=DIRECTION('ref_axis',(0.,0.,-1.));
#2622=DIRECTION('center_axis',(1.,-3.98834614358283E-51,-2.22044604925031E-16));
#2623=DIRECTION('ref_axis',(0.,0.,-1.));
#2624=DIRECTION('',(1.,0.,0.));
#2625=DIRECTION('center_axis',(1.,0.,-1.10933564796705E-31));
#2626=DIRECTION('ref_axis',(-1.15555796663234E-31,0.,-1.));
#2627=DIRECTION('center_axis',(-1.,0.,1.10933564796705E-31));
#2628=DIRECTION('ref_axis',(-1.10933564796705E-31,0.,-1.));
#2629=DIRECTION('center_axis',(1.,0.,0.));
#2630=DIRECTION('ref_axis',(0.,0.,-1.));
#2631=DIRECTION('center_axis',(1.,-3.98834614358283E-51,-2.22044604925031E-16));
#2632=DIRECTION('ref_axis',(0.,0.,-1.));
#2633=DIRECTION('',(1.,0.,0.));
#2634=DIRECTION('center_axis',(1.,0.,-1.10933564796705E-31));
#2635=DIRECTION('ref_axis',(-1.15555796663234E-31,0.,-1.));
#2636=DIRECTION('center_axis',(-1.,0.,1.10933564796705E-31));
#2637=DIRECTION('ref_axis',(-1.10933564796705E-31,0.,-1.));
#2638=DIRECTION('center_axis',(1.,0.,0.));
#2639=DIRECTION('ref_axis',(0.,0.,-1.));
#2640=DIRECTION('center_axis',(1.,-3.98834614358283E-51,-2.22044604925031E-16));
#2641=DIRECTION('ref_axis',(0.,0.,-1.));
#2642=DIRECTION('',(1.,0.,0.));
#2643=DIRECTION('center_axis',(1.,0.,-1.10933564796705E-31));
#2644=DIRECTION('ref_axis',(-1.15555796663234E-31,0.,-1.));
#2645=DIRECTION('center_axis',(-1.,0.,1.10933564796705E-31));
#2646=DIRECTION('ref_axis',(-1.10933564796705E-31,0.,-1.));
#2647=DIRECTION('center_axis',(1.,0.,0.));
#2648=DIRECTION('ref_axis',(0.,0.,-1.));
#2649=DIRECTION('center_axis',(1.,-3.98834614358283E-51,-2.22044604925031E-16));
#2650=DIRECTION('ref_axis',(0.,0.,-1.));
#2651=DIRECTION('',(1.,0.,0.));
#2652=DIRECTION('center_axis',(1.,0.,-1.10933564796705E-31));
#2653=DIRECTION('ref_axis',(-1.15555796663234E-31,0.,-1.));
#2654=DIRECTION('center_axis',(-1.,0.,1.10933564796705E-31));
#2655=DIRECTION('ref_axis',(-1.10933564796705E-31,0.,-1.));
#2656=DIRECTION('center_axis',(0.,9.02056207507939E-17,1.));
#2657=DIRECTION('ref_axis',(1.,0.,0.));
#2658=DIRECTION('',(1.,0.,0.));
#2659=DIRECTION('',(2.00296714216272E-32,-1.,9.02056207507939E-17));
#2660=DIRECTION('',(1.,0.,0.));
#2661=DIRECTION('center_axis',(0.,-9.02056207507939E-17,-1.));
#2662=DIRECTION('ref_axis',(-1.,0.,0.));
#2663=DIRECTION('',(-1.,0.,0.));
#2664=DIRECTION('',(-2.00296714216272E-32,1.,-9.02056207507939E-17));
#2665=DIRECTION('center_axis',(0.,1.,-9.02056207507939E-17));
#2666=DIRECTION('ref_axis',(0.,9.02056207507939E-17,1.));
#2667=DIRECTION('',(2.22044604925031E-16,9.02056207507939E-17,1.));
#2668=DIRECTION('center_axis',(1.,-3.98834614358283E-51,-2.22044604925031E-16));
#2669=DIRECTION('ref_axis',(-2.22044604925031E-16,0.,-1.));
#2670=DIRECTION('',(3.98834614358283E-51,1.,-2.2139768593903E-67));
#2671=DIRECTION('center_axis',(1.,-3.98834614358283E-51,-2.22044604925031E-16));
#2672=DIRECTION('ref_axis',(0.,-0.707106781186547,-0.707106781186548));
#2673=DIRECTION('center_axis',(1.,-3.98834614358283E-51,-2.22044604925031E-16));
#2674=DIRECTION('ref_axis',(0.,0.70710678118655,0.707106781186545));
#2675=DIRECTION('center_axis',(1.,-3.98834614358283E-51,-2.22044604925031E-16));
#2676=DIRECTION('ref_axis',(0.,-0.707106781186546,0.707106781186549));
#2677=DIRECTION('',(-2.22044604925031E-16,-4.51310172611851E-17,-1.));
#2678=DIRECTION('',(-4.59173984412694E-32,-1.,-2.06793578509924E-16));
#2679=DIRECTION('center_axis',(1.,-3.98834614358283E-51,-2.22044604925031E-16));
#2680=DIRECTION('ref_axis',(0.,0.707106781186549,0.707106781186546));
#2681=DIRECTION('',(-2.22044604925031E-16,-9.02620345223701E-17,-1.));
#2682=DIRECTION('center_axis',(-1.,0.,0.));
#2683=DIRECTION('ref_axis',(0.,0.707106781186549,0.707106781186546));
#2684=DIRECTION('',(-1.,0.,0.));
#2685=DIRECTION('',(1.,0.,0.));
#2686=DIRECTION('center_axis',(0.,-2.06793578509924E-16,1.));
#2687=DIRECTION('ref_axis',(4.38224171373865E-32,1.,2.06793578509924E-16));
#2688=DIRECTION('center_axis',(0.,1.,-9.02620345223701E-17));
#2689=DIRECTION('ref_axis',(-2.22044604925031E-16,-9.02620345223701E-17,
-1.));
#2690=DIRECTION('center_axis',(0.,-1.,4.51310172611851E-17));
#2691=DIRECTION('ref_axis',(-2.22044604925031E-16,-4.51310172611851E-17,
-1.));
#2692=DIRECTION('',(-1.,0.,0.));
#2693=DIRECTION('',(-2.22044604925031E-16,-4.51310172611851E-17,-1.));
#2694=DIRECTION('center_axis',(0.,-1.,4.51310172611851E-17));
#2695=DIRECTION('ref_axis',(-2.22044604925031E-16,-4.51310172611851E-17,
-1.));
#2696=DIRECTION('',(0.,-4.51310172611851E-17,-1.));
#2697=DIRECTION('',(-2.22044604925031E-16,-4.51310172611851E-17,-1.));
#2698=DIRECTION('',(-1.,0.,0.));
#2699=DIRECTION('center_axis',(-2.17351242284487E-16,0.,-1.));
#2700=DIRECTION('ref_axis',(1.,2.52932272624371E-48,-2.17351242284487E-16));
#2701=DIRECTION('center_axis',(-1.,-5.83407682299482E-62,2.22044604925031E-16));
#2702=DIRECTION('ref_axis',(0.,-1.,9.60192886162292E-17));
#2703=DIRECTION('center_axis',(1.,0.,0.));
#2704=DIRECTION('ref_axis',(0.,-1.,0.));
#2705=DIRECTION('',(1.,0.,0.));
#2706=DIRECTION('',(0.,-3.05382285387303E-15,-1.));
#2707=DIRECTION('',(0.,3.05382285387303E-15,1.));
#2708=DIRECTION('center_axis',(0.,-1.,3.05382285387303E-15));
#2709=DIRECTION('ref_axis',(0.,3.05382285387303E-15,1.));
#2710=DIRECTION('',(0.,-3.05382285387303E-15,-1.));
#2711=DIRECTION('',(-1.,0.,0.));
#2712=DIRECTION('',(0.,0.,1.));
#2713=DIRECTION('',(0.,0.,-1.));
#2714=DIRECTION('center_axis',(0.,-1.,0.));
#2715=DIRECTION('ref_axis',(0.,0.,1.));
#2716=DIRECTION('',(-1.,0.,0.));
#2717=DIRECTION('',(-2.22044604925031E-16,0.,-1.));
#2718=DIRECTION('',(0.,0.,1.));
#2719=DIRECTION('',(0.,0.,-1.));
#2720=DIRECTION('center_axis',(1.,0.,0.));
#2721=DIRECTION('ref_axis',(0.,0.,-1.));
#2722=DIRECTION('',(0.,1.,0.));
#2723=DIRECTION('center_axis',(-1.,0.,0.));
#2724=DIRECTION('ref_axis',(0.,-1.,0.));
#2725=DIRECTION('center_axis',(-1.,0.,0.));
#2726=DIRECTION('ref_axis',(0.,-0.707106781186547,-0.707106781186548));
#2727=DIRECTION('',(0.,1.,0.));
#2728=DIRECTION('center_axis',(-1.,0.,0.));
#2729=DIRECTION('ref_axis',(0.,-0.707106781186547,-0.707106781186548));
#2730=DIRECTION('center_axis',(-1.,0.,0.));
#2731=DIRECTION('ref_axis',(0.,0.70710678118655,0.707106781186545));
#2732=DIRECTION('center_axis',(1.,0.,0.));
#2733=DIRECTION('ref_axis',(0.,-0.707106781186546,0.707106781186549));
#2734=DIRECTION('center_axis',(-1.,3.98834614358283E-51,2.22044604925031E-16));
#2735=DIRECTION('ref_axis',(0.,-0.707106781186546,0.707106781186549));
#2736=DIRECTION('center_axis',(-1.,3.98834614358283E-51,2.22044604925031E-16));
#2737=DIRECTION('ref_axis',(-3.98834614358283E-51,-1.,8.85590743756118E-67));
#2738=DIRECTION('',(-3.98834614358283E-51,-1.,0.));
#2739=DIRECTION('center_axis',(0.,1.,0.));
#2740=DIRECTION('ref_axis',(1.03517961302676E-50,0.,-1.));
#2741=DIRECTION('center_axis',(0.,0.,1.));
#2742=DIRECTION('ref_axis',(0.,1.,0.));
#2743=CARTESIAN_POINT('',(0.,0.,0.));
#2744=CARTESIAN_POINT('Origin',(-1.62689999999995,-19.9339263702527,-0.905545081148026));
#2745=CARTESIAN_POINT('',(-4.90000000000001,-26.38,-0.0700000000011602));
#2746=CARTESIAN_POINT('',(-4.9,-26.3209056877901,-2.11239850942723));
#2747=CARTESIAN_POINT('Origin',(-4.9,-19.9339263702527,-0.905545081148026));
#2748=CARTESIAN_POINT('',(7.6671056877902,-26.3209056877901,-2.11239850942723));
#2749=CARTESIAN_POINT('',(-1.62689999999995,-26.3209056877901,-2.11239850942723));
#2750=CARTESIAN_POINT('',(7.72620000000013,-26.38,-0.0700000000011602));
#2751=CARTESIAN_POINT('Origin',(1.28012637025284,-19.9339263702527,-0.905545081148026));
#2752=CARTESIAN_POINT('',(-1.62689999999995,-26.38,-0.0700000000011587));
#2753=CARTESIAN_POINT('Origin',(-4.90000000000001,-26.5,-0.200000000000155));
#2754=CARTESIAN_POINT('',(7.84620000000013,-26.5,-0.200000000000155));
#2755=CARTESIAN_POINT('',(7.84620000000013,-26.5,13.4529999999999));
#2756=CARTESIAN_POINT('',(7.84620000000013,-26.5,0.494999999999594));
#2757=CARTESIAN_POINT('',(39.25,-26.5,-0.200000000000155));
#2758=CARTESIAN_POINT('',(-4.90000000000001,-26.5,-0.200000000000155));
#2759=CARTESIAN_POINT('',(39.25,-26.5,98.2));
#2760=CARTESIAN_POINT('',(39.25,-26.5,24.3999999999999));
#2761=CARTESIAN_POINT('',(14.0900000000002,-26.5,98.2));
#2762=CARTESIAN_POINT('',(-4.89999999999999,-26.5,98.2));
#2763=CARTESIAN_POINT('',(14.0900000000002,-26.5,65.445));
#2764=CARTESIAN_POINT('',(14.0900000000002,-26.5,21.9374999999999));
#2765=CARTESIAN_POINT('',(20.5062000000002,-26.5,65.445));
#2766=CARTESIAN_POINT('',(6.79310000000011,-26.5,65.445));
#2767=CARTESIAN_POINT('',(20.5062000000002,-26.5,30.3549999999999));
#2768=CARTESIAN_POINT('',(20.5062000000002,-26.5,24.5874999999999));
#2769=CARTESIAN_POINT('',(15.7399927954102,-26.5,30.3549999999999));
#2770=CARTESIAN_POINT('',(-1.62689999999994,-26.5,30.3549999999999));
#2771=CARTESIAN_POINT('',(15.7399927954101,-26.5,13.4529999999999));
#2772=CARTESIAN_POINT('',(15.7399927954101,-26.5,6.88649999999981));
#2773=CARTESIAN_POINT('',(-1.66499999999994,-26.5,13.4529999999999));
#2774=CARTESIAN_POINT('Origin',(3.83500000000009,-19.9354667217148,98.8973437968183));
#2775=CARTESIAN_POINT('',(13.9150808509641,-26.3250808509639,100.090168712428));
#2776=CARTESIAN_POINT('',(13.9700000000002,-26.38,98.0500000000002));
#2777=CARTESIAN_POINT('Origin',(7.52546672171504,-19.9354667217148,98.8973437968183));
#2778=CARTESIAN_POINT('',(-4.9,-26.3250808509639,100.090168712428));
#2779=CARTESIAN_POINT('',(3.83500000000009,-26.3250808509639,100.090168712428));
#2780=CARTESIAN_POINT('',(-4.89999999999999,-26.38,98.0500000000002));
#2781=CARTESIAN_POINT('Origin',(-4.9,-19.9354667217148,98.8973437968183));
#2782=CARTESIAN_POINT('',(3.83500000000009,-26.38,98.0500000000002));
#2783=CARTESIAN_POINT('Origin',(-4.89999999999999,-16.2,98.2));
#2784=CARTESIAN_POINT('Origin',(3.79000000000021,-16.2,98.2));
#2785=CARTESIAN_POINT('',(39.25,-16.2,108.5));
#2786=CARTESIAN_POINT('Origin',(39.25,-16.2,98.2));
#2787=CARTESIAN_POINT('',(-4.89999999999998,-16.2,108.5));
#2788=CARTESIAN_POINT('',(-4.89999999999999,-16.2,108.5));
#2789=CARTESIAN_POINT('Origin',(-4.9,-16.2,98.2));
#2790=CARTESIAN_POINT('Origin',(7.78620000000013,-26.44,1.18999999999934));
#2791=CARTESIAN_POINT('',(7.72620000000013,-26.38,13.5729999999999));
#2792=CARTESIAN_POINT('',(7.84620000000013,-26.5,13.4529999999999));
#2793=CARTESIAN_POINT('',(7.72620000000013,-26.38,1.18999999999934));
#2794=CARTESIAN_POINT('Origin',(-2.45379999999978,-16.2,-0.200000000000181));
#2795=CARTESIAN_POINT('Origin',(-1.66499999999994,-26.44,13.5129999999999));
#2796=CARTESIAN_POINT('',(15.6199927954101,-26.38,13.5729999999999));
#2797=CARTESIAN_POINT('',(15.7399927954101,-26.5,13.4529999999999));
#2798=CARTESIAN_POINT('',(-1.66499999999994,-26.38,13.5729999999999));
#2799=CARTESIAN_POINT('Origin',(15.6799927954101,-26.44,6.88649999999981));
#2800=CARTESIAN_POINT('',(15.6199927954102,-26.38,30.4749999999999));
#2801=CARTESIAN_POINT('',(15.7399927954102,-26.5,30.3549999999999));
#2802=CARTESIAN_POINT('',(15.6199927954101,-26.38,6.88649999999981));
#2803=CARTESIAN_POINT('Origin',(-1.62689999999994,-26.44,30.4149999999999));
#2804=CARTESIAN_POINT('',(20.3862000000002,-26.38,30.4749999999999));
#2805=CARTESIAN_POINT('',(20.5062000000002,-26.5,30.3549999999999));
#2806=CARTESIAN_POINT('',(-1.62689999999994,-26.38,30.4749999999999));
#2807=CARTESIAN_POINT('Origin',(6.79310000000011,-26.44,65.385));
#2808=CARTESIAN_POINT('',(13.9700000000002,-26.38,65.325));
#2809=CARTESIAN_POINT('',(14.0900000000002,-26.5,65.445));
#2810=CARTESIAN_POINT('',(20.3862000000002,-26.38,65.325));
#2811=CARTESIAN_POINT('',(6.79310000000011,-26.38,65.325));
#2812=CARTESIAN_POINT('',(20.3862000000002,-26.38,65.325));
#2813=CARTESIAN_POINT('Origin',(14.0300000000002,-26.44,44.075));
#2814=CARTESIAN_POINT('',(13.9700000000002,-26.38,44.075));
#2815=CARTESIAN_POINT('Origin',(20.4462000000002,-26.44,24.5874999999999));
#2816=CARTESIAN_POINT('',(20.3862000000002,-26.38,24.5874999999999));
#2817=CARTESIAN_POINT('Origin',(7.72620000000013,-18.7,2.57999999999884));
#2818=CARTESIAN_POINT('',(7.72620000000013,-18.7,13.5729999999999));
#2819=CARTESIAN_POINT('',(7.72620000000013,-18.7,13.5729999999999));
#2820=CARTESIAN_POINT('',(7.72620000000012,-18.7,-0.0700000000011602));
#2821=CARTESIAN_POINT('',(7.72620000000013,-18.7,50.3899999999994));
#2822=CARTESIAN_POINT('',(7.72620000000013,-18.7,-0.0700000000011602));
#2823=CARTESIAN_POINT('Origin',(1.57000000000012,-18.7,13.5729999999999));
#2824=CARTESIAN_POINT('',(15.6199927954101,-18.7,13.5729999999999));
#2825=CARTESIAN_POINT('',(15.6199927954101,-18.7,13.5729999999999));
#2826=CARTESIAN_POINT('',(15.6,-18.7,13.5729999999999));
#2827=CARTESIAN_POINT('',(-1.66499999999994,-18.7,13.5729999999999));
#2828=CARTESIAN_POINT('',(-1.66499999999994,-18.7,13.5729999999999));
#2829=CARTESIAN_POINT('Origin',(15.6199927954101,-18.7,13.9729999999999));
#2830=CARTESIAN_POINT('',(15.6199927954102,-18.7,30.4749999999999));
#2831=CARTESIAN_POINT('',(15.6199927954102,-18.7,30.4749999999999));
#2832=CARTESIAN_POINT('',(15.6199927954102,-18.7,30.5269999999999));
#2833=CARTESIAN_POINT('Origin',(1.64620000000013,-18.7,30.4749999999999));
#2834=CARTESIAN_POINT('',(20.3862000000002,-18.7,30.4749999999999));
#2835=CARTESIAN_POINT('',(20.3862000000002,-18.7,30.4749999999999));
#2836=CARTESIAN_POINT('',(-1.62689999999993,-18.7,30.4749999999999));
#2837=CARTESIAN_POINT('Origin',(20.3862000000002,-18.7,49.375));
#2838=CARTESIAN_POINT('',(20.3862000000002,-18.7,65.325));
#2839=CARTESIAN_POINT('',(20.3862000000002,-18.7,65.325));
#2840=CARTESIAN_POINT('',(20.3862000000002,-18.7,73.5875));
#2841=CARTESIAN_POINT('Origin',(18.4862000000002,-18.7,65.325));
#2842=CARTESIAN_POINT('',(13.9700000000002,-18.7,65.325));
#2843=CARTESIAN_POINT('',(13.9700000000002,-18.7,65.325));
#2844=CARTESIAN_POINT('',(19.1,-18.7,65.325));
#2845=CARTESIAN_POINT('',(6.79310000000009,-18.7,65.325));
#2846=CARTESIAN_POINT('',(18.6862000000002,-18.7,65.325));
#2847=CARTESIAN_POINT('Origin',(13.9700000000002,-18.7,88.3500000000002));
#2848=CARTESIAN_POINT('',(13.9700000000002,-18.7,98.0500000000002));
#2849=CARTESIAN_POINT('',(13.9700000000002,-18.7,98.0500000000002));
#2850=CARTESIAN_POINT('',(13.9700000000002,-18.7,93.2750000000001));
#2851=CARTESIAN_POINT('Origin',(12.5700000000002,-18.7,98.0500000000002));
#2852=CARTESIAN_POINT('',(-4.89999999999999,-18.7,98.0499999999999));
#2853=CARTESIAN_POINT('',(-4.89999999999999,0.125000000000013,98.0500000000002));
#2854=CARTESIAN_POINT('',(-3.95189999999993,-18.7,98.0500000000002));
#2855=CARTESIAN_POINT('Origin',(39.675,-26.075,24.3999999999999));
#2856=CARTESIAN_POINT('',(40.1,-25.65,-0.200000000000156));
#2857=CARTESIAN_POINT('',(39.25,-26.5,-0.200000000000155));
#2858=CARTESIAN_POINT('',(40.1,-25.65,98.2));
#2859=CARTESIAN_POINT('',(40.1,-25.65,24.3999999999999));
#2860=CARTESIAN_POINT('',(40.1,-25.65,98.2));
#2861=CARTESIAN_POINT('Origin',(39.675,-16.2,-0.200000000000181));
#2862=CARTESIAN_POINT('',(39.25,-16.2,-10.5000000000002));
#2863=CARTESIAN_POINT('',(40.1,-16.2,-9.65000000000021));
#2864=CARTESIAN_POINT('',(39.25,-16.2,-10.5000000000002));
#2865=CARTESIAN_POINT('Origin',(40.1,-16.2,-0.200000000000181));
#2866=CARTESIAN_POINT('Origin',(39.25,-16.2,-0.200000000000181));
#2867=CARTESIAN_POINT('Origin',(39.675,48.225,-10.0750000000002));
#2868=CARTESIAN_POINT('',(39.25,78.7,-10.5000000000002));
#2869=CARTESIAN_POINT('',(40.1,78.7,-9.65000000000019));
#2870=CARTESIAN_POINT('',(39.25,78.7,-10.5000000000002));
#2871=CARTESIAN_POINT('',(40.1,48.225,-9.65000000000019));
#2872=CARTESIAN_POINT('',(39.25,48.225,-10.5000000000002));
#2873=CARTESIAN_POINT('Origin',(39.675,78.7,-0.200000000000173));
#2874=CARTESIAN_POINT('',(39.25,89.,-0.200000000000174));
#2875=CARTESIAN_POINT('Origin',(39.25,78.7,-0.200000000000173));
#2876=CARTESIAN_POINT('',(40.1,88.15,-0.200000000000174));
#2877=CARTESIAN_POINT('',(39.25,89.,-0.200000000000174));
#2878=CARTESIAN_POINT('Origin',(40.1,78.7,-0.200000000000174));
#2879=CARTESIAN_POINT('Origin',(39.675,88.575,73.6));
#2880=CARTESIAN_POINT('',(39.25,89.,98.2));
#2881=CARTESIAN_POINT('',(40.1,88.15,98.2));
#2882=CARTESIAN_POINT('',(39.25,89.,98.2));
#2883=CARTESIAN_POINT('',(40.1,88.15,73.6));
#2884=CARTESIAN_POINT('',(39.25,89.,73.6));
#2885=CARTESIAN_POINT('Origin',(39.675,78.7,98.2));
#2886=CARTESIAN_POINT('',(39.25,78.7,108.5));
#2887=CARTESIAN_POINT('Origin',(39.25,78.7,98.2));
#2888=CARTESIAN_POINT('',(40.1,78.7,107.65));
#2889=CARTESIAN_POINT('',(39.25,78.7,108.5));
#2890=CARTESIAN_POINT('Origin',(40.1,78.7,98.2));
#2891=CARTESIAN_POINT('Origin',(39.675,5.275,108.075));
#2892=CARTESIAN_POINT('',(40.1,-16.2,107.65));
#2893=CARTESIAN_POINT('',(39.25,-16.2,108.5));
#2894=CARTESIAN_POINT('',(40.1,5.275,107.65));
#2895=CARTESIAN_POINT('',(39.25,5.275,108.5));
#2896=CARTESIAN_POINT('Origin',(39.675,-16.2,98.2));
#2897=CARTESIAN_POINT('Origin',(40.1,-16.2,98.2));
#2898=CARTESIAN_POINT('Origin',(-4.9,78.7,-0.200000000000173));
#2899=CARTESIAN_POINT('',(-4.90000000000001,78.7,-10.5000000000002));
#2900=CARTESIAN_POINT('',(-4.9,78.7,-10.5000000000002));
#2901=CARTESIAN_POINT('',(-4.90000000000001,89.,-0.200000000000173));
#2902=CARTESIAN_POINT('Origin',(-4.9,78.7,-0.200000000000173));
#2903=CARTESIAN_POINT('',(-4.9,89.,-0.200000000000174));
#2904=CARTESIAN_POINT('Origin',(-4.90000000000001,69.7,-10.5000000000002));
#2905=CARTESIAN_POINT('',(-4.90000000000001,-16.2,-10.5000000000002));
#2906=CARTESIAN_POINT('',(-4.90000000000001,-16.2,-10.5000000000002));
#2907=CARTESIAN_POINT('',(-4.90000000000001,48.225,-10.5000000000002));
#2908=CARTESIAN_POINT('Origin',(-4.90000000000001,-16.2,-0.200000000000181));
#2909=CARTESIAN_POINT('Origin',(-4.9,-16.2,-0.200000000000181));
#2910=CARTESIAN_POINT('Origin',(40.1,26.75,48.9999999999999));
#2911=CARTESIAN_POINT('',(40.1,68.51,50.9999999999999));
#2912=CARTESIAN_POINT('Origin',(40.1,42.01,50.9999999999999));
#2913=CARTESIAN_POINT('',(40.1000000000003,73.,6.89999999999982));
#2914=CARTESIAN_POINT('Origin',(40.1,73.,12.9999999999998));
#2915=CARTESIAN_POINT('',(40.1000000000003,73.,78.9000000000003));
#2916=CARTESIAN_POINT('Origin',(40.1,73.,85.0000000000003));
#2917=CARTESIAN_POINT('Ctrl Pts',(29.0311398625758,72.6976248253316,24.0048450514277));
#2918=CARTESIAN_POINT('Ctrl Pts',(29.0311398625758,72.6976248253316,24.0651257015346));
#2919=CARTESIAN_POINT('Ctrl Pts',(29.0352576977695,72.6870737835436,24.1857723594762));
#2920=CARTESIAN_POINT('Ctrl Pts',(29.0513851402813,72.6458447176921,24.3616365620317));
#2921=CARTESIAN_POINT('Ctrl Pts',(29.1036026451795,72.5098025980384,24.5081706832657));
#2922=CARTESIAN_POINT('Ctrl Pts',(29.1758194716336,72.3129844630836,24.4730518051357));
#2923=CARTESIAN_POINT('Ctrl Pts',(29.2523108703292,72.094488228373,24.3778756772004));
#2924=CARTESIAN_POINT('Ctrl Pts',(29.3066948978907,71.9297489880793,24.2932973030632));
#2925=CARTESIAN_POINT('Ctrl Pts',(29.3413261923185,71.8203461719551,24.2369633645419));
#2926=CARTESIAN_POINT('Ctrl Pts',(29.0765123612312,72.5817692844775,24.0048450514277));
#2927=CARTESIAN_POINT('Ctrl Pts',(29.0736104268181,72.5891396532168,24.0593394155726));
#2928=CARTESIAN_POINT('Ctrl Pts',(29.0709798612196,72.5954811963799,24.168696727331));
#2929=CARTESIAN_POINT('Ctrl Pts',(29.075216661261,72.583728993034,24.3296099681007));
#2930=CARTESIAN_POINT('Ctrl Pts',(29.1083205050083,72.496244905999,24.4587976298983));
#2931=CARTESIAN_POINT('Ctrl Pts',(29.1663641539317,72.3385287569056,24.396031580287));
#2932=CARTESIAN_POINT('Ctrl Pts',(29.2338168721313,72.1480931015498,24.2646556651631));
#2933=CARTESIAN_POINT('Ctrl Pts',(29.2844540902201,71.9975763887326,24.15572286838));
#2934=CARTESIAN_POINT('Ctrl Pts',(29.3171011447231,71.8968748859831,24.0850804882402));
#2935=CARTESIAN_POINT('Ctrl Pts',(29.1,72.4573859254998,24.0048450514277));
#2936=CARTESIAN_POINT('Ctrl Pts',(29.0970297463082,72.4732208143761,24.0535552540773));
#2937=CARTESIAN_POINT('Ctrl Pts',(29.0930908221483,72.4985784047444,24.1516200422516));
#2938=CARTESIAN_POINT('Ctrl Pts',(29.0925556791378,72.519121957007,24.2975778912691));
#2939=CARTESIAN_POINT('Ctrl Pts',(29.1108716500823,72.4818666167428,24.4094152225608));
#2940=CARTESIAN_POINT('Ctrl Pts',(29.1484590570075,72.3609960741502,24.319000533031));
#2941=CARTESIAN_POINT('Ctrl Pts',(29.1936931736762,72.1942355369468,24.1514476658944));
#2942=CARTESIAN_POINT('Ctrl Pts',(29.2279002711337,72.054111152056,24.0182274152342));
#2943=CARTESIAN_POINT('Ctrl Pts',(29.2497908479244,71.9596672775797,23.9333739474516));
#2944=CARTESIAN_POINT('Ctrl Pts',(29.1,72.3329625756782,24.0048450514277));
#2945=CARTESIAN_POINT('Ctrl Pts',(29.1,72.3567171799672,24.048168379587));
#2946=CARTESIAN_POINT('Ctrl Pts',(29.1006369381919,72.4003631548041,24.1353833709679));
#2947=CARTESIAN_POINT('Ctrl Pts',(29.1031315337943,72.4530275905771,24.2663363129963));
#2948=CARTESIAN_POINT('Ctrl Pts',(29.1112084834371,72.4668277119656,24.3603345058557));
#2949=CARTESIAN_POINT('Ctrl Pts',(29.1223797353879,72.3801208460823,24.2437428481883));
#2950=CARTESIAN_POINT('Ctrl Pts',(29.1342140806887,72.2301944668705,24.0451708277891));
#2951=CARTESIAN_POINT('Ctrl Pts',(29.1426306165059,72.0936483786153,23.8947101259718));
#2952=CARTESIAN_POINT('Ctrl Pts',(29.147991923627,72.0007037351525,23.8012191394527));
#2953=CARTESIAN_POINT('',(29.1,72.5181512263953,24.4710428158189));
#2954=CARTESIAN_POINT('',(29.1,72.3329625756782,24.0048450514278));
#2955=CARTESIAN_POINT('Ctrl Pts',(29.1,72.5181512263953,24.4710428158188));
#2956=CARTESIAN_POINT('Ctrl Pts',(29.1,72.5181512263953,24.4603471588896));
#2957=CARTESIAN_POINT('Ctrl Pts',(29.1000000000133,72.5177380448398,24.4496674391489));
#2958=CARTESIAN_POINT('Ctrl Pts',(29.1000000000133,72.5135527441935,24.3955641175461));
#2959=CARTESIAN_POINT('Ctrl Pts',(29.1,72.5008257916474,24.3195058564392));
#2960=CARTESIAN_POINT('Ctrl Pts',(29.1,72.4038378717986,24.1244216814246));
#2961=CARTESIAN_POINT('Ctrl Pts',(29.1,72.3741401666349,24.0717060633103));
#2962=CARTESIAN_POINT('Ctrl Pts',(29.1,72.3396093699169,24.0155160811512));
#2963=CARTESIAN_POINT('Ctrl Pts',(29.1,72.3362963751157,24.0101737572154));
#2964=CARTESIAN_POINT('Ctrl Pts',(29.1,72.3329625756782,24.0048450514277));
#2965=CARTESIAN_POINT('',(29.147991923627,72.0007037351525,23.8012191394526));
#2966=CARTESIAN_POINT('Ctrl Pts',(29.1,72.3329625756782,24.0048450514277));
#2967=CARTESIAN_POINT('Ctrl Pts',(29.1,72.3567171799672,24.048168379587));
#2968=CARTESIAN_POINT('Ctrl Pts',(29.1006369381919,72.4003631548041,24.1353833709679));
#2969=CARTESIAN_POINT('Ctrl Pts',(29.1031315337943,72.4530275905771,24.2663363129963));
#2970=CARTESIAN_POINT('Ctrl Pts',(29.1112084834371,72.4668277119656,24.3603345058557));
#2971=CARTESIAN_POINT('Ctrl Pts',(29.1223797353879,72.3801208460823,24.2437428481883));
#2972=CARTESIAN_POINT('Ctrl Pts',(29.1342140806887,72.2301944668705,24.0451708277891));
#2973=CARTESIAN_POINT('Ctrl Pts',(29.1426306165059,72.0936483786153,23.8947101259718));
#2974=CARTESIAN_POINT('Ctrl Pts',(29.147991923627,72.0007037351525,23.8012191394527));
#2975=CARTESIAN_POINT('',(29.3413261923185,71.8203461719551,24.2369633645419));
#2976=CARTESIAN_POINT('Origin',(28.3879515417619,71.5185568817605,24.2369633645419));
#2977=CARTESIAN_POINT('Ctrl Pts',(29.3413261923185,71.8203461719551,24.2369633645419));
#2978=CARTESIAN_POINT('Ctrl Pts',(29.3066948978907,71.9297489880793,24.2932973030632));
#2979=CARTESIAN_POINT('Ctrl Pts',(29.2523108703292,72.094488228373,24.3778756772004));
#2980=CARTESIAN_POINT('Ctrl Pts',(29.1758194716336,72.3129844630836,24.4730518051357));
#2981=CARTESIAN_POINT('Ctrl Pts',(29.1249752693481,72.4515541227936,24.4977772248385));
#2982=CARTESIAN_POINT('Ctrl Pts',(29.1023261113485,72.5119890395306,24.4733494156282));
#2983=CARTESIAN_POINT('Ctrl Pts',(29.1000879004012,72.51794782996,24.4705411725095));
#2984=CARTESIAN_POINT('Ctrl Pts',(29.3413261923185,71.8203461719551,24.2369633645419));
#2985=CARTESIAN_POINT('Ctrl Pts',(29.4312104319071,71.5363952224266,24.0907507175508));
#2986=CARTESIAN_POINT('Ctrl Pts',(29.6305498763185,70.8280545269292,23.7104218401149));
#2987=CARTESIAN_POINT('Ctrl Pts',(29.7725397732869,70.1249254728177,23.3053115639116));
#2988=CARTESIAN_POINT('Ctrl Pts',(29.9180065660821,69.223430825378,22.8040359387636));
#2989=CARTESIAN_POINT('Ctrl Pts',(30.0120571353202,68.4131084275101,22.3917527309525));
#2990=CARTESIAN_POINT('Ctrl Pts',(30.058372704558,67.588883789065,22.0227892864539));
#2991=CARTESIAN_POINT('Ctrl Pts',(30.0709458899455,67.2700226281635,21.8585141689036));
#2992=CARTESIAN_POINT('Ctrl Pts',(29.3292136685208,71.8586105289691,24.161021926391));
#2993=CARTESIAN_POINT('Ctrl Pts',(29.4165613259509,71.585431174336,23.9962567007744));
#2994=CARTESIAN_POINT('Ctrl Pts',(29.6126745076927,70.9000679854686,23.583708734815));
#2995=CARTESIAN_POINT('Ctrl Pts',(29.7560146755245,70.211645750675,23.1581961099431));
#2996=CARTESIAN_POINT('Ctrl Pts',(29.9052131931153,69.3205544339498,22.6315613591963));
#2997=CARTESIAN_POINT('Ctrl Pts',(30.0042507547006,68.5062364683753,22.1970258848055));
#2998=CARTESIAN_POINT('Ctrl Pts',(30.0533398579532,67.6862509972134,21.8206560206122));
#2999=CARTESIAN_POINT('Ctrl Pts',(30.0667405596401,67.3766715370775,21.65841175858));
#3000=CARTESIAN_POINT('Ctrl Pts',(29.2837652246812,71.9284171378406,24.00914603383));
#3001=CARTESIAN_POINT('Ctrl Pts',(29.3548855688742,71.6752291903152,23.8071727877708));
#3002=CARTESIAN_POINT('Ctrl Pts',(29.5157952498789,71.0282815635019,23.3300785575021));
#3003=CARTESIAN_POINT('Ctrl Pts',(29.634630410626,70.3693401969471,22.8642675283606));
#3004=CARTESIAN_POINT('Ctrl Pts',(29.7598384531841,69.4990539165225,22.2872420174756));
#3005=CARTESIAN_POINT('Ctrl Pts',(29.8444588365675,68.6791405009749,21.8080535102577));
#3006=CARTESIAN_POINT('Ctrl Pts',(29.8863307392343,67.8740454643774,21.4176872270614));
#3007=CARTESIAN_POINT('Ctrl Pts',(29.8978106460564,67.5831118701825,21.2591960043969));
#3008=CARTESIAN_POINT('Ctrl Pts',(29.1988913857757,71.9801855063661,23.8672965434521));
#3009=CARTESIAN_POINT('Ctrl Pts',(29.2342989015561,71.7374391605832,23.6357251631267));
#3010=CARTESIAN_POINT('Ctrl Pts',(29.3127456118997,71.1036949392044,23.1197765276436));
#3011=CARTESIAN_POINT('Ctrl Pts',(29.367915901734,70.453175929855,22.6452826337599));
#3012=CARTESIAN_POINT('Ctrl Pts',(29.4247837154571,69.5847756537521,22.0590997180719));
#3013=CARTESIAN_POINT('Ctrl Pts',(29.4617447209984,68.7567379922892,21.5749993413143));
#3014=CARTESIAN_POINT('Ctrl Pts',(29.4795958886562,67.9649049169657,21.1902824639414));
#3015=CARTESIAN_POINT('Ctrl Pts',(29.4844604665248,67.6852585765779,21.0373045339038));
#3016=CARTESIAN_POINT('Ctrl Pts',(29.147991923627,72.0007037351525,23.8012191394526));
#3017=CARTESIAN_POINT('Ctrl Pts',(29.161906997312,71.7594693620383,23.558566753209));
#3018=CARTESIAN_POINT('Ctrl Pts',(29.1927978576375,71.124888336097,23.0348801703111));
#3019=CARTESIAN_POINT('Ctrl Pts',(29.2149171245661,70.470681539716,22.5686671502079));
#3020=CARTESIAN_POINT('Ctrl Pts',(29.2376763703567,69.5967472028935,21.9934843949233));
#3021=CARTESIAN_POINT('Ctrl Pts',(29.252513993425,68.7637852456732,21.5212585520416));
#3022=CARTESIAN_POINT('Ctrl Pts',(29.2599312491753,67.9757013831443,21.1453710179466));
#3023=CARTESIAN_POINT('Ctrl Pts',(29.2619537345933,67.698758724676,20.9955774510995));
#3024=CARTESIAN_POINT('',(29.2619537345933,67.6987587245328,20.9955774510218));
#3025=CARTESIAN_POINT('',(30.0709458899455,67.2700226281635,21.8585141689036));
#3026=CARTESIAN_POINT('Origin',(29.0717224075596,67.2306217113129,21.8585141689036));
#3027=CARTESIAN_POINT('Ctrl Pts',(30.0709458899455,67.2700226281635,21.8585141689036));
#3028=CARTESIAN_POINT('Ctrl Pts',(30.058372704558,67.588883789065,22.0227892864539));
#3029=CARTESIAN_POINT('Ctrl Pts',(30.0120571353202,68.4131084275101,22.3917527309525));
#3030=CARTESIAN_POINT('Ctrl Pts',(29.9180065660821,69.223430825378,22.8040359387636));
#3031=CARTESIAN_POINT('Ctrl Pts',(29.7725397732869,70.1249254728177,23.3053115639116));
#3032=CARTESIAN_POINT('Ctrl Pts',(29.6305498763185,70.8280545269292,23.7104218401149));
#3033=CARTESIAN_POINT('Ctrl Pts',(29.4312104319071,71.5363952224266,24.0907507175508));
#3034=CARTESIAN_POINT('Ctrl Pts',(29.3413261923185,71.8203461719551,24.2369633645419));
#3035=CARTESIAN_POINT('Ctrl Pts',(29.147991923627,72.0007037351525,23.8012191394526));
#3036=CARTESIAN_POINT('Ctrl Pts',(29.161906997312,71.7594693620383,23.558566753209));
#3037=CARTESIAN_POINT('Ctrl Pts',(29.1927978576375,71.124888336097,23.0348801703111));
#3038=CARTESIAN_POINT('Ctrl Pts',(29.2149171245661,70.470681539716,22.5686671502079));
#3039=CARTESIAN_POINT('Ctrl Pts',(29.2376763703567,69.5967472028935,21.9934843949233));
#3040=CARTESIAN_POINT('Ctrl Pts',(29.252513993425,68.7637852456732,21.5212585520416));
#3041=CARTESIAN_POINT('Ctrl Pts',(29.2599312491753,67.9757013831443,21.1453710179466));
#3042=CARTESIAN_POINT('Ctrl Pts',(29.2619537345933,67.698758724676,20.9955774510995));
#3043=CARTESIAN_POINT('Ctrl Pts',(30.0709458899487,67.270022628081,21.8585141688611));
#3044=CARTESIAN_POINT('Ctrl Pts',(30.1026096833154,66.4670157844657,21.4448104639043));
#3045=CARTESIAN_POINT('Ctrl Pts',(30.1000000000001,65.7380166908743,20.9231038557469));
#3046=CARTESIAN_POINT('Ctrl Pts',(30.1000000000001,65.1,20.3183982066604));
#3047=CARTESIAN_POINT('Ctrl Pts',(30.0661397981714,67.3919070954139,21.6298256999204));
#3048=CARTESIAN_POINT('Ctrl Pts',(30.1004424343137,66.6137159232239,21.2214366357299));
#3049=CARTESIAN_POINT('Ctrl Pts',(30.1000000000001,65.9049365614676,20.7130194187488));
#3050=CARTESIAN_POINT('Ctrl Pts',(30.1000000000001,65.2838802588693,20.1243886510062));
#3051=CARTESIAN_POINT('Ctrl Pts',(29.8722701369234,67.5965626418387,21.2321112077032));
#3052=CARTESIAN_POINT('Ctrl Pts',(29.9000708923348,66.866031349737,20.8333672526405));
#3053=CARTESIAN_POINT('Ctrl Pts',(29.9019327006087,66.1951321569413,20.3480924345919));
#3054=CARTESIAN_POINT('Ctrl Pts',(29.9019327006087,65.6034064585498,19.7872609114593));
#3055=CARTESIAN_POINT('Ctrl Pts',(29.4526737905357,67.6871871690911,21.0313435220352));
#3056=CARTESIAN_POINT('Ctrl Pts',(29.4639354156231,66.984096601924,20.6471936983964));
#3057=CARTESIAN_POINT('Ctrl Pts',(29.4643409570507,66.3330080153447,20.1745474040154));
#3058=CARTESIAN_POINT('Ctrl Pts',(29.4643409570507,65.7552992056424,19.6270009436316));
#3059=CARTESIAN_POINT('Ctrl Pts',(29.2619537345938,67.6987587246043,20.9955774510608));
#3060=CARTESIAN_POINT('Ctrl Pts',(29.2670470787534,67.0013177148225,20.6183434882587));
#3061=CARTESIAN_POINT('Ctrl Pts',(29.2666666666667,66.3539108200317,20.1483226956149));
#3062=CARTESIAN_POINT('Ctrl Pts',(29.2666666666667,65.7782842380011,19.6027497491748));
#3063=CARTESIAN_POINT('',(29.2666666666667,65.7782842380011,19.6027497491748));
#3064=CARTESIAN_POINT('',(30.1000000000001,65.1,20.3183982066604));
#3065=CARTESIAN_POINT('Origin',(29.1000000000001,65.1,20.3183982066604));
#3066=CARTESIAN_POINT('Ctrl Pts',(30.1000000000001,65.1,20.3183982066604));
#3067=CARTESIAN_POINT('Ctrl Pts',(30.1000000000001,65.7380166908743,20.9231038557469));
#3068=CARTESIAN_POINT('Ctrl Pts',(30.1026096833154,66.4670157844657,21.4448104639043));
#3069=CARTESIAN_POINT('Ctrl Pts',(30.0709458899487,67.270022628081,21.8585141688611));
#3070=CARTESIAN_POINT('Ctrl Pts',(29.2619537345938,67.6987587246043,20.9955774510608));
#3071=CARTESIAN_POINT('Ctrl Pts',(29.2670470787534,67.0013177148225,20.6183434882587));
#3072=CARTESIAN_POINT('Ctrl Pts',(29.2666666666667,66.3539108200317,20.1483226956149));
#3073=CARTESIAN_POINT('Ctrl Pts',(29.2666666666667,65.7782842380011,19.6027497491748));
#3074=CARTESIAN_POINT('Origin',(29.1,72.0363024527902,12.9999999999998));
#3075=CARTESIAN_POINT('',(29.2666666666667,65.6970857387164,19.5248316207292));
#3076=CARTESIAN_POINT('',(30.1,65.0100006854534,20.2320348106292));
#3077=CARTESIAN_POINT('Origin',(29.1,65.0100006854534,20.2320348106292));
#3078=CARTESIAN_POINT('Origin',(30.1,72.0363024527902,12.9999999999998));
#3079=CARTESIAN_POINT('Origin',(29.2666666666667,72.0363024527902,12.9999999999998));
#3080=CARTESIAN_POINT('Origin',(29.1,72.0363024527902,12.9999999999998));
#3081=CARTESIAN_POINT('',(29.2666666666667,65.6970857387164,6.47516837927053));
#3082=CARTESIAN_POINT('',(30.1,65.0100006854534,5.76796518937046));
#3083=CARTESIAN_POINT('Origin',(29.1,65.0100006854534,5.76796518937046));
#3084=CARTESIAN_POINT('Origin',(30.1,72.0363024527902,12.9999999999998));
#3085=CARTESIAN_POINT('Origin',(29.2666666666667,72.0363024527902,12.9999999999998));
#3086=CARTESIAN_POINT('Origin',(29.1,72.0363024527902,12.9999999999998));
#3087=CARTESIAN_POINT('',(29.2666666666667,65.7782842380011,6.39725025082493));
#3088=CARTESIAN_POINT('',(30.1,65.1,5.6816017933393));
#3089=CARTESIAN_POINT('Origin',(29.1,65.1,5.6816017933393));
#3090=CARTESIAN_POINT('Origin',(30.1,72.0363024527902,12.9999999999998));
#3091=CARTESIAN_POINT('Origin',(29.2666666666667,72.0363024527902,12.9999999999998));
#3092=CARTESIAN_POINT('Ctrl Pts',(30.1,65.1,5.68160179333928));
#3093=CARTESIAN_POINT('Ctrl Pts',(30.1,65.7380693619591,5.07684622314099));
#3094=CARTESIAN_POINT('Ctrl Pts',(30.1026176818852,66.4668129375009,4.55529404147231));
#3095=CARTESIAN_POINT('Ctrl Pts',(30.0709458899455,67.2700226281634,4.14148583109611));
#3096=CARTESIAN_POINT('Ctrl Pts',(30.1,65.2838802588693,5.87561134899352));
#3097=CARTESIAN_POINT('Ctrl Pts',(30.1,65.9049878323977,5.28693198719125));
#3098=CARTESIAN_POINT('Ctrl Pts',(30.1004510994796,66.6135193449277,4.77866652711979));
#3099=CARTESIAN_POINT('Ctrl Pts',(30.0661397981679,67.3919070954937,4.37017430003741));
#3100=CARTESIAN_POINT('Ctrl Pts',(29.9019414576362,65.6034124373867,6.21274539672975));
#3101=CARTESIAN_POINT('Ctrl Pts',(29.9019414576362,66.195186985338,5.65186757448751));
#3102=CARTESIAN_POINT('Ctrl Pts',(29.9000857300206,66.8658506660294,5.16674011877073));
#3103=CARTESIAN_POINT('Ctrl Pts',(29.8722779518764,67.5965664971749,4.76789543725999));
#3104=CARTESIAN_POINT('Ctrl Pts',(29.4643409570507,65.7552992056424,6.37299905636814));
#3105=CARTESIAN_POINT('Ctrl Pts',(29.4643409570507,66.3330557077486,5.82540739361503));
#3106=CARTESIAN_POINT('Ctrl Pts',(29.4639382604146,66.9839189947367,5.3529033413976));
#3107=CARTESIAN_POINT('Ctrl Pts',(29.4526737905345,67.6871871691633,4.96865647792512));
#3108=CARTESIAN_POINT('Ctrl Pts',(29.2666666666667,65.7782842380011,6.39725025082492));
#3109=CARTESIAN_POINT('Ctrl Pts',(29.2666666666667,66.3539583405386,5.85163226493773));
#3110=CARTESIAN_POINT('Ctrl Pts',(29.2670483653797,67.0011415347658,5.3817518045246));
#3111=CARTESIAN_POINT('Ctrl Pts',(29.2619537345933,67.6987587246759,5.00442254890023));
#3112=CARTESIAN_POINT('',(29.2619537345933,67.6987587246759,5.00442254890023));
#3113=CARTESIAN_POINT('',(30.0709458899455,67.2700226281634,4.14148583109611));
#3114=CARTESIAN_POINT('Origin',(29.0717224075596,67.2306217113128,4.14148583109611));
#3115=CARTESIAN_POINT('Ctrl Pts',(30.0709458899455,67.2700226281634,4.14148583109611));
#3116=CARTESIAN_POINT('Ctrl Pts',(30.1026176818852,66.4668129375009,4.55529404147231));
#3117=CARTESIAN_POINT('Ctrl Pts',(30.1,65.7380693619591,5.07684622314099));
#3118=CARTESIAN_POINT('Ctrl Pts',(30.1,65.1,5.68160179333928));
#3119=CARTESIAN_POINT('Ctrl Pts',(29.2666666666667,65.7782842380011,6.39725025082492));
#3120=CARTESIAN_POINT('Ctrl Pts',(29.2666666666667,66.3539583405386,5.85163226493773));
#3121=CARTESIAN_POINT('Ctrl Pts',(29.2670483653797,67.0011415347658,5.3817518045246));
#3122=CARTESIAN_POINT('Ctrl Pts',(29.2619537345933,67.6987587246759,5.00442254890023));
#3123=CARTESIAN_POINT('Ctrl Pts',(29.1,72.3329625756781,1.995162706683));
#3124=CARTESIAN_POINT('Ctrl Pts',(29.1,72.3567170928311,1.95183974331974));
#3125=CARTESIAN_POINT('Ctrl Pts',(29.1006369216218,72.4003639955613,1.86462347748492));
#3126=CARTESIAN_POINT('Ctrl Pts',(29.1031314738453,72.4530273911635,1.73367371651223));
#3127=CARTESIAN_POINT('Ctrl Pts',(29.1112083938133,72.4668273129465,1.63967667534118));
#3128=CARTESIAN_POINT('Ctrl Pts',(29.1223795179273,72.3801217196832,1.7562656045365));
#3129=CARTESIAN_POINT('Ctrl Pts',(29.1342140890968,72.23019237849,1.95483980336894));
#3130=CARTESIAN_POINT('Ctrl Pts',(29.1426305806906,72.0936478783444,2.10529728775216));
#3131=CARTESIAN_POINT('Ctrl Pts',(29.1479918678743,72.0007036909608,2.19878740909212));
#3132=CARTESIAN_POINT('Ctrl Pts',(29.1,72.4573859254997,1.99516270668302));
#3133=CARTESIAN_POINT('Ctrl Pts',(29.0970297572036,72.4732207562909,1.94645285823815));
#3134=CARTESIAN_POINT('Ctrl Pts',(29.0930907398499,72.4985790876812,1.848386539065));
#3135=CARTESIAN_POINT('Ctrl Pts',(29.0925556370363,72.5191222094008,1.70243209299922));
#3136=CARTESIAN_POINT('Ctrl Pts',(29.1108715873177,72.4818669381195,1.59059568391352));
#3137=CARTESIAN_POINT('Ctrl Pts',(29.1484585193616,72.360997973296,1.68100785640184));
#3138=CARTESIAN_POINT('Ctrl Pts',(29.1936935238523,72.1942342030959,1.84856230030436));
#3139=CARTESIAN_POINT('Ctrl Pts',(29.2279002267558,72.0541110509725,1.98177971411926));
#3140=CARTESIAN_POINT('Ctrl Pts',(29.2497907128291,71.959667602704,2.06663238402773));
#3141=CARTESIAN_POINT('Ctrl Pts',(29.0765123612312,72.5817692844774,1.99516270668305));
#3142=CARTESIAN_POINT('Ctrl Pts',(29.0736104374629,72.589139626181,1.94066868537043));
#3143=CARTESIAN_POINT('Ctrl Pts',(29.070979753128,72.5954816754425,1.83130955428231));
#3144=CARTESIAN_POINT('Ctrl Pts',(29.0752165092806,72.5837296654491,1.67039994876471));
#3145=CARTESIAN_POINT('Ctrl Pts',(29.1083202837518,72.4962458497884,1.54121294193386));
#3146=CARTESIAN_POINT('Ctrl Pts',(29.1663632186168,72.3385316585963,1.60397672826455));
#3147=CARTESIAN_POINT('Ctrl Pts',(29.2338172514823,72.1480923653172,1.73535347498792));
#3148=CARTESIAN_POINT('Ctrl Pts',(29.2844539824413,71.9975766980526,1.84428391229039));
#3149=CARTESIAN_POINT('Ctrl Pts',(29.3171009047199,71.8968756215926,1.91492558600496));
#3150=CARTESIAN_POINT('Ctrl Pts',(29.0311398625758,72.6976248253315,1.99516270668307));
#3151=CARTESIAN_POINT('Ctrl Pts',(29.0311398625758,72.6976248253316,1.9348823880318));
#3152=CARTESIAN_POINT('Ctrl Pts',(29.0352575906475,72.6870740721572,1.81423361637119));
#3153=CARTESIAN_POINT('Ctrl Pts',(29.051384752749,72.6458457629267,1.63837327983623));
#3154=CARTESIAN_POINT('Ctrl Pts',(29.1036020657398,72.5098040932903,1.49183954168725));
#3155=CARTESIAN_POINT('Ctrl Pts',(29.1758180659361,72.3129883384119,1.5269564121413));
#3156=CARTESIAN_POINT('Ctrl Pts',(29.2523109245799,72.0944879675169,1.62213262267833));
#3157=CARTESIAN_POINT('Ctrl Pts',(29.3066946664617,71.9297496869034,1.70670912814531));
#3158=CARTESIAN_POINT('Ctrl Pts',(29.3413258321848,71.8203473096439,1.76304245204039));
#3159=CARTESIAN_POINT('',(29.1,72.3329625756781,1.99516270668299));
#3160=CARTESIAN_POINT('',(29.1,72.5181512263953,1.52896680672138));
#3161=CARTESIAN_POINT('Ctrl Pts',(29.1,72.3329625756782,1.99516270668276));
#3162=CARTESIAN_POINT('Ctrl Pts',(29.1,72.3362963986939,1.98983399088137));
#3163=CARTESIAN_POINT('Ctrl Pts',(29.1,72.3396094170998,1.98449165650133));
#3164=CARTESIAN_POINT('Ctrl Pts',(29.1,72.3673513224289,1.93934907941665));
#3165=CARTESIAN_POINT('Ctrl Pts',(29.1,72.3907772789235,1.89854014637632));
#3166=CARTESIAN_POINT('Ctrl Pts',(29.1,72.4411002308423,1.80272089730477));
#3167=CARTESIAN_POINT('Ctrl Pts',(29.1,72.4787884013621,1.72454287147064));
#3168=CARTESIAN_POINT('Ctrl Pts',(29.1,72.5059314063007,1.63178219883996));
#3169=CARTESIAN_POINT('Ctrl Pts',(29.1,72.5108976242509,1.60975856062668));
#3170=CARTESIAN_POINT('Ctrl Pts',(29.1,72.5167933211475,1.56765623304044));
#3171=CARTESIAN_POINT('Ctrl Pts',(29.1,72.5181512263953,1.54837484490011));
#3172=CARTESIAN_POINT('Ctrl Pts',(29.1,72.5181512263953,1.52896680672138));
#3173=CARTESIAN_POINT('',(29.3413258321848,71.8203473096439,1.76304245204039));
#3174=CARTESIAN_POINT('Ctrl Pts',(29.1000878297271,72.5179480056762,1.52946802563799));
#3175=CARTESIAN_POINT('Ctrl Pts',(29.1023258447004,72.5119897359901,1.52666005481374));
#3176=CARTESIAN_POINT('Ctrl Pts',(29.1249746710158,72.45155570748,1.50223251566396));
#3177=CARTESIAN_POINT('Ctrl Pts',(29.1758180659361,72.3129883384119,1.5269564121413));
#3178=CARTESIAN_POINT('Ctrl Pts',(29.2523109245799,72.0944879675169,1.62213262267833));
#3179=CARTESIAN_POINT('Ctrl Pts',(29.3066946664617,71.9297496869034,1.70670912814531));
#3180=CARTESIAN_POINT('Ctrl Pts',(29.3413258321848,71.8203473096439,1.76304245204039));
#3181=CARTESIAN_POINT('',(29.1479918678743,72.0007036909608,2.19878740909213));
#3182=CARTESIAN_POINT('Origin',(28.3879512072459,71.5185579385213,1.76304245204039));
#3183=CARTESIAN_POINT('Ctrl Pts',(29.1479918678743,72.0007036909608,2.19878740909212));
#3184=CARTESIAN_POINT('Ctrl Pts',(29.1426305806906,72.0936478783444,2.10529728775216));
#3185=CARTESIAN_POINT('Ctrl Pts',(29.1342140890968,72.23019237849,1.95483980336894));
#3186=CARTESIAN_POINT('Ctrl Pts',(29.1223795179273,72.3801217196832,1.7562656045365));
#3187=CARTESIAN_POINT('Ctrl Pts',(29.1112083938133,72.4668273129465,1.63967667534118));
#3188=CARTESIAN_POINT('Ctrl Pts',(29.1031314738453,72.4530273911635,1.73367371651223));
#3189=CARTESIAN_POINT('Ctrl Pts',(29.1006369216218,72.4003639955613,1.86462347748492));
#3190=CARTESIAN_POINT('Ctrl Pts',(29.1,72.3567170928311,1.95183974331974));
#3191=CARTESIAN_POINT('Ctrl Pts',(29.1,72.3329625756781,1.995162706683));
#3192=CARTESIAN_POINT('Ctrl Pts',(30.0709458899455,67.2700226281635,4.14148583109609));
#3193=CARTESIAN_POINT('Ctrl Pts',(30.0491867376084,67.8218436950292,3.85719134264283));
#3194=CARTESIAN_POINT('Ctrl Pts',(29.9786073328672,68.832472222793,3.42119899666109));
#3195=CARTESIAN_POINT('Ctrl Pts',(29.7686188952479,70.199417607228,2.64524967318159));
#3196=CARTESIAN_POINT('Ctrl Pts',(29.5764914501615,71.016372503602,2.18820923071902));
#3197=CARTESIAN_POINT('Ctrl Pts',(29.4222588484321,71.5579217445419,1.89964062215699));
#3198=CARTESIAN_POINT('Ctrl Pts',(29.3828932419026,71.6890328319274,1.83065872501921));
#3199=CARTESIAN_POINT('Ctrl Pts',(29.3413258321848,71.8203473096439,1.7630424520404));
#3200=CARTESIAN_POINT('Ctrl Pts',(30.0661397981679,67.3919070954938,4.37017430003739));
#3201=CARTESIAN_POINT('Ctrl Pts',(30.0430365504339,67.9259661485248,4.08984466369684));
#3202=CARTESIAN_POINT('Ctrl Pts',(29.9666820958812,68.9463760894256,3.63174519999489));
#3203=CARTESIAN_POINT('Ctrl Pts',(29.7484419962625,70.3003628592136,2.81118635910684));
#3204=CARTESIAN_POINT('Ctrl Pts',(29.5571800604668,71.0908871485402,2.32402194574027));
#3205=CARTESIAN_POINT('Ctrl Pts',(29.4059803285763,71.6129129337961,2.00461064522839));
#3206=CARTESIAN_POINT('Ctrl Pts',(29.3676755280096,71.7385805077288,1.92726207523412));
#3207=CARTESIAN_POINT('Ctrl Pts',(29.3274830164906,71.8640777736146,1.84983281430587));
#3208=CARTESIAN_POINT('Ctrl Pts',(29.8722773172609,67.5965661841074,4.76789489765068));
#3209=CARTESIAN_POINT('Ctrl Pts',(29.8536948221849,68.0989982607195,4.49436939500218));
#3210=CARTESIAN_POINT('Ctrl Pts',(29.7911058781415,69.1275519010421,3.99885688623551));
#3211=CARTESIAN_POINT('Ctrl Pts',(29.6144925188488,70.4572250562313,3.10119888663107));
#3212=CARTESIAN_POINT('Ctrl Pts',(29.4621155292821,71.2065457121227,2.56194218061798));
#3213=CARTESIAN_POINT('Ctrl Pts',(29.3413627045569,71.6980180570724,2.18816260954505));
#3214=CARTESIAN_POINT('Ctrl Pts',(29.3108855484953,71.8164068484676,2.09636555181538));
#3215=CARTESIAN_POINT('Ctrl Pts',(29.2789549732629,71.9329021609856,2.00169645141605));
#3216=CARTESIAN_POINT('Ctrl Pts',(29.4526737905345,67.6871871691633,4.96865647792509));
#3217=CARTESIAN_POINT('Ctrl Pts',(29.4451307895382,68.1708883007033,4.70494642062144));
#3218=CARTESIAN_POINT('Ctrl Pts',(29.4198169415589,69.2009697417944,4.2136422208463));
#3219=CARTESIAN_POINT('Ctrl Pts',(29.344637955087,70.5356588842771,3.31223352652255));
#3220=CARTESIAN_POINT('Ctrl Pts',(29.2762900697582,71.2739811293102,2.75809171281957));
#3221=CARTESIAN_POINT('Ctrl Pts',(29.2206852041058,71.7552226257034,2.35185362671288));
#3222=CARTESIAN_POINT('Ctrl Pts',(29.20655107645,71.8708446984625,2.24998755094498));
#3223=CARTESIAN_POINT('Ctrl Pts',(29.1916199442835,71.9831167959936,2.1421495412074));
#3224=CARTESIAN_POINT('Ctrl Pts',(29.2619537345933,67.6987587246759,5.00442254890021));
#3225=CARTESIAN_POINT('Ctrl Pts',(29.258453621698,68.1780356388806,4.74518982945112));
#3226=CARTESIAN_POINT('Ctrl Pts',(29.2471774789711,69.2082198059318,4.2648287144085));
#3227=CARTESIAN_POINT('Ctrl Pts',(29.2142696312801,70.5516812202421,3.37977675340368));
#3228=CARTESIAN_POINT('Ctrl Pts',(29.1844244530699,71.2922204441101,2.8295015006609));
#3229=CARTESIAN_POINT('Ctrl Pts',(29.1605237840861,71.7738034535884,2.41592341140918));
#3230=CARTESIAN_POINT('Ctrl Pts',(29.1544269622849,71.8891437986735,2.31100257994062));
#3231=CARTESIAN_POINT('Ctrl Pts',(29.1479918678743,72.0007036909608,2.19878740909213));
#3232=CARTESIAN_POINT('Ctrl Pts',(29.3413258321848,71.8203473096439,1.7630424520404));
#3233=CARTESIAN_POINT('Ctrl Pts',(29.3828932419026,71.6890328319274,1.83065872501921));
#3234=CARTESIAN_POINT('Ctrl Pts',(29.4222588484321,71.5579217445419,1.89964062215699));
#3235=CARTESIAN_POINT('Ctrl Pts',(29.5764914501615,71.016372503602,2.18820923071902));
#3236=CARTESIAN_POINT('Ctrl Pts',(29.7686188952479,70.199417607228,2.64524967318159));
#3237=CARTESIAN_POINT('Ctrl Pts',(29.9786073328672,68.832472222793,3.42119899666109));
#3238=CARTESIAN_POINT('Ctrl Pts',(30.0491867376084,67.8218436950292,3.85719134264283));
#3239=CARTESIAN_POINT('Ctrl Pts',(30.0709458899455,67.2700226281635,4.14148583109609));
#3240=CARTESIAN_POINT('Ctrl Pts',(29.2619537345933,67.6987587246759,5.00442254890021));
#3241=CARTESIAN_POINT('Ctrl Pts',(29.258453621698,68.1780356388806,4.74518982945112));
#3242=CARTESIAN_POINT('Ctrl Pts',(29.2471774789711,69.2082198059318,4.2648287144085));
#3243=CARTESIAN_POINT('Ctrl Pts',(29.2142696312801,70.5516812202421,3.37977675340368));
#3244=CARTESIAN_POINT('Ctrl Pts',(29.1844244530699,71.2922204441101,2.8295015006609));
#3245=CARTESIAN_POINT('Ctrl Pts',(29.1605237840861,71.7738034535884,2.41592341140918));
#3246=CARTESIAN_POINT('Ctrl Pts',(29.1544269622849,71.8891437986735,2.31100257994062));
#3247=CARTESIAN_POINT('Ctrl Pts',(29.1479918678743,72.0007036909608,2.19878740909213));
#3248=CARTESIAN_POINT('Origin',(30.1,26.75,48.9999999999999));
#3249=CARTESIAN_POINT('',(30.1,65.0100006854534,77.7679651893712));
#3250=CARTESIAN_POINT('',(30.1,65.0100006854534,74.75));
#3251=CARTESIAN_POINT('',(30.1,65.1,77.68160179334));
#3252=CARTESIAN_POINT('Origin',(30.1,72.0363024527903,85.0000000000004));
#3253=CARTESIAN_POINT('',(30.1,65.1,24.3999999999999));
#3254=CARTESIAN_POINT('Origin',(30.1,26.75,48.9999999999999));
#3255=CARTESIAN_POINT('',(30.1,65.0100006854534,-2.70000000000017));
#3256=CARTESIAN_POINT('',(30.1,65.0100006854534,74.75));
#3257=CARTESIAN_POINT('',(30.1,22.01,-2.70000000000018));
#3258=CARTESIAN_POINT('',(30.1,5.27500000000001,-2.7000000000002));
#3259=CARTESIAN_POINT('',(30.1,22.01,100.7));
#3260=CARTESIAN_POINT('',(30.1,22.01,74.75));
#3261=CARTESIAN_POINT('',(30.1,65.0100006854534,100.7));
#3262=CARTESIAN_POINT('',(30.1,48.225,100.7));
#3263=CARTESIAN_POINT('',(30.1,65.0100006854534,92.2320348106297));
#3264=CARTESIAN_POINT('',(30.1,65.0100006854534,74.75));
#3265=CARTESIAN_POINT('Origin',(30.1,72.0363024527903,85.0000000000004));
#3266=CARTESIAN_POINT('',(30.1,60.51,50.9999999999999));
#3267=CARTESIAN_POINT('Origin',(30.1,42.01,50.9999999999999));
#3268=CARTESIAN_POINT('Origin',(30.1,26.75,48.9999999999999));
#3269=CARTESIAN_POINT('',(30.1,65.1,-2.70000000000018));
#3270=CARTESIAN_POINT('',(30.1,65.1,24.3999999999999));
#3271=CARTESIAN_POINT('',(30.1,5.27500000000001,-2.7000000000002));
#3272=CARTESIAN_POINT('Ctrl Pts',(30.1000000000001,65.1,100.7));
#3273=CARTESIAN_POINT('Ctrl Pts',(30.1000000000001,65.1,66.2333312239966));
#3274=CARTESIAN_POINT('Ctrl Pts',(30.1000000000001,65.1,31.7666624479933));
#3275=CARTESIAN_POINT('Ctrl Pts',(30.1,65.1,-2.70000632801013));
#3276=CARTESIAN_POINT('Ctrl Pts',(30.1000000000001,66.3790770089616,100.7));
#3277=CARTESIAN_POINT('Ctrl Pts',(30.1000000000001,66.3790770089616,66.2333312239966));
#3278=CARTESIAN_POINT('Ctrl Pts',(30.1000000000001,66.3790770089616,31.7666624479933));
#3279=CARTESIAN_POINT('Ctrl Pts',(30.1,66.3790770089616,-2.70000632801013));
#3280=CARTESIAN_POINT('Ctrl Pts',(30.0870037973995,68.9101889545652,100.7));
#3281=CARTESIAN_POINT('Ctrl Pts',(30.0870037973995,68.9101889545652,66.2333312239967));
#3282=CARTESIAN_POINT('Ctrl Pts',(30.0870037973995,68.9101889545652,31.7666624479932));
#3283=CARTESIAN_POINT('Ctrl Pts',(30.0870037973994,68.9101889545652,-2.70000632801013));
#3284=CARTESIAN_POINT('Ctrl Pts',(29.2461182784609,72.6780679216054,100.7));
#3285=CARTESIAN_POINT('Ctrl Pts',(29.2461182784609,72.6780679216054,66.2333312239966));
#3286=CARTESIAN_POINT('Ctrl Pts',(29.2461182784609,72.6780679216054,31.7666624479933));
#3287=CARTESIAN_POINT('Ctrl Pts',(29.2461182784609,72.6780679216054,-2.70000632801013));
#3288=CARTESIAN_POINT('Ctrl Pts',(27.2340702025681,76.2733426678745,100.7));
#3289=CARTESIAN_POINT('Ctrl Pts',(27.234070202568,76.2733426678745,66.2333312239967));
#3290=CARTESIAN_POINT('Ctrl Pts',(27.234070202568,76.2733426678745,31.7666624479932));
#3291=CARTESIAN_POINT('Ctrl Pts',(27.234070202568,76.2733426678745,-2.70000632801013));
#3292=CARTESIAN_POINT('Ctrl Pts',(24.1732753681883,79.3357844266932,100.7));
#3293=CARTESIAN_POINT('Ctrl Pts',(24.1732753681883,79.3357844266932,66.2333312239966));
#3294=CARTESIAN_POINT('Ctrl Pts',(24.1732753681883,79.3357844266932,31.7666624479933));
#3295=CARTESIAN_POINT('Ctrl Pts',(24.1732753681883,79.3357844266932,-2.70000632801013));
#3296=CARTESIAN_POINT('Ctrl Pts',(20.5793162709491,81.3430893316077,100.7));
#3297=CARTESIAN_POINT('Ctrl Pts',(20.5793162709491,81.3430893316077,66.2333312239967));
#3298=CARTESIAN_POINT('Ctrl Pts',(20.5793162709491,81.3430893316077,31.7666624479932));
#3299=CARTESIAN_POINT('Ctrl Pts',(20.5793162709491,81.3430893316077,-2.70000632801013));
#3300=CARTESIAN_POINT('Ctrl Pts',(16.8097939416415,82.1884722150101,100.7));
#3301=CARTESIAN_POINT('Ctrl Pts',(16.8097939416415,82.1884722150101,66.2333312239966));
#3302=CARTESIAN_POINT('Ctrl Pts',(16.8097939416415,82.1884722150101,31.7666624479933));
#3303=CARTESIAN_POINT('Ctrl Pts',(16.8097939416415,82.1884722150101,-2.70000632801013));
#3304=CARTESIAN_POINT('Ctrl Pts',(14.2790770089616,82.2,100.7));
#3305=CARTESIAN_POINT('Ctrl Pts',(14.2790770089616,82.2,66.2333312239966));
#3306=CARTESIAN_POINT('Ctrl Pts',(14.2790770089616,82.2,31.7666624479932));
#3307=CARTESIAN_POINT('Ctrl Pts',(14.2790770089616,82.2,-2.70000632801013));
#3308=CARTESIAN_POINT('Ctrl Pts',(13.0000000000001,82.2,100.7));
#3309=CARTESIAN_POINT('Ctrl Pts',(13.0000000000001,82.2,66.2333312239966));
#3310=CARTESIAN_POINT('Ctrl Pts',(13.,82.2,31.7666624479933));
#3311=CARTESIAN_POINT('Ctrl Pts',(13.,82.2,-2.70000632801013));
#3312=CARTESIAN_POINT('',(30.0709458899455,67.2700226281637,76.1414858310967));
#3313=CARTESIAN_POINT('Ctrl Pts',(30.0709458899455,67.2700226281637,76.1414858310967));
#3314=CARTESIAN_POINT('Ctrl Pts',(30.1026176818866,66.4668129374653,76.5552940414913));
#3315=CARTESIAN_POINT('Ctrl Pts',(30.1000000000001,65.7380693619625,77.0768462231385));
#3316=CARTESIAN_POINT('Ctrl Pts',(30.1000000000001,65.1,77.68160179334));
#3317=CARTESIAN_POINT('',(29.3413258321849,71.8203473096438,73.763042452041));
#3318=CARTESIAN_POINT('Ctrl Pts',(29.3413258321849,71.8203473096438,73.7630424520409));
#3319=CARTESIAN_POINT('Ctrl Pts',(29.3828932404042,71.689032836661,73.8306587225823));
#3320=CARTESIAN_POINT('Ctrl Pts',(29.4222587800308,71.5579213432323,73.8996396383453));
#3321=CARTESIAN_POINT('Ctrl Pts',(29.5764882115516,71.0163572825801,74.1881707619547));
#3322=CARTESIAN_POINT('Ctrl Pts',(29.7686116178346,70.1993815645221,74.6451597639309));
#3323=CARTESIAN_POINT('Ctrl Pts',(29.9785960946928,68.832410604586,75.4210494830615));
#3324=CARTESIAN_POINT('Ctrl Pts',(30.0491867375333,67.8218436969355,75.8571913416613));
#3325=CARTESIAN_POINT('Ctrl Pts',(30.0709458899455,67.2700226281637,76.1414858310965));
#3326=CARTESIAN_POINT('',(29.1,72.5181512263953,73.5289668067219));
#3327=CARTESIAN_POINT('Ctrl Pts',(29.0999994318938,72.5181510137853,73.5289668048679));
#3328=CARTESIAN_POINT('Ctrl Pts',(29.101964315252,72.5129170853126,73.5266136427342));
#3329=CARTESIAN_POINT('Ctrl Pts',(29.1142585928992,72.480108245817,73.5138997059638));
#3330=CARTESIAN_POINT('Ctrl Pts',(29.140186604718,72.4101721074388,73.5108000232399));
#3331=CARTESIAN_POINT('Ctrl Pts',(29.1827095940485,72.292709517952,73.5397738516101));
#3332=CARTESIAN_POINT('Ctrl Pts',(29.2520847282605,72.0952021691315,73.6249263918502));
#3333=CARTESIAN_POINT('Ctrl Pts',(29.3061676223252,71.9313358205539,73.7099304830576));
#3334=CARTESIAN_POINT('Ctrl Pts',(29.3407507242982,71.8221367404897,73.7665988230554));
#3335=CARTESIAN_POINT('',(29.1,72.5181512263953,73.1876243516371));
#3336=CARTESIAN_POINT('Ctrl Pts',(29.1,72.5181512263953,73.5289668067219));
#3337=CARTESIAN_POINT('Ctrl Pts',(29.1,72.5181512263953,73.4151859883603));
#3338=CARTESIAN_POINT('Ctrl Pts',(29.1,72.5181512263953,73.3014051699987));
#3339=CARTESIAN_POINT('Ctrl Pts',(29.1,72.5181512263953,73.1876243516371));
#3340=CARTESIAN_POINT('',(29.0987727792301,72.5214158665641,73.059688764052));
#3341=CARTESIAN_POINT('Ctrl Pts',(29.1011897121132,72.5175356935936,73.1876243516372));
#3342=CARTESIAN_POINT('Ctrl Pts',(29.1011897121132,72.5175356935936,73.1448731328663));
#3343=CARTESIAN_POINT('Ctrl Pts',(29.1007428823516,72.5187259177983,73.102432720618));
#3344=CARTESIAN_POINT('Ctrl Pts',(29.0999634298642,72.5207999300407,73.0596887640521));
#3345=CARTESIAN_POINT('',(29.0999999999999,72.5181512263953,72.6186012220513));
#3346=CARTESIAN_POINT('Ctrl Pts',(29.0999634298642,72.5207999300406,73.0596887640522));
#3347=CARTESIAN_POINT('Ctrl Pts',(29.0986328559628,72.5243403980047,72.9867221702277));
#3348=CARTESIAN_POINT('Ctrl Pts',(29.0986863867561,72.5241968388945,72.914743114537));
#3349=CARTESIAN_POINT('Ctrl Pts',(29.0992391612366,72.5227266620085,72.8411675597251));
#3350=CARTESIAN_POINT('Ctrl Pts',(29.0996271420893,72.5216947755846,72.7895264158152));
#3351=CARTESIAN_POINT('Ctrl Pts',(29.1002620553866,72.5200054253535,72.7376153927995));
#3352=CARTESIAN_POINT('Ctrl Pts',(29.1007111257795,72.518809944107,72.6902020804504));
#3353=CARTESIAN_POINT('Ctrl Pts',(29.1008594458044,72.5184150977509,72.6745423002023));
#3354=CARTESIAN_POINT('Ctrl Pts',(29.1010022003417,72.5180350029214,72.657821389969));
#3355=CARTESIAN_POINT('Ctrl Pts',(29.1010951109141,72.5177876029319,72.6422203867894));
#3356=CARTESIAN_POINT('Ctrl Pts',(29.1011256484409,72.5177062883557,72.6370927028166));
#3357=CARTESIAN_POINT('Ctrl Pts',(29.1011535285251,72.5176320473503,72.6316245143871));
#3358=CARTESIAN_POINT('Ctrl Pts',(29.1011720698322,72.517582673593,72.6262890405196));
#3359=CARTESIAN_POINT('Ctrl Pts',(29.1011731044079,72.5175799186152,72.6259913294976));
#3360=CARTESIAN_POINT('Ctrl Pts',(29.101174114924,72.517577227703,72.625692959804));
#3361=CARTESIAN_POINT('Ctrl Pts',(29.1011750955171,72.5175746164709,72.6253952704881));
#3362=CARTESIAN_POINT('Ctrl Pts',(29.1011759277807,72.5175724002268,72.6251426111374));
#3363=CARTESIAN_POINT('Ctrl Pts',(29.1011767419818,72.51757023208,72.6248893810027));
#3364=CARTESIAN_POINT('Ctrl Pts',(29.1011775329967,72.5175681256743,72.6246367110893));
#3365=CARTESIAN_POINT('Ctrl Pts',(29.1011790002702,72.5175642184493,72.6241680272882));
#3366=CARTESIAN_POINT('Ctrl Pts',(29.1011804095742,72.5175604655866,72.6236943062192));
#3367=CARTESIAN_POINT('Ctrl Pts',(29.1011817123836,72.5175569963065,72.6232257428868));
#3368=CARTESIAN_POINT('Ctrl Pts',(29.1011833389008,72.5175526650174,72.6226407560475));
#3369=CARTESIAN_POINT('Ctrl Pts',(29.1011848678136,72.5175485936346,72.622039195174));
#3370=CARTESIAN_POINT('Ctrl Pts',(29.1011861332355,72.5175452239046,72.6214531061735));
#3371=CARTESIAN_POINT('Ctrl Pts',(29.1011871774212,72.5175424433114,72.6209694843046));
#3372=CARTESIAN_POINT('Ctrl Pts',(29.1011880906022,72.5175400115717,72.6204741472148));
#3373=CARTESIAN_POINT('Ctrl Pts',(29.1011887293239,72.5175383106978,72.6199888863788));
#3374=CARTESIAN_POINT('Ctrl Pts',(29.1011890390327,72.5175374859638,72.6197535890313));
#3375=CARTESIAN_POINT('Ctrl Pts',(29.1011892884945,72.5175368216632,72.6195176039201));
#3376=CARTESIAN_POINT('Ctrl Pts',(29.1011894587143,72.5175363683786,72.6192824456679));
#3377=CARTESIAN_POINT('Ctrl Pts',(29.1011896148583,72.5175359525773,72.6190667332585));
#3378=CARTESIAN_POINT('Ctrl Pts',(29.1011896623704,72.5175358260557,72.6188510205079));
#3379=CARTESIAN_POINT('Ctrl Pts',(29.1011897098824,72.5175356995342,72.6186353077573));
#3380=CARTESIAN_POINT('',(29.1,72.5181512263951,97.3813987779493));
#3381=CARTESIAN_POINT('Ctrl Pts',(29.1,72.5181512263951,97.3813987779493));
#3382=CARTESIAN_POINT('Ctrl Pts',(28.9223867832237,72.9908160062053,97.3493304106747));
#3383=CARTESIAN_POINT('Ctrl Pts',(28.7192447776978,73.4515236785478,97.2759785282461));
#3384=CARTESIAN_POINT('Ctrl Pts',(28.4941463698782,73.8975636651531,97.1679456589117));
#3385=CARTESIAN_POINT('Ctrl Pts',(28.2997860190489,74.2826951688374,97.0746650951427));
#3386=CARTESIAN_POINT('Ctrl Pts',(28.0890554964891,74.6568911034297,96.9555269245068));
#3387=CARTESIAN_POINT('Ctrl Pts',(27.8642396837996,75.0183925629331,96.8147583413573));
#3388=CARTESIAN_POINT('Ctrl Pts',(27.8642222322485,75.0184206248434,96.8147474140561));
#3389=CARTESIAN_POINT('Ctrl Pts',(27.8642047806131,75.0184486866765,96.8147364866251));
#3390=CARTESIAN_POINT('Ctrl Pts',(27.8641873288932,75.0184767484323,96.8147255590644));
#3391=CARTESIAN_POINT('Ctrl Pts',(27.6096833879313,75.4277101934349,96.6553654915844));
#3392=CARTESIAN_POINT('Ctrl Pts',(27.3372286113044,75.8205177358143,96.4684241178543));
#3393=CARTESIAN_POINT('Ctrl Pts',(27.0505530235065,76.1959826131739,96.258096463468));
#3394=CARTESIAN_POINT('Ctrl Pts',(26.7298495164141,76.6160145520086,96.0228032635191));
#3395=CARTESIAN_POINT('Ctrl Pts',(26.3913481231556,77.0143428664729,95.7582415581506));
#3396=CARTESIAN_POINT('Ctrl Pts',(26.0402449849843,77.3896395206832,95.4702397562873));
#3397=CARTESIAN_POINT('Ctrl Pts',(25.8163312141214,77.6289825509795,95.2865684572884));
#3398=CARTESIAN_POINT('Ctrl Pts',(25.5872916078556,77.8589573152187,95.0933628124919));
#3399=CARTESIAN_POINT('Ctrl Pts',(25.3544718610648,78.0792099277041,94.892129802898));
#3400=CARTESIAN_POINT('Ctrl Pts',(25.1257408264695,78.2955945283256,94.6944307884732));
#3401=CARTESIAN_POINT('Ctrl Pts',(24.8933613141715,78.5025953439834,94.4889838589152));
#3402=CARTESIAN_POINT('Ctrl Pts',(24.6579212762547,78.7003055136165,94.2766561739051));
#3403=CARTESIAN_POINT('Ctrl Pts',(24.3749843999156,78.9379010318275,94.0214942545959));
#3404=CARTESIAN_POINT('Ctrl Pts',(24.0878843686255,79.1618658657785,93.7564500726836));
#3405=CARTESIAN_POINT('Ctrl Pts',(23.7976305378669,79.3724406943806,93.4831651888516));
#3406=CARTESIAN_POINT('Ctrl Pts',(23.4989006958047,79.5891647428667,93.2018998220113));
#3407=CARTESIAN_POINT('Ctrl Pts',(23.1968292876298,79.7917060010394,92.9119052075438));
#3408=CARTESIAN_POINT('Ctrl Pts',(22.892501357513,79.980302976599,92.6149245824072));
#3409=CARTESIAN_POINT('Ctrl Pts',(22.8525872925824,80.0050383728057,92.5759741516982));
#3410=CARTESIAN_POINT('Ctrl Pts',(22.8126344020788,80.0295338651434,92.5369034900636));
#3411=CARTESIAN_POINT('Ctrl Pts',(22.7726451276917,80.0537899544457,92.4977164768757));
#3412=CARTESIAN_POINT('Ctrl Pts',(22.460369535719,80.2432053604995,92.1917057295327));
#3413=CARTESIAN_POINT('Ctrl Pts',(22.1458745761889,80.4180247063055,91.8786030849558));
#3414=CARTESIAN_POINT('Ctrl Pts',(21.828767406821,80.5790417302725,91.5598474409716));
#3415=CARTESIAN_POINT('Ctrl Pts',(21.5007542097738,80.7455964912881,91.2301290745639));
#3416=CARTESIAN_POINT('Ctrl Pts',(21.1699452866644,80.8973829833483,90.8943618883809));
#3417=CARTESIAN_POINT('Ctrl Pts',(20.8359213892513,81.0352443025096,90.5540984814504));
#3418=CARTESIAN_POINT('Ctrl Pts',(20.7863701057573,81.0556955497452,90.5036215884197));
#3419=CARTESIAN_POINT('Ctrl Pts',(20.7367481097445,81.0758402942852,90.4530456840768));
#3420=CARTESIAN_POINT('Ctrl Pts',(20.6870540750099,81.095681233893,90.402375772124));
#3421=CARTESIAN_POINT('Ctrl Pts',(20.3345909989684,81.2364063459327,90.0429911271664));
#3422=CARTESIAN_POINT('Ctrl Pts',(19.9785011017208,81.3618501672765,89.6788804376867));
#3423=CARTESIAN_POINT('Ctrl Pts',(19.6195770036889,81.4725774501735,89.311082555715));
#3424=CARTESIAN_POINT('Ctrl Pts',(19.4237687863363,81.5329838480588,89.1104333153606));
#3425=CARTESIAN_POINT('Ctrl Pts',(19.2271176948048,81.589009932996,88.9086860476177));
#3426=CARTESIAN_POINT('Ctrl Pts',(19.0297565777078,81.640745541741,88.7060048857171));
#3427=CARTESIAN_POINT('Ctrl Pts',(19.0297372374839,81.6407506115251,88.7059850241603));
#3428=CARTESIAN_POINT('Ctrl Pts',(19.0297178972533,81.640755681268,88.7059651625945));
#3429=CARTESIAN_POINT('Ctrl Pts',(19.0296985570158,81.6407607509697,88.7059453010197));
#3430=CARTESIAN_POINT('Ctrl Pts',(18.9032177863748,81.6739154513042,88.5760551027074));
#3431=CARTESIAN_POINT('Ctrl Pts',(18.7766710121698,81.7052501707592,88.4456498062858));
#3432=CARTESIAN_POINT('Ctrl Pts',(18.6498643876392,81.7348635437085,88.3146881464557));
#3433=CARTESIAN_POINT('Ctrl Pts',(18.522067062899,81.7647082766115,88.1827033244342));
#3434=CARTESIAN_POINT('Ctrl Pts',(18.3940056836164,81.7928043890471,88.0501534213514));
#3435=CARTESIAN_POINT('Ctrl Pts',(18.2655086410685,81.8192337098575,87.9169545340248));
#3436=CARTESIAN_POINT('Ctrl Pts',(18.1691830871939,81.8390459865848,87.8171043246909));
#3437=CARTESIAN_POINT('Ctrl Pts',(18.0726132789948,81.8579211874979,87.716888569064));
#3438=CARTESIAN_POINT('Ctrl Pts',(17.9757370915535,81.8758882595951,87.6162566143416));
#3439=CARTESIAN_POINT('Ctrl Pts',(17.8482208561563,81.8995379660446,87.4837967357503));
#3440=CARTESIAN_POINT('Ctrl Pts',(17.7201727514968,81.9216144149542,87.3506173188854));
#3441=CARTESIAN_POINT('Ctrl Pts',(17.592721250651,81.9420961635358,87.2155724799573));
#3442=CARTESIAN_POINT('Ctrl Pts',(17.4698571286156,81.9618407098183,87.0853883278664));
#3443=CARTESIAN_POINT('Ctrl Pts',(17.3475476730642,81.9801030257321,86.9534708645237));
#3444=CARTESIAN_POINT('Ctrl Pts',(17.2268276196976,81.9968581878997,86.8187529976052));
#3445=CARTESIAN_POINT('Ctrl Pts',(17.1248501015456,82.0110120074718,86.7049509130639));
#3446=CARTESIAN_POINT('Ctrl Pts',(17.0240072737089,82.0240901776907,86.5891500351157));
#3447=CARTESIAN_POINT('Ctrl Pts',(16.9249344493614,82.0360762158486,86.4706804746573));
#3448=CARTESIAN_POINT('Ctrl Pts',(16.9248535192387,82.0360860069446,86.4705836998241));
#3449=CARTESIAN_POINT('Ctrl Pts',(16.9247725902977,82.0360957973119,86.4704869232085));
#3450=CARTESIAN_POINT('Ctrl Pts',(16.9246916625394,82.0361055869503,86.4703901448091));
#3451=CARTESIAN_POINT('Ctrl Pts',(16.8735044085616,82.0422975873123,86.4091772727813));
#3452=CARTESIAN_POINT('Ctrl Pts',(16.8230309956765,82.048169407612,86.3471991083755));
#3453=CARTESIAN_POINT('Ctrl Pts',(16.7734086336326,82.0537354565339,86.2841273722367));
#3454=CARTESIAN_POINT('Ctrl Pts',(16.7299146669211,82.0586140946429,86.2288450382433));
#3455=CARTESIAN_POINT('Ctrl Pts',(16.6870748122109,82.0632576440022,86.1727222733438));
#3456=CARTESIAN_POINT('Ctrl Pts',(16.6449977212786,82.0676710028179,86.1155096823091));
#3457=CARTESIAN_POINT('Ctrl Pts',(16.5999421814595,82.0723967635454,86.0542472680975));
#3458=CARTESIAN_POINT('Ctrl Pts',(16.5557604187582,82.0768586077698,85.9917363344214));
#3459=CARTESIAN_POINT('Ctrl Pts',(16.5134755622415,82.0810048728377,85.9274866192319));
#3460=CARTESIAN_POINT('Ctrl Pts',(16.4746153997461,82.0848153276331,85.8684405545595));
#3461=CARTESIAN_POINT('Ctrl Pts',(16.4373571655342,82.0883591762769,85.8079260330735));
#3462=CARTESIAN_POINT('Ctrl Pts',(16.4025204183237,82.0915929983136,85.7455222921936));
#3463=CARTESIAN_POINT('Ctrl Pts',(16.3994503024973,82.0918779907142,85.7400227341739));
#3464=CARTESIAN_POINT('Ctrl Pts',(16.396399011813,82.0921605733506,85.7345084747856));
#3465=CARTESIAN_POINT('Ctrl Pts',(16.3933671181027,82.0924407154269,85.7289792090478));
#3466=CARTESIAN_POINT('Ctrl Pts',(16.3578734426024,82.0957202736494,85.6642493792433));
#3467=CARTESIAN_POINT('Ctrl Pts',(16.3253362978747,82.0986380707095,85.5975894264886));
#3468=CARTESIAN_POINT('Ctrl Pts',(16.2965849745688,82.1011561650519,85.5285626093318));
#3469=CARTESIAN_POINT('Ctrl Pts',(16.2889481241805,82.1018250146054,85.5102278888811));
#3470=CARTESIAN_POINT('Ctrl Pts',(16.2815785554994,82.1024656342301,85.4917259771148));
#3471=CARTESIAN_POINT('Ctrl Pts',(16.2744922696481,82.1030772461687,85.4730482136961));
#3472=CARTESIAN_POINT('Ctrl Pts',(16.2514467538775,82.1050662870956,85.4123057174919));
#3473=CARTESIAN_POINT('Ctrl Pts',(16.2313943336967,82.1067488246657,85.3497051702902));
#3474=CARTESIAN_POINT('Ctrl Pts',(16.2158425289569,82.1080376983236,85.2857283948961));
#3475=CARTESIAN_POINT('Ctrl Pts',(16.2104343806295,82.1084859048201,85.2634804373999));
#3476=CARTESIAN_POINT('Ctrl Pts',(16.2055708713138,82.1088864697294,85.2410658486163));
#3477=CARTESIAN_POINT('Ctrl Pts',(16.2013168570035,82.1092356010662,85.2185043200485));
#3478=CARTESIAN_POINT('Ctrl Pts',(16.1938981578154,82.109844461351,85.1791586146836));
#3479=CARTESIAN_POINT('Ctrl Pts',(16.1883288978737,82.1102972359514,85.139322677143));
#3480=CARTESIAN_POINT('Ctrl Pts',(16.1849751044425,82.110572051222,85.0992299965881));
#3481=CARTESIAN_POINT('Ctrl Pts',(16.1825352157191,82.1107719796592,85.0700625236403));
#3482=CARTESIAN_POINT('Ctrl Pts',(16.1812665991022,82.1108778255548,85.040766879333));
#3483=CARTESIAN_POINT('Ctrl Pts',(16.1810982534978,82.1108939744692,85.0114699183389));
#3484=CARTESIAN_POINT('Ctrl Pts',(16.1808969261403,82.1109132872292,84.9764331868259));
#3485=CARTESIAN_POINT('Ctrl Pts',(16.1822679629596,82.1108044166094,84.9413943426399));
#3486=CARTESIAN_POINT('Ctrl Pts',(16.185094294123,82.1105745439113,84.906520710035));
#3487=CARTESIAN_POINT('Ctrl Pts',(16.1855928031851,82.110533998902,84.9003696891977));
#3488=CARTESIAN_POINT('Ctrl Pts',(16.1861366240058,82.1104896865105,84.8942237047332));
#3489=CARTESIAN_POINT('Ctrl Pts',(16.1867251632387,82.110441642177,84.8880836038383));
#3490=CARTESIAN_POINT('Ctrl Pts',(16.1905449166293,82.110129823532,84.848232953451));
#3491=CARTESIAN_POINT('Ctrl Pts',(16.1962447303542,82.1096611268994,84.8086303698755));
#3492=CARTESIAN_POINT('Ctrl Pts',(16.2037332892262,82.1090393004453,84.7694826137537));
#3493=CARTESIAN_POINT('Ctrl Pts',(16.2055888975431,82.1088852165475,84.7597820955248));
#3494=CARTESIAN_POINT('Ctrl Pts',(16.2075545280132,82.1087217127431,84.7501096627214));
#3495=CARTESIAN_POINT('Ctrl Pts',(16.2096291578249,82.1085488113859,84.7404688034903));
#3496=CARTESIAN_POINT('Ctrl Pts',(16.211601081427,82.1083844696487,84.731305222713));
#3497=CARTESIAN_POINT('Ctrl Pts',(16.2136658177277,82.108212107682,84.7221732261905));
#3498=CARTESIAN_POINT('Ctrl Pts',(16.215821407952,82.1080318385339,84.7130768632263));
#3499=CARTESIAN_POINT('Ctrl Pts',(16.2320814377845,82.1066720338304,84.6444612555352));
#3500=CARTESIAN_POINT('Ctrl Pts',(16.253516096038,82.1048618904406,84.5778716030658));
#3501=CARTESIAN_POINT('Ctrl Pts',(16.278828871282,82.1026731039577,84.5131518728468));
#3502=CARTESIAN_POINT('Ctrl Pts',(16.310825246067,82.0999063890496,84.4313435083308));
#3503=CARTESIAN_POINT('Ctrl Pts',(16.3490142833614,82.0965349692952,84.3525213051457));
#3504=CARTESIAN_POINT('Ctrl Pts',(16.3907015397447,82.0927101543859,84.2764154828183));
#3505=CARTESIAN_POINT('Ctrl Pts',(16.4117186332809,82.0907818314478,84.2380458868008));
#3506=CARTESIAN_POINT('Ctrl Pts',(16.4336242819153,82.0887383216823,84.200367533975));
#3507=CARTESIAN_POINT('Ctrl Pts',(16.456074778374,82.0865989392269,84.1633508899344));
#3508=CARTESIAN_POINT('Ctrl Pts',(16.4561678885165,82.0865900664519,84.1631973688304));
#3509=CARTESIAN_POINT('Ctrl Pts',(16.4562610087568,82.0865811919587,84.1630438572814));
#3510=CARTESIAN_POINT('Ctrl Pts',(16.4563541390702,82.0865723157488,84.1628903552843));
#3511=CARTESIAN_POINT('Ctrl Pts',(16.5015705576317,82.0822627584446,84.088362413748));
#3512=CARTESIAN_POINT('Ctrl Pts',(16.5491643148917,82.0775481382336,84.0160902021791));
#3513=CARTESIAN_POINT('Ctrl Pts',(16.5985909653567,82.072449818675,83.9456864523383));
#3514=CARTESIAN_POINT('Ctrl Pts',(16.6510269534929,82.0670410883368,83.8709961758042));
#3515=CARTESIAN_POINT('Ctrl Pts',(16.7055254981224,82.0612004285117,83.7984082823099));
#3516=CARTESIAN_POINT('Ctrl Pts',(16.7614005992457,82.054959247385,83.7274095145524));
#3517=CARTESIAN_POINT('Ctrl Pts',(16.8254308160917,82.0478071497086,83.6460482927574));
#3518=CARTESIAN_POINT('Ctrl Pts',(16.8912682586734,82.0401288172067,83.5667734962696));
#3519=CARTESIAN_POINT('Ctrl Pts',(16.9578401679829,82.0319820455144,83.4887546741748));
#3520=CARTESIAN_POINT('Ctrl Pts',(16.9821860644183,82.0290027038977,83.4602225472997));
#3521=CARTESIAN_POINT('Ctrl Pts',(17.0066298876044,82.0259608242408,83.4318579371822));
#3522=CARTESIAN_POINT('Ctrl Pts',(17.0311183816472,82.0228596279869,83.403618906195));
#3523=CARTESIAN_POINT('Ctrl Pts',(17.0312332496485,82.0228450812281,83.4034864455772));
#3524=CARTESIAN_POINT('Ctrl Pts',(17.0313481186323,82.0228305331646,83.4033539877217));
#3525=CARTESIAN_POINT('Ctrl Pts',(17.0314629885966,82.0228159837966,83.4032215326275));
#3526=CARTESIAN_POINT('Ctrl Pts',(17.2296165293943,81.9977179626687,83.1747332062256));
#3527=CARTESIAN_POINT('Ctrl Pts',(17.4327334877053,81.9684791195456,82.9541720891561));
#3528=CARTESIAN_POINT('Ctrl Pts',(17.6364009223986,81.9351271618682,82.7376051232071));
#3529=CARTESIAN_POINT('Ctrl Pts',(17.8813356829271,81.8950173928264,82.4771571138186));
#3530=CARTESIAN_POINT('Ctrl Pts',(18.1270687021414,81.8489585576203,82.2224866659096));
#3531=CARTESIAN_POINT('Ctrl Pts',(18.3717143273948,81.7967975417294,81.9704512117788));
#3532=CARTESIAN_POINT('Ctrl Pts',(18.4288884538757,81.7846074176803,81.911550068882));
#3533=CARTESIAN_POINT('Ctrl Pts',(18.4860030779706,81.7720840082808,81.8527926476867));
#3534=CARTESIAN_POINT('Ctrl Pts',(18.5430339079742,81.7592253634822,81.7941384839696));
#3535=CARTESIAN_POINT('Ctrl Pts',(18.7832412638115,81.7050662171654,81.5470938315518));
#3536=CARTESIAN_POINT('Ctrl Pts',(19.0219644512495,81.6449593811489,81.3018842184561));
#3537=CARTESIAN_POINT('Ctrl Pts',(19.2594190787569,81.5785643577255,81.0581359994147));
#3538=CARTESIAN_POINT('Ctrl Pts',(19.3795589263585,81.5449718854316,80.9348119176893));
#3539=CARTESIAN_POINT('Ctrl Pts',(19.4993735630919,81.5097698598321,80.8118612751426));
#3540=CARTESIAN_POINT('Ctrl Pts',(19.6188881279095,81.4729152750873,80.6892315458589));
#3541=CARTESIAN_POINT('Ctrl Pts',(19.6189460600016,81.4728974106269,80.6891721037583));
#3542=CARTESIAN_POINT('Ctrl Pts',(19.6190039920233,81.4728795457784,80.6891126617331));
#3543=CARTESIAN_POINT('Ctrl Pts',(19.6190619239744,81.4728616805415,80.6890532197832));
#3544=CARTESIAN_POINT('Ctrl Pts',(20.0959873827353,81.3257859110664,80.199696678676));
#3545=CARTESIAN_POINT('Ctrl Pts',(20.56796237715,81.1524492619586,79.7158014405924));
#3546=CARTESIAN_POINT('Ctrl Pts',(21.0343914357273,80.9513307203228,79.2415097890299));
#3547=CARTESIAN_POINT('Ctrl Pts',(21.551312090956,80.7284408158257,78.7158754041507));
#3548=CARTESIAN_POINT('Ctrl Pts',(22.0614214317913,80.4714298738149,78.2020351634237));
#3549=CARTESIAN_POINT('Ctrl Pts',(22.565013106064,80.1773919188877,77.7057395973896));
#3550=CARTESIAN_POINT('Ctrl Pts',(22.6523119320131,80.1264197333632,77.6197055693229));
#3551=CARTESIAN_POINT('Ctrl Pts',(22.7394148980975,80.0743347373204,77.5341988407573));
#3552=CARTESIAN_POINT('Ctrl Pts',(22.8263235344902,80.0211216498341,77.4492494571085));
#3553=CARTESIAN_POINT('Ctrl Pts',(23.2843929720085,79.7406513759329,77.0015066550043));
#3554=CARTESIAN_POINT('Ctrl Pts',(23.7370647142611,79.4288451066266,76.5692444335054));
#3555=CARTESIAN_POINT('Ctrl Pts',(24.1811307082955,79.0848442579715,76.1584398811381));
#3556=CARTESIAN_POINT('Ctrl Pts',(24.4315779177135,78.8908324359889,75.9267516745679));
#3557=CARTESIAN_POINT('Ctrl Pts',(24.6792876423026,78.6865795169228,75.7018893016012));
#3558=CARTESIAN_POINT('Ctrl Pts',(24.9236821418784,78.4719268896739,75.484930460158));
#3559=CARTESIAN_POINT('Ctrl Pts',(24.923694184937,78.4719163122093,75.4849197690498));
#3560=CARTESIAN_POINT('Ctrl Pts',(24.9237062279876,78.4719057347194,75.4849090779608));
#3561=CARTESIAN_POINT('Ctrl Pts',(24.9237182710301,78.4718951572043,75.484898386891));
#3562=CARTESIAN_POINT('Ctrl Pts',(25.2909483584504,78.1493535902151,75.1588941809454));
#3563=CARTESIAN_POINT('Ctrl Pts',(25.6504740505861,77.8035267451579,74.8510296155652));
#3564=CARTESIAN_POINT('Ctrl Pts',(25.9977742970761,77.4351748427559,74.565574534398));
#3565=CARTESIAN_POINT('Ctrl Pts',(26.1925458324793,77.2285972018684,74.4054867572958));
#3566=CARTESIAN_POINT('Ctrl Pts',(26.3834722202981,77.0149342937556,74.2524469537313));
#3567=CARTESIAN_POINT('Ctrl Pts',(26.5697545101564,76.7943131034242,74.1072092820096));
#3568=CARTESIAN_POINT('Ctrl Pts',(26.8416695026682,76.4722738512627,73.8952068396482));
#3569=CARTESIAN_POINT('Ctrl Pts',(27.1036899312868,76.1354101165096,73.6998271669694));
#3570=CARTESIAN_POINT('Ctrl Pts',(27.3531092683563,75.784769391227,73.524816600852));
#3571=CARTESIAN_POINT('Ctrl Pts',(27.5790631254031,75.4671170983206,73.3662711051307));
#3572=CARTESIAN_POINT('Ctrl Pts',(27.794675696381,75.138158308265,73.224441605195));
#3573=CARTESIAN_POINT('Ctrl Pts',(27.997922800003,74.7986452333716,73.1021363552444));
#3574=CARTESIAN_POINT('Ctrl Pts',(28.2496948442767,74.3780739218981,72.9506309106073));
#3575=CARTESIAN_POINT('Ctrl Pts',(28.4823581923522,73.9415206747753,72.8293869263807));
#3576=CARTESIAN_POINT('Ctrl Pts',(28.6920133508121,73.4906109514206,72.7438277327151));
#3577=CARTESIAN_POINT('Ctrl Pts',(28.8396974723716,73.172983630035,72.6835586010101));
#3578=CARTESIAN_POINT('Ctrl Pts',(28.9759651709163,72.8482330538722,72.6409959206333));
#3579=CARTESIAN_POINT('Ctrl Pts',(29.0999999999999,72.5181512263954,72.6186012220513));
#3580=CARTESIAN_POINT('',(29.0987727762889,72.5214158743854,96.9403249664525));
#3581=CARTESIAN_POINT('Ctrl Pts',(29.1000000000001,72.5181512263953,97.3813987802112));
#3582=CARTESIAN_POINT('Ctrl Pts',(29.1000000000001,72.5181512263953,97.381368934605));
#3583=CARTESIAN_POINT('Ctrl Pts',(29.1000000051589,72.5181512165424,97.3813390897887));
#3584=CARTESIAN_POINT('Ctrl Pts',(29.0999999957893,72.5181512340846,97.3813092492586));
#3585=CARTESIAN_POINT('Ctrl Pts',(29.0999997343231,72.5181517236106,97.3804765284116));
#3586=CARTESIAN_POINT('Ctrl Pts',(29.0999973937991,72.5181568592907,97.3800194621227));
#3587=CARTESIAN_POINT('Ctrl Pts',(29.0999968668382,72.5181581177379,97.3796910952953));
#3588=CARTESIAN_POINT('Ctrl Pts',(29.099996273072,72.5181595357245,97.3793210998216));
#3589=CARTESIAN_POINT('Ctrl Pts',(29.0999970713334,72.5181576002343,97.3791146088842));
#3590=CARTESIAN_POINT('Ctrl Pts',(29.099996296683,72.5181595532591,97.3787200779781));
#3591=CARTESIAN_POINT('Ctrl Pts',(29.0999933710786,72.5181669292039,97.3772300619953));
#3592=CARTESIAN_POINT('Ctrl Pts',(29.0999893188261,72.5181787411064,97.3756051068841));
#3593=CARTESIAN_POINT('Ctrl Pts',(29.0999848568964,72.5181917252985,97.3741379627108));
#3594=CARTESIAN_POINT('Ctrl Pts',(29.0999816957705,72.5182009241587,97.3730985407741));
#3595=CARTESIAN_POINT('Ctrl Pts',(29.0999780489002,72.5182115117396,97.3720379484087));
#3596=CARTESIAN_POINT('Ctrl Pts',(29.0999738826537,72.5182232065714,97.3709973533556));
#3597=CARTESIAN_POINT('Ctrl Pts',(29.099972735777,72.5182264259036,97.3707109002267));
#3598=CARTESIAN_POINT('Ctrl Pts',(29.0999715428326,72.5182297485068,97.3704241719073));
#3599=CARTESIAN_POINT('Ctrl Pts',(29.0999703015498,72.5182331733737,97.3701377508867));
#3600=CARTESIAN_POINT('Ctrl Pts',(29.0999689883139,72.5182367967688,97.3698347269989));
#3601=CARTESIAN_POINT('Ctrl Pts',(29.099967618344,72.5182405418827,97.3695314387735));
#3602=CARTESIAN_POINT('Ctrl Pts',(29.0999661881887,72.5182444097836,97.3692284375224));
#3603=CARTESIAN_POINT('Ctrl Pts',(29.0999630424885,72.5182529174305,97.368561970693));
#3604=CARTESIAN_POINT('Ctrl Pts',(29.0999596174701,72.518261988483,97.3678999524582));
#3605=CARTESIAN_POINT('Ctrl Pts',(29.0999558258071,72.5182717729191,97.3672357828827));
#3606=CARTESIAN_POINT('Ctrl Pts',(29.0999529084705,72.5182793011444,97.3667247653694));
#3607=CARTESIAN_POINT('Ctrl Pts',(29.0999499616824,72.5182869055855,97.3662125161396));
#3608=CARTESIAN_POINT('Ctrl Pts',(29.0999469600845,72.5182946523595,97.3656960560948));
#3609=CARTESIAN_POINT('Ctrl Pts',(29.0998868536483,72.5184497800567,97.3553540404126));
#3610=CARTESIAN_POINT('Ctrl Pts',(29.0998117353489,72.5186438687922,97.3443774020684));
#3611=CARTESIAN_POINT('Ctrl Pts',(29.0997319048207,72.5188502996865,97.3339200972433));
#3612=CARTESIAN_POINT('Ctrl Pts',(29.0995391151968,72.5193488274471,97.3086658504252));
#3613=CARTESIAN_POINT('Ctrl Pts',(29.0992987555164,72.5199711158955,97.2833077379537));
#3614=CARTESIAN_POINT('Ctrl Pts',(29.0990333672612,72.5206597756786,97.2561768538379));
#3615=CARTESIAN_POINT('Ctrl Pts',(29.0989675289872,72.5208306203583,97.2494461468613));
#3616=CARTESIAN_POINT('Ctrl Pts',(29.098900197458,72.5210054353062,97.242606490981));
#3617=CARTESIAN_POINT('Ctrl Pts',(29.0988319402095,72.5211827845817,97.2356328223369));
#3618=CARTESIAN_POINT('Ctrl Pts',(29.0985237964702,72.5219834185089,97.2041505639746));
#3619=CARTESIAN_POINT('Ctrl Pts',(29.0982186281924,72.522779088377,97.1722640664888));
#3620=CARTESIAN_POINT('Ctrl Pts',(29.098006388674,72.5233372862016,97.1400246268664));
#3621=CARTESIAN_POINT('Ctrl Pts',(29.0977914567802,72.5239025650735,97.1073762121706));
#3622=CARTESIAN_POINT('Ctrl Pts',(29.097671813185,72.5242246705986,97.0743656207625));
#3623=CARTESIAN_POINT('Ctrl Pts',(29.0977585148838,72.5240109201182,97.0410581280709));
#3624=CARTESIAN_POINT('Ctrl Pts',(29.0978452165826,72.5237971696378,97.0077506353794));
#3625=CARTESIAN_POINT('Ctrl Pts',(29.0981383067623,72.5230478322477,96.9741460114689));
#3626=CARTESIAN_POINT('Ctrl Pts',(29.0987660903109,72.5214147372976,96.9403248339186));
#3627=CARTESIAN_POINT('',(29.1,72.5181512263953,96.8123883526322));
#3628=CARTESIAN_POINT('Ctrl Pts',(29.0999634269251,72.5207999378612,96.9403249664525));
#3629=CARTESIAN_POINT('Ctrl Pts',(29.1007428812878,72.5187259206328,96.8975806660878));
#3630=CARTESIAN_POINT('Ctrl Pts',(29.1011897121133,72.5175356935936,96.8551399140704));
#3631=CARTESIAN_POINT('Ctrl Pts',(29.1011897121133,72.5175356935936,96.8123883526323));
#3632=CARTESIAN_POINT('',(29.1,72.5181512263953,96.4710428158192));
#3633=CARTESIAN_POINT('Ctrl Pts',(29.1,72.5181512263953,96.8123883526322));
#3634=CARTESIAN_POINT('Ctrl Pts',(29.1,72.5181512263953,96.6986065070279));
#3635=CARTESIAN_POINT('Ctrl Pts',(29.1,72.5181512263953,96.5848246614236));
#3636=CARTESIAN_POINT('Ctrl Pts',(29.1,72.5181512263953,96.4710428158193));
#3637=CARTESIAN_POINT('',(29.3413261923186,71.820346171955,96.2369633645421));
#3638=CARTESIAN_POINT('Ctrl Pts',(29.3413261923186,71.820346171955,96.2369633645421));
#3639=CARTESIAN_POINT('Ctrl Pts',(29.3066948978908,71.9297489880792,96.2932973030634));
#3640=CARTESIAN_POINT('Ctrl Pts',(29.2523117556025,72.0944859145902,96.3778759610888));
#3641=CARTESIAN_POINT('Ctrl Pts',(29.1758201408043,72.3129827131992,96.4730520083003));
#3642=CARTESIAN_POINT('Ctrl Pts',(29.1249757434364,72.4515529079877,96.4977775870211));
#3643=CARTESIAN_POINT('Ctrl Pts',(29.1023263786492,72.5119883607281,96.4733492463743));
#3644=CARTESIAN_POINT('Ctrl Pts',(29.1000879836651,72.5179476385413,96.4705407111119));
#3645=CARTESIAN_POINT('',(30.0709458899455,67.2700226281637,93.858514168904));
#3646=CARTESIAN_POINT('Ctrl Pts',(30.0709458899455,67.2700226281637,93.858514168904));
#3647=CARTESIAN_POINT('Ctrl Pts',(30.0583727042663,67.5888837964617,94.022789290265));
#3648=CARTESIAN_POINT('Ctrl Pts',(30.0120567086858,68.4131069166021,94.3917547435217));
#3649=CARTESIAN_POINT('Ctrl Pts',(29.9180063563658,69.2234300565694,94.8040368440306));
#3650=CARTESIAN_POINT('Ctrl Pts',(29.7725396201096,70.1249255128787,95.30531118368));
#3651=CARTESIAN_POINT('Ctrl Pts',(29.6305498865123,70.8280542639819,95.7104222314008));
#3652=CARTESIAN_POINT('Ctrl Pts',(29.4312104295812,71.5363952297742,96.0907507213344));
#3653=CARTESIAN_POINT('Ctrl Pts',(29.3413261923186,71.8203461719548,96.236963364542));
#3654=CARTESIAN_POINT('',(30.1000000000001,65.1,92.3183982066608));
#3655=CARTESIAN_POINT('Ctrl Pts',(30.1000000000001,65.1000000000001,92.3183982066608));
#3656=CARTESIAN_POINT('Ctrl Pts',(30.1000000000001,65.7380166908743,92.9231038557474));
#3657=CARTESIAN_POINT('Ctrl Pts',(30.1026096833154,66.4670157844658,93.4448104639048));
#3658=CARTESIAN_POINT('Ctrl Pts',(30.0709458899487,67.2700226280811,93.8585141688617));
#3659=CARTESIAN_POINT('',(30.1,65.1,100.7));
#3660=CARTESIAN_POINT('',(30.1,65.1,24.3999999999999));
#3661=CARTESIAN_POINT('',(29.8075491814458,69.9,100.7));
#3662=CARTESIAN_POINT('Ctrl Pts',(29.8075491814459,69.9,100.7));
#3663=CARTESIAN_POINT('Ctrl Pts',(30.1000311128227,68.2216978961314,100.7));
#3664=CARTESIAN_POINT('Ctrl Pts',(30.1000000000001,66.6300430305492,100.7));
#3665=CARTESIAN_POINT('Ctrl Pts',(30.1000000000001,65.1,100.7));
#3666=CARTESIAN_POINT('',(29.2151586018959,72.2,98.4));
#3667=CARTESIAN_POINT('Ctrl Pts',(29.216146150723,72.199475188395,98.4));
#3668=CARTESIAN_POINT('Ctrl Pts',(29.2161461495632,72.1994751917324,98.4357541139062));
#3669=CARTESIAN_POINT('Ctrl Pts',(29.2164358431289,72.1986418485917,98.4715014572324));
#3670=CARTESIAN_POINT('Ctrl Pts',(29.2170144156069,72.1969759561882,98.5072146517996));
#3671=CARTESIAN_POINT('Ctrl Pts',(29.2179020496515,72.1944201781857,98.5620051033795));
#3672=CARTESIAN_POINT('Ctrl Pts',(29.2194690527153,72.1899072510145,98.6166646981701));
#3673=CARTESIAN_POINT('Ctrl Pts',(29.2217043739374,72.1834493762844,98.6710951346402));
#3674=CARTESIAN_POINT('Ctrl Pts',(29.2257291582201,72.171821717379,98.7690992886071));
#3675=CARTESIAN_POINT('Ctrl Pts',(29.2319112984075,72.1539243582548,98.8660709837392));
#3676=CARTESIAN_POINT('Ctrl Pts',(29.2401081911608,72.1299248580269,98.9614531546792));
#3677=CARTESIAN_POINT('Ctrl Pts',(29.2421253533208,72.1240188537428,98.9849256230575));
#3678=CARTESIAN_POINT('Ctrl Pts',(29.244264281273,72.1177432735035,99.0083018304596));
#3679=CARTESIAN_POINT('Ctrl Pts',(29.2465223793409,72.1111005530613,99.0315734749218));
#3680=CARTESIAN_POINT('Ctrl Pts',(29.2567917004624,72.0808909575127,99.1374076693711));
#3681=CARTESIAN_POINT('Ctrl Pts',(29.2694827862605,72.0432283149012,99.2405925954839));
#3682=CARTESIAN_POINT('Ctrl Pts',(29.2842521251308,71.9985261882089,99.3404151292496));
#3683=CARTESIAN_POINT('Ctrl Pts',(29.2915001035846,71.9765888453154,99.3894025335132));
#3684=CARTESIAN_POINT('Ctrl Pts',(29.2992477052627,71.9529560752784,99.437580170793));
#3685=CARTESIAN_POINT('Ctrl Pts',(29.30744993411,71.9276762861769,99.4848637595271));
#3686=CARTESIAN_POINT('Ctrl Pts',(29.3332423489582,71.8481824290901,99.6335499226233));
#3687=CARTESIAN_POINT('Ctrl Pts',(29.3633491260868,71.7529730950039,99.7723376663377));
#3688=CARTESIAN_POINT('Ctrl Pts',(29.3961354531564,71.6441260554363,99.8990630896863));
#3689=CARTESIAN_POINT('Ctrl Pts',(29.4093726628243,71.6001799592047,99.9502274362004));
#3690=CARTESIAN_POINT('Ctrl Pts',(29.4230460103248,71.5540108871685,99.9994255350469));
#3691=CARTESIAN_POINT('Ctrl Pts',(29.4370477873495,71.5057562860974,100.046514973622));
#3692=CARTESIAN_POINT('Ctrl Pts',(29.4617940348991,71.4204728037643,100.129739188798));
#3693=CARTESIAN_POINT('Ctrl Pts',(29.4874520266614,71.32905561844,100.20601033968));
#3694=CARTESIAN_POINT('Ctrl Pts',(29.5134446404403,71.2323851668884,100.274745767682));
#3695=CARTESIAN_POINT('Ctrl Pts',(29.5373334674436,71.1435390157051,100.337917896598));
#3696=CARTESIAN_POINT('Ctrl Pts',(29.5615045745045,71.0502555819541,100.394724787283));
#3697=CARTESIAN_POINT('Ctrl Pts',(29.5855545322991,70.9532272310457,100.444714116638));
#3698=CARTESIAN_POINT('Ctrl Pts',(29.5939450170479,70.91937624031,100.462154259741));
#3699=CARTESIAN_POINT('Ctrl Pts',(29.6023211999379,70.8850695176626,100.47876460076));
#3700=CARTESIAN_POINT('Ctrl Pts',(29.6106674593066,70.8503367329541,100.494525932367));
#3701=CARTESIAN_POINT('Ctrl Pts',(29.6328690979988,70.7579450754699,100.536452186296));
#3702=CARTESIAN_POINT('Ctrl Pts',(29.6547567818088,70.6629479260526,100.572185535543));
#3703=CARTESIAN_POINT('Ctrl Pts',(29.6760796963486,70.5659703518483,100.601519291032));
#3704=CARTESIAN_POINT('Ctrl Pts',(29.6972663102567,70.4696126790463,100.63066553888));
#3705=CARTESIAN_POINT('Ctrl Pts',(29.7178952736936,70.371299873303,100.653493746623));
#3706=CARTESIAN_POINT('Ctrl Pts',(29.7377716797438,70.2716518657268,100.669801163504));
#3707=CARTESIAN_POINT('Ctrl Pts',(29.7548092022584,70.1862362645192,100.683779444163));
#3708=CARTESIAN_POINT('Ctrl Pts',(29.7712946337717,70.0998397677101,100.692966600541));
#3709=CARTESIAN_POINT('Ctrl Pts',(29.7871355434621,70.0128562566249,100.697234939302));
#3710=CARTESIAN_POINT('Ctrl Pts',(29.7939797225568,69.9752744043328,100.699079105798));
#3711=CARTESIAN_POINT('Ctrl Pts',(29.8006873393581,69.9376741565833,100.699999615114));
#3712=CARTESIAN_POINT('Ctrl Pts',(29.8072541988586,69.9000895245992,100.7));
#3713=CARTESIAN_POINT('',(13.,82.2,98.4));
#3714=CARTESIAN_POINT('Ctrl Pts',(13.,82.2,98.4));
#3715=CARTESIAN_POINT('Ctrl Pts',(15.2138882264814,82.2,98.4));
#3716=CARTESIAN_POINT('Ctrl Pts',(17.6060459369582,82.2,98.4));
#3717=CARTESIAN_POINT('Ctrl Pts',(22.4039112812653,80.4982066002742,98.4));
#3718=CARTESIAN_POINT('Ctrl Pts',(23.9940029227862,79.2995517176424,98.4));
#3719=CARTESIAN_POINT('Ctrl Pts',(26.025503562179,77.4925289014448,98.4));
#3720=CARTESIAN_POINT('Ctrl Pts',(26.9491219726518,76.4300265409607,98.4));
#3721=CARTESIAN_POINT('Ctrl Pts',(28.3295902543734,74.3093706858709,98.4));
#3722=CARTESIAN_POINT('Ctrl Pts',(28.8371086128664,73.285451538439,98.4));
#3723=CARTESIAN_POINT('Ctrl Pts',(29.215158601896,72.2,98.4));
#3724=CARTESIAN_POINT('',(13.,82.2,-0.40000000000017));
#3725=CARTESIAN_POINT('',(13.,82.2,24.3999999999999));
#3726=CARTESIAN_POINT('',(29.2151586018959,72.2,-0.400000000000169));
#3727=CARTESIAN_POINT('Ctrl Pts',(29.215158601896,72.2,-0.40000000000017));
#3728=CARTESIAN_POINT('Ctrl Pts',(28.6515608471874,73.8181935396415,-0.40000000000017));
#3729=CARTESIAN_POINT('Ctrl Pts',(27.8062922552492,75.3058728195037,-0.400000000000178));
#3730=CARTESIAN_POINT('Ctrl Pts',(25.493470215245,78.0916697743607,-0.400000000000178));
#3731=CARTESIAN_POINT('Ctrl Pts',(23.9314897519093,79.474784704899,-0.400000000000177));
#3732=CARTESIAN_POINT('Ctrl Pts',(20.4048816913047,81.3293267392649,-0.400000000000177));
#3733=CARTESIAN_POINT('Ctrl Pts',(18.8854630391301,81.7366746972097,-0.400000000000176));
#3734=CARTESIAN_POINT('Ctrl Pts',(15.9726412362017,82.2,-0.400000000000176));
#3735=CARTESIAN_POINT('Ctrl Pts',(14.460800295898,82.2,-0.400000000000171));
#3736=CARTESIAN_POINT('Ctrl Pts',(13.,82.2,-0.400000000000171));
#3737=CARTESIAN_POINT('',(29.8075491814458,69.9,-2.70000000000017));
#3738=CARTESIAN_POINT('Ctrl Pts',(29.8072541988586,69.9000895245992,-2.70000000000017));
#3739=CARTESIAN_POINT('Ctrl Pts',(29.7895020390122,70.0016918802911,-2.70000230048927));
#3740=CARTESIAN_POINT('Ctrl Pts',(29.7708145444564,70.1028529178957,-2.69327725617376));
#3741=CARTESIAN_POINT('Ctrl Pts',(29.7513178293863,70.2029359252024,-2.67998751196012));
#3742=CARTESIAN_POINT('Ctrl Pts',(29.7318764906267,70.302734667818,-2.6667355144643));
#3743=CARTESIAN_POINT('Ctrl Pts',(29.7116304780884,70.401461416014,-2.6469560554046));
#3744=CARTESIAN_POINT('Ctrl Pts',(29.690756574417,70.4984903018963,-2.62081039774435));
#3745=CARTESIAN_POINT('Ctrl Pts',(29.6749819471429,70.571816045548,-2.60105185085629));
#3746=CARTESIAN_POINT('Ctrl Pts',(29.6588498122684,70.6441722509395,-2.57765757880697));
#3747=CARTESIAN_POINT('Ctrl Pts',(29.6424560738042,70.7152912342726,-2.55069718026482));
#3748=CARTESIAN_POINT('Ctrl Pts',(29.6193833684119,70.8153847763185,-2.51275285571766));
#3749=CARTESIAN_POINT('Ctrl Pts',(29.5959165912646,70.9124812859068,-2.46795149470214));
#3750=CARTESIAN_POINT('Ctrl Pts',(29.5723909353901,71.0059197652582,-2.41669941664306));
#3751=CARTESIAN_POINT('Ctrl Pts',(29.5472193631678,71.1058954447417,-2.36186160930214));
#3752=CARTESIAN_POINT('Ctrl Pts',(29.521980479598,71.2016832670625,-2.29963889212481));
#3753=CARTESIAN_POINT('Ctrl Pts',(29.4971466107361,71.2924844634421,-2.23052897170271));
#3754=CARTESIAN_POINT('Ctrl Pts',(29.4788579854541,71.3593539900946,-2.17963374289659));
#3755=CARTESIAN_POINT('Ctrl Pts',(29.460790467713,71.4235193122933,-2.12500329349214));
#3756=CARTESIAN_POINT('Ctrl Pts',(29.4431501666972,71.4846648929833,-2.06683640840571));
#3757=CARTESIAN_POINT('Ctrl Pts',(29.4015162465745,71.6289782026043,-1.92955329485212));
#3758=CARTESIAN_POINT('Ctrl Pts',(29.3626113901857,71.7552628979053,-1.77369479250877));
#3759=CARTESIAN_POINT('Ctrl Pts',(29.32922117189,71.8599886030434,-1.60293293059885));
#3760=CARTESIAN_POINT('Ctrl Pts',(29.3201733412245,71.8883663883581,-1.55666116331093));
#3761=CARTESIAN_POINT('Ctrl Pts',(29.3115303560609,71.9151613490904,-1.50929510057967));
#3762=CARTESIAN_POINT('Ctrl Pts',(29.303346305286,71.9403034219261,-1.46090780275465));
#3763=CARTESIAN_POINT('Ctrl Pts',(29.2869958554112,71.9905333402093,-1.36423757068659));
#3764=CARTESIAN_POINT('Ctrl Pts',(29.2725786116228,72.0338659905699,-1.26406695646022));
#3765=CARTESIAN_POINT('Ctrl Pts',(29.2604390372847,72.0699492378488,-1.16112408761188));
#3766=CARTESIAN_POINT('Ctrl Pts',(29.249141540202,72.1035295240691,-1.06532198383897));
#3767=CARTESIAN_POINT('Ctrl Pts',(29.2398169731343,72.1308313479184,-0.967118888281114));
#3768=CARTESIAN_POINT('Ctrl Pts',(29.2326969121634,72.1515654706129,-0.867101673482593));
#3769=CARTESIAN_POINT('Ctrl Pts',(29.2311331390318,72.1561192889169,-0.845134974906552));
#3770=CARTESIAN_POINT('Ctrl Pts',(29.2296755082721,72.1603562763009,-0.823080768705317));
#3771=CARTESIAN_POINT('Ctrl Pts',(29.2283261275423,72.164273323957,-0.800945272351696));
#3772=CARTESIAN_POINT('Ctrl Pts',(29.2238283789935,72.1773296060151,-0.727163355647526));
#3773=CARTESIAN_POINT('Ctrl Pts',(29.2205514584446,72.186782975347,-0.652740976397545));
#3774=CARTESIAN_POINT('Ctrl Pts',(29.2185384168364,72.1925854828622,-0.577927856467197));
#3775=CARTESIAN_POINT('Ctrl Pts',(29.2173390879574,72.1960424977618,-0.533355734913363));
#3776=CARTESIAN_POINT('Ctrl Pts',(29.2165891594786,72.198200307078,-0.488686303392802));
#3777=CARTESIAN_POINT('Ctrl Pts',(29.2162921778166,72.1990549693834,-0.443973035177463));
#3778=CARTESIAN_POINT('Ctrl Pts',(29.2161948287473,72.1993351233141,-0.429316254633909));
#3779=CARTESIAN_POINT('Ctrl Pts',(29.2161461500734,72.199475190264,-0.414657947112569));
#3780=CARTESIAN_POINT('Ctrl Pts',(29.2161461497467,72.1994751912043,-0.40000000000016));
#3781=CARTESIAN_POINT('Ctrl Pts',(30.1,65.1,-2.70000000000017));
#3782=CARTESIAN_POINT('Ctrl Pts',(30.1,66.6300430305492,-2.70000000000017));
#3783=CARTESIAN_POINT('Ctrl Pts',(30.1000311128227,68.2216978961314,-2.70000000000017));
#3784=CARTESIAN_POINT('Ctrl Pts',(29.8075491814458,69.9,-2.70000000000017));
#3785=CARTESIAN_POINT('',(29.1,72.5181512263953,1.18762435163673));
#3786=CARTESIAN_POINT('Ctrl Pts',(29.1,72.5181512263953,1.52896680672138));
#3787=CARTESIAN_POINT('Ctrl Pts',(29.1,72.5181512263953,1.41518598835983));
#3788=CARTESIAN_POINT('Ctrl Pts',(29.1,72.5181512263953,1.30140516999828));
#3789=CARTESIAN_POINT('Ctrl Pts',(29.1,72.5181512263953,1.18762435163673));
#3790=CARTESIAN_POINT('',(29.0987727792301,72.5214158665641,1.05968876405126));
#3791=CARTESIAN_POINT('Ctrl Pts',(29.1011897121132,72.5175356935936,1.18762435163673));
#3792=CARTESIAN_POINT('Ctrl Pts',(29.1011897121132,72.5175356935936,1.14487313286592));
#3793=CARTESIAN_POINT('Ctrl Pts',(29.1007428823516,72.5187259177982,1.10243272061767));
#3794=CARTESIAN_POINT('Ctrl Pts',(29.0999634298642,72.5207999300407,1.05968876405129));
#3795=CARTESIAN_POINT('',(29.0999999999999,72.5181512263952,0.618601222050838));
#3796=CARTESIAN_POINT('Ctrl Pts',(29.0999634298642,72.5207999300405,1.05968876405138));
#3797=CARTESIAN_POINT('Ctrl Pts',(29.0986328559682,72.5243403979901,0.986722170526462));
#3798=CARTESIAN_POINT('Ctrl Pts',(29.0986863867556,72.5241968388958,0.914743115122469));
#3799=CARTESIAN_POINT('Ctrl Pts',(29.0992391612298,72.5227266620265,0.841167560614639));
#3800=CARTESIAN_POINT('Ctrl Pts',(29.0996271420815,72.5216947756053,0.78952641646588));
#3801=CARTESIAN_POINT('Ctrl Pts',(29.1002620553829,72.5200054253632,0.737615393132586));
#3802=CARTESIAN_POINT('Ctrl Pts',(29.1007111257762,72.5188099441156,0.690202080715711));
#3803=CARTESIAN_POINT('Ctrl Pts',(29.1008594458025,72.5184150977558,0.674542300313824));
#3804=CARTESIAN_POINT('Ctrl Pts',(29.1010022003438,72.5180350029156,0.657821389608912));
#3805=CARTESIAN_POINT('Ctrl Pts',(29.1010951109106,72.5177876029411,0.642220386794196));
#3806=CARTESIAN_POINT('Ctrl Pts',(29.1011256485808,72.5177062879832,0.637092678557116));
#3807=CARTESIAN_POINT('Ctrl Pts',(29.1011535287221,72.5176320468256,0.63162447272479));
#3808=CARTESIAN_POINT('Ctrl Pts',(29.1011720699704,72.5175826732248,0.626288993855144));
#3809=CARTESIAN_POINT('Ctrl Pts',(29.1011731046763,72.5175799179004,0.625991244147211));
#3810=CARTESIAN_POINT('Ctrl Pts',(29.1011741151659,72.5175772270589,0.625692878822056));
#3811=CARTESIAN_POINT('Ctrl Pts',(29.1011750957429,72.5175746158696,0.625395192214558));
#3812=CARTESIAN_POINT('Ctrl Pts',(29.101175927948,72.5175723997813,0.625142548793534));
#3813=CARTESIAN_POINT('Ctrl Pts',(29.1011767421542,72.5175702316208,0.624889315891176));
#3814=CARTESIAN_POINT('Ctrl Pts',(29.1011775331685,72.5175681252167,0.624636644156428));
#3815=CARTESIAN_POINT('Ctrl Pts',(29.1011790003447,72.5175642182509,0.624167987700687));
#3816=CARTESIAN_POINT('Ctrl Pts',(29.1011804096477,72.517560465391,0.623694265310711));
#3817=CARTESIAN_POINT('Ctrl Pts',(29.1011817124362,72.5175569961665,0.62322570475651));
#3818=CARTESIAN_POINT('Ctrl Pts',(29.1011833388672,72.5175526651068,0.622640742994406));
#3819=CARTESIAN_POINT('Ctrl Pts',(29.1011848677705,72.5175485937493,0.62203918201124));
#3820=CARTESIAN_POINT('Ctrl Pts',(29.1011861331479,72.5175452241378,0.621453101018392));
#3821=CARTESIAN_POINT('Ctrl Pts',(29.1011871779878,72.5175424418026,0.620969165748895));
#3822=CARTESIAN_POINT('Ctrl Pts',(29.1011880914421,72.517540009335,0.620473592499108));
#3823=CARTESIAN_POINT('Ctrl Pts',(29.1011887300696,72.5175383087121,0.619988114488666));
#3824=CARTESIAN_POINT('Ctrl Pts',(29.1011890400034,72.5175374833785,0.619752505936487));
#3825=CARTESIAN_POINT('Ctrl Pts',(29.1011892897845,72.5175368182278,0.619515982104935));
#3826=CARTESIAN_POINT('Ctrl Pts',(29.1011894596491,72.5175363658893,0.619280416238712));
#3827=CARTESIAN_POINT('Ctrl Pts',(29.1011896147094,72.5175359529738,0.619065380901358));
#3828=CARTESIAN_POINT('Ctrl Pts',(29.1011896622963,72.5175358262528,0.618850345226542));
#3829=CARTESIAN_POINT('Ctrl Pts',(29.1011897098833,72.5175356995318,0.618635309551738));
#3830=CARTESIAN_POINT('',(29.1,72.5181512263951,25.3813987779488));
#3831=CARTESIAN_POINT('Ctrl Pts',(29.1,72.5181512263951,25.3813987779488));
#3832=CARTESIAN_POINT('Ctrl Pts',(28.9222077373102,72.9912924836816,25.3492980836311));
#3833=CARTESIAN_POINT('Ctrl Pts',(28.7188395096592,73.4524554105279,25.275833741717));
#3834=CARTESIAN_POINT('Ctrl Pts',(28.4934749499706,73.8989190198281,25.1676242057858));
#3835=CARTESIAN_POINT('Ctrl Pts',(28.2993077059745,74.2835784741902,25.0743941637825));
#3836=CARTESIAN_POINT('Ctrl Pts',(28.0888117277256,74.6573263453725,24.9553711180356));
#3837=CARTESIAN_POINT('Ctrl Pts',(27.8642617172289,75.0184084095035,24.814765034417));
#3838=CARTESIAN_POINT('Ctrl Pts',(27.8642447888533,75.0184356307573,24.814754434406));
#3839=CARTESIAN_POINT('Ctrl Pts',(27.8642278603982,75.0184628519383,24.8147438342728));
#3840=CARTESIAN_POINT('Ctrl Pts',(27.8642109318637,75.0184900730466,24.8147332340176));
#3841=CARTESIAN_POINT('Ctrl Pts',(27.6100438864872,75.4271910553003,24.6555797325896));
#3842=CARTESIAN_POINT('Ctrl Pts',(27.3379712721113,75.8195072888445,24.4689159864141));
#3843=CARTESIAN_POINT('Ctrl Pts',(27.0517092576291,76.1945265118154,24.2589212204709));
#3844=CARTESIAN_POINT('Ctrl Pts',(26.7312685502403,76.6143217309279,24.023853806904));
#3845=CARTESIAN_POINT('Ctrl Pts',(26.3930470990601,77.0124434219446,23.759550584678));
#3846=CARTESIAN_POINT('Ctrl Pts',(26.0422314799692,77.3875671349574,23.4718288754114));
#3847=CARTESIAN_POINT('Ctrl Pts',(25.8176951526702,77.6276616353702,23.2876752278335));
#3848=CARTESIAN_POINT('Ctrl Pts',(25.5879991006976,77.858334052751,23.0939272769642));
#3849=CARTESIAN_POINT('Ctrl Pts',(25.3545011112235,78.079227570249,22.8921054717924));
#3850=CARTESIAN_POINT('Ctrl Pts',(25.1257709719852,78.2956106111819,22.6944047134167));
#3851=CARTESIAN_POINT('Ctrl Pts',(24.8933926334304,78.5026099160754,22.4889564343955));
#3852=CARTESIAN_POINT('Ctrl Pts',(24.6579538599051,78.7003186482725,22.2766272123714));
#3853=CARTESIAN_POINT('Ctrl Pts',(24.3740355055255,78.9387379071369,22.020576934836));
#3854=CARTESIAN_POINT('Ctrl Pts',(24.0859241835721,79.1634325114208,21.7545795086698));
#3855=CARTESIAN_POINT('Ctrl Pts',(23.7946400835058,79.3746449299544,21.4802907292334));
#3856=CARTESIAN_POINT('Ctrl Pts',(23.4947927678502,79.5920666042442,21.1979383653052));
#3857=CARTESIAN_POINT('Ctrl Pts',(23.1915825031789,79.7952023998037,20.9067997506983));
#3858=CARTESIAN_POINT('Ctrl Pts',(22.88610678951,79.9842927518942,20.60863475331));
#3859=CARTESIAN_POINT('Ctrl Pts',(22.8483268929547,80.0076786173556,20.5717590140819));
#3860=CARTESIAN_POINT('Ctrl Pts',(22.8105123361261,80.0308496125301,20.5347757479485));
#3861=CARTESIAN_POINT('Ctrl Pts',(22.7726651899318,80.0538061610899,20.4976882396144));
#3862=CARTESIAN_POINT('Ctrl Pts',(22.4591420411817,80.2439766260431,20.1904578785059));
#3863=CARTESIAN_POINT('Ctrl Pts',(22.1433818334355,80.419433818207,19.8760772972516));
#3864=CARTESIAN_POINT('Ctrl Pts',(21.8249871972941,80.580981201333,19.5560033469059));
#3865=CARTESIAN_POINT('Ctrl Pts',(21.4954302082494,80.7481921500357,19.2247081698706));
#3866=CARTESIAN_POINT('Ctrl Pts',(21.1630500914215,80.9005006504917,18.8873131290948));
#3867=CARTESIAN_POINT('Ctrl Pts',(20.8274216251979,81.03876208816,18.5453938759837));
#3868=CARTESIAN_POINT('Ctrl Pts',(20.780696631671,81.05801035054,18.4977931016271));
#3869=CARTESIAN_POINT('Ctrl Pts',(20.7339087149285,81.0769863144037,18.450104585914));
#3870=CARTESIAN_POINT('Ctrl Pts',(20.6870567622215,81.0956922426892,18.4023325271721));
#3871=CARTESIAN_POINT('Ctrl Pts',(20.3327897412043,81.2371355146601,18.0411082033057));
#3872=CARTESIAN_POINT('Ctrl Pts',(19.9748586198206,81.3631414225146,17.6751104023081));
#3873=CARTESIAN_POINT('Ctrl Pts',(19.6140695242275,81.4742825321778,17.305392051824));
#3874=CARTESIAN_POINT('Ctrl Pts',(19.420079344396,81.5340412225417,17.1066007630255));
#3875=CARTESIAN_POINT('Ctrl Pts',(19.22526353123,81.5895020273403,16.9067332054634));
#3876=CARTESIAN_POINT('Ctrl Pts',(19.029751340247,81.6407521410785,16.7059487406042));
#3877=CARTESIAN_POINT('Ctrl Pts',(19.0297413202982,81.6407547676335,16.7059384504526));
#3878=CARTESIAN_POINT('Ctrl Pts',(19.0297313003474,81.6407573941774,16.7059281602987));
#3879=CARTESIAN_POINT('Ctrl Pts',(19.0297212803949,81.6407600207102,16.7059178701423));
#3880=CARTESIAN_POINT('Ctrl Pts',(18.9032197380064,81.6739199041882,16.576005014138));
#3881=CARTESIAN_POINT('Ctrl Pts',(18.7766517139106,81.7052592720035,16.4455772647042));
#3882=CARTESIAN_POINT('Ctrl Pts',(18.6498230453844,81.7348768158084,16.3145937258822));
#3883=CARTESIAN_POINT('Ctrl Pts',(18.5220023910291,81.7647260121576,16.1825857040638));
#3884=CARTESIAN_POINT('Ctrl Pts',(18.3939168711114,81.7928260725222,16.0500131744056));
#3885=CARTESIAN_POINT('Ctrl Pts',(18.2653945524127,81.819258893249,15.9167926092307));
#3886=CARTESIAN_POINT('Ctrl Pts',(18.1691018673898,81.8390631366387,15.8169798603568));
#3887=CARTESIAN_POINT('Ctrl Pts',(18.0725645541758,81.8579310601845,15.7168024896367));
#3888=CARTESIAN_POINT('Ctrl Pts',(17.9757204497532,81.8758915963634,15.6162100869412));
#3889=CARTESIAN_POINT('Ctrl Pts',(17.8481928505927,81.8995426391624,15.4837466015693));
#3890=CARTESIAN_POINT('Ctrl Pts',(17.7201322193746,81.9216203870891,15.3505649975044));
#3891=CARTESIAN_POINT('Ctrl Pts',(17.5926681460837,81.9421033031587,15.2155177301927));
#3892=CARTESIAN_POINT('Ctrl Pts',(17.4697958587872,81.9618483394108,15.0853354270595));
#3893=CARTESIAN_POINT('Ctrl Pts',(17.3474781597866,81.9801111186198,14.9534197003143));
#3894=CARTESIAN_POINT('Ctrl Pts',(17.2267506881787,81.9968666429167,14.8187020721327));
#3895=CARTESIAN_POINT('Ctrl Pts',(17.1247823554002,82.0110186238589,14.7049174317474));
#3896=CARTESIAN_POINT('Ctrl Pts',(17.0239489580031,82.0240952093701,14.5891335344963));
#3897=CARTESIAN_POINT('Ctrl Pts',(16.9248860644857,82.0360798827198,14.4706799626062));
#3898=CARTESIAN_POINT('Ctrl Pts',(16.9248125334358,82.0360887785392,14.4705920385087));
#3899=CARTESIAN_POINT('Ctrl Pts',(16.9247390033617,82.0360976737571,14.4705041129391));
#3900=CARTESIAN_POINT('Ctrl Pts',(16.9246654742644,82.0361065683732,14.4704161858961));
#3901=CARTESIAN_POINT('Ctrl Pts',(16.8737588118545,82.0422646097457,14.4095413423462));
#3902=CARTESIAN_POINT('Ctrl Pts',(16.8235610607731,82.0481056516583,14.3479064192676));
#3903=CARTESIAN_POINT('Ctrl Pts',(16.7742048298199,82.0536441895807,14.2851913686674));
#3904=CARTESIAN_POINT('Ctrl Pts',(16.7304250589224,82.0585569618218,14.2295621098266));
#3905=CARTESIAN_POINT('Ctrl Pts',(16.6873076642812,82.0632315494659,14.1730827620716));
#3906=CARTESIAN_POINT('Ctrl Pts',(16.6449621266292,82.0676730832582,14.1155004313324));
#3907=CARTESIAN_POINT('Ctrl Pts',(16.5999115471129,82.0723983431648,14.0542397291772));
#3908=CARTESIAN_POINT('Ctrl Pts',(16.5557338099437,82.076859832941,13.9917316600629));
#3909=CARTESIAN_POINT('Ctrl Pts',(16.5134506986749,82.0810059792686,13.9274864321796));
#3910=CARTESIAN_POINT('Ctrl Pts',(16.4747289989771,82.0848029049957,13.8686524356626));
#3911=CARTESIAN_POINT('Ctrl Pts',(16.4375960780789,82.0883352930226,13.8083616402563));
#3912=CARTESIAN_POINT('Ctrl Pts',(16.4028620157161,82.0915602198157,13.7461974276166));
#3913=CARTESIAN_POINT('Ctrl Pts',(16.3996673653631,82.0918568310617,13.7404799010636));
#3914=CARTESIAN_POINT('Ctrl Pts',(16.3964930274391,82.0921508393496,13.7347464956297));
#3915=CARTESIAN_POINT('Ctrl Pts',(16.3933396445077,82.0924422100656,13.7289968677386));
#3916=CARTESIAN_POINT('Ctrl Pts',(16.3579350218112,82.095713576242,13.6644428917211));
#3917=CARTESIAN_POINT('Ctrl Pts',(16.3254732199903,82.0986248870948,13.5979668336878));
#3918=CARTESIAN_POINT('Ctrl Pts',(16.2967758813327,82.1011386254613,13.5291365323971));
#3919=CARTESIAN_POINT('Ctrl Pts',(16.2890546776091,82.1018149629527,13.5106172966949));
#3920=CARTESIAN_POINT('Ctrl Pts',(16.2816061743874,82.10246248908,13.4919274259937));
#3921=CARTESIAN_POINT('Ctrl Pts',(16.2744468526744,82.1030804037089,13.4730580063461));
#3922=CARTESIAN_POINT('Ctrl Pts',(16.2514282917572,82.1050671150339,13.4123892861729));
#3923=CARTESIAN_POINT('Ctrl Pts',(16.2313961324842,82.1067480108854,13.3498663158822));
#3924=CARTESIAN_POINT('Ctrl Pts',(16.2158522218045,82.1080362751033,13.2859695490793));
#3925=CARTESIAN_POINT('Ctrl Pts',(16.210421592801,82.1084863603598,13.2636457180834));
#3926=CARTESIAN_POINT('Ctrl Pts',(16.2055391871569,82.1088884843964,13.2411539922761));
#3927=CARTESIAN_POINT('Ctrl Pts',(16.2012705293254,82.1092388165912,13.2185142750914));
#3928=CARTESIAN_POINT('Ctrl Pts',(16.1938522029073,82.1098476446301,13.1791696335862));
#3929=CARTESIAN_POINT('Ctrl Pts',(16.1882832855393,82.1103003913863,13.1393346995596));
#3930=CARTESIAN_POINT('Ctrl Pts',(16.1849298425917,82.1105751807046,13.0992430247857));
#3931=CARTESIAN_POINT('Ctrl Pts',(16.1824902023842,82.1107750907911,13.0700762062968));
#3932=CARTESIAN_POINT('Ctrl Pts',(16.1812218441999,82.1108809188773,13.0407812155929));
#3933=CARTESIAN_POINT('Ctrl Pts',(16.1810537521298,82.1108970514009,13.0114849426175));
#3934=CARTESIAN_POINT('Ctrl Pts',(16.180852770803,82.1109163404488,12.976456497734));
#3935=CARTESIAN_POINT('Ctrl Pts',(16.1822234770074,82.1108075027307,12.941425988623));
#3936=CARTESIAN_POINT('Ctrl Pts',(16.1850488336495,82.1105777178842,12.9065606723048));
#3937=CARTESIAN_POINT('Ctrl Pts',(16.1855484946698,82.1105370807027,12.90039478186));
#3938=CARTESIAN_POINT('Ctrl Pts',(16.1860936883121,82.1104926578199,12.8942339539292));
#3939=CARTESIAN_POINT('Ctrl Pts',(16.1866838166228,82.1104444849541,12.8880790420337));
#3940=CARTESIAN_POINT('Ctrl Pts',(16.1904882230194,82.1101339268004,12.8483998980908));
#3941=CARTESIAN_POINT('Ctrl Pts',(16.1961565692933,82.1096678367568,12.8089667874894));
#3942=CARTESIAN_POINT('Ctrl Pts',(16.2036011773461,82.1090497081516,12.7699846299855));
#3943=CARTESIAN_POINT('Ctrl Pts',(16.2054863941428,82.1088931778923,12.7601130803245));
#3944=CARTESIAN_POINT('Ctrl Pts',(16.2074857134313,82.1087268797833,12.750270616593));
#3945=CARTESIAN_POINT('Ctrl Pts',(16.2095980996691,82.1085508336849,12.740460938629));
#3946=CARTESIAN_POINT('Ctrl Pts',(16.2115695553891,82.1083865327246,12.7313057257293));
#3947=CARTESIAN_POINT('Ctrl Pts',(16.2136335670018,82.1082142330257,12.7221820566683));
#3948=CARTESIAN_POINT('Ctrl Pts',(16.2157881857136,82.1080340469705,12.7130939640071));
#3949=CARTESIAN_POINT('Ctrl Pts',(16.2320026670265,82.1066780653252,12.6447019520849));
#3950=CARTESIAN_POINT('Ctrl Pts',(16.253353442359,82.1048750432932,12.5783229528521));
#3951=CARTESIAN_POINT('Ctrl Pts',(16.2785590685069,82.1026958041245,12.5138011817825));
#3952=CARTESIAN_POINT('Ctrl Pts',(16.3097704502691,82.0999973166818,12.4339057799777));
#3953=CARTESIAN_POINT('Ctrl Pts',(16.3468888261715,82.096722264666,12.3568566366748));
#3954=CARTESIAN_POINT('Ctrl Pts',(16.3874115289216,82.0930110350413,12.2824043125079));
#3955=CARTESIAN_POINT('Ctrl Pts',(16.4094240654589,82.0909950397554,12.2419606995502));
#3956=CARTESIAN_POINT('Ctrl Pts',(16.4324404460947,82.0888503983776,12.202284240381));
#3957=CARTESIAN_POINT('Ctrl Pts',(16.4560614221942,82.0865994993666,12.1633413851637));
#3958=CARTESIAN_POINT('Ctrl Pts',(16.4561488061208,82.0865911723443,12.1631973191612));
#3959=CARTESIAN_POINT('Ctrl Pts',(16.4562361989367,82.0865828438093,12.1630532615741));
#3960=CARTESIAN_POINT('Ctrl Pts',(16.4563236006217,82.0865745137628,12.1629092123997));
#3961=CARTESIAN_POINT('Ctrl Pts',(16.5016518012375,82.0822543908727,12.0882025305127));
#3962=CARTESIAN_POINT('Ctrl Pts',(16.5493683072341,82.0775273256631,12.0157626700228));
#3963=CARTESIAN_POINT('Ctrl Pts',(16.5989247823155,82.072414845278,11.9451991591194));
#3964=CARTESIAN_POINT('Ctrl Pts',(16.6515280073058,82.0669880477604,11.8702973781906));
#3965=CARTESIAN_POINT('Ctrl Pts',(16.7062040709867,82.0611269025688,11.7975092260807));
#3966=CARTESIAN_POINT('Ctrl Pts',(16.762261097638,82.0548630807907,11.726316845657));
#3967=CARTESIAN_POINT('Ctrl Pts',(16.8266080415844,82.0476729422313,11.6445962766902));
#3968=CARTESIAN_POINT('Ctrl Pts',(16.8927740988707,82.0399519515011,11.5649779206687));
#3969=CARTESIAN_POINT('Ctrl Pts',(16.9596722541752,82.0317586272899,11.4866203445479));
#3970=CARTESIAN_POINT('Ctrl Pts',(16.9834125424622,82.0288510451912,11.4588134276291));
#3971=CARTESIAN_POINT('Ctrl Pts',(17.0072447416994,82.025884087632,11.4311648507997));
#3972=CARTESIAN_POINT('Ctrl Pts',(17.0311195649021,82.0228607300992,11.4036358175915));
#3973=CARTESIAN_POINT('Ctrl Pts',(17.0312368448881,82.022845878499,11.4035005870768));
#3974=CARTESIAN_POINT('Ctrl Pts',(17.0313541259022,82.0228310255382,11.4033653594459));
#3975=CARTESIAN_POINT('Ctrl Pts',(17.0314714079426,82.0228161712171,11.403230134698));
#3976=CARTESIAN_POINT('Ctrl Pts',(17.2296357715083,81.9977177239814,11.1747490643158));
#3977=CARTESIAN_POINT('Ctrl Pts',(17.4327562519218,81.9684790565073,10.9541917041839));
#3978=CARTESIAN_POINT('Ctrl Pts',(17.6364269133414,81.9351275027504,10.7376254736932));
#3979=CARTESIAN_POINT('Ctrl Pts',(17.8856882848403,81.8943103621122,10.4725819212433));
#3980=CARTESIAN_POINT('Ctrl Pts',(18.135775864528,81.8473327090037,10.2135171896098));
#3981=CARTESIAN_POINT('Ctrl Pts',(18.3847001080798,81.7940335974257,9.95712045457832));
#3982=CARTESIAN_POINT('Ctrl Pts',(18.4375494454189,81.7827176135445,9.90268462563305));
#3983=CARTESIAN_POINT('Ctrl Pts',(18.4903462508253,81.7711166774731,9.84836889807413));
#3984=CARTESIAN_POINT('Ctrl Pts',(18.5430713203783,81.7592292482334,9.79414132625862));
#3985=CARTESIAN_POINT('Ctrl Pts',(18.7877499815269,81.7040638345976,9.54249007607251));
#3986=CARTESIAN_POINT('Ctrl Pts',(19.0308861391876,81.6427280359032,9.29274060640652));
#3987=CARTESIAN_POINT('Ctrl Pts',(19.2727123963708,81.5748604658448,9.04450289989791));
#3988=CARTESIAN_POINT('Ctrl Pts',(19.388407076418,81.5423912174888,8.92574084996707));
#3989=CARTESIAN_POINT('Ctrl Pts',(19.5038014928985,81.5084270432447,8.80732421392398));
#3990=CARTESIAN_POINT('Ctrl Pts',(19.6189187848808,81.4729292265518,8.68920685184402));
#3991=CARTESIAN_POINT('Ctrl Pts',(19.6189686960329,81.4729138358412,8.68915563995815));
#3992=CARTESIAN_POINT('Ctrl Pts',(19.6190186071328,81.4728984448423,8.68910442812851));
#3993=CARTESIAN_POINT('Ctrl Pts',(19.6190685181806,81.4728830535552,8.68905321635508));
#3994=CARTESIAN_POINT('Ctrl Pts',(20.0960041876795,81.3258083241325,8.19968818574345));
#3995=CARTESIAN_POINT('Ctrl Pts',(20.5679900077863,81.1524702125832,7.71578313495994));
#3996=CARTESIAN_POINT('Ctrl Pts',(21.0344293344932,80.9513498080419,7.24148363505012));
#3997=CARTESIAN_POINT('Ctrl Pts',(21.5537826503865,80.7274138253497,6.71337846916753));
#3998=CARTESIAN_POINT('Ctrl Pts',(22.0662599708975,80.4690359302758,6.19718061854041));
#3999=CARTESIAN_POINT('Ctrl Pts',(22.5721596799734,80.1732654968531,5.69871984405006));
#4000=CARTESIAN_POINT('Ctrl Pts',(22.657078617831,80.1236182829778,5.61504958535246));
#4001=CARTESIAN_POINT('Ctrl Pts',(22.7418122273048,80.0729173918139,5.53187914775298));
#4002=CARTESIAN_POINT('Ctrl Pts',(22.8263619202144,80.021148739511,5.44923618398333));
#4003=CARTESIAN_POINT('Ctrl Pts',(23.2859285750813,79.7397621898139,5.00003348317076));
#4004=CARTESIAN_POINT('Ctrl Pts',(23.7400623772464,79.4268321521501,4.56641197098989));
#4005=CARTESIAN_POINT('Ctrl Pts',(24.1855239001662,79.0814942908889,4.15440936105692));
#4006=CARTESIAN_POINT('Ctrl Pts',(24.4344867233185,78.8884893186133,3.92414630210018));
#4007=CARTESIAN_POINT('Ctrl Pts',(24.680740556853,78.6853609835032,3.70063657711879));
#4008=CARTESIAN_POINT('Ctrl Pts',(24.9237177478778,78.4719539401613,3.48493949318923));
#4009=CARTESIAN_POINT('Ctrl Pts',(24.9237290764566,78.4719439902623,3.4849294365193));
#4010=CARTESIAN_POINT('Ctrl Pts',(24.9237404050283,78.471934040341,3.48491937986635));
#4011=CARTESIAN_POINT('Ctrl Pts',(24.9237517335928,78.4719240903973,3.48490932323038));
#4012=CARTESIAN_POINT('Ctrl Pts',(25.2906431227472,78.1496812642945,3.15921111819761));
#4013=CARTESIAN_POINT('Ctrl Pts',(25.6498445190013,77.8041980887322,2.85161693028014));
#4014=CARTESIAN_POINT('Ctrl Pts',(25.9968458046589,77.4362305799179,2.56638479379653));
#4015=CARTESIAN_POINT('Ctrl Pts',(26.1919499408187,77.2293380238687,2.40601083584945));
#4016=CARTESIAN_POINT('Ctrl Pts',(26.3831971509883,77.0153366000192,2.2527061549736));
#4017=CARTESIAN_POINT('Ctrl Pts',(26.5697842716562,76.794353533046,2.10722875734607));
#4018=CARTESIAN_POINT('Ctrl Pts',(26.8419324721609,76.4720368382844,1.89504148613085));
#4019=CARTESIAN_POINT('Ctrl Pts',(27.104167480309,76.1348689952276,1.69950463759527));
#4020=CARTESIAN_POINT('Ctrl Pts',(27.3537765202826,75.7839005402005,1.52437570451578));
#4021=CARTESIAN_POINT('Ctrl Pts',(27.5794966408337,75.4665216424382,1.36600754649208));
#4022=CARTESIAN_POINT('Ctrl Pts',(27.7948921922424,75.137857430293,1.22432722880253));
#4023=CARTESIAN_POINT('Ctrl Pts',(27.9979451051066,74.7986585815446,1.10213635398159));
#4024=CARTESIAN_POINT('Ctrl Pts',(28.2497107754252,74.3780853214921,0.950631669452935));
#4025=CARTESIAN_POINT('Ctrl Pts',(28.4823660412236,73.941533010936,0.82939201588334));
#4026=CARTESIAN_POINT('Ctrl Pts',(28.6920156700277,73.4906227563294,0.743832223084055));
#4027=CARTESIAN_POINT('Ctrl Pts',(28.8396976973281,73.1729911873603,0.6835619343739));
#4028=CARTESIAN_POINT('Ctrl Pts',(28.9759642839553,72.8482354142553,0.640996080775217));
#4029=CARTESIAN_POINT('Ctrl Pts',(29.1,72.5181512263952,0.618601222050846));
#4030=CARTESIAN_POINT('',(29.0987727762889,72.5214158743853,24.940324966452));
#4031=CARTESIAN_POINT('Ctrl Pts',(29.1000000000001,72.5181512263951,25.3813987781164));
#4032=CARTESIAN_POINT('Ctrl Pts',(29.1000000000001,72.5181512263951,25.3813632736344));
#4033=CARTESIAN_POINT('Ctrl Pts',(29.0999999924713,72.5181512404432,25.3813277698301));
#4034=CARTESIAN_POINT('Ctrl Pts',(29.0999999834194,72.5181512574039,25.3812922715847));
#4035=CARTESIAN_POINT('Ctrl Pts',(29.0999997714442,72.5181516545892,25.3804609744052));
#4036=CARTESIAN_POINT('Ctrl Pts',(29.099998010651,72.5181552317461,25.3795930121414));
#4037=CARTESIAN_POINT('Ctrl Pts',(29.0999962951305,72.518159557153,25.3787193456471));
#4038=CARTESIAN_POINT('Ctrl Pts',(29.099993369658,72.5181669332581,25.3772294844646));
#4039=CARTESIAN_POINT('Ctrl Pts',(29.0999893177166,72.5181787443068,25.3756047141925));
#4040=CARTESIAN_POINT('Ctrl Pts',(29.0999848560688,72.5181917276746,25.3741376925527));
#4041=CARTESIAN_POINT('Ctrl Pts',(29.0999816943671,72.5182009282071,25.3730981024744));
#4042=CARTESIAN_POINT('Ctrl Pts',(29.0999780467468,72.5182115179286,25.3720373346464));
#4043=CARTESIAN_POINT('Ctrl Pts',(29.0999738795005,72.5182232154046,25.3709965659321));
#4044=CARTESIAN_POINT('Ctrl Pts',(29.0999727326932,72.5182264344969,25.3707101511125));
#4045=CARTESIAN_POINT('Ctrl Pts',(29.0999715398278,72.5182297568349,25.3704234614312));
#4046=CARTESIAN_POINT('Ctrl Pts',(29.09997029861,72.5182331814777,25.3701370740693));
#4047=CARTESIAN_POINT('Ctrl Pts',(29.0999689848404,72.5182368062982,25.3698339467461));
#4048=CARTESIAN_POINT('Ctrl Pts',(29.0999676142979,72.5182405529173,25.3695305551714));
#4049=CARTESIAN_POINT('Ctrl Pts',(29.0999661834169,72.5182444226984,25.3692274299643));
#4050=CARTESIAN_POINT('Ctrl Pts',(29.0999630389864,72.5182529267306,25.3685612975732));
#4051=CARTESIAN_POINT('Ctrl Pts',(29.0999596154854,72.5182619936509,25.3678996103657));
#4052=CARTESIAN_POINT('Ctrl Pts',(29.0999558257439,72.5182717731536,25.3672357808976));
#4053=CARTESIAN_POINT('Ctrl Pts',(29.0999529083784,72.5182793014727,25.3667247610403));
#4054=CARTESIAN_POINT('Ctrl Pts',(29.0999499615832,72.5182869059514,25.3662125135107));
#4055=CARTESIAN_POINT('Ctrl Pts',(29.0999469600119,72.5182946526756,25.3656960602384));
#4056=CARTESIAN_POINT('Ctrl Pts',(29.0998868533244,72.518449781402,25.3553540450761));
#4057=CARTESIAN_POINT('Ctrl Pts',(29.099811734775,72.5186438711273,25.3443774050524));
#4058=CARTESIAN_POINT('Ctrl Pts',(29.0997319040385,72.5188503028349,25.3339200983923));
#4059=CARTESIAN_POINT('Ctrl Pts',(29.099539114086,72.5193488321086,25.3086658699824));
#4060=CARTESIAN_POINT('Ctrl Pts',(29.0992987543312,72.5199711211275,25.283307775547));
#4061=CARTESIAN_POINT('Ctrl Pts',(29.0990333661699,72.5206597808269,25.2561769129848));
#4062=CARTESIAN_POINT('Ctrl Pts',(29.0989675276871,72.5208306260881,25.2494461876297));
#4063=CARTESIAN_POINT('Ctrl Pts',(29.098900195949,72.5210054416047,25.242606512818));
#4064=CARTESIAN_POINT('Ctrl Pts',(29.098831938496,72.5211827914246,25.2356328244822));
#4065=CARTESIAN_POINT('Ctrl Pts',(29.0985237945469,72.5219834259561,25.2041505500887));
#4066=CARTESIAN_POINT('Ctrl Pts',(29.0982186262627,72.5227790956253,25.1722640358902));
#4067=CARTESIAN_POINT('Ctrl Pts',(29.0980063869729,72.5233372925259,25.1400245791071));
#4068=CARTESIAN_POINT('Ctrl Pts',(29.097791455475,72.5239025700301,25.1073761719831));
#4069=CARTESIAN_POINT('Ctrl Pts',(29.0976718123731,72.5242246738093,25.0743655882416));
#4070=CARTESIAN_POINT('Ctrl Pts',(29.0977585144381,72.5240109219865,25.0410581034573));
#4071=CARTESIAN_POINT('Ctrl Pts',(29.0978452165031,72.5237971701637,25.0077506186731));
#4072=CARTESIAN_POINT('Ctrl Pts',(29.0981383069213,72.5230478318345,24.9741460029104));
#4073=CARTESIAN_POINT('Ctrl Pts',(29.0987660903109,72.5214147372976,24.9403248339182));
#4074=CARTESIAN_POINT('',(29.1,72.5181512263953,24.8123883526316));
#4075=CARTESIAN_POINT('Ctrl Pts',(29.0999634269251,72.5207999378611,24.940324966452));
#4076=CARTESIAN_POINT('Ctrl Pts',(29.1007428812878,72.5187259206327,24.8975806660856));
#4077=CARTESIAN_POINT('Ctrl Pts',(29.1011897121132,72.5175356935936,24.8551399140693));
#4078=CARTESIAN_POINT('Ctrl Pts',(29.1011897121132,72.5175356935936,24.8123883526317));
#4079=CARTESIAN_POINT('Ctrl Pts',(29.1,72.5181512263953,24.8123883526316));
#4080=CARTESIAN_POINT('Ctrl Pts',(29.1,72.5181512263953,24.6986065070274));
#4081=CARTESIAN_POINT('Ctrl Pts',(29.1,72.5181512263953,24.5848246614231));
#4082=CARTESIAN_POINT('Ctrl Pts',(29.1,72.5181512263953,24.4710428158189));
#4083=CARTESIAN_POINT('Ctrl Pts',(29.0311398625758,72.6976248253316,96.0048450514281));
#4084=CARTESIAN_POINT('Ctrl Pts',(29.0311398625758,72.6976248253316,96.0651257015353));
#4085=CARTESIAN_POINT('Ctrl Pts',(29.0352579610553,72.6870730938689,96.185772492336));
#4086=CARTESIAN_POINT('Ctrl Pts',(29.0513855671265,72.6458436004667,96.3616367146428));
#4087=CARTESIAN_POINT('Ctrl Pts',(29.103603355641,72.5098007404574,96.5081709574659));
#4088=CARTESIAN_POINT('Ctrl Pts',(29.1758201408043,72.3129827131992,96.4730520083003));
#4089=CARTESIAN_POINT('Ctrl Pts',(29.2523117556025,72.0944859145902,96.3778759610888));
#4090=CARTESIAN_POINT('Ctrl Pts',(29.3066948978908,71.9297489880792,96.2932973030634));
#4091=CARTESIAN_POINT('Ctrl Pts',(29.3413261923186,71.820346171955,96.2369633645421));
#4092=CARTESIAN_POINT('Ctrl Pts',(29.0765123612312,72.5817692844775,96.0048450514281));
#4093=CARTESIAN_POINT('Ctrl Pts',(29.0736104268181,72.5891396532169,96.0593394155732));
#4094=CARTESIAN_POINT('Ctrl Pts',(29.0709799297946,72.595480675322,96.1686968537715));
#4095=CARTESIAN_POINT('Ctrl Pts',(29.0752168248229,72.5837281533162,96.32961010012));
#4096=CARTESIAN_POINT('Ctrl Pts',(29.1083207918577,72.4962435165209,96.4587978701408));
#4097=CARTESIAN_POINT('Ctrl Pts',(29.1663644494732,72.3385274481357,96.3960317490468));
#4098=CARTESIAN_POINT('Ctrl Pts',(29.2338172819944,72.1480913833515,96.2646559117187));
#4099=CARTESIAN_POINT('Ctrl Pts',(29.2844540902204,71.9975763887318,96.1557228683797));
#4100=CARTESIAN_POINT('Ctrl Pts',(29.3171011447231,71.896874885983,96.0850804882404));
#4101=CARTESIAN_POINT('Ctrl Pts',(29.1,72.4573859254998,96.0048450514281));
#4102=CARTESIAN_POINT('Ctrl Pts',(29.0970297463082,72.4732208143763,96.0535552540779));
#4103=CARTESIAN_POINT('Ctrl Pts',(29.0930908195197,72.4985780952253,96.1516201520589));
#4104=CARTESIAN_POINT('Ctrl Pts',(29.092555726759,72.5191214460753,96.2975779897295));
#4105=CARTESIAN_POINT('Ctrl Pts',(29.1108717438921,72.4818657758964,96.4094154081607));
#4106=CARTESIAN_POINT('Ctrl Pts',(29.1484591705544,72.3609952735135,96.3190006493956));
#4107=CARTESIAN_POINT('Ctrl Pts',(29.193693342673,72.1942344968256,96.1514478521967));
#4108=CARTESIAN_POINT('Ctrl Pts',(29.2279002711342,72.0541111520543,96.0182274152334));
#4109=CARTESIAN_POINT('Ctrl Pts',(29.2497908479244,71.9596672775796,95.9333739474518));
#4110=CARTESIAN_POINT('Ctrl Pts',(29.1,72.3329625756783,96.004845051428));
#4111=CARTESIAN_POINT('Ctrl Pts',(29.1,72.3567171799674,96.0481683795876));
#4112=CARTESIAN_POINT('Ctrl Pts',(29.1006369789166,72.4003631100711,96.1353834324632));
#4113=CARTESIAN_POINT('Ctrl Pts',(29.1031315998176,72.4530274778386,96.2663363365303));
#4114=CARTESIAN_POINT('Ctrl Pts',(29.1112085933291,72.466827531717,96.3603345700209));
#4115=CARTESIAN_POINT('Ctrl Pts',(29.1223798388932,72.3801206515031,96.2437428535011));
#4116=CARTESIAN_POINT('Ctrl Pts',(29.13421421762,72.2301942308722,96.0451708784483));
#4117=CARTESIAN_POINT('Ctrl Pts',(29.1426306165065,72.093648378613,95.8947101259705));
#4118=CARTESIAN_POINT('Ctrl Pts',(29.147991923627,72.0007037351525,95.8012191394529));
#4119=CARTESIAN_POINT('',(29.1,72.3329625756783,96.0048450514282));
#4120=CARTESIAN_POINT('Ctrl Pts',(29.1,72.5181512263953,96.4710428158192));
#4121=CARTESIAN_POINT('Ctrl Pts',(29.1,72.5181512263953,96.460345827435));
#4122=CARTESIAN_POINT('Ctrl Pts',(29.1000000000132,72.5177379420067,96.449664782838));
#4123=CARTESIAN_POINT('Ctrl Pts',(29.1000000000132,72.5135520837186,96.395560984409));
#4124=CARTESIAN_POINT('Ctrl Pts',(29.1,72.5008248773976,96.3195055664929));
#4125=CARTESIAN_POINT('Ctrl Pts',(29.1,72.4038401575715,96.1244256993421));
#4126=CARTESIAN_POINT('Ctrl Pts',(29.1,72.3741410957142,96.0717075246085));
#4127=CARTESIAN_POINT('Ctrl Pts',(29.1,72.3396090079459,96.0155154974616));
#4128=CARTESIAN_POINT('Ctrl Pts',(29.1,72.336296192969,96.0101734660744));
#4129=CARTESIAN_POINT('Ctrl Pts',(29.1,72.3329625756783,96.0048450514281));
#4130=CARTESIAN_POINT('',(29.147991923627,72.0007037351525,95.8012191394528));
#4131=CARTESIAN_POINT('Ctrl Pts',(29.1,72.3329625756783,96.004845051428));
#4132=CARTESIAN_POINT('Ctrl Pts',(29.1,72.3567171799674,96.0481683795876));
#4133=CARTESIAN_POINT('Ctrl Pts',(29.1006369789166,72.4003631100711,96.1353834324632));
#4134=CARTESIAN_POINT('Ctrl Pts',(29.1031315998176,72.4530274778386,96.2663363365303));
#4135=CARTESIAN_POINT('Ctrl Pts',(29.1112085933291,72.466827531717,96.3603345700209));
#4136=CARTESIAN_POINT('Ctrl Pts',(29.1223798388932,72.3801206515031,96.2437428535011));
#4137=CARTESIAN_POINT('Ctrl Pts',(29.13421421762,72.2301942308722,96.0451708784483));
#4138=CARTESIAN_POINT('Ctrl Pts',(29.1426306165065,72.093648378613,95.8947101259705));
#4139=CARTESIAN_POINT('Ctrl Pts',(29.147991923627,72.0007037351525,95.8012191394529));
#4140=CARTESIAN_POINT('Origin',(28.387951541762,71.5185568817604,96.2369633645421));
#4141=CARTESIAN_POINT('Ctrl Pts',(29.3413261923186,71.8203461719548,96.236963364542));
#4142=CARTESIAN_POINT('Ctrl Pts',(29.4312104295812,71.5363952297742,96.0907507213344));
#4143=CARTESIAN_POINT('Ctrl Pts',(29.6305498865123,70.8280542639819,95.7104222314008));
#4144=CARTESIAN_POINT('Ctrl Pts',(29.7725396201096,70.1249255128787,95.30531118368));
#4145=CARTESIAN_POINT('Ctrl Pts',(29.9180063563658,69.2234300565694,94.8040368440306));
#4146=CARTESIAN_POINT('Ctrl Pts',(30.0120567086858,68.4131069166021,94.3917547435217));
#4147=CARTESIAN_POINT('Ctrl Pts',(30.0583727042663,67.5888837964617,94.022789290265));
#4148=CARTESIAN_POINT('Ctrl Pts',(30.0709458899455,67.2700226281637,93.858514168904));
#4149=CARTESIAN_POINT('Ctrl Pts',(29.3292136685209,71.8586105289688,96.1610219263911));
#4150=CARTESIAN_POINT('Ctrl Pts',(29.4165613236849,71.5854311814146,95.996256705027));
#4151=CARTESIAN_POINT('Ctrl Pts',(29.612674517968,70.9000677217411,95.5837091270982));
#4152=CARTESIAN_POINT('Ctrl Pts',(29.7560145222443,70.2116457898611,95.1581957309955));
#4153=CARTESIAN_POINT('Ctrl Pts',(29.9052129831322,69.3205536651382,94.631562265671));
#4154=CARTESIAN_POINT('Ctrl Pts',(30.0042503279537,68.5062349576244,94.1970278977988));
#4155=CARTESIAN_POINT('Ctrl Pts',(30.0533398576464,67.6862510043615,93.8206560243645));
#4156=CARTESIAN_POINT('Ctrl Pts',(30.0667405596401,67.3766715370777,93.6584117585804));
#4157=CARTESIAN_POINT('Ctrl Pts',(29.2837645205458,71.9284168156784,96.009146212901));
#4158=CARTESIAN_POINT('Ctrl Pts',(29.3549017312679,71.6752283491274,95.8071617588663));
#4159=CARTESIAN_POINT('Ctrl Pts',(29.5157917197237,71.0282976676485,95.3300806290832));
#4160=CARTESIAN_POINT('Ctrl Pts',(29.6346299048274,70.3693241139387,94.8642587457553));
#4161=CARTESIAN_POINT('Ctrl Pts',(29.7598281178963,69.4990471932632,94.2872496916276));
#4162=CARTESIAN_POINT('Ctrl Pts',(29.8444374493765,68.679152260438,93.8080738732064));
#4163=CARTESIAN_POINT('Ctrl Pts',(29.8863079117004,67.8739920531474,93.4176941039126));
#4164=CARTESIAN_POINT('Ctrl Pts',(29.8977829985817,67.5831000730618,93.2592160623439));
#4165=CARTESIAN_POINT('Ctrl Pts',(29.1988913857757,71.9801855063659,95.8672965434521));
#4166=CARTESIAN_POINT('Ctrl Pts',(29.2342989006335,71.7374391668429,95.6357251691381));
#4167=CARTESIAN_POINT('Ctrl Pts',(29.3127456095591,71.1037168772453,95.1197741237536));
#4168=CARTESIAN_POINT('Ctrl Pts',(29.3679158718196,70.4531968739231,94.6452819428405));
#4169=CARTESIAN_POINT('Ctrl Pts',(29.4247836770761,69.5847950226335,94.0591008494865));
#4170=CARTESIAN_POINT('Ctrl Pts',(29.4617446486779,68.7567565159479,93.5750020393349));
#4171=CARTESIAN_POINT('Ctrl Pts',(29.4795958885471,67.9649049234596,93.190282467484));
#4172=CARTESIAN_POINT('Ctrl Pts',(29.4844604665248,67.6852585765781,93.0373045339042));
#4173=CARTESIAN_POINT('Ctrl Pts',(29.147991923627,72.0007037351524,95.8012191394527));
#4174=CARTESIAN_POINT('Ctrl Pts',(29.1619069969519,71.7594693682807,95.5585667594882));
#4175=CARTESIAN_POINT('Ctrl Pts',(29.1927978569102,71.1249102741905,95.0348777664626));
#4176=CARTESIAN_POINT('Ctrl Pts',(29.2149170966431,70.4707024840288,94.5686664588146));
#4177=CARTESIAN_POINT('Ctrl Pts',(29.2376763332821,69.5967665720603,93.9934855257009));
#4178=CARTESIAN_POINT('Ctrl Pts',(29.2525139214996,68.7638037692732,93.5212612497411));
#4179=CARTESIAN_POINT('Ctrl Pts',(29.2599312491284,67.9757013895685,93.1453710214217));
#4180=CARTESIAN_POINT('Ctrl Pts',(29.2619537345933,67.6987587246761,92.9955774510999));
#4181=CARTESIAN_POINT('',(29.2619537345933,67.6987587245329,92.9955774510222));
#4182=CARTESIAN_POINT('Origin',(29.0717224075596,67.230621711313,93.858514168904));
#4183=CARTESIAN_POINT('Ctrl Pts',(29.147991923627,72.0007037351524,95.8012191394527));
#4184=CARTESIAN_POINT('Ctrl Pts',(29.1619069969519,71.7594693682807,95.5585667594882));
#4185=CARTESIAN_POINT('Ctrl Pts',(29.1927978569102,71.1249102741905,95.0348777664626));
#4186=CARTESIAN_POINT('Ctrl Pts',(29.2149170966431,70.4707024840288,94.5686664588146));
#4187=CARTESIAN_POINT('Ctrl Pts',(29.2376763332821,69.5967665720603,93.9934855257009));
#4188=CARTESIAN_POINT('Ctrl Pts',(29.2525139214996,68.7638037692732,93.5212612497411));
#4189=CARTESIAN_POINT('Ctrl Pts',(29.2599312491284,67.9757013895685,93.1453710214217));
#4190=CARTESIAN_POINT('Ctrl Pts',(29.2619537345933,67.6987587246761,92.9955774510999));
#4191=CARTESIAN_POINT('Ctrl Pts',(30.0709458899487,67.2700226280811,93.8585141688617));
#4192=CARTESIAN_POINT('Ctrl Pts',(30.1026096833154,66.4670157844658,93.4448104639048));
#4193=CARTESIAN_POINT('Ctrl Pts',(30.1000000000001,65.7380166908743,92.9231038557474));
#4194=CARTESIAN_POINT('Ctrl Pts',(30.1000000000001,65.1000000000001,92.3183982066608));
#4195=CARTESIAN_POINT('Ctrl Pts',(30.0661397981714,67.391907095414,93.6298256999209));
#4196=CARTESIAN_POINT('Ctrl Pts',(30.1004424343137,66.613715923224,93.2214366357305));
#4197=CARTESIAN_POINT('Ctrl Pts',(30.1000000000001,65.9049365614677,92.7130194187494));
#4198=CARTESIAN_POINT('Ctrl Pts',(30.1000000000001,65.2838802588693,92.1243886510066));
#4199=CARTESIAN_POINT('Ctrl Pts',(29.8722516829939,67.5965535381766,93.2321268989557));
#4200=CARTESIAN_POINT('Ctrl Pts',(29.9000524384053,66.8660222460749,92.833382943893));
#4201=CARTESIAN_POINT('Ctrl Pts',(29.9019120221085,66.1951180387512,92.3481073305026));
#4202=CARTESIAN_POINT('Ctrl Pts',(29.9019120221085,65.6033923403595,91.7872758073699));
#4203=CARTESIAN_POINT('Ctrl Pts',(29.4526737905357,67.6871871690912,93.0313435220357));
#4204=CARTESIAN_POINT('Ctrl Pts',(29.4639354156231,66.9840966019242,92.647193698397));
#4205=CARTESIAN_POINT('Ctrl Pts',(29.4643409570507,66.3330080153449,92.174547404016));
#4206=CARTESIAN_POINT('Ctrl Pts',(29.4643409570507,65.7552992056425,91.627000943632));
#4207=CARTESIAN_POINT('Ctrl Pts',(29.2619537345938,67.6987587246044,92.9955774510613));
#4208=CARTESIAN_POINT('Ctrl Pts',(29.2670470787534,67.0013177148226,92.6183434882593));
#4209=CARTESIAN_POINT('Ctrl Pts',(29.2666666666667,66.3539108200319,92.1483226956155));
#4210=CARTESIAN_POINT('Ctrl Pts',(29.2666666666667,65.7782842380011,91.6027497491752));
#4211=CARTESIAN_POINT('',(29.2666666666667,65.7782842380011,91.6027497491752));
#4212=CARTESIAN_POINT('Origin',(29.1000000000001,65.1,92.3183982066608));
#4213=CARTESIAN_POINT('Ctrl Pts',(29.2619537345938,67.6987587246044,92.9955774510613));
#4214=CARTESIAN_POINT('Ctrl Pts',(29.2670470787534,67.0013177148226,92.6183434882593));
#4215=CARTESIAN_POINT('Ctrl Pts',(29.2666666666667,66.3539108200319,92.1483226956155));
#4216=CARTESIAN_POINT('Ctrl Pts',(29.2666666666667,65.7782842380011,91.6027497491752));
#4217=CARTESIAN_POINT('Origin',(29.1,72.0363024527903,85.0000000000004));
#4218=CARTESIAN_POINT('',(29.2666666666667,65.6970857387164,91.5248316207296));
#4219=CARTESIAN_POINT('Origin',(29.1,65.0100006854534,92.2320348106297));
#4220=CARTESIAN_POINT('Origin',(30.1,72.0363024527903,85.0000000000004));
#4221=CARTESIAN_POINT('Origin',(29.2666666666667,72.0363024527903,85.0000000000004));
#4222=CARTESIAN_POINT('Origin',(29.1,72.0363024527903,85.0000000000004));
#4223=CARTESIAN_POINT('',(29.2666666666667,65.6970857387164,78.4751683792713));
#4224=CARTESIAN_POINT('Origin',(29.1,65.0100006854534,77.7679651893712));
#4225=CARTESIAN_POINT('Origin',(29.2666666666667,72.0363024527903,85.0000000000004));
#4226=CARTESIAN_POINT('Origin',(29.1,72.0363024527903,85.0000000000004));
#4227=CARTESIAN_POINT('',(29.2666666666667,65.7782842380011,78.3972502508256));
#4228=CARTESIAN_POINT('Origin',(29.1,65.1,77.68160179334));
#4229=CARTESIAN_POINT('Origin',(29.2666666666667,72.0363024527903,85.0000000000004));
#4230=CARTESIAN_POINT('Ctrl Pts',(30.1000000000001,65.1,77.68160179334));
#4231=CARTESIAN_POINT('Ctrl Pts',(30.1000000000001,65.7380693619625,77.0768462231385));
#4232=CARTESIAN_POINT('Ctrl Pts',(30.1026176818866,66.4668129374653,76.5552940414913));
#4233=CARTESIAN_POINT('Ctrl Pts',(30.0709458899455,67.2700226281637,76.1414858310967));
#4234=CARTESIAN_POINT('Ctrl Pts',(30.1000000000001,65.2838802588693,77.8756113489942));
#4235=CARTESIAN_POINT('Ctrl Pts',(30.1000000000001,65.904987832401,77.2869319871888));
#4236=CARTESIAN_POINT('Ctrl Pts',(30.1004510994811,66.6135193448932,76.7786665271385));
#4237=CARTESIAN_POINT('Ctrl Pts',(30.0661397981679,67.391907095494,76.370174300038));
#4238=CARTESIAN_POINT('Ctrl Pts',(29.9019154698075,65.6033946942667,78.2127266762063));
#4239=CARTESIAN_POINT('Ctrl Pts',(29.9019154698075,66.1951692422211,77.6518488539611));
#4240=CARTESIAN_POINT('Ctrl Pts',(29.9000625379358,66.8658392249152,77.1667203987143));
#4241=CARTESIAN_POINT('Ctrl Pts',(29.8722547597903,67.5965550560933,76.7678757171858));
#4242=CARTESIAN_POINT('Ctrl Pts',(29.4643409570507,65.7552992056425,78.3729990563689));
#4243=CARTESIAN_POINT('Ctrl Pts',(29.4643409570507,66.3330557077517,77.8254073936128));
#4244=CARTESIAN_POINT('Ctrl Pts',(29.4639382604151,66.9839189947056,77.3529033414153));
#4245=CARTESIAN_POINT('Ctrl Pts',(29.4526737905345,67.6871871691635,76.9686564779257));
#4246=CARTESIAN_POINT('Ctrl Pts',(29.2666666666667,65.7782842380011,78.3972502508256));
#4247=CARTESIAN_POINT('Ctrl Pts',(29.2666666666667,66.3539583405417,77.8516322649355));
#4248=CARTESIAN_POINT('Ctrl Pts',(29.2670483653799,67.001141534735,77.381751804542));
#4249=CARTESIAN_POINT('Ctrl Pts',(29.2619537345933,67.6987587246761,77.0044225489008));
#4250=CARTESIAN_POINT('',(29.2619537345933,67.6987587246761,77.0044225489008));
#4251=CARTESIAN_POINT('Origin',(29.0717224075596,67.2306217113131,76.1414858310967));
#4252=CARTESIAN_POINT('Ctrl Pts',(29.2666666666667,65.7782842380011,78.3972502508256));
#4253=CARTESIAN_POINT('Ctrl Pts',(29.2666666666667,66.3539583405417,77.8516322649355));
#4254=CARTESIAN_POINT('Ctrl Pts',(29.2670483653799,67.001141534735,77.381751804542));
#4255=CARTESIAN_POINT('Ctrl Pts',(29.2619537345933,67.6987587246761,77.0044225489008));
#4256=CARTESIAN_POINT('Ctrl Pts',(29.1,72.3329625756782,73.9951627066834));
#4257=CARTESIAN_POINT('Ctrl Pts',(29.1,72.3804716099842,73.9085167799568));
#4258=CARTESIAN_POINT('Ctrl Pts',(29.100817565663,72.4469646717616,73.7664324284036));
#4259=CARTESIAN_POINT('Ctrl Pts',(29.1095312950558,72.466158363542,73.6532991797478));
#4260=CARTESIAN_POINT('Ctrl Pts',(29.1168769793774,72.4233323524364,73.6979234954114));
#4261=CARTESIAN_POINT('Ctrl Pts',(29.1234823489215,72.3631511716404,73.7788871664066));
#4262=CARTESIAN_POINT('Ctrl Pts',(29.1342469246265,72.2301272675428,73.9549727853995));
#4263=CARTESIAN_POINT('Ctrl Pts',(29.1426305806906,72.093647878344,74.1052972877531));
#4264=CARTESIAN_POINT('Ctrl Pts',(29.1479918678743,72.0007036909608,74.1987874090927));
#4265=CARTESIAN_POINT('Ctrl Pts',(29.1,72.4573859254998,73.9951627066834));
#4266=CARTESIAN_POINT('Ctrl Pts',(29.0940595144072,72.4890555870823,73.8977430097936));
#4267=CARTESIAN_POINT('Ctrl Pts',(29.0875857363764,72.528393974007,73.7407709358707));
#4268=CARTESIAN_POINT('Ctrl Pts',(29.1067702011122,72.4910417518472,73.6075794383365));
#4269=CARTESIAN_POINT('Ctrl Pts',(29.1298914811486,72.4208526154389,73.6357307303593));
#4270=CARTESIAN_POINT('Ctrl Pts',(29.1529365462481,72.3434784514901,73.7001729620794));
#4271=CARTESIAN_POINT('Ctrl Pts',(29.193784031056,72.1939958773081,73.8486900295625));
#4272=CARTESIAN_POINT('Ctrl Pts',(29.227900226756,72.054111050972,73.9817797141202));
#4273=CARTESIAN_POINT('Ctrl Pts',(29.2497907128291,71.959667602704,74.0666323840283));
#4274=CARTESIAN_POINT('Ctrl Pts',(29.0765123612312,72.5817692844775,73.9951627066834));
#4275=CARTESIAN_POINT('Ctrl Pts',(29.0707085136947,72.5965099678847,73.8861746640581));
#4276=CARTESIAN_POINT('Ctrl Pts',(29.0659935048225,72.6081339836689,73.7141902344764));
#4277=CARTESIAN_POINT('Ctrl Pts',(29.1011613619151,72.5151022209944,73.5614681214757));
#4278=CARTESIAN_POINT('Ctrl Pts',(29.1377156825733,72.416410376512,73.5725198220086));
#4279=CARTESIAN_POINT('Ctrl Pts',(29.172944964325,72.3195634976274,73.6190193253638));
#4280=CARTESIAN_POINT('Ctrl Pts',(29.2339657474108,72.1477010125325,73.7354884616907));
#4281=CARTESIAN_POINT('Ctrl Pts',(29.2844539824415,71.9975766980521,73.8442839122913));
#4282=CARTESIAN_POINT('Ctrl Pts',(29.3171009047199,71.8968756215926,73.9149255860056));
#4283=CARTESIAN_POINT('Ctrl Pts',(29.0311398625758,72.6976248253316,73.9951627066834));
#4284=CARTESIAN_POINT('Ctrl Pts',(29.0311398625758,72.6976248253316,73.8746020693808));
#4285=CARTESIAN_POINT('Ctrl Pts',(29.0364254180246,72.6848012899788,73.6876158712201));
#4286=CARTESIAN_POINT('Ctrl Pts',(29.0927595536078,72.5381076313392,73.5153669676092));
#4287=CARTESIAN_POINT('Ctrl Pts',(29.1402468402364,72.4100228972377,73.5093201732371));
#4288=CARTESIAN_POINT('Ctrl Pts',(29.1829455920496,72.2920663139333,73.5378737918289));
#4289=CARTESIAN_POINT('Ctrl Pts',(29.2525232106725,72.0939448081577,73.6222754635343));
#4290=CARTESIAN_POINT('Ctrl Pts',(29.3066946664619,71.9297496869029,73.7067091281462));
#4291=CARTESIAN_POINT('Ctrl Pts',(29.3413258321849,71.8203473096438,73.763042452041));
#4292=CARTESIAN_POINT('',(29.1,72.3329625756782,73.9951627066833));
#4293=CARTESIAN_POINT('Ctrl Pts',(29.1,72.3329625756783,73.9951627066832));
#4294=CARTESIAN_POINT('Ctrl Pts',(29.1,72.3362962165776,73.989834281973));
#4295=CARTESIAN_POINT('Ctrl Pts',(29.1,72.3396090550971,73.9844922402415));
#4296=CARTESIAN_POINT('Ctrl Pts',(29.1,72.3673528539062,73.9393466269011));
#4297=CARTESIAN_POINT('Ctrl Pts',(29.1,72.3907807311689,73.8985341603072));
#4298=CARTESIAN_POINT('Ctrl Pts',(29.1,72.4411043463006,73.8027122845171));
#4299=CARTESIAN_POINT('Ctrl Pts',(29.1,72.4787895364709,73.7245389969868));
#4300=CARTESIAN_POINT('Ctrl Pts',(29.1,72.5059314079416,73.6317821917435));
#4301=CARTESIAN_POINT('Ctrl Pts',(29.1,72.510897624959,73.6097585561735));
#4302=CARTESIAN_POINT('Ctrl Pts',(29.1,72.5167933212197,73.5676562320182));
#4303=CARTESIAN_POINT('Ctrl Pts',(29.1,72.5181512263953,73.5483748443831));
#4304=CARTESIAN_POINT('Ctrl Pts',(29.1,72.5181512263953,73.5289668067219));
#4305=CARTESIAN_POINT('',(29.1479918678743,72.0007036909608,74.1987874090927));
#4306=CARTESIAN_POINT('Origin',(28.3879512072459,71.5185579385212,73.763042452041));
#4307=CARTESIAN_POINT('Ctrl Pts',(29.1479918678743,72.0007036909608,74.1987874090927));
#4308=CARTESIAN_POINT('Ctrl Pts',(29.1426305806906,72.093647878344,74.1052972877531));
#4309=CARTESIAN_POINT('Ctrl Pts',(29.1342469246265,72.2301272675428,73.9549727853995));
#4310=CARTESIAN_POINT('Ctrl Pts',(29.1234823489215,72.3631511716404,73.7788871664066));
#4311=CARTESIAN_POINT('Ctrl Pts',(29.1168769793774,72.4233323524364,73.6979234954114));
#4312=CARTESIAN_POINT('Ctrl Pts',(29.1095312950558,72.466158363542,73.6532991797478));
#4313=CARTESIAN_POINT('Ctrl Pts',(29.100817565663,72.4469646717616,73.7664324284036));
#4314=CARTESIAN_POINT('Ctrl Pts',(29.1,72.3804716099842,73.9085167799568));
#4315=CARTESIAN_POINT('Ctrl Pts',(29.1,72.3329625756782,73.9951627066834));
#4316=CARTESIAN_POINT('Ctrl Pts',(30.0709458899455,67.2700226281637,76.1414858310965));
#4317=CARTESIAN_POINT('Ctrl Pts',(30.0491867375333,67.8218436969355,75.8571913416613));
#4318=CARTESIAN_POINT('Ctrl Pts',(29.9785960946928,68.832410604586,75.4210494830615));
#4319=CARTESIAN_POINT('Ctrl Pts',(29.7686116178346,70.1993815645221,74.6451597639309));
#4320=CARTESIAN_POINT('Ctrl Pts',(29.5764882115516,71.0163572825801,74.1881707619547));
#4321=CARTESIAN_POINT('Ctrl Pts',(29.4222587800308,71.5579213432323,73.8996396383453));
#4322=CARTESIAN_POINT('Ctrl Pts',(29.3828932404042,71.689032836661,73.8306587225823));
#4323=CARTESIAN_POINT('Ctrl Pts',(29.3413258321849,71.8203473096438,73.7630424520409));
#4324=CARTESIAN_POINT('Ctrl Pts',(30.0661397981679,67.391907095494,76.3701743000378));
#4325=CARTESIAN_POINT('Ctrl Pts',(30.0430365503573,67.9259661503787,76.0898446627294));
#4326=CARTESIAN_POINT('Ctrl Pts',(29.9666708576645,68.9463144713076,75.6315956862355));
#4327=CARTESIAN_POINT('Ctrl Pts',(29.748434718807,70.300326816306,74.8110964495399));
#4328=CARTESIAN_POINT('Ctrl Pts',(29.5571768218841,71.0908719271101,74.3239834764525));
#4329=CARTESIAN_POINT('Ctrl Pts',(29.4059802602476,71.6129125321076,74.0046096608128));
#4330=CARTESIAN_POINT('Ctrl Pts',(29.3676755265612,71.7385805122521,73.9272620724434));
#4331=CARTESIAN_POINT('Ctrl Pts',(29.3274830164906,71.8640777736145,73.8498328143064));
#4332=CARTESIAN_POINT('Ctrl Pts',(29.8722545216753,67.5965549386268,76.7678755147181));
#4333=CARTESIAN_POINT('Ctrl Pts',(29.8537117578507,68.0990025463371,76.4943867510703));
#4334=CARTESIAN_POINT('Ctrl Pts',(29.7910884841121,69.1275408474731,75.998707340175));
#4335=CARTESIAN_POINT('Ctrl Pts',(29.6144988247237,70.457234483816,75.1011275728357));
#4336=CARTESIAN_POINT('Ctrl Pts',(29.462126607116,71.2065500191086,74.5619343278027));
#4337=CARTESIAN_POINT('Ctrl Pts',(29.341357444452,71.6980172740353,74.1881530075926));
#4338=CARTESIAN_POINT('Ctrl Pts',(29.3108890214445,71.8164077181277,74.0963726873315));
#4339=CARTESIAN_POINT('Ctrl Pts',(29.2789543598649,71.932901869911,74.0016962766101));
#4340=CARTESIAN_POINT('Ctrl Pts',(29.4526737905345,67.6871871691635,76.9686564779255));
#4341=CARTESIAN_POINT('Ctrl Pts',(29.4451307895142,68.1708883023793,76.704946419712));
#4342=CARTESIAN_POINT('Ctrl Pts',(29.4198151752969,69.201000783496,76.2134989887591));
#4343=CARTESIAN_POINT('Ctrl Pts',(29.3446368160792,70.5356845743272,75.3121557980701));
#4344=CARTESIAN_POINT('Ctrl Pts',(29.2762895619487,71.2739936737486,74.7580577473639));
#4345=CARTESIAN_POINT('Ctrl Pts',(29.2206851928335,71.7552228809607,74.3518527982427));
#4346=CARTESIAN_POINT('Ctrl Pts',(29.2065510759125,71.8708447025103,74.2499875470604));
#4347=CARTESIAN_POINT('Ctrl Pts',(29.1916199442835,71.9831167959936,74.142149541208));
#4348=CARTESIAN_POINT('Ctrl Pts',(29.2619537345933,67.6987587246761,77.0044225489006));
#4349=CARTESIAN_POINT('Ctrl Pts',(29.258453621686,68.1780356405363,76.7451898285561));
#4350=CARTESIAN_POINT('Ctrl Pts',(29.2471757127991,69.2082508476547,76.2646854823872));
#4351=CARTESIAN_POINT('Ctrl Pts',(29.2142684926274,70.5517069103497,75.3796990250614));
#4352=CARTESIAN_POINT('Ctrl Pts',(29.1844239458986,71.2922329885793,74.8294675352252));
#4353=CARTESIAN_POINT('Ctrl Pts',(29.1605237733969,71.7738037088331,74.4159225827309));
#4354=CARTESIAN_POINT('Ctrl Pts',(29.154426962053,71.8891438026948,74.3110025758963));
#4355=CARTESIAN_POINT('Ctrl Pts',(29.1479918678743,72.0007036909608,74.1987874090927));
#4356=CARTESIAN_POINT('Ctrl Pts',(29.2619537345933,67.6987587246761,77.0044225489006));
#4357=CARTESIAN_POINT('Ctrl Pts',(29.258453621686,68.1780356405363,76.7451898285561));
#4358=CARTESIAN_POINT('Ctrl Pts',(29.2471757127991,69.2082508476547,76.2646854823872));
#4359=CARTESIAN_POINT('Ctrl Pts',(29.2142684926274,70.5517069103497,75.3796990250614));
#4360=CARTESIAN_POINT('Ctrl Pts',(29.1844239458986,71.2922329885793,74.8294675352252));
#4361=CARTESIAN_POINT('Ctrl Pts',(29.1605237733969,71.7738037088331,74.4159225827309));
#4362=CARTESIAN_POINT('Ctrl Pts',(29.154426962053,71.8891438026948,74.3110025758963));
#4363=CARTESIAN_POINT('Ctrl Pts',(29.1479918678743,72.0007036909608,74.1987874090927));
#4364=CARTESIAN_POINT('Origin',(30.1,26.75,48.9999999999999));
#4365=CARTESIAN_POINT('',(30.1,48.225,100.7));
#4366=CARTESIAN_POINT('Ctrl Pts',(29.1,72.0971331058308,23.7140702944347));
#4367=CARTESIAN_POINT('Ctrl Pts',(29.1,71.817424367943,23.4045752281232));
#4368=CARTESIAN_POINT('Ctrl Pts',(29.1,71.1805555375144,22.8639820396482));
#4369=CARTESIAN_POINT('Ctrl Pts',(29.1,70.1406199350865,22.1082112800077));
#4370=CARTESIAN_POINT('Ctrl Pts',(29.1,69.0069466693907,21.4254610287714));
#4371=CARTESIAN_POINT('Ctrl Pts',(29.1,68.1894251186033,21.0383809278848));
#4372=CARTESIAN_POINT('Ctrl Pts',(29.1,67.7923861273486,20.8229901075387));
#4373=CARTESIAN_POINT('Ctrl Pts',(29.1,72.0630202992477,23.7449000268401));
#4374=CARTESIAN_POINT('Ctrl Pts',(29.1,71.7864633462057,23.4387145942367));
#4375=CARTESIAN_POINT('Ctrl Pts',(29.1,71.1523698936384,22.9003256234245));
#4376=CARTESIAN_POINT('Ctrl Pts',(29.1,70.1148796725963,22.1463975363338));
#4377=CARTESIAN_POINT('Ctrl Pts',(29.1,68.9854704682746,21.4662086845758));
#4378=CARTESIAN_POINT('Ctrl Pts',(29.1,68.1695130964236,21.0798094532681));
#4379=CARTESIAN_POINT('Ctrl Pts',(29.1,67.7704608387702,20.8634059174888));
#4380=CARTESIAN_POINT('Ctrl Pts',(29.1331243101029,71.9950140452138,23.8063612440123));
#4381=CARTESIAN_POINT('Ctrl Pts',(29.1331243101029,71.7247686389636,23.5072103243487));
#4382=CARTESIAN_POINT('Ctrl Pts',(29.133124310103,71.0962177965065,22.9729057884168));
#4383=CARTESIAN_POINT('Ctrl Pts',(29.133124310103,70.0635632137927,22.2227760371094));
#4384=CARTESIAN_POINT('Ctrl Pts',(29.1331243101029,68.9427437624177,21.5475264230868));
#4385=CARTESIAN_POINT('Ctrl Pts',(29.1331243101029,68.1299036059318,21.1626281845441));
#4386=CARTESIAN_POINT('Ctrl Pts',(29.1331243101029,67.7267512500798,20.9439776473978));
#4387=CARTESIAN_POINT('Ctrl Pts',(29.2168134090953,71.9579507568382,23.8398574988543));
#4388=CARTESIAN_POINT('Ctrl Pts',(29.2168134090953,71.6911544048899,23.5446836856826));
#4389=CARTESIAN_POINT('Ctrl Pts',(29.2168134090953,71.0656274599969,23.0125034454598));
#4390=CARTESIAN_POINT('Ctrl Pts',(29.2168134090953,70.0355953569736,22.2644847645812));
#4391=CARTESIAN_POINT('Ctrl Pts',(29.2168134090953,68.9194865402949,21.5918721716701));
#4392=CARTESIAN_POINT('Ctrl Pts',(29.2168134090953,68.1083449047413,21.2078391249836));
#4393=CARTESIAN_POINT('Ctrl Pts',(29.2168134090953,67.7029296014178,20.9878890979395));
#4394=CARTESIAN_POINT('Ctrl Pts',(29.2619537345933,71.951461432373,23.8457222797619));
#4395=CARTESIAN_POINT('Ctrl Pts',(29.2619537345933,71.6852646486385,23.5511780626025));
#4396=CARTESIAN_POINT('Ctrl Pts',(29.2619537345933,71.060265667559,23.0194171336308));
#4397=CARTESIAN_POINT('Ctrl Pts',(29.2619537345933,70.0306987526819,22.2717489867966));
#4398=CARTESIAN_POINT('Ctrl Pts',(29.2619537345933,68.9154010940569,21.5996236523072));
#4399=CARTESIAN_POINT('Ctrl Pts',(29.2619537345933,68.1045570143381,21.2157201283443));
#4400=CARTESIAN_POINT('Ctrl Pts',(29.2619537345933,67.698758724676,20.9955774510995));
#4401=CARTESIAN_POINT('',(29.1,72.0971331058308,23.7140702944347));
#4402=CARTESIAN_POINT('Origin',(29.3,72.0971331058308,23.7140702944347));
#4403=CARTESIAN_POINT('',(29.1,67.7923861273486,20.8229901075387));
#4404=CARTESIAN_POINT('Ctrl Pts',(29.1,72.0971331058308,23.7140702944347));
#4405=CARTESIAN_POINT('Ctrl Pts',(29.1,71.817424367943,23.4045752281232));
#4406=CARTESIAN_POINT('Ctrl Pts',(29.1,71.1805555375144,22.8639820396482));
#4407=CARTESIAN_POINT('Ctrl Pts',(29.1,70.1406199350865,22.1082112800077));
#4408=CARTESIAN_POINT('Ctrl Pts',(29.1,69.0069466693907,21.4254610287714));
#4409=CARTESIAN_POINT('Ctrl Pts',(29.1,68.1894251186033,21.0383809278848));
#4410=CARTESIAN_POINT('Ctrl Pts',(29.1,67.7923861273486,20.8229901075387));
#4411=CARTESIAN_POINT('Origin',(29.3,67.7923861273486,20.8229901075387));
#4412=CARTESIAN_POINT('Origin',(29.3,72.0363024527902,12.9999999999998));
#4413=CARTESIAN_POINT('',(29.1,67.7923861273485,5.17700989246105));
#4414=CARTESIAN_POINT('Origin',(29.1,72.0363024527902,12.9999999999998));
#4415=CARTESIAN_POINT('Origin',(29.3,67.7923861273485,5.17700989246105));
#4416=CARTESIAN_POINT('Ctrl Pts',(29.1,67.7923861273485,5.17700989246105));
#4417=CARTESIAN_POINT('Ctrl Pts',(29.1,68.1388848459567,4.98903680947981));
#4418=CARTESIAN_POINT('Ctrl Pts',(29.1,68.8523380554475,4.64965837928589));
#4419=CARTESIAN_POINT('Ctrl Pts',(29.1,69.8774553128458,4.06112917401615));
#4420=CARTESIAN_POINT('Ctrl Pts',(29.1,70.851001290866,3.38438316245307));
#4421=CARTESIAN_POINT('Ctrl Pts',(29.1,71.5939498958439,2.79328916667621));
#4422=CARTESIAN_POINT('Ctrl Pts',(29.1,71.9898983816209,2.40458984326621));
#4423=CARTESIAN_POINT('Ctrl Pts',(29.1,72.0971328414487,2.28593640050248));
#4424=CARTESIAN_POINT('Ctrl Pts',(29.1,67.7735930228528,5.14236776964662));
#4425=CARTESIAN_POINT('Ctrl Pts',(29.1,68.1216168547343,4.95361769212061));
#4426=CARTESIAN_POINT('Ctrl Pts',(29.1,68.8343570215689,4.61454080439645));
#4427=CARTESIAN_POINT('Ctrl Pts',(29.1,69.8561804056096,4.02788186966068));
#4428=CARTESIAN_POINT('Ctrl Pts',(29.1,70.8274461914014,3.35277403165705));
#4429=CARTESIAN_POINT('Ctrl Pts',(29.1,71.5685225834099,2.76309343080467));
#4430=CARTESIAN_POINT('Ctrl Pts',(29.1,71.9617114750056,2.37699137043439));
#4431=CARTESIAN_POINT('Ctrl Pts',(29.1,72.0678933450472,2.25951085793733));
#4432=CARTESIAN_POINT('Ctrl Pts',(29.1279468434427,67.7296991734981,5.06145638427713));
#4433=CARTESIAN_POINT('Ctrl Pts',(29.1279468434427,68.0813028122273,4.87078575144123));
#4434=CARTESIAN_POINT('Ctrl Pts',(29.1279468434427,68.7923880274105,4.53251064888882));
#4435=CARTESIAN_POINT('Ctrl Pts',(29.1279468434427,69.8064780854486,3.95016721992501));
#4436=CARTESIAN_POINT('Ctrl Pts',(29.1279468434427,70.7724390571991,3.27890324723089));
#4437=CARTESIAN_POINT('Ctrl Pts',(29.1279468434427,71.5091639236793,2.69248588948747));
#4438=CARTESIAN_POINT('Ctrl Pts',(29.1279468434427,71.8958526567259,2.31257422119622));
#4439=CARTESIAN_POINT('Ctrl Pts',(29.1279468434427,71.9996005278308,2.19779041229546));
#4440=CARTESIAN_POINT('Ctrl Pts',(29.210364791167,67.7035254409523,5.01320923822589));
#4441=CARTESIAN_POINT('Ctrl Pts',(29.210364791167,68.057281628424,4.82128625459766));
#4442=CARTESIAN_POINT('Ctrl Pts',(29.210364791167,68.7673905923677,4.48358799139339));
#4443=CARTESIAN_POINT('Ctrl Pts',(29.210364791167,69.7768287490828,3.90376444213744));
#4444=CARTESIAN_POINT('Ctrl Pts',(29.210364791167,70.7396476324704,3.23481046590729));
#4445=CARTESIAN_POINT('Ctrl Pts',(29.210364791167,71.473799255434,2.65030054972137));
#4446=CARTESIAN_POINT('Ctrl Pts',(29.210364791167,71.8565565178884,2.27420590630005));
#4447=CARTESIAN_POINT('Ctrl Pts',(29.210364791167,71.9588777851483,2.16098674935443));
#4448=CARTESIAN_POINT('Ctrl Pts',(29.2619537345933,67.6987587246759,5.00442254890022));
#4449=CARTESIAN_POINT('Ctrl Pts',(29.2619537345933,68.0529017445767,4.81230248700086));
#4450=CARTESIAN_POINT('Ctrl Pts',(29.2619537345933,68.7628298511195,4.47468070756216));
#4451=CARTESIAN_POINT('Ctrl Pts',(29.2619537345933,69.7714325439681,3.89533153703366));
#4452=CARTESIAN_POINT('Ctrl Pts',(29.2619537345933,70.7336730753643,3.22679307004368));
#4453=CARTESIAN_POINT('Ctrl Pts',(29.2619537345933,71.4673498269177,2.64264164984723));
#4454=CARTESIAN_POINT('Ctrl Pts',(29.2619537345933,71.8494071410211,2.26720578081885));
#4455=CARTESIAN_POINT('Ctrl Pts',(29.2619537345933,71.9514614275453,2.15428412798142));
#4456=CARTESIAN_POINT('',(29.1,72.0971328414487,2.28593640050248));
#4457=CARTESIAN_POINT('Ctrl Pts',(29.1,67.7923861273485,5.17700989246105));
#4458=CARTESIAN_POINT('Ctrl Pts',(29.1,68.1388848459567,4.98903680947981));
#4459=CARTESIAN_POINT('Ctrl Pts',(29.1,68.8523380554475,4.64965837928589));
#4460=CARTESIAN_POINT('Ctrl Pts',(29.1,69.8774553128458,4.06112917401615));
#4461=CARTESIAN_POINT('Ctrl Pts',(29.1,70.851001290866,3.38438316245307));
#4462=CARTESIAN_POINT('Ctrl Pts',(29.1,71.5939498958439,2.79328916667621));
#4463=CARTESIAN_POINT('Ctrl Pts',(29.1,71.9898983816209,2.40458984326621));
#4464=CARTESIAN_POINT('Ctrl Pts',(29.1,72.0971328414487,2.28593640050248));
#4465=CARTESIAN_POINT('Origin',(29.3,72.0971328414487,2.28593640050248));
#4466=CARTESIAN_POINT('Ctrl Pts',(29.1,72.5115259398681,24.2973150309427));
#4467=CARTESIAN_POINT('Ctrl Pts',(29.1,72.4033740069321,24.0837457562112));
#4468=CARTESIAN_POINT('Ctrl Pts',(29.1,72.2575321769599,23.8915503457562));
#4469=CARTESIAN_POINT('Ctrl Pts',(29.1,72.0971331058308,23.7140702944347));
#4470=CARTESIAN_POINT('Ctrl Pts',(29.1,72.4694517926755,24.3186214681689));
#4471=CARTESIAN_POINT('Ctrl Pts',(29.1,72.3638753548305,24.110138062952));
#4472=CARTESIAN_POINT('Ctrl Pts',(29.1,72.2206800061095,23.9211110356443));
#4473=CARTESIAN_POINT('Ctrl Pts',(29.1,72.0621437719014,23.7456921957127));
#4474=CARTESIAN_POINT('Ctrl Pts',(29.1173428655024,72.427549124527,24.3398410680441));
#4475=CARTESIAN_POINT('Ctrl Pts',(29.1173428655024,72.3245361690817,24.1364198106968));
#4476=CARTESIAN_POINT('Ctrl Pts',(29.1173428655024,72.1839791278529,23.9505524600274));
#4477=CARTESIAN_POINT('Ctrl Pts',(29.1173428655024,72.0272970418734,23.7771852175299));
#4478=CARTESIAN_POINT('Ctrl Pts',(29.147991923627,72.3955710736281,24.3560348207297));
#4479=CARTESIAN_POINT('Ctrl Pts',(29.147991923627,72.2945105751105,24.1564691099147));
#4480=CARTESIAN_POINT('Ctrl Pts',(29.147991923627,72.1559736231961,23.9730237983243));
#4481=CARTESIAN_POINT('Ctrl Pts',(29.147991923627,72.0007037351524,23.8012191394526));
#4482=CARTESIAN_POINT('Ctrl Pts',(29.1,72.3330082171032,24.0048125319427));
#4483=CARTESIAN_POINT('Ctrl Pts',(29.1,72.2605353543487,23.9032628162628));
#4484=CARTESIAN_POINT('Ctrl Pts',(29.1,72.1808153560208,23.8066639108058));
#4485=CARTESIAN_POINT('Ctrl Pts',(29.1,72.0971331058308,23.7140702944347));
#4486=CARTESIAN_POINT('Ctrl Pts',(29.1,72.0971328414487,2.28593640050248));
#4487=CARTESIAN_POINT('Ctrl Pts',(29.1,72.2575222885807,2.10846770139453));
#4488=CARTESIAN_POINT('Ctrl Pts',(29.1,72.4034512328387,1.91610856397565));
#4489=CARTESIAN_POINT('Ctrl Pts',(29.1,72.5115236976849,1.70269902642659));
#4490=CARTESIAN_POINT('Ctrl Pts',(29.1,72.0621435910784,2.25431444941665));
#4491=CARTESIAN_POINT('Ctrl Pts',(29.1,72.220670323666,2.07890681812158));
#4492=CARTESIAN_POINT('Ctrl Pts',(29.1,72.3639508376162,1.88971982962646));
#4493=CARTESIAN_POINT('Ctrl Pts',(29.1,72.46944968909,1.6813923788089));
#4494=CARTESIAN_POINT('Ctrl Pts',(29.1173428437094,72.0272969439272,2.22282137768576));
#4495=CARTESIAN_POINT('Ctrl Pts',(29.1173428437094,72.1839696500712,2.04946520094043));
#4496=CARTESIAN_POINT('Ctrl Pts',(29.1173428437094,72.3246099165762,1.86344163722211));
#4497=CARTESIAN_POINT('Ctrl Pts',(29.1173428437094,72.4275471585633,1.6601725691916));
#4498=CARTESIAN_POINT('Ctrl Pts',(29.1479918678743,72.0007036909608,2.19878740909213));
#4499=CARTESIAN_POINT('Ctrl Pts',(29.1479918678743,72.1559642914139,2.02699370771193));
#4500=CARTESIAN_POINT('Ctrl Pts',(29.1479918678743,72.2945829904329,1.84339503840952));
#4501=CARTESIAN_POINT('Ctrl Pts',(29.1479918678743,72.3955692012755,1.64397865066048));
#4502=CARTESIAN_POINT('Ctrl Pts',(29.1,72.0971328414487,2.28593640050248));
#4503=CARTESIAN_POINT('Ctrl Pts',(29.1,72.1807965659108,2.19336364956221));
#4504=CARTESIAN_POINT('Ctrl Pts',(29.1,72.2605256394916,2.096739263853));
#4505=CARTESIAN_POINT('Ctrl Pts',(29.1,72.3329993947146,1.99518893984501));
#4506=CARTESIAN_POINT('Ctrl Pts',(29.0999628490915,72.5032714500451,1.06180361141486));
#4507=CARTESIAN_POINT('Ctrl Pts',(29.0993529310757,72.518752731029,0.92133798771553));
#4508=CARTESIAN_POINT('Ctrl Pts',(29.0998763209363,72.5185507695732,0.774082201280094));
#4509=CARTESIAN_POINT('Ctrl Pts',(29.0999980180001,72.5181552657708,0.625131493811725));
#4510=CARTESIAN_POINT('Ctrl Pts',(29.0999994257293,72.518152754646,0.621882788697007));
#4511=CARTESIAN_POINT('Ctrl Pts',(29.1000000000001,72.518151226395,0.618625310156257));
#4512=CARTESIAN_POINT('Ctrl Pts',(29.0995140642495,72.5263954403695,1.05910836299392));
#4513=CARTESIAN_POINT('Ctrl Pts',(29.0954148462401,72.5308446269667,0.919077233535667));
#4514=CARTESIAN_POINT('Ctrl Pts',(29.099129845956,72.5204366313039,0.773998186020039));
#4515=CARTESIAN_POINT('Ctrl Pts',(29.0999860308365,72.5181889265279,0.625130454262457));
#4516=CARTESIAN_POINT('Ctrl Pts',(29.0999959570119,72.5181619856063,0.621882695550087));
#4517=CARTESIAN_POINT('Ctrl Pts',(29.1000000000001,72.518151226395,0.618625310156257));
#4518=CARTESIAN_POINT('Ctrl Pts',(29.0949589315051,72.549435099475,1.05642294391391));
#4519=CARTESIAN_POINT('Ctrl Pts',(29.0912959165837,72.5422765957719,0.916727954635994));
#4520=CARTESIAN_POINT('Ctrl Pts',(29.0983954294837,72.5223809301837,0.773924954667718));
#4521=CARTESIAN_POINT('Ctrl Pts',(29.0999738245328,72.5182216567418,0.62512924209999));
#4522=CARTESIAN_POINT('Ctrl Pts',(29.0999924882945,72.5181712165665,0.621882602403166));
#4523=CARTESIAN_POINT('Ctrl Pts',(29.1000000000001,72.518151226395,0.618625310156257));
#4524=CARTESIAN_POINT('Ctrl Pts',(29.0865703023744,72.5710103565117,1.05390821022636));
#4525=CARTESIAN_POINT('Ctrl Pts',(29.0869906033998,72.5536403643231,0.914282149923324));
#4526=CARTESIAN_POINT('Ctrl Pts',(29.0976704314855,72.5243286264377,0.77386123337662));
#4527=CARTESIAN_POINT('Ctrl Pts',(29.0999614435311,72.5182543228461,0.625127879737877));
#4528=CARTESIAN_POINT('Ctrl Pts',(29.0999890195771,72.5181804475267,0.621882509256246));
#4529=CARTESIAN_POINT('Ctrl Pts',(29.1000000000001,72.518151226395,0.618625310156257));
#4530=CARTESIAN_POINT('',(29.0865703023744,72.5710103565119,1.05390821022629));
#4531=CARTESIAN_POINT('Origin',(28.9,72.4994426351052,1.06224988419365));
#4532=CARTESIAN_POINT('Ctrl Pts',(29.0865703023744,72.5710103565117,1.05390821022636));
#4533=CARTESIAN_POINT('Ctrl Pts',(29.0869906033998,72.5536403643231,0.914282149923324));
#4534=CARTESIAN_POINT('Ctrl Pts',(29.0976704314855,72.5243286264377,0.77386123337662));
#4535=CARTESIAN_POINT('Ctrl Pts',(29.0999614435311,72.5182543228461,0.625127879737877));
#4536=CARTESIAN_POINT('Ctrl Pts',(29.0999890195771,72.5181804475267,0.621882509256246));
#4537=CARTESIAN_POINT('Ctrl Pts',(29.1000000000001,72.518151226395,0.618625310156257));
#4538=CARTESIAN_POINT('Ctrl Pts',(29.0865703023744,72.5710103565119,1.05390821022629));
#4539=CARTESIAN_POINT('Ctrl Pts',(29.0861669195861,72.5876811601922,1.18791394924492));
#4540=CARTESIAN_POINT('Ctrl Pts',(29.0845674011285,72.6519295601589,1.44930841524467));
#4541=CARTESIAN_POINT('Ctrl Pts',(29.0762647694133,72.916414893678,1.91855233163434));
#4542=CARTESIAN_POINT('Ctrl Pts',(29.0656947350891,73.2056804047308,2.21261149949416));
#4543=CARTESIAN_POINT('Ctrl Pts',(29.0527599294296,73.5464192766667,2.52753183900779));
#4544=CARTESIAN_POINT('Ctrl Pts',(29.0301012618071,74.1308687144999,3.01935094471315));
#4545=CARTESIAN_POINT('Ctrl Pts',(28.9916717012853,75.0642529765179,3.69864008006229));
#4546=CARTESIAN_POINT('Ctrl Pts',(28.93449309341,76.2010636600162,4.40103612560592));
#4547=CARTESIAN_POINT('Ctrl Pts',(28.9038973914336,76.9756255793888,4.80220174359716));
#4548=CARTESIAN_POINT('Ctrl Pts',(28.9,77.4153680755519,5.04220446367409));
#4549=CARTESIAN_POINT('Ctrl Pts',(28.9,77.5104503682748,5.09646677268118));
#4550=CARTESIAN_POINT('Ctrl Pts',(29.0916283375172,72.5580012692574,1.05542450224114));
#4551=CARTESIAN_POINT('Ctrl Pts',(29.0913774228084,72.5746047832258,1.19032764113076));
#4552=CARTESIAN_POINT('Ctrl Pts',(29.0903672194851,72.6386617421726,1.454128671473));
#4553=CARTESIAN_POINT('Ctrl Pts',(29.0851461686077,72.9027200773649,1.92864791274038));
#4554=CARTESIAN_POINT('Ctrl Pts',(29.0783955753305,73.19174164246,2.22544973168919));
#4555=CARTESIAN_POINT('Ctrl Pts',(29.0700301768759,73.5324336794839,2.54255917504481));
#4556=CARTESIAN_POINT('Ctrl Pts',(29.0551849637909,74.1169997546227,3.03662109306661));
#4557=CARTESIAN_POINT('Ctrl Pts',(29.029278576378,75.052569517061,3.71533486960136));
#4558=CARTESIAN_POINT('Ctrl Pts',(28.9874116136123,76.196397204369,4.40992691353083));
#4559=CARTESIAN_POINT('Ctrl Pts',(28.9630237223618,76.9750758131933,4.80322299789329));
#4560=CARTESIAN_POINT('Ctrl Pts',(28.9598355270931,77.4153638220455,5.04220550803132));
#4561=CARTESIAN_POINT('Ctrl Pts',(28.9598398600684,77.5104503682748,5.09646677268118));
#4562=CARTESIAN_POINT('Ctrl Pts',(29.0980563925452,72.5343065978123,1.05818626718311));
#4563=CARTESIAN_POINT('Ctrl Pts',(29.0979982512953,72.5507570607394,1.19470939961299));
#4564=CARTESIAN_POINT('Ctrl Pts',(29.0977610669994,72.6143487283785,1.46296497094974));
#4565=CARTESIAN_POINT('Ctrl Pts',(29.0965397048993,72.8769622048965,1.94746371864161));
#4566=CARTESIAN_POINT('Ctrl Pts',(29.0949388272644,73.1645667677325,2.25048442942821));
#4567=CARTESIAN_POINT('Ctrl Pts',(29.0929322916526,73.5037639968262,2.57323179260303));
#4568=CARTESIAN_POINT('Ctrl Pts',(29.0893253316001,74.0859989531474,3.07513158439731));
#4569=CARTESIAN_POINT('Ctrl Pts',(29.0828813868882,75.0197894961435,3.7608739557336));
#4570=CARTESIAN_POINT('Ctrl Pts',(29.0715705853199,76.1687969072634,4.45853213313108));
#4571=CARTESIAN_POINT('Ctrl Pts',(29.0643753093458,76.9519342418897,4.84870581282634));
#4572=CARTESIAN_POINT('Ctrl Pts',(29.0634031552577,77.3909621548252,5.08611983868538));
#4573=CARTESIAN_POINT('Ctrl Pts',(29.0634065269622,77.4855419157782,5.14011314186246));
#4574=CARTESIAN_POINT('Ctrl Pts',(29.1,72.5099017653276,1.06103080591949));
#4575=CARTESIAN_POINT('Ctrl Pts',(29.1,72.5261714822551,1.19922858585335));
#4576=CARTESIAN_POINT('Ctrl Pts',(29.1,72.5891985012217,1.47207524523992));
#4577=CARTESIAN_POINT('Ctrl Pts',(29.1,72.849819201244,1.96719907270125));
#4578=CARTESIAN_POINT('Ctrl Pts',(29.1,73.1352068903397,2.27746312699236));
#4579=CARTESIAN_POINT('Ctrl Pts',(29.1,73.4717339164751,2.6074655427621));
#4580=CARTESIAN_POINT('Ctrl Pts',(29.1,74.0494379507689,3.12042290051035));
#4581=CARTESIAN_POINT('Ctrl Pts',(29.1,74.9763611779241,3.82035130800364));
#4582=CARTESIAN_POINT('Ctrl Pts',(29.1,76.1219883295925,4.53948339522429));
#4583=CARTESIAN_POINT('Ctrl Pts',(29.1,76.904854428408,4.94093317928287));
#4584=CARTESIAN_POINT('Ctrl Pts',(29.1,77.3400898444185,5.17783669419755));
#4585=CARTESIAN_POINT('Ctrl Pts',(29.1,77.4335644853635,5.23119170715231));
#4586=CARTESIAN_POINT('Ctrl Pts',(29.1,72.4994426351052,1.06224988419365));
#4587=CARTESIAN_POINT('Ctrl Pts',(29.1,72.5156345231348,1.20116882733256));
#4588=CARTESIAN_POINT('Ctrl Pts',(29.1,72.5784206593174,1.47597326582301));
#4589=CARTESIAN_POINT('Ctrl Pts',(29.1,72.8381861390588,1.97566382969146));
#4590=CARTESIAN_POINT('Ctrl Pts',(29.1,73.122625977755,2.28901156163338));
#4591=CARTESIAN_POINT('Ctrl Pts',(29.1,73.458007994977,2.62214604934916));
#4592=CARTESIAN_POINT('Ctrl Pts',(29.1,74.0337733860599,3.13981389409416));
#4593=CARTESIAN_POINT('Ctrl Pts',(29.1,74.9577630758484,3.84582270572002));
#4594=CARTESIAN_POINT('Ctrl Pts',(29.1,76.1019448352969,4.57413745562096));
#4595=CARTESIAN_POINT('Ctrl Pts',(29.1,76.8846805162963,4.98037171796059));
#4596=CARTESIAN_POINT('Ctrl Pts',(29.1,77.3183270189463,5.21710106886806));
#4597=CARTESIAN_POINT('Ctrl Pts',(29.1,77.4113195909501,5.27017079965521));
#4598=CARTESIAN_POINT('',(29.1,77.4113195909501,5.27017079965521));
#4599=CARTESIAN_POINT('Ctrl Pts',(29.1,72.5183293353995,1.18764244620459));
#4600=CARTESIAN_POINT('Ctrl Pts',(29.1,72.5361394255169,1.2836412957471));
#4601=CARTESIAN_POINT('Ctrl Pts',(29.1,72.5980450822853,1.51372323548094));
#4602=CARTESIAN_POINT('Ctrl Pts',(29.1,72.8381861390588,1.97566382969146));
#4603=CARTESIAN_POINT('Ctrl Pts',(29.1,73.122625977755,2.28901156163338));
#4604=CARTESIAN_POINT('Ctrl Pts',(29.1,73.458007994977,2.62214604934916));
#4605=CARTESIAN_POINT('Ctrl Pts',(29.1,74.0337733860599,3.13981389409416));
#4606=CARTESIAN_POINT('Ctrl Pts',(29.1,74.9577630758484,3.84582270572002));
#4607=CARTESIAN_POINT('Ctrl Pts',(29.1,76.1019448352969,4.57413745562096));
#4608=CARTESIAN_POINT('Ctrl Pts',(29.1,76.8846805162963,4.98037171796059));
#4609=CARTESIAN_POINT('Ctrl Pts',(29.1,77.3183270189463,5.21710106886806));
#4610=CARTESIAN_POINT('Ctrl Pts',(29.1,77.4113195909501,5.27017079965521));
#4611=CARTESIAN_POINT('',(28.9,77.5104503682748,5.09646677268118));
#4612=CARTESIAN_POINT('Origin',(28.9,77.4113195909501,5.27017079965521));
#4613=CARTESIAN_POINT('Ctrl Pts',(28.9,77.5104503682748,5.09646677268118));
#4614=CARTESIAN_POINT('Ctrl Pts',(28.9,77.4153680755519,5.04220446367409));
#4615=CARTESIAN_POINT('Ctrl Pts',(28.9038973914336,76.9756255793888,4.80220174359716));
#4616=CARTESIAN_POINT('Ctrl Pts',(28.93449309341,76.2010636600162,4.40103612560592));
#4617=CARTESIAN_POINT('Ctrl Pts',(28.9916717012853,75.0642529765179,3.69864008006229));
#4618=CARTESIAN_POINT('Ctrl Pts',(29.0301012618071,74.1308687144999,3.01935094471315));
#4619=CARTESIAN_POINT('Ctrl Pts',(29.0527599294296,73.5464192766667,2.52753183900779));
#4620=CARTESIAN_POINT('Ctrl Pts',(29.0656947350891,73.2056804047308,2.21261149949416));
#4621=CARTESIAN_POINT('Ctrl Pts',(29.0762647694133,72.916414893678,1.91855233163434));
#4622=CARTESIAN_POINT('Ctrl Pts',(29.0845674011285,72.6519295601589,1.44930841524467));
#4623=CARTESIAN_POINT('Ctrl Pts',(29.0861669195861,72.5876811601922,1.18791394924492));
#4624=CARTESIAN_POINT('Ctrl Pts',(29.0865703023744,72.5710103565119,1.05390821022629));
#4625=CARTESIAN_POINT('Origin',(29.1,79.1,12.9999999839133));
#4626=CARTESIAN_POINT('',(29.1,77.411322610682,20.7298274770193));
#4627=CARTESIAN_POINT('Ctrl Pts',(29.1,77.411319640106,20.7298291722917));
#4628=CARTESIAN_POINT('Ctrl Pts',(29.1,77.0657868643292,20.9270205313904));
#4629=CARTESIAN_POINT('Ctrl Pts',(29.1,76.1777530913215,21.3759710407755));
#4630=CARTESIAN_POINT('Ctrl Pts',(29.1,75.3355611587927,21.9082781866097));
#4631=CARTESIAN_POINT('Ctrl Pts',(29.1,74.4558772071952,22.5423985227735));
#4632=CARTESIAN_POINT('Ctrl Pts',(29.1,73.8757304294718,22.9904870830176));
#4633=CARTESIAN_POINT('Ctrl Pts',(29.1,73.1635210158176,23.6553310466192));
#4634=CARTESIAN_POINT('Ctrl Pts',(29.1,72.7190759276187,24.1921686421374));
#4635=CARTESIAN_POINT('Ctrl Pts',(29.1,72.5572533996128,24.6145560310237));
#4636=CARTESIAN_POINT('Ctrl Pts',(29.1,72.5188799397553,24.81254877134));
#4637=CARTESIAN_POINT('Origin',(29.1,73.,12.9999999999998));
#4638=CARTESIAN_POINT('',(29.0999999798902,72.5181512799114,19.0809392211193));
#4639=CARTESIAN_POINT('',(29.0999999798903,73.,6.89999999999982));
#4640=CARTESIAN_POINT('Origin',(29.1,73.,12.9999999999998));
#4641=CARTESIAN_POINT('',(29.0999999945601,72.5181512553483,6.91906078082672));
#4642=CARTESIAN_POINT('Ctrl Pts',(29.1000000000001,72.5181512799114,19.0809392211193));
#4643=CARTESIAN_POINT('Ctrl Pts',(29.1000000000001,72.1808261471945,19.0542098496286));
#4644=CARTESIAN_POINT('Ctrl Pts',(29.1000000000001,71.8412315560034,18.9991118529027));
#4645=CARTESIAN_POINT('Ctrl Pts',(29.1000000000001,71.5025137923843,18.9133353581544));
#4646=CARTESIAN_POINT('Ctrl Pts',(29.1000000000001,70.8367269251062,18.7447322618348));
#4647=CARTESIAN_POINT('Ctrl Pts',(29.1000000000001,70.1982773599259,18.4637584703476));
#4648=CARTESIAN_POINT('Ctrl Pts',(29.1000000000001,69.6146052500703,18.0743573373528));
#4649=CARTESIAN_POINT('Ctrl Pts',(29.1000000000001,69.0560465200341,17.7017107800691));
#4650=CARTESIAN_POINT('Ctrl Pts',(29.1000000000001,68.5621628740798,17.238782215244));
#4651=CARTESIAN_POINT('Ctrl Pts',(29.1000000000001,68.1539792720238,16.7048728863516));
#4652=CARTESIAN_POINT('Ctrl Pts',(29.1000000000001,67.7234887033524,16.1417857621847));
#4653=CARTESIAN_POINT('Ctrl Pts',(29.1000000000001,67.3953829156207,15.5091363577677));
#4654=CARTESIAN_POINT('Ctrl Pts',(29.1000000000001,67.1830275906725,14.8365271544744));
#4655=CARTESIAN_POINT('Ctrl Pts',(29.1000000000001,67.0783642353128,14.5050189331494));
#4656=CARTESIAN_POINT('Ctrl Pts',(29.1000000000001,67.0025749780217,14.1662604213885));
#4657=CARTESIAN_POINT('Ctrl Pts',(29.1000000000001,66.9559196843355,13.8240710757098));
#4658=CARTESIAN_POINT('Ctrl Pts',(29.1000000000001,66.9247507586128,13.5954651993795));
#4659=CARTESIAN_POINT('Ctrl Pts',(29.1000000000001,66.9066803507062,13.3660376383512));
#4660=CARTESIAN_POINT('Ctrl Pts',(29.1000000000001,66.9015365191298,13.1369057065915));
#4661=CARTESIAN_POINT('Ctrl Pts',(29.1000000000001,66.8966993455267,12.9214338515182));
#4662=CARTESIAN_POINT('Ctrl Pts',(29.1000000000001,66.9033009873552,12.7065772342278));
#4663=CARTESIAN_POINT('Ctrl Pts',(29.1000000000001,66.9210873889021,12.4932244415316));
#4664=CARTESIAN_POINT('Ctrl Pts',(29.1000000000001,66.9441299727526,12.2168222922554));
#4665=CARTESIAN_POINT('Ctrl Pts',(29.1000000000001,66.9859195066167,11.9432402810892));
#4666=CARTESIAN_POINT('Ctrl Pts',(29.1000000000001,67.0457945965789,11.674316020361));
#4667=CARTESIAN_POINT('Ctrl Pts',(29.1000000000001,67.1570193828561,11.1747586344245));
#4668=CARTESIAN_POINT('Ctrl Pts',(29.1000000000001,67.3302873421713,10.6929236414022));
#4669=CARTESIAN_POINT('Ctrl Pts',(29.1000000000001,67.5602370036709,10.2397502751075));
#4670=CARTESIAN_POINT('Ctrl Pts',(29.1000000000001,67.9021479819134,9.56592910932325));
#4671=CARTESIAN_POINT('Ctrl Pts',(29.1000000000001,68.3646746380072,8.96488524658986));
#4672=CARTESIAN_POINT('Ctrl Pts',(29.1000000000001,68.9202040031671,8.46510588610633));
#4673=CARTESIAN_POINT('Ctrl Pts',(29.1000000000001,69.4941921930476,7.9487201314468));
#4674=CARTESIAN_POINT('Ctrl Pts',(29.1000000000001,70.1533186147769,7.55281477182489));
#4675=CARTESIAN_POINT('Ctrl Pts',(29.1000000000001,70.8573501484316,7.28869090194062));
#4676=CARTESIAN_POINT('Ctrl Pts',(29.1000000000001,71.4055023954751,7.08304657231334));
#4677=CARTESIAN_POINT('Ctrl Pts',(29.1000000000001,71.9640054697848,6.96297084841668));
#4678=CARTESIAN_POINT('Ctrl Pts',(29.1000000000001,72.5181512535612,6.91906078096832));
#4679=CARTESIAN_POINT('Origin',(29.1,73.,12.9999999999998));
#4680=CARTESIAN_POINT('Ctrl Pts',(29.1,72.0971331058309,95.7140702944349));
#4681=CARTESIAN_POINT('Ctrl Pts',(29.1,71.8174243751894,95.4045752361413));
#4682=CARTESIAN_POINT('Ctrl Pts',(29.1,71.1805709468198,94.8639830015766));
#4683=CARTESIAN_POINT('Ctrl Pts',(29.1,70.1406262804908,94.1082165408387));
#4684=CARTESIAN_POINT('Ctrl Pts',(29.1,69.0069481495267,93.4254773639221));
#4685=CARTESIAN_POINT('Ctrl Pts',(29.1,68.1894251280922,93.0383809330328));
#4686=CARTESIAN_POINT('Ctrl Pts',(29.1,67.7923861273487,92.8229901075391));
#4687=CARTESIAN_POINT('Ctrl Pts',(29.1,72.0630202992477,95.7449000268404));
#4688=CARTESIAN_POINT('Ctrl Pts',(29.1,71.78646335337,95.4387146021784));
#4689=CARTESIAN_POINT('Ctrl Pts',(29.1,71.1523853028788,94.9003265853034));
#4690=CARTESIAN_POINT('Ctrl Pts',(29.1,70.1148860178926,94.1464027970891));
#4691=CARTESIAN_POINT('Ctrl Pts',(29.1,68.9854719483016,93.4662250196747));
#4692=CARTESIAN_POINT('Ctrl Pts',(29.1,68.1695131059569,93.0798094584384));
#4693=CARTESIAN_POINT('Ctrl Pts',(29.1,67.7704608387704,92.8634059174892));
#4694=CARTESIAN_POINT('Ctrl Pts',(29.1331315937521,71.9950185024204,95.8063572157751));
#4695=CARTESIAN_POINT('Ctrl Pts',(29.1331315937521,71.7247720826815,95.507196464116));
#4696=CARTESIAN_POINT('Ctrl Pts',(29.1331315937521,71.0962365371228,94.9729023636837));
#4697=CARTESIAN_POINT('Ctrl Pts',(29.1331315937521,70.0635733136637,94.2227728463843));
#4698=CARTESIAN_POINT('Ctrl Pts',(29.1331315937521,68.9427470492898,93.5475383723391));
#4699=CARTESIAN_POINT('Ctrl Pts',(29.1331315937521,68.1299043529338,93.16261786143));
#4700=CARTESIAN_POINT('Ctrl Pts',(29.1331315937521,67.7267541148557,92.9439723666362));
#4701=CARTESIAN_POINT('Ctrl Pts',(29.2168134090953,71.9579507568382,95.8398574988546));
#4702=CARTESIAN_POINT('Ctrl Pts',(29.2168134090953,71.6911544118018,95.544683693328));
#4703=CARTESIAN_POINT('Ctrl Pts',(29.2168134090953,71.0656437621469,95.0125103281721));
#4704=CARTESIAN_POINT('Ctrl Pts',(29.2168134090953,70.0356023915779,94.2644937755366));
#4705=CARTESIAN_POINT('Ctrl Pts',(29.2168134090953,68.9194897214107,93.5918937875532));
#4706=CARTESIAN_POINT('Ctrl Pts',(29.2168134090953,68.1083449144311,93.207839130241));
#4707=CARTESIAN_POINT('Ctrl Pts',(29.2168134090953,67.702929601418,92.9878890979399));
#4708=CARTESIAN_POINT('Ctrl Pts',(29.2619537345933,71.9514614323731,95.8457222797622));
#4709=CARTESIAN_POINT('Ctrl Pts',(29.2619537345933,71.6852646555348,95.5511780702333));
#4710=CARTESIAN_POINT('Ctrl Pts',(29.2619537345933,71.0602819696967,95.0194240163335));
#4711=CARTESIAN_POINT('Ctrl Pts',(29.2619537345933,70.0307057872657,94.2717579977376));
#4712=CARTESIAN_POINT('Ctrl Pts',(29.2619537345933,68.915404275152,93.5996452681805));
#4713=CARTESIAN_POINT('Ctrl Pts',(29.2619537345933,68.1045570240364,93.2157201336059));
#4714=CARTESIAN_POINT('Ctrl Pts',(29.2619537345933,67.6987587246761,92.9955774510999));
#4715=CARTESIAN_POINT('',(29.1,72.0971331058309,95.7140702944349));
#4716=CARTESIAN_POINT('Origin',(29.3,72.0971331058309,95.7140702944349));
#4717=CARTESIAN_POINT('',(29.1,67.7923861273487,92.8229901075391));
#4718=CARTESIAN_POINT('Ctrl Pts',(29.1,72.0971331058309,95.7140702944349));
#4719=CARTESIAN_POINT('Ctrl Pts',(29.1,71.8174243751894,95.4045752361413));
#4720=CARTESIAN_POINT('Ctrl Pts',(29.1,71.1805709468198,94.8639830015766));
#4721=CARTESIAN_POINT('Ctrl Pts',(29.1,70.1406262804908,94.1082165408387));
#4722=CARTESIAN_POINT('Ctrl Pts',(29.1,69.0069481495267,93.4254773639221));
#4723=CARTESIAN_POINT('Ctrl Pts',(29.1,68.1894251280922,93.0383809330328));
#4724=CARTESIAN_POINT('Ctrl Pts',(29.1,67.7923861273487,92.8229901075391));
#4725=CARTESIAN_POINT('Origin',(29.3,67.7923861273487,92.8229901075391));
#4726=CARTESIAN_POINT('Origin',(29.3,72.0363024527903,85.0000000000004));
#4727=CARTESIAN_POINT('',(29.1,67.7923861273487,77.1770098924616));
#4728=CARTESIAN_POINT('Origin',(29.1,72.0363024527903,85.0000000000004));
#4729=CARTESIAN_POINT('Origin',(29.3,67.7923861273487,77.1770098924616));
#4730=CARTESIAN_POINT('Ctrl Pts',(29.1,67.7923861273487,77.1770098924615));
#4731=CARTESIAN_POINT('Ctrl Pts',(29.1,68.1388848471998,76.989036808806));
#4732=CARTESIAN_POINT('Ctrl Pts',(29.1,68.8523430000869,76.6496642404035));
#4733=CARTESIAN_POINT('Ctrl Pts',(29.1,69.8774616854342,76.0611380107471));
#4734=CARTESIAN_POINT('Ctrl Pts',(29.1,70.8510111066292,75.3843968452831));
#4735=CARTESIAN_POINT('Ctrl Pts',(29.1,71.5939515245477,74.7932914762199));
#4736=CARTESIAN_POINT('Ctrl Pts',(29.1,71.9898983854122,74.4045898390718));
#4737=CARTESIAN_POINT('Ctrl Pts',(29.1,72.0971328414488,74.285936400503));
#4738=CARTESIAN_POINT('Ctrl Pts',(29.1,67.7735930228529,77.1423677696471));
#4739=CARTESIAN_POINT('Ctrl Pts',(29.1,68.1216168559825,76.9536176914444));
#4740=CARTESIAN_POINT('Ctrl Pts',(29.1,68.8343619661992,76.614546665518));
#4741=CARTESIAN_POINT('Ctrl Pts',(29.1,69.8561867781752,76.0278907064059));
#4742=CARTESIAN_POINT('Ctrl Pts',(29.1,70.827456007145,75.352787714502));
#4743=CARTESIAN_POINT('Ctrl Pts',(29.1,71.5685242120835,74.7630957403723));
#4744=CARTESIAN_POINT('Ctrl Pts',(29.1,71.9617114787599,74.3769913662793));
#4745=CARTESIAN_POINT('Ctrl Pts',(29.1,72.0678933450472,74.2595108579379));
#4746=CARTESIAN_POINT('Ctrl Pts',(29.1279512458282,67.7297006445545,77.0614590959377));
#4747=CARTESIAN_POINT('Ctrl Pts',(29.1279512458282,68.0813035631488,76.8707921215082));
#4748=CARTESIAN_POINT('Ctrl Pts',(29.1279512458282,68.7923937998145,76.532517845531));
#4749=CARTESIAN_POINT('Ctrl Pts',(29.1279512458282,69.8064866824057,75.9501794015594));
#4750=CARTESIAN_POINT('Ctrl Pts',(29.1279512458282,70.7724507011018,75.2789189684427));
#4751=CARTESIAN_POINT('Ctrl Pts',(29.1279512458282,71.5091665553405,74.6924930348877));
#4752=CARTESIAN_POINT('Ctrl Pts',(29.1279512458282,71.8958556990728,74.3125749203509));
#4753=CARTESIAN_POINT('Ctrl Pts',(29.1279512458282,71.9996028165929,74.197792480792));
#4754=CARTESIAN_POINT('Ctrl Pts',(29.210364791167,67.7035254409525,77.0132092382263));
#4755=CARTESIAN_POINT('Ctrl Pts',(29.210364791167,68.0572816296932,76.8212862539095));
#4756=CARTESIAN_POINT('Ctrl Pts',(29.210364791167,68.7673965579606,76.4835892736777));
#4757=CARTESIAN_POINT('Ctrl Pts',(29.210364791167,69.7768355399173,75.9037696746837));
#4758=CARTESIAN_POINT('Ctrl Pts',(29.210364791167,70.739658233039,75.2348189872081));
#4759=CARTESIAN_POINT('Ctrl Pts',(29.210364791167,71.4738009997576,74.6503020671832));
#4760=CARTESIAN_POINT('Ctrl Pts',(29.210364791167,71.8565565215059,74.2742059022983));
#4761=CARTESIAN_POINT('Ctrl Pts',(29.210364791167,71.9588777851483,74.160986749355));
#4762=CARTESIAN_POINT('Ctrl Pts',(29.2619537345933,67.6987587246761,77.0044225489006));
#4763=CARTESIAN_POINT('Ctrl Pts',(29.2619537345933,68.0529017458473,76.8123024863121));
#4764=CARTESIAN_POINT('Ctrl Pts',(29.2619537345932,68.7628358167101,76.4746819898475));
#4765=CARTESIAN_POINT('Ctrl Pts',(29.2619537345933,69.7714393347967,75.8953367695836));
#4766=CARTESIAN_POINT('Ctrl Pts',(29.2619537345933,70.7336836759279,75.2268015913483));
#4767=CARTESIAN_POINT('Ctrl Pts',(29.2619537345933,71.4673515712336,74.6426431673152));
#4768=CARTESIAN_POINT('Ctrl Pts',(29.2619537345933,71.8494071446293,74.2672057768271));
#4769=CARTESIAN_POINT('Ctrl Pts',(29.2619537345933,71.9514614275453,74.154284127982));
#4770=CARTESIAN_POINT('',(29.1,72.0971328414487,74.285936400503));
#4771=CARTESIAN_POINT('Ctrl Pts',(29.1,67.7923861273487,77.1770098924615));
#4772=CARTESIAN_POINT('Ctrl Pts',(29.1,68.1388848471998,76.989036808806));
#4773=CARTESIAN_POINT('Ctrl Pts',(29.1,68.8523430000869,76.6496642404035));
#4774=CARTESIAN_POINT('Ctrl Pts',(29.1,69.8774616854342,76.0611380107471));
#4775=CARTESIAN_POINT('Ctrl Pts',(29.1,70.8510111066292,75.3843968452831));
#4776=CARTESIAN_POINT('Ctrl Pts',(29.1,71.5939515245477,74.7932914762199));
#4777=CARTESIAN_POINT('Ctrl Pts',(29.1,71.9898983854122,74.4045898390718));
#4778=CARTESIAN_POINT('Ctrl Pts',(29.1,72.0971328414488,74.285936400503));
#4779=CARTESIAN_POINT('Origin',(29.3,72.0971328414487,74.285936400503));
#4780=CARTESIAN_POINT('Ctrl Pts',(29.1,72.5115259398681,96.297315030943));
#4781=CARTESIAN_POINT('Ctrl Pts',(29.1,72.4033740069321,96.0837457562115));
#4782=CARTESIAN_POINT('Ctrl Pts',(29.1,72.25753217696,95.8915503457565));
#4783=CARTESIAN_POINT('Ctrl Pts',(29.1,72.0971331058309,95.714070294435));
#4784=CARTESIAN_POINT('Ctrl Pts',(29.1,72.4694517926755,96.3186214681692));
#4785=CARTESIAN_POINT('Ctrl Pts',(29.1,72.3638753548305,96.1101380629524));
#4786=CARTESIAN_POINT('Ctrl Pts',(29.1,72.2206800061096,95.9211110356446));
#4787=CARTESIAN_POINT('Ctrl Pts',(29.1,72.0621437719015,95.745692195713));
#4788=CARTESIAN_POINT('Ctrl Pts',(29.1173428655024,72.427549124527,96.3398410680444));
#4789=CARTESIAN_POINT('Ctrl Pts',(29.1173428655024,72.3245361690817,96.1364198106971));
#4790=CARTESIAN_POINT('Ctrl Pts',(29.1173428655024,72.1839791278531,95.9505524600279));
#4791=CARTESIAN_POINT('Ctrl Pts',(29.1173428655024,72.0272970418734,95.7771852175302));
#4792=CARTESIAN_POINT('Ctrl Pts',(29.147991923627,72.3955710736281,96.35603482073));
#4793=CARTESIAN_POINT('Ctrl Pts',(29.147991923627,72.2945105751105,96.156469109915));
#4794=CARTESIAN_POINT('Ctrl Pts',(29.147991923627,72.1559736231963,95.9730237983247));
#4795=CARTESIAN_POINT('Ctrl Pts',(29.147991923627,72.0007037351525,95.8012191394528));
#4796=CARTESIAN_POINT('Ctrl Pts',(29.1,72.3330082171033,96.0048125319431));
#4797=CARTESIAN_POINT('Ctrl Pts',(29.1,72.2605353543488,95.9032628162632));
#4798=CARTESIAN_POINT('Ctrl Pts',(29.1,72.1808153560209,95.8066639108061));
#4799=CARTESIAN_POINT('Ctrl Pts',(29.1,72.0971331058309,95.714070294435));
#4800=CARTESIAN_POINT('Ctrl Pts',(29.1,72.0971328414488,74.285936400503));
#4801=CARTESIAN_POINT('Ctrl Pts',(29.1,72.2575222885808,74.108467701395));
#4802=CARTESIAN_POINT('Ctrl Pts',(29.1,72.4034512328388,73.9161085639761));
#4803=CARTESIAN_POINT('Ctrl Pts',(29.1,72.511523697685,73.7026990264269));
#4804=CARTESIAN_POINT('Ctrl Pts',(29.1,72.0621435910785,74.2543144494172));
#4805=CARTESIAN_POINT('Ctrl Pts',(29.1,72.2206703236661,74.078906818122));
#4806=CARTESIAN_POINT('Ctrl Pts',(29.1,72.3639508376163,73.8897198296269));
#4807=CARTESIAN_POINT('Ctrl Pts',(29.1,72.4694496890901,73.6813923788092));
#4808=CARTESIAN_POINT('Ctrl Pts',(29.1173428437094,72.0272969439272,74.2228213776863));
#4809=CARTESIAN_POINT('Ctrl Pts',(29.1173428437094,72.1839696500713,74.0494652009409));
#4810=CARTESIAN_POINT('Ctrl Pts',(29.1173428437094,72.3246099165763,73.8634416372226));
#4811=CARTESIAN_POINT('Ctrl Pts',(29.1173428437094,72.4275471585634,73.6601725691919));
#4812=CARTESIAN_POINT('Ctrl Pts',(29.1479918678743,72.0007036909608,74.1987874090927));
#4813=CARTESIAN_POINT('Ctrl Pts',(29.1479918678743,72.155964291414,74.0269937077124));
#4814=CARTESIAN_POINT('Ctrl Pts',(29.1479918678743,72.294582990433,73.84339503841));
#4815=CARTESIAN_POINT('Ctrl Pts',(29.1479918678743,72.3955692012757,73.6439786506608));
#4816=CARTESIAN_POINT('Ctrl Pts',(29.1,72.0971328414488,74.285936400503));
#4817=CARTESIAN_POINT('Ctrl Pts',(29.1,72.1807965659108,74.1933636495627));
#4818=CARTESIAN_POINT('Ctrl Pts',(29.1,72.2605256394917,74.0967392638534));
#4819=CARTESIAN_POINT('Ctrl Pts',(29.1,72.3329993947147,73.9951889398454));
#4820=CARTESIAN_POINT('Ctrl Pts',(29.0999724009037,72.5027427744166,73.0618652319289));
#4821=CARTESIAN_POINT('Ctrl Pts',(29.0994425453228,72.5184761253003,72.9213896707148));
#4822=CARTESIAN_POINT('Ctrl Pts',(29.0998933839357,72.5185076487997,72.7740841303487));
#4823=CARTESIAN_POINT('Ctrl Pts',(29.099998291992,72.5181544962689,72.6251315176939));
#4824=CARTESIAN_POINT('Ctrl Pts',(29.099999505032,72.5181525436056,72.6218827911331));
#4825=CARTESIAN_POINT('Ctrl Pts',(29.1000000000001,72.5181512263952,72.6186253083619));
#4826=CARTESIAN_POINT('Ctrl Pts',(29.0995826356177,72.5260440986406,73.059149314112));
#4827=CARTESIAN_POINT('Ctrl Pts',(29.0954776664027,72.5306703666621,72.9191130240006));
#4828=CARTESIAN_POINT('Ctrl Pts',(29.0991409812893,72.5204069607327,72.773999311791));
#4829=CARTESIAN_POINT('Ctrl Pts',(29.0999862176842,72.5181884281677,72.6251304728319));
#4830=CARTESIAN_POINT('Ctrl Pts',(29.0999960098848,72.5181618449008,72.6218826972766));
#4831=CARTESIAN_POINT('Ctrl Pts',(29.1000000000001,72.5181512263952,72.6186253083619));
#4832=CARTESIAN_POINT('Ctrl Pts',(29.0950228586962,72.5492706810038,73.0564421079352));
#4833=CARTESIAN_POINT('Ctrl Pts',(29.0913283428648,72.5421899487282,72.9167466063031));
#4834=CARTESIAN_POINT('Ctrl Pts',(29.0984009685913,72.5223660304041,72.773925445138));
#4835=CARTESIAN_POINT('Ctrl Pts',(29.0999739186026,72.5182214085689,72.6251292526494));
#4836=CARTESIAN_POINT('Ctrl Pts',(29.0999925147377,72.518171146196,72.6218826034201));
#4837=CARTESIAN_POINT('Ctrl Pts',(29.1000000000001,72.5181512263952,72.6186253083619));
#4838=CARTESIAN_POINT('Ctrl Pts',(29.0865703023744,72.5710103565118,73.0539082102271));
#4839=CARTESIAN_POINT('Ctrl Pts',(29.0869906033987,72.5536403643719,72.9142821503157));
#4840=CARTESIAN_POINT('Ctrl Pts',(29.0976704615746,72.5243285493179,72.7738612361926));
#4841=CARTESIAN_POINT('Ctrl Pts',(29.0999614431217,72.5182543238945,72.6251278799305));
#4842=CARTESIAN_POINT('Ctrl Pts',(29.0999890195905,72.5181804474913,72.6218825095637));
#4843=CARTESIAN_POINT('Ctrl Pts',(29.1000000000001,72.5181512263952,72.6186253083619));
#4844=CARTESIAN_POINT('',(29.0865703023744,72.571010356512,73.0539082102271));
#4845=CARTESIAN_POINT('Origin',(28.9,72.4994426351052,73.0622498841944));
#4846=CARTESIAN_POINT('Ctrl Pts',(29.0865703023744,72.5710103565118,73.0539082102271));
#4847=CARTESIAN_POINT('Ctrl Pts',(29.0869906033987,72.5536403643719,72.9142821503157));
#4848=CARTESIAN_POINT('Ctrl Pts',(29.0976704615746,72.5243285493179,72.7738612361926));
#4849=CARTESIAN_POINT('Ctrl Pts',(29.0999614431217,72.5182543238945,72.6251278799305));
#4850=CARTESIAN_POINT('Ctrl Pts',(29.0999890195905,72.5181804474913,72.6218825095637));
#4851=CARTESIAN_POINT('Ctrl Pts',(29.1000000000001,72.5181512263952,72.6186253083619));
#4852=CARTESIAN_POINT('Ctrl Pts',(29.0865703023744,72.571010356512,73.0539082102271));
#4853=CARTESIAN_POINT('Ctrl Pts',(29.0861669195823,72.5876811603505,73.1879139505168));
#4854=CARTESIAN_POINT('Ctrl Pts',(29.0845674636741,72.6519329584948,73.4493085594834));
#4855=CARTESIAN_POINT('Ctrl Pts',(29.0762648782333,72.9164192132095,73.9185524356449));
#4856=CARTESIAN_POINT('Ctrl Pts',(29.0656949163288,73.2056878902373,74.2126112523733));
#4857=CARTESIAN_POINT('Ctrl Pts',(29.0527601908732,73.5464303685844,74.527530434139));
#4858=CARTESIAN_POINT('Ctrl Pts',(29.0301017848282,74.1308853174451,75.019348698696));
#4859=CARTESIAN_POINT('Ctrl Pts',(28.9916724285527,75.0642674358479,75.6986382864443));
#4860=CARTESIAN_POINT('Ctrl Pts',(28.9344926967169,76.2010758612521,76.4010309631294));
#4861=CARTESIAN_POINT('Ctrl Pts',(28.9038973886389,76.9756261616088,76.8022011700537));
#4862=CARTESIAN_POINT('Ctrl Pts',(28.9,77.4153680800243,77.0422044662269));
#4863=CARTESIAN_POINT('Ctrl Pts',(28.9,77.5104503682748,77.0964667726816));
#4864=CARTESIAN_POINT('Ctrl Pts',(29.0916283375172,72.5580012692575,73.0554245022419));
#4865=CARTESIAN_POINT('Ctrl Pts',(29.0913774228062,72.5746047833834,73.1903276424109));
#4866=CARTESIAN_POINT('Ctrl Pts',(29.0903672820407,72.6386651405054,73.4541288157496));
#4867=CARTESIAN_POINT('Ctrl Pts',(29.0851462774943,72.9027243968896,73.9286480168335));
#4868=CARTESIAN_POINT('Ctrl Pts',(29.0783957566903,73.1917491279599,74.2254494846486));
#4869=CARTESIAN_POINT('Ctrl Pts',(29.0700304384796,73.5324447714035,74.5425577702333));
#4870=CARTESIAN_POINT('Ctrl Pts',(29.0551854869739,74.1170163575819,75.0366188470568));
#4871=CARTESIAN_POINT('Ctrl Pts',(29.0292793038252,75.0525839764478,75.7153330759468));
#4872=CARTESIAN_POINT('Ctrl Pts',(28.9874112170759,76.1964094056939,76.4099217509239));
#4873=CARTESIAN_POINT('Ctrl Pts',(28.9630237196038,76.9750763954412,76.8032224242853));
#4874=CARTESIAN_POINT('Ctrl Pts',(28.9598355270944,77.415363826519,77.0422055105854));
#4875=CARTESIAN_POINT('Ctrl Pts',(28.9598398600684,77.5104503682748,77.0964667726816));
#4876=CARTESIAN_POINT('Ctrl Pts',(29.098056360143,72.5343065924809,73.0581862678053));
#4877=CARTESIAN_POINT('Ctrl Pts',(29.0979983065548,72.5507571250531,73.1947095060974));
#4878=CARTESIAN_POINT('Ctrl Pts',(29.0977608786361,72.6143519852032,73.4629651049039));
#4879=CARTESIAN_POINT('Ctrl Pts',(29.0965399163911,72.876966662141,73.9474644394095));
#4880=CARTESIAN_POINT('Ctrl Pts',(29.094938559104,73.1645739096888,74.2504841112755));
#4881=CARTESIAN_POINT('Ctrl Pts',(29.0929321524552,73.5037752855682,74.5732320277095));
#4882=CARTESIAN_POINT('Ctrl Pts',(29.0893244847684,74.0860146815156,75.0751307810223));
#4883=CARTESIAN_POINT('Ctrl Pts',(29.0828802781686,75.0198040369482,75.7608735150779));
#4884=CARTESIAN_POINT('Ctrl Pts',(29.0715646307325,76.1688064275882,76.4585332516613));
#4885=CARTESIAN_POINT('Ctrl Pts',(29.064368686746,76.9519356674131,76.8487148996461));
#4886=CARTESIAN_POINT('Ctrl Pts',(29.063395355878,77.3909578160221,77.0861237854234));
#4887=CARTESIAN_POINT('Ctrl Pts',(29.0633989500264,77.4855387857956,77.1401186264419));
#4888=CARTESIAN_POINT('Ctrl Pts',(29.1,72.5099017653277,73.0610308059203));
#4889=CARTESIAN_POINT('Ctrl Pts',(29.1,72.5261714824095,73.1992285871651));
#4890=CARTESIAN_POINT('Ctrl Pts',(29.1,72.5892018390495,73.4720757381239));
#4891=CARTESIAN_POINT('Ctrl Pts',(29.1,72.8498234330056,73.9671996674091));
#4892=CARTESIAN_POINT('Ctrl Pts',(29.1,73.1352142147258,74.2774637912397));
#4893=CARTESIAN_POINT('Ctrl Pts',(29.1,73.4717447578954,74.6074654840872));
#4894=CARTESIAN_POINT('Ctrl Pts',(29.1,74.0494541206446,75.1204236439228));
#4895=CARTESIAN_POINT('Ctrl Pts',(29.1,74.9763750167607,75.8203528770879));
#4896=CARTESIAN_POINT('Ctrl Pts',(29.1,76.1220010884166,76.5394817991542));
#4897=CARTESIAN_POINT('Ctrl Pts',(29.1,76.9048550716746,76.9409328319648));
#4898=CARTESIAN_POINT('Ctrl Pts',(29.1,77.3400898488158,77.177836696707));
#4899=CARTESIAN_POINT('Ctrl Pts',(29.1,77.4335644853635,77.2311917071527));
#4900=CARTESIAN_POINT('Ctrl Pts',(29.1,72.4994426351052,73.0622498841944));
#4901=CARTESIAN_POINT('Ctrl Pts',(29.1,72.5156345232885,73.2011688286511));
#4902=CARTESIAN_POINT('Ctrl Pts',(29.1,72.5784239971414,73.4759737587374));
#4903=CARTESIAN_POINT('Ctrl Pts',(29.1,72.8381903708032,73.9756644244754));
#4904=CARTESIAN_POINT('Ctrl Pts',(29.1,73.1226333021109,74.2890122259746));
#4905=CARTESIAN_POINT('Ctrl Pts',(29.1,73.4580188363577,74.622145990775));
#4906=CARTESIAN_POINT('Ctrl Pts',(29.1,74.033789555895,75.1398146375881));
#4907=CARTESIAN_POINT('Ctrl Pts',(29.1,74.9577769146529,75.8458242748975));
#4908=CARTESIAN_POINT('Ctrl Pts',(29.1,76.1019575941175,76.5741358596577));
#4909=CARTESIAN_POINT('Ctrl Pts',(29.1,76.8846811595507,76.9803713706705));
#4910=CARTESIAN_POINT('Ctrl Pts',(29.1,77.3183270233205,77.2171010713648));
#4911=CARTESIAN_POINT('Ctrl Pts',(29.1,77.4113195909501,77.2701707996556));
#4912=CARTESIAN_POINT('',(29.1,77.4113195909501,77.2701707996556));
#4913=CARTESIAN_POINT('Ctrl Pts',(29.1,72.5183297264665,73.1876425034058));
#4914=CARTESIAN_POINT('Ctrl Pts',(29.1,72.5361403680686,73.2836414347823));
#4915=CARTESIAN_POINT('Ctrl Pts',(29.1,72.5980484874558,73.5137237357331));
#4916=CARTESIAN_POINT('Ctrl Pts',(29.1,72.8381903708032,73.9756644244754));
#4917=CARTESIAN_POINT('Ctrl Pts',(29.1,73.1226333021109,74.2890122259746));
#4918=CARTESIAN_POINT('Ctrl Pts',(29.1,73.4580188363577,74.622145990775));
#4919=CARTESIAN_POINT('Ctrl Pts',(29.1,74.033789555895,75.1398146375881));
#4920=CARTESIAN_POINT('Ctrl Pts',(29.1,74.9577769146529,75.8458242748975));
#4921=CARTESIAN_POINT('Ctrl Pts',(29.1,76.1019575941175,76.5741358596577));
#4922=CARTESIAN_POINT('Ctrl Pts',(29.1,76.8846811595507,76.9803713706705));
#4923=CARTESIAN_POINT('Ctrl Pts',(29.1,77.3183270233205,77.2171010713648));
#4924=CARTESIAN_POINT('Ctrl Pts',(29.1,77.4113195909501,77.2701707996556));
#4925=CARTESIAN_POINT('',(28.9,77.5104503682748,77.0964667726816));
#4926=CARTESIAN_POINT('Origin',(28.9,77.4113195909501,77.2701707996556));
#4927=CARTESIAN_POINT('Ctrl Pts',(28.9,77.5104503682748,77.0964667726816));
#4928=CARTESIAN_POINT('Ctrl Pts',(28.9,77.4153680800243,77.0422044662269));
#4929=CARTESIAN_POINT('Ctrl Pts',(28.9038973886389,76.9756261616088,76.8022011700537));
#4930=CARTESIAN_POINT('Ctrl Pts',(28.9344926967169,76.2010758612521,76.4010309631294));
#4931=CARTESIAN_POINT('Ctrl Pts',(28.9916724285527,75.0642674358479,75.6986382864443));
#4932=CARTESIAN_POINT('Ctrl Pts',(29.0301017848282,74.1308853174451,75.019348698696));
#4933=CARTESIAN_POINT('Ctrl Pts',(29.0527601908732,73.5464303685844,74.527530434139));
#4934=CARTESIAN_POINT('Ctrl Pts',(29.0656949163288,73.2056878902373,74.2126112523733));
#4935=CARTESIAN_POINT('Ctrl Pts',(29.0762648782333,72.9164192132095,73.9185524356449));
#4936=CARTESIAN_POINT('Ctrl Pts',(29.0845674636741,72.6519329584948,73.4493085594834));
#4937=CARTESIAN_POINT('Ctrl Pts',(29.0861669195823,72.5876811603505,73.1879139505168));
#4938=CARTESIAN_POINT('Ctrl Pts',(29.0865703023744,72.571010356512,73.0539082102271));
#4939=CARTESIAN_POINT('Origin',(29.1,79.1,84.9999999839137));
#4940=CARTESIAN_POINT('',(29.1,77.4113226106819,92.7298274770198));
#4941=CARTESIAN_POINT('Ctrl Pts',(29.1,77.4113196401061,92.7298291722921));
#4942=CARTESIAN_POINT('Ctrl Pts',(29.1,77.0657868632306,92.9270205320178));
#4943=CARTESIAN_POINT('Ctrl Pts',(29.1,76.1777820454461,93.3759943944909));
#4944=CARTESIAN_POINT('Ctrl Pts',(29.1,75.3355963674762,93.908294630664));
#4945=CARTESIAN_POINT('Ctrl Pts',(29.1,74.4559237618107,94.5424121303053));
#4946=CARTESIAN_POINT('Ctrl Pts',(29.1,73.8757821604048,94.9904966788289));
#4947=CARTESIAN_POINT('Ctrl Pts',(29.1,73.1635579072386,95.6553378255064));
#4948=CARTESIAN_POINT('Ctrl Pts',(29.1,72.7191081489413,96.1921740408976));
#4949=CARTESIAN_POINT('Ctrl Pts',(29.1,72.5572587150443,96.6145569190728));
#4950=CARTESIAN_POINT('Ctrl Pts',(29.1,72.5188812561235,96.8125489908694));
#4951=CARTESIAN_POINT('Origin',(29.1,73.,85.0000000000003));
#4952=CARTESIAN_POINT('',(29.0999999798902,72.5181512799114,91.0809392211197));
#4953=CARTESIAN_POINT('',(29.0999999798903,73.,78.9000000000003));
#4954=CARTESIAN_POINT('Origin',(29.1,73.,85.0000000000003));
#4955=CARTESIAN_POINT('',(29.0999999945601,72.5181512553483,78.9190607808272));
#4956=CARTESIAN_POINT('Ctrl Pts',(29.1000000000001,72.5181512799114,91.0809392211197));
#4957=CARTESIAN_POINT('Ctrl Pts',(29.1000000000001,72.1808261471944,91.054209849629));
#4958=CARTESIAN_POINT('Ctrl Pts',(29.1000000000001,71.8412315560032,90.9991118529031));
#4959=CARTESIAN_POINT('Ctrl Pts',(29.1000000000001,71.502513792384,90.9133353581547));
#4960=CARTESIAN_POINT('Ctrl Pts',(29.1000000000001,70.8367269251059,90.7447322618351));
#4961=CARTESIAN_POINT('Ctrl Pts',(29.1000000000001,70.1982773599256,90.4637584703478));
#4962=CARTESIAN_POINT('Ctrl Pts',(29.1000000000001,69.61460525007,90.0743573373531));
#4963=CARTESIAN_POINT('Ctrl Pts',(29.1000000000001,69.0560465200339,89.7017107800693));
#4964=CARTESIAN_POINT('Ctrl Pts',(29.1000000000001,68.5621628740796,89.2387822152442));
#4965=CARTESIAN_POINT('Ctrl Pts',(29.1000000000001,68.1539792720236,88.7048728863518));
#4966=CARTESIAN_POINT('Ctrl Pts',(29.1000000000001,67.7234887033523,88.1417857621849));
#4967=CARTESIAN_POINT('Ctrl Pts',(29.1000000000001,67.3953829156207,87.5091363577679));
#4968=CARTESIAN_POINT('Ctrl Pts',(29.1000000000001,67.1830275906725,86.8365271544747));
#4969=CARTESIAN_POINT('Ctrl Pts',(29.1000000000001,67.0783642353128,86.5050189331497));
#4970=CARTESIAN_POINT('Ctrl Pts',(29.1000000000001,67.0025749780217,86.1662604213888));
#4971=CARTESIAN_POINT('Ctrl Pts',(29.1000000000001,66.9559196843356,85.8240710757101));
#4972=CARTESIAN_POINT('Ctrl Pts',(29.1000000000001,66.9247507586128,85.5954651993799));
#4973=CARTESIAN_POINT('Ctrl Pts',(29.1000000000001,66.9066803507062,85.3660376383516));
#4974=CARTESIAN_POINT('Ctrl Pts',(29.1000000000001,66.9015365191298,85.1369057065919));
#4975=CARTESIAN_POINT('Ctrl Pts',(29.1000000000001,66.8966993455267,84.9214338515186));
#4976=CARTESIAN_POINT('Ctrl Pts',(29.1000000000001,66.9033009873552,84.7065772342283));
#4977=CARTESIAN_POINT('Ctrl Pts',(29.1000000000001,66.9210873889021,84.493224441532));
#4978=CARTESIAN_POINT('Ctrl Pts',(29.1000000000001,66.9441299727526,84.2168222922556));
#4979=CARTESIAN_POINT('Ctrl Pts',(29.1000000000001,66.9859195066167,83.9432402810895));
#4980=CARTESIAN_POINT('Ctrl Pts',(29.1000000000001,67.045794596579,83.6743160203614));
#4981=CARTESIAN_POINT('Ctrl Pts',(29.1000000000001,67.1570193828562,83.174758634425));
#4982=CARTESIAN_POINT('Ctrl Pts',(29.1000000000001,67.3302873421714,82.6929236414026));
#4983=CARTESIAN_POINT('Ctrl Pts',(29.1000000000001,67.5602370036709,82.2397502751078));
#4984=CARTESIAN_POINT('Ctrl Pts',(29.1000000000001,67.9021479819135,81.5659291093235));
#4985=CARTESIAN_POINT('Ctrl Pts',(29.1000000000001,68.3646746380073,80.9648852465902));
#4986=CARTESIAN_POINT('Ctrl Pts',(29.1000000000001,68.9202040031671,80.4651058861067));
#4987=CARTESIAN_POINT('Ctrl Pts',(29.1000000000001,69.4941921930476,79.9487201314472));
#4988=CARTESIAN_POINT('Ctrl Pts',(29.1000000000001,70.153318614777,79.5528147718253));
#4989=CARTESIAN_POINT('Ctrl Pts',(29.1000000000001,70.8573501484316,79.288690901941));
#4990=CARTESIAN_POINT('Ctrl Pts',(29.1000000000001,71.4055023954751,79.0830465723138));
#4991=CARTESIAN_POINT('Ctrl Pts',(29.1000000000001,71.9640054429942,78.9629708530146));
#4992=CARTESIAN_POINT('Ctrl Pts',(29.1000000000001,72.5181512265758,78.9190607831071));
#4993=CARTESIAN_POINT('Origin',(29.1,73.,85.0000000000003));
#4994=CARTESIAN_POINT('Origin',(28.9,73.,12.9999999999998));
#4995=CARTESIAN_POINT('',(28.8999981664371,77.5104534558659,20.903531465267));
#4996=CARTESIAN_POINT('Origin',(28.9,77.411322610682,20.7298274770193));
#4997=CARTESIAN_POINT('Origin',(28.9,73.,12.9999999999998));
#4998=CARTESIAN_POINT('Ctrl Pts',(28.9,77.5104504185354,20.9035331986354));
#4999=CARTESIAN_POINT('Ctrl Pts',(28.9000000000209,77.1571528612996,21.1051558242197));
#5000=CARTESIAN_POINT('Ctrl Pts',(28.928186637299,76.2749824671733,21.5520375069851));
#5001=CARTESIAN_POINT('Ctrl Pts',(28.9733755883554,75.4405454721796,22.0646712265493));
#5002=CARTESIAN_POINT('Ctrl Pts',(29.0126608940299,74.5573306942638,22.6746070283339));
#5003=CARTESIAN_POINT('Ctrl Pts',(29.0364525682329,73.970797047802,23.1054109527125));
#5004=CARTESIAN_POINT('Ctrl Pts',(29.0643367128354,73.2473032626928,23.7355777212389));
#5005=CARTESIAN_POINT('Ctrl Pts',(29.081422999138,72.7675750657904,24.2695870936227));
#5006=CARTESIAN_POINT('Ctrl Pts',(29.0858662332836,72.6001056905074,24.7122262636521));
#5007=CARTESIAN_POINT('Ctrl Pts',(29.0865702732091,72.5710104180748,24.9461054832338));
#5008=CARTESIAN_POINT('Ctrl Pts',(28.9598398600684,77.5104504185354,20.9035331986354));
#5009=CARTESIAN_POINT('Ctrl Pts',(28.9598331926016,77.1571415557819,21.1052751766868));
#5010=CARTESIAN_POINT('Ctrl Pts',(28.9828028298252,76.2711343754807,21.5440928519519));
#5011=CARTESIAN_POINT('Ctrl Pts',(29.0159943877232,75.4309758541134,22.0500620942023));
#5012=CARTESIAN_POINT('Ctrl Pts',(29.0434503945213,74.5444915330107,22.6578097132815));
#5013=CARTESIAN_POINT('Ctrl Pts',(29.0594129582631,73.9567668346069,23.0882711575735));
#5014=CARTESIAN_POINT('Ctrl Pts',(29.0775309156389,73.233316882865,23.7220956244841));
#5015=CARTESIAN_POINT('Ctrl Pts',(29.0884262813039,72.754042862266,24.261516249222));
#5016=CARTESIAN_POINT('Ctrl Pts',(29.0911139906322,72.5869818034798,24.7091539768603));
#5017=CARTESIAN_POINT('Ctrl Pts',(29.0916283192087,72.5580013172596,24.9445892009982));
#5018=CARTESIAN_POINT('Ctrl Pts',(29.0634042169337,77.4855410115036,20.859885157494));
#5019=CARTESIAN_POINT('Ctrl Pts',(29.0634047349561,77.134146719821,21.0604103564755));
#5020=CARTESIAN_POINT('Ctrl Pts',(29.0703331975015,76.244424069177,21.4951097844689));
#5021=CARTESIAN_POINT('Ctrl Pts',(29.0793226995262,75.399589470831,22.0030456101214));
#5022=CARTESIAN_POINT('Ctrl Pts',(29.0864127838461,74.5125584960019,22.6162782386477));
#5023=CARTESIAN_POINT('Ctrl Pts',(29.0903699521571,73.9262945160974,23.051265625725));
#5024=CARTESIAN_POINT('Ctrl Pts',(29.0947358757908,73.2058805056736,23.6957965840697));
#5025=CARTESIAN_POINT('Ctrl Pts',(29.0973148622231,72.7290450197825,24.2467529894427));
#5026=CARTESIAN_POINT('Ctrl Pts',(29.0979208649884,72.5630015160614,24.7035847348657));
#5027=CARTESIAN_POINT('Ctrl Pts',(29.09805637839,72.5343066173445,24.9418274534286));
#5028=CARTESIAN_POINT('Ctrl Pts',(29.1,77.4335645347674,20.7688082646532));
#5029=CARTESIAN_POINT('Ctrl Pts',(29.1,77.0862619363429,20.9669591391082));
#5030=CARTESIAN_POINT('Ctrl Pts',(29.1,76.1977526627637,21.4116773940419));
#5031=CARTESIAN_POINT('Ctrl Pts',(29.1,75.3547696423056,21.9366746343276));
#5032=CARTESIAN_POINT('Ctrl Pts',(29.1,74.4728377894751,22.5645543700915));
#5033=CARTESIAN_POINT('Ctrl Pts',(29.1,73.8909103689873,23.0086995407839));
#5034=CARTESIAN_POINT('Ctrl Pts',(29.1,73.1762139894365,23.6674633067478));
#5035=CARTESIAN_POINT('Ctrl Pts',(29.1,72.7030126446454,24.2315566573417));
#5036=CARTESIAN_POINT('Ctrl Pts',(29.1,72.5382850469828,24.6978022473837));
#5037=CARTESIAN_POINT('Ctrl Pts',(29.1,72.5099017572297,24.9389829327826));
#5038=CARTESIAN_POINT('Ctrl Pts',(29.1,77.411319640106,20.7298291722917));
#5039=CARTESIAN_POINT('Ctrl Pts',(29.1,77.0657868643292,20.9270205313904));
#5040=CARTESIAN_POINT('Ctrl Pts',(29.1,76.1777530913215,21.3759710407755));
#5041=CARTESIAN_POINT('Ctrl Pts',(29.1,75.3355611587927,21.9082781866097));
#5042=CARTESIAN_POINT('Ctrl Pts',(29.1,74.4558772071952,22.5423985227735));
#5043=CARTESIAN_POINT('Ctrl Pts',(29.1,73.8757304294718,22.9904870830176));
#5044=CARTESIAN_POINT('Ctrl Pts',(29.1,73.1635210158176,23.6553310466192));
#5045=CARTESIAN_POINT('Ctrl Pts',(29.1,72.6918503507213,24.2250539492907));
#5046=CARTESIAN_POINT('Ctrl Pts',(29.1,72.5277019718212,24.6953097727447));
#5047=CARTESIAN_POINT('Ctrl Pts',(29.1,72.4994426144696,24.9377638621803));
#5048=CARTESIAN_POINT('',(29.0865702732091,72.5710104180748,24.9461054832338));
#5049=CARTESIAN_POINT('Origin',(28.9,72.4994426144696,24.9377638621803));
#5050=CARTESIAN_POINT('Ctrl Pts',(29.0865702732091,72.5710104180748,24.9461054832338));
#5051=CARTESIAN_POINT('Ctrl Pts',(29.0858662332836,72.6001056905074,24.7122262636521));
#5052=CARTESIAN_POINT('Ctrl Pts',(29.081422999138,72.7675750657904,24.2695870936227));
#5053=CARTESIAN_POINT('Ctrl Pts',(29.0643367128354,73.2473032626928,23.7355777212389));
#5054=CARTESIAN_POINT('Ctrl Pts',(29.0364525682329,73.970797047802,23.1054109527125));
#5055=CARTESIAN_POINT('Ctrl Pts',(29.0126608940299,74.5573306942638,22.6746070283339));
#5056=CARTESIAN_POINT('Ctrl Pts',(28.9733755883554,75.4405454721796,22.0646712265493));
#5057=CARTESIAN_POINT('Ctrl Pts',(28.928186637299,76.2749824671733,21.5520375069851));
#5058=CARTESIAN_POINT('Ctrl Pts',(28.9000000000209,77.1571528612996,21.1051558242197));
#5059=CARTESIAN_POINT('Ctrl Pts',(28.9,77.5104504185354,20.9035331986354));
#5060=CARTESIAN_POINT('Ctrl Pts',(29.1000000000001,72.5181512263951,25.3813987781164));
#5061=CARTESIAN_POINT('Ctrl Pts',(29.1000000000001,72.5181512263951,25.3766670982485));
#5062=CARTESIAN_POINT('Ctrl Pts',(29.1000000000001,72.5181490000527,25.371951558916));
#5063=CARTESIAN_POINT('Ctrl Pts',(29.1,72.5182264244726,25.2230167809175));
#5064=CARTESIAN_POINT('Ctrl Pts',(29.1000000000001,72.5165697516013,25.0768849240875));
#5065=CARTESIAN_POINT('Ctrl Pts',(29.1000000000001,72.4994426144696,24.9377638621802));
#5066=CARTESIAN_POINT('Ctrl Pts',(29.1000000000001,72.5181512263951,25.3813987781164));
#5067=CARTESIAN_POINT('Ctrl Pts',(29.0999837738516,72.518181704284,25.3766665658067));
#5068=CARTESIAN_POINT('Ctrl Pts',(29.0999871120125,72.5181978858039,25.3719544980149));
#5069=CARTESIAN_POINT('Ctrl Pts',(29.0988610280098,72.5209973436266,25.2231239618528));
#5070=CARTESIAN_POINT('Ctrl Pts',(29.0957810967554,72.5295471187336,25.0793026074366));
#5071=CARTESIAN_POINT('Ctrl Pts',(29.1000000000001,72.5238472809097,24.9406083602523));
#5072=CARTESIAN_POINT('Ctrl Pts',(29.1000000000001,72.5181512263951,25.3813987781164));
#5073=CARTESIAN_POINT('Ctrl Pts',(29.0999943708242,72.5181644070834,25.3766703852089));
#5074=CARTESIAN_POINT('Ctrl Pts',(29.0999462609291,72.5182969426347,25.3719536071469));
#5075=CARTESIAN_POINT('Ctrl Pts',(29.0983803842211,72.5224159806516,25.2233202553537));
#5076=CARTESIAN_POINT('Ctrl Pts',(29.0916398677606,72.5415161972801,25.0817856746093));
#5077=CARTESIAN_POINT('Ctrl Pts',(29.0954218537084,72.5482444916481,24.9434519893214));
#5078=CARTESIAN_POINT('Ctrl Pts',(29.1000000000001,72.5181512263951,25.3813987781164));
#5079=CARTESIAN_POINT('Ctrl Pts',(29.099980879385,72.5182021102283,25.3766677138111));
#5080=CARTESIAN_POINT('Ctrl Pts',(29.099930282074,72.518337455953,25.371958966667));
#5081=CARTESIAN_POINT('Ctrl Pts',(29.0972889846636,72.5253549542622,25.2233825823074));
#5082=CARTESIAN_POINT('Ctrl Pts',(29.0869863469518,72.5538156845736,25.0843234999745));
#5083=CARTESIAN_POINT('Ctrl Pts',(29.0865702732092,72.5710104180747,24.9461054832337));
#5084=CARTESIAN_POINT('Ctrl Pts',(29.1000000000001,72.5181512263951,25.3813987781164));
#5085=CARTESIAN_POINT('Ctrl Pts',(29.099980879385,72.5182021102283,25.3766677138111));
#5086=CARTESIAN_POINT('Ctrl Pts',(29.099930282074,72.518337455953,25.371958966667));
#5087=CARTESIAN_POINT('Ctrl Pts',(29.0972889846636,72.5253549542622,25.2233825823074));
#5088=CARTESIAN_POINT('Ctrl Pts',(29.0869863469518,72.5538156845736,25.0843234999745));
#5089=CARTESIAN_POINT('Ctrl Pts',(29.0865702732092,72.5710104180747,24.9461054832337));
#5090=CARTESIAN_POINT('Ctrl Pts',(32.1891036328417,73.4982569370123,3.91365089682758));
#5091=CARTESIAN_POINT('Ctrl Pts',(32.0356215820387,73.7980042255512,3.93008776978604));
#5092=CARTESIAN_POINT('Ctrl Pts',(31.2199769013093,75.2239763683877,4.08090224944537));
#5093=CARTESIAN_POINT('Ctrl Pts',(29.5228437080098,77.1075605331786,4.76056888553711));
#5094=CARTESIAN_POINT('Ctrl Pts',(27.0050284243004,78.9736668852383,6.04745357873074));
#5095=CARTESIAN_POINT('Ctrl Pts',(24.725627539013,80.2016524300132,7.34359289274603));
#5096=CARTESIAN_POINT('Ctrl Pts',(22.5244256161448,81.0367886964614,8.66013889424458));
#5097=CARTESIAN_POINT('Ctrl Pts',(20.7432081250939,81.5167327652875,9.74197603106034));
#5098=CARTESIAN_POINT('Ctrl Pts',(19.3440331743591,81.7888198098271,10.5988088202634));
#5099=CARTESIAN_POINT('Ctrl Pts',(18.2841072752132,81.9387074036553,11.2582873943351));
#5100=CARTESIAN_POINT('Ctrl Pts',(17.429018794089,82.0289157782328,11.8277596768715));
#5101=CARTESIAN_POINT('Ctrl Pts',(16.8236094406698,82.0767249588977,12.2906071719061));
#5102=CARTESIAN_POINT('Ctrl Pts',(16.4776878215808,82.0983544438939,12.7265280815108));
#5103=CARTESIAN_POINT('Ctrl Pts',(16.4275221946369,82.1012590350995,13.0750892629062));
#5104=CARTESIAN_POINT('Ctrl Pts',(16.583267105206,82.0920182610664,13.4447658921739));
#5105=CARTESIAN_POINT('Ctrl Pts',(16.9184780442155,82.0694628987227,13.7710144330871));
#5106=CARTESIAN_POINT('Ctrl Pts',(17.5961652065665,82.0136641046537,14.2986648180864));
#5107=CARTESIAN_POINT('Ctrl Pts',(18.5775646187104,81.9064328104162,14.9255470717934));
#5108=CARTESIAN_POINT('Ctrl Pts',(20.1232202740866,81.6546780183235,15.8814202415698));
#5109=CARTESIAN_POINT('Ctrl Pts',(22.1263786337821,81.1746800621317,17.0988955942237));
#5110=CARTESIAN_POINT('Ctrl Pts',(24.7615831448963,80.2131002345828,18.6830680118005));
#5111=CARTESIAN_POINT('Ctrl Pts',(27.8085880329831,78.5212718782059,20.4054089377164));
#5112=CARTESIAN_POINT('Ctrl Pts',(30.485694671154,76.1914546615456,21.6719771118413));
#5113=CARTESIAN_POINT('Ctrl Pts',(31.779605621966,74.2979981300695,22.0424946801546));
#5114=CARTESIAN_POINT('Ctrl Pts',(32.1891036328417,73.4982569370123,22.0863491031721));
#5115=CARTESIAN_POINT('Ctrl Pts',(31.7325567263068,73.3272146501128,3.9042716615591));
#5116=CARTESIAN_POINT('Ctrl Pts',(31.5867595838002,73.6177604277868,3.91490456660507));
#5117=CARTESIAN_POINT('Ctrl Pts',(30.8156003357882,75.0023167106706,4.02999414861853));
#5118=CARTESIAN_POINT('Ctrl Pts',(29.1946246214821,76.8875241113742,4.64976517724302));
#5119=CARTESIAN_POINT('Ctrl Pts',(26.7570142358078,78.805171296798,5.90007310438115));
#5120=CARTESIAN_POINT('Ctrl Pts',(24.5380961725833,80.0870402674259,7.19323336807724));
#5121=CARTESIAN_POINT('Ctrl Pts',(22.3882184309141,80.9684069679632,8.5293842850006));
#5122=CARTESIAN_POINT('Ctrl Pts',(20.6446893819745,81.4779130247389,9.63722627682314));
#5123=CARTESIAN_POINT('Ctrl Pts',(19.2724808691003,81.7677465875653,10.5189328045952));
#5124=CARTESIAN_POINT('Ctrl Pts',(18.2311569792548,81.927678821725,11.1993071429255));
#5125=CARTESIAN_POINT('Ctrl Pts',(17.3897001036569,82.0240287278568,11.7876460109693));
#5126=CARTESIAN_POINT('Ctrl Pts',(16.7930665933243,82.0751201249101,12.2662201104142));
#5127=CARTESIAN_POINT('Ctrl Pts',(16.4517326356882,82.0982417382567,12.7170954991513));
#5128=CARTESIAN_POINT('Ctrl Pts',(16.4022306199463,82.101348397118,13.0776927690621));
#5129=CARTESIAN_POINT('Ctrl Pts',(16.5559177900188,82.0914679693435,13.4600648207273));
#5130=CARTESIAN_POINT('Ctrl Pts',(16.886601183834,82.0673610366121,13.7975320101064));
#5131=CARTESIAN_POINT('Ctrl Pts',(17.5542985485857,82.0077425880311,14.3429863129927));
#5132=CARTESIAN_POINT('Ctrl Pts',(18.5198805050005,81.8931956283944,14.9906270809816));
#5133=CARTESIAN_POINT('Ctrl Pts',(20.037075601483,81.6247518443586,15.9757708115925));
#5134=CARTESIAN_POINT('Ctrl Pts',(21.9993869273998,81.1142575762272,17.2254071747987));
#5135=CARTESIAN_POINT('Ctrl Pts',(24.573390541423,80.0983820523798,18.835098645192));
#5136=CARTESIAN_POINT('Ctrl Pts',(27.5395986939531,78.3328030512483,20.5510368135175));
#5137=CARTESIAN_POINT('Ctrl Pts',(30.1190676227658,75.958816840508,21.7544677890996));
#5138=CARTESIAN_POINT('Ctrl Pts',(31.3441291596003,74.1007939301655,22.0679315857985));
#5139=CARTESIAN_POINT('Ctrl Pts',(31.7325567263068,73.3272146501128,22.0957283384405));
#5140=CARTESIAN_POINT('Ctrl Pts',(31.0467519200828,73.0719113860676,3.86047601317733));
#5141=CARTESIAN_POINT('Ctrl Pts',(30.9126306634598,73.3489835360173,3.86377826342029));
#5142=CARTESIAN_POINT('Ctrl Pts',(30.2047165419922,74.6752460436858,3.93466011567236));
#5143=CARTESIAN_POINT('Ctrl Pts',(28.698026373643,76.5585800491692,4.47510970322769));
#5144=CARTESIAN_POINT('Ctrl Pts',(26.3811946010706,78.5510544882242,5.6761068422136));
#5145=CARTESIAN_POINT('Ctrl Pts',(24.2546436528079,79.912800271055,6.96669297664865));
#5146=CARTESIAN_POINT('Ctrl Pts',(22.1828626072817,80.864050863152,8.3329030349965));
#5147=CARTESIAN_POINT('Ctrl Pts',(20.4964867249155,81.4185252804296,9.47996911805036));
#5148=CARTESIAN_POINT('Ctrl Pts',(19.1650066216237,81.7354864793642,10.3990618179467));
#5149=CARTESIAN_POINT('Ctrl Pts',(18.1516854770953,81.9107988315949,11.1107817255536));
#5150=CARTESIAN_POINT('Ctrl Pts',(17.3307615247648,82.0165682454955,11.7274678700897));
#5151=CARTESIAN_POINT('Ctrl Pts',(16.7472378373205,82.0726918077389,12.2295495376501));
#5152=CARTESIAN_POINT('Ctrl Pts',(16.4127935762202,82.0981010538606,12.7029709039965));
#5153=CARTESIAN_POINT('Ctrl Pts',(16.3642154810015,82.101516088026,13.0815363982881));
#5154=CARTESIAN_POINT('Ctrl Pts',(16.5149458979455,82.090654101927,13.4831042569166));
#5155=CARTESIAN_POINT('Ctrl Pts',(16.8386620272213,82.0641728984282,13.8372360868916));
#5156=CARTESIAN_POINT('Ctrl Pts',(17.4915798685558,81.9986690868333,14.409624615935));
#5157=CARTESIAN_POINT('Ctrl Pts',(18.4331632917063,81.8729698070595,15.0882798102762));
#5158=CARTESIAN_POINT('Ctrl Pts',(19.9077007548216,81.5788805008898,16.1174655404462));
#5159=CARTESIAN_POINT('Ctrl Pts',(21.8079314509432,81.0220222111286,17.415388433268));
#5160=CARTESIAN_POINT('Ctrl Pts',(24.2889065169631,79.9239048577797,19.0641749252958));
#5161=CARTESIAN_POINT('Ctrl Pts',(27.1321363317047,78.0489842501356,20.7729228108533));
#5162=CARTESIAN_POINT('Ctrl Pts',(29.5640808771779,75.613254793788,21.8908439732275));
#5163=CARTESIAN_POINT('Ctrl Pts',(30.6899123843149,73.8087901591315,22.1315925030788));
#5164=CARTESIAN_POINT('Ctrl Pts',(31.0467523355989,73.0719115422061,22.1395239868223));
#5165=CARTESIAN_POINT('Ctrl Pts',(30.1910016906468,72.778888624351,3.33996808797543));
#5166=CARTESIAN_POINT('Ctrl Pts',(30.0697961242465,73.0537911699208,3.342038704388));
#5167=CARTESIAN_POINT('Ctrl Pts',(29.4348474365352,74.3712471639668,3.40838959779724));
#5168=CARTESIAN_POINT('Ctrl Pts',(28.0601147586671,76.2917235417832,3.96548820546757));
#5169=CARTESIAN_POINT('Ctrl Pts',(25.8915240642076,78.3632816544652,5.22700021554944));
#5170=CARTESIAN_POINT('Ctrl Pts',(23.8813889042697,79.7902542817733,6.59082162304257));
#5171=CARTESIAN_POINT('Ctrl Pts',(21.9109345080107,80.7920267331473,8.03937847110855));
#5172=CARTESIAN_POINT('Ctrl Pts',(20.2995728230616,81.3778274072991,9.2574496983406));
#5173=CARTESIAN_POINT('Ctrl Pts',(19.0219544570181,81.7135964734386,10.2341905800517));
#5174=CARTESIAN_POINT('Ctrl Pts',(18.0458007785282,81.8997160150958,10.9908607322485));
#5175=CARTESIAN_POINT('Ctrl Pts',(17.2521392846219,82.0122226103678,11.6466143570011));
#5176=CARTESIAN_POINT('Ctrl Pts',(16.6861511782642,82.0720284989068,12.1806038047792));
#5177=CARTESIAN_POINT('Ctrl Pts',(16.3608831714932,82.0991415823343,12.6840785948233));
#5178=CARTESIAN_POINT('Ctrl Pts',(16.3136210685047,82.1027882653003,13.086740513282));
#5179=CARTESIAN_POINT('Ctrl Pts',(16.4602567166727,82.0911940495488,13.5137871810614));
#5180=CARTESIAN_POINT('Ctrl Pts',(16.7748916354652,82.0629487993617,13.8904752876116));
#5181=CARTESIAN_POINT('Ctrl Pts',(17.407874682091,81.9931788189495,14.4991278830515));
#5182=CARTESIAN_POINT('Ctrl Pts',(18.3177862582233,81.8594633383424,15.2208210608024));
#5183=CARTESIAN_POINT('Ctrl Pts',(19.735528484822,81.5475811909294,16.3148086212613));
#5184=CARTESIAN_POINT('Ctrl Pts',(21.5541959304116,80.9584922451624,17.6936199377609));
#5185=CARTESIAN_POINT('Ctrl Pts',(23.9142746784456,79.8017181283492,19.4421360808673));
#5186=CARTESIAN_POINT('Ctrl Pts',(26.6020014247009,77.8367021606038,21.2474377175436));
#5187=CARTESIAN_POINT('Ctrl Pts',(28.8579299314182,75.3176224190863,22.4147680917667));
#5188=CARTESIAN_POINT('Ctrl Pts',(29.8691050703,73.5086627861147,22.6555803692062));
#5189=CARTESIAN_POINT('Ctrl Pts',(30.1910041857229,72.7788895619256,22.6600319120242));
#5190=CARTESIAN_POINT('Ctrl Pts',(29.4512553037694,72.5440841956498,2.55270770862095));
#5191=CARTESIAN_POINT('Ctrl Pts',(29.3395369817165,72.8270935033791,2.55849736344143));
#5192=CARTESIAN_POINT('Ctrl Pts',(28.7573468992533,74.1830033948926,2.65203155753134));
#5193=CARTESIAN_POINT('Ctrl Pts',(27.4817386494365,76.1618206151538,3.29670472241026));
#5194=CARTESIAN_POINT('Ctrl Pts',(25.4329229886734,78.292128521497,4.69157891829468));
#5195=CARTESIAN_POINT('Ctrl Pts',(23.5230296301823,79.7512658977516,6.17269036517686));
#5196=CARTESIAN_POINT('Ctrl Pts',(21.6452559741155,80.7708660126445,7.72781346173682));
#5197=CARTESIAN_POINT('Ctrl Pts',(20.1051676111865,81.3661825492176,9.02757658938736));
#5198=CARTESIAN_POINT('Ctrl Pts',(18.8798938047866,81.7076203787155,10.0664327770538));
#5199=CARTESIAN_POINT('Ctrl Pts',(17.9403111025912,81.8972286143173,10.8698338372979));
#5200=CARTESIAN_POINT('Ctrl Pts',(17.1736681648784,82.012099720422,11.5654134593192));
#5201=CARTESIAN_POINT('Ctrl Pts',(16.625115890209,82.0733162489397,12.1315614430101));
#5202=CARTESIAN_POINT('Ctrl Pts',(16.3089965140505,82.1011237176133,12.6651740741793));
#5203=CARTESIAN_POINT('Ctrl Pts',(16.26303704005,82.1048666887237,13.0919400219899));
#5204=CARTESIAN_POINT('Ctrl Pts',(16.4056076935896,82.0929699769771,13.5445178924397));
#5205=CARTESIAN_POINT('Ctrl Pts',(16.7111702479212,82.0640191321724,13.9438240722421));
#5206=CARTESIAN_POINT('Ctrl Pts',(17.3243678953812,81.992636951927,14.5891129136236));
#5207=CARTESIAN_POINT('Ctrl Pts',(18.2028643651028,81.8561318670105,15.3547144718433));
#5208=CARTESIAN_POINT('Ctrl Pts',(19.5650338835713,81.5387229953359,16.5170182617428));
#5209=CARTESIAN_POINT('Ctrl Pts',(21.305321983113,80.9400454108486,17.9860965181309));
#5210=CARTESIAN_POINT('Ctrl Pts',(23.5543143139618,79.7635183471636,19.8616277584465));
#5211=CARTESIAN_POINT('Ctrl Pts',(26.1087410844026,77.7530642507181,21.8244453013802));
#5212=CARTESIAN_POINT('Ctrl Pts',(28.2272214645105,75.1575546069021,23.1356775265065));
#5213=CARTESIAN_POINT('Ctrl Pts',(29.1548631255837,73.2952490552215,23.4329059863137));
#5214=CARTESIAN_POINT('Ctrl Pts',(29.4512598051279,72.544085887125,23.4472922913787));
#5215=CARTESIAN_POINT('Ctrl Pts',(29.1122851930133,72.4700265408243,1.5804021261335));
#5216=CARTESIAN_POINT('Ctrl Pts',(28.9989987212715,72.7738863340551,1.59408468728954));
#5217=CARTESIAN_POINT('Ctrl Pts',(28.40545787551,74.2254988329632,1.74053489029617));
#5218=CARTESIAN_POINT('Ctrl Pts',(27.1199338200582,76.2714290447504,2.52495046921575));
#5219=CARTESIAN_POINT('Ctrl Pts',(25.0904399801033,78.4115896971066,4.10192419986896));
#5220=CARTESIAN_POINT('Ctrl Pts',(23.2216038640952,79.845199256646,5.7285739300561));
#5221=CARTESIAN_POINT('Ctrl Pts',(21.4037031854756,80.8296191906902,7.40526420961172));
#5222=CARTESIAN_POINT('Ctrl Pts',(19.920507692903,81.3998176375131,8.79325428007677));
#5223=CARTESIAN_POINT('Ctrl Pts',(18.741675318431,81.7263113050033,9.89693185125203));
#5224=CARTESIAN_POINT('Ctrl Pts',(17.8363562991707,81.9080363522592,10.7481276703694));
#5225=CARTESIAN_POINT('Ctrl Pts',(17.0957793107303,82.0185405327351,11.4840029377739));
#5226=CARTESIAN_POINT('Ctrl Pts',(16.5642832940006,82.077698229362,12.0824304760832));
#5227=CARTESIAN_POINT('Ctrl Pts',(16.2572042282918,82.1046684194299,12.6462704821691));
#5228=CARTESIAN_POINT('Ctrl Pts',(16.2125007009073,82.1083018024285,13.0971161446959));
#5229=CARTESIAN_POINT('Ctrl Pts',(16.351112746047,82.0967546743897,13.5753077734448));
#5230=CARTESIAN_POINT('Ctrl Pts',(16.6476489938624,82.0687076069976,13.9972152288441));
#5231=CARTESIAN_POINT('Ctrl Pts',(17.2416227483462,81.9997693671382,14.6794361495502));
#5232=CARTESIAN_POINT('Ctrl Pts',(18.0897219232369,81.8685318329395,15.4894296578786));
#5233=CARTESIAN_POINT('Ctrl Pts',(19.4010330183301,81.5647286064417,16.7221913749112));
#5234=CARTESIAN_POINT('Ctrl Pts',(21.0753223938344,80.9922216101904,18.287196790165));
#5235=CARTESIAN_POINT('Ctrl Pts',(23.2504468291902,79.8587559396356,20.3066877881088));
#5236=CARTESIAN_POINT('Ctrl Pts',(25.7530764530407,77.880954448684,22.4658221064556));
#5237=CARTESIAN_POINT('Ctrl Pts',(27.8672511317857,75.24632995923,23.9863346479106));
#5238=CARTESIAN_POINT('Ctrl Pts',(28.8113414814034,73.2783299403838,24.3838636829009));
#5239=CARTESIAN_POINT('Ctrl Pts',(29.1122873574137,72.4700273541409,24.4195978738662));
#5240=CARTESIAN_POINT('Ctrl Pts',(29.1043965087936,72.5064512251306,0.862093334116119));
#5241=CARTESIAN_POINT('Ctrl Pts',(28.9830238537963,72.8299498583506,0.882236885949464));
#5242=CARTESIAN_POINT('Ctrl Pts',(28.341086556762,74.3692283957943,1.07228177125638));
#5243=CARTESIAN_POINT('Ctrl Pts',(26.9803304701845,76.4571748641986,1.9620263636009));
#5244=CARTESIAN_POINT('Ctrl Pts',(24.9040286575323,78.5768694212855,3.67067054213756));
#5245=CARTESIAN_POINT('Ctrl Pts',(23.029899841604,79.9660203667084,5.40163464414197));
#5246=CARTESIAN_POINT('Ctrl Pts',(21.2371063664456,80.9032050173971,7.16615111036081));
#5247=CARTESIAN_POINT('Ctrl Pts',(19.7878868434478,81.4415704975657,8.61871142518865));
#5248=CARTESIAN_POINT('Ctrl Pts',(18.6403255555049,81.7492799286779,9.77027889173213));
#5249=CARTESIAN_POINT('Ctrl Pts',(17.7593048614463,81.9209626039107,10.6570416094933));
#5250=CARTESIAN_POINT('Ctrl Pts',(17.0376812618345,82.0257586855818,11.422998484844));
#5251=CARTESIAN_POINT('Ctrl Pts',(16.5187820796767,82.0821247244404,12.045619628958));
#5252=CARTESIAN_POINT('Ctrl Pts',(16.218417420788,82.107918310553,12.6320867749911));
#5253=CARTESIAN_POINT('Ctrl Pts',(16.1746652649181,82.111395043848,13.1010154948853));
#5254=CARTESIAN_POINT('Ctrl Pts',(16.3103040135427,82.1003469388936,13.5983719583382));
#5255=CARTESIAN_POINT('Ctrl Pts',(16.6001858010669,82.0735479618232,14.0372597874115));
#5256=CARTESIAN_POINT('Ctrl Pts',(17.1799708664732,82.0079223639358,14.7470703154362));
#5257=CARTESIAN_POINT('Ctrl Pts',(18.0059881291416,81.8835023697797,15.5902227738965));
#5258=CARTESIAN_POINT('Ctrl Pts',(19.281907195181,81.5969546363692,16.8752786262901));
#5259=CARTESIAN_POINT('Ctrl Pts',(20.9142573615937,81.0572442936853,18.5107262771098));
#5260=CARTESIAN_POINT('Ctrl Pts',(23.0564250647839,79.9806361126942,20.6344357190111));
#5261=CARTESIAN_POINT('Ctrl Pts',(25.5696821164815,78.0617756856201,22.9339538735867));
#5262=CARTESIAN_POINT('Ctrl Pts',(27.7626564708309,75.4258802575048,24.607400455708));
#5263=CARTESIAN_POINT('Ctrl Pts',(28.7809737332726,73.3689145498539,25.0843988315654));
#5264=CARTESIAN_POINT('Ctrl Pts',(29.1043965087936,72.5064512251306,25.1379066658835));
#5265=CARTESIAN_POINT('Ctrl Pts',(29.1,72.5181512263951,0.618601222050822));
#5266=CARTESIAN_POINT('Ctrl Pts',(28.9759496704467,72.8482743037646,0.64099871926895));
#5267=CARTESIAN_POINT('Ctrl Pts',(28.3177045066529,74.416994107283,0.846504164079472));
#5268=CARTESIAN_POINT('Ctrl Pts',(26.9320765392065,76.5186618248729,1.77264331655612));
#5269=CARTESIAN_POINT('Ctrl Pts',(24.8407763634315,78.631315539319,3.52620048090788));
#5270=CARTESIAN_POINT('Ctrl Pts',(22.9653692424446,80.0056430128721,5.29236833736827));
#5271=CARTESIAN_POINT('Ctrl Pts',(21.1812970145915,80.9272712124635,7.08634310864103));
#5272=CARTESIAN_POINT('Ctrl Pts',(19.7435646742855,81.4552169264723,8.56049481155481));
#5273=CARTESIAN_POINT('Ctrl Pts',(18.6064982372097,81.7567905693015,9.72804718365562));
#5274=CARTESIAN_POINT('Ctrl Pts',(17.7336018131559,81.9251948190529,10.6266773285446));
#5275=CARTESIAN_POINT('Ctrl Pts',(17.0183048516487,82.0281255425613,11.4026615377151));
#5276=CARTESIAN_POINT('Ctrl Pts',(16.5036124348486,82.0835785360411,12.0333548276524));
#5277=CARTESIAN_POINT('Ctrl Pts',(16.2054873008622,82.1089870064203,12.6273569462345));
#5278=CARTESIAN_POINT('Ctrl Pts',(16.1620570537679,82.1124123056431,13.102319435169));
#5279=CARTESIAN_POINT('Ctrl Pts',(16.2966957554479,82.101528164123,13.606054622303));
#5280=CARTESIAN_POINT('Ctrl Pts',(16.5843685589347,82.0751363282127,14.0506130736572));
#5281=CARTESIAN_POINT('Ctrl Pts',(17.1594062927133,82.0105971542293,14.7696092026673));
#5282=CARTESIAN_POINT('Ctrl Pts',(17.9780605821604,81.8883977599435,15.6238223835427));
#5283=CARTESIAN_POINT('Ctrl Pts',(19.2421210953794,81.6074945991518,16.9263308786226));
#5284=CARTESIAN_POINT('Ctrl Pts',(20.8603500539635,81.0784907857434,18.5853082822389));
#5285=CARTESIAN_POINT('Ctrl Pts',(22.99113117084,80.0205973002927,20.7439608072887));
#5286=CARTESIAN_POINT('Ctrl Pts',(25.5072367464722,78.1214200462397,23.0908869041411));
#5287=CARTESIAN_POINT('Ctrl Pts',(27.7258828507529,75.48545576307,24.816760020531));
#5288=CARTESIAN_POINT('Ctrl Pts',(28.7690273361947,73.3989365874177,25.3216411026283));
#5289=CARTESIAN_POINT('Ctrl Pts',(29.1,72.518151226395,25.3813987779488));
#5290=CARTESIAN_POINT('Ctrl Pts',(28.8997881074898,77.5106938283977,5.09661762232972));
#5291=CARTESIAN_POINT('Ctrl Pts',(28.3278370036384,77.9925762264601,5.37154297513954));
#5292=CARTESIAN_POINT('Ctrl Pts',(26.9324123847515,79.012787448655,6.08874535162376));
#5293=CARTESIAN_POINT('Ctrl Pts',(24.725627539013,80.2016524300132,7.34359289274603));
#5294=CARTESIAN_POINT('Ctrl Pts',(22.5244256161448,81.0367886964614,8.66013889424458));
#5295=CARTESIAN_POINT('Ctrl Pts',(20.7432081250939,81.5167327652875,9.74197603106034));
#5296=CARTESIAN_POINT('Ctrl Pts',(19.3440331743591,81.7888198098271,10.5988088202634));
#5297=CARTESIAN_POINT('Ctrl Pts',(18.2841072752132,81.9387074036553,11.2582873943351));
#5298=CARTESIAN_POINT('Ctrl Pts',(17.429018794089,82.0289157782328,11.8277596768715));
#5299=CARTESIAN_POINT('Ctrl Pts',(16.8236094406698,82.0767249588977,12.2906071719061));
#5300=CARTESIAN_POINT('Ctrl Pts',(16.4776878215808,82.0983544438939,12.7265280815108));
#5301=CARTESIAN_POINT('Ctrl Pts',(16.4275221946369,82.1012590350995,13.0750892629062));
#5302=CARTESIAN_POINT('Ctrl Pts',(16.583267105206,82.0920182610664,13.4447658921739));
#5303=CARTESIAN_POINT('Ctrl Pts',(16.9184780442155,82.0694628987227,13.7710144330871));
#5304=CARTESIAN_POINT('Ctrl Pts',(17.5961652065665,82.0136641046537,14.2986648180864));
#5305=CARTESIAN_POINT('Ctrl Pts',(18.5775646187104,81.9064328104162,14.9255470717934));
#5306=CARTESIAN_POINT('Ctrl Pts',(20.1232202740866,81.6546780183235,15.8814202415698));
#5307=CARTESIAN_POINT('Ctrl Pts',(22.1263786337821,81.1746800621317,17.0988955942237));
#5308=CARTESIAN_POINT('Ctrl Pts',(24.7615831448963,80.2131002345828,18.6830680118005));
#5309=CARTESIAN_POINT('Ctrl Pts',(27.091294581948,78.9195440979353,19.999953773716));
#5310=CARTESIAN_POINT('Ctrl Pts',(28.4894545736634,77.8562506418236,20.706333822861));
#5311=CARTESIAN_POINT('Ctrl Pts',(28.9007947245621,77.5101003553472,20.9040296499647));
#5312=CARTESIAN_POINT('Origin',(28.9,73.,85.0000000000003));
#5313=CARTESIAN_POINT('',(28.8999981664371,77.5104534558658,92.9035314652674));
#5314=CARTESIAN_POINT('Origin',(28.9,77.4113226106819,92.7298274770198));
#5315=CARTESIAN_POINT('Origin',(28.9,73.,85.0000000000003));
#5316=CARTESIAN_POINT('Ctrl Pts',(28.9,77.5104504185354,92.9035331986358));
#5317=CARTESIAN_POINT('Ctrl Pts',(28.9000000000209,77.1571528601762,93.1051558248612));
#5318=CARTESIAN_POINT('Ctrl Pts',(28.9281858307976,76.275011289279,93.552065296773));
#5319=CARTESIAN_POINT('Ctrl Pts',(28.9733753103514,75.4405815642417,94.0646910864268));
#5320=CARTESIAN_POINT('Ctrl Pts',(29.0126610518905,74.5573790602644,94.6746245197136));
#5321=CARTESIAN_POINT('Ctrl Pts',(29.0364524054037,73.9708505235479,95.1054240929676));
#5322=CARTESIAN_POINT('Ctrl Pts',(29.0643364862384,73.2473412900779,95.7355868218213));
#5323=CARTESIAN_POINT('Ctrl Pts',(29.0814227565854,72.7676079477979,96.2695942212955));
#5324=CARTESIAN_POINT('Ctrl Pts',(29.0858662332855,72.6001056904319,96.7122262642594));
#5325=CARTESIAN_POINT('Ctrl Pts',(29.0865702732091,72.5710104180749,96.9461054832343));
#5326=CARTESIAN_POINT('Ctrl Pts',(28.9598398600684,77.5104504185354,92.9035331986358));
#5327=CARTESIAN_POINT('Ctrl Pts',(28.9598331926022,77.157141554659,93.1052751773283));
#5328=CARTESIAN_POINT('Ctrl Pts',(28.9828020232893,76.2711631975615,93.5441206416919));
#5329=CARTESIAN_POINT('Ctrl Pts',(29.0159941096306,75.4310119461377,94.0500819540417));
#5330=CARTESIAN_POINT('Ctrl Pts',(29.043450552295,74.5445398989963,94.6578272046571));
#5331=CARTESIAN_POINT('Ctrl Pts',(29.0594127953675,73.9568203103492,95.0882842978395));
#5332=CARTESIAN_POINT('Ctrl Pts',(29.0775306890064,73.2333549102521,95.7221047250896));
#5333=CARTESIAN_POINT('Ctrl Pts',(29.0884260387416,72.7540757442751,96.2615233769148));
#5334=CARTESIAN_POINT('Ctrl Pts',(29.0911139906341,72.5869818034047,96.7091539774723));
#5335=CARTESIAN_POINT('Ctrl Pts',(29.0916283192087,72.5580013172597,96.9445892009987));
#5336=CARTESIAN_POINT('Ctrl Pts',(29.063397991771,77.4855384399296,92.8598806513989));
#5337=CARTESIAN_POINT('Ctrl Pts',(29.0633984016096,77.1341421107761,93.0604076599139));
#5338=CARTESIAN_POINT('Ctrl Pts',(29.0703280515033,76.2444516485225,93.4951286638627));
#5339=CARTESIAN_POINT('Ctrl Pts',(29.0793190533125,75.3996233697133,94.0030585706478));
#5340=CARTESIAN_POINT('Ctrl Pts',(29.086412643629,74.5126036588795,94.6163029679944));
#5341=CARTESIAN_POINT('Ctrl Pts',(29.0903683237971,73.9263466762993,95.0512728473437));
#5342=CARTESIAN_POINT('Ctrl Pts',(29.0947346616538,73.2059169834192,95.6958072353141));
#5343=CARTESIAN_POINT('Ctrl Pts',(29.0973151842838,72.7290773411877,96.2467579948286));
#5344=CARTESIAN_POINT('Ctrl Pts',(29.0979185327071,72.5630009275041,96.7035859953502));
#5345=CARTESIAN_POINT('Ctrl Pts',(29.0980563517684,72.5343066129642,96.9418274529186));
#5346=CARTESIAN_POINT('Ctrl Pts',(29.1,77.4335645347674,92.7688082646536));
#5347=CARTESIAN_POINT('Ctrl Pts',(29.1,77.0862619352393,92.9669591397381));
#5348=CARTESIAN_POINT('Ctrl Pts',(29.1,76.1977816168908,93.4117007477285));
#5349=CARTESIAN_POINT('Ctrl Pts',(29.1,75.3548048509789,93.9366910783312));
#5350=CARTESIAN_POINT('Ctrl Pts',(29.1,74.4728843440709,94.5645679775791));
#5351=CARTESIAN_POINT('Ctrl Pts',(29.1,73.8909620999039,95.0087091365591));
#5352=CARTESIAN_POINT('Ctrl Pts',(29.1,73.1762508808488,95.667470085608));
#5353=CARTESIAN_POINT('Ctrl Pts',(29.1,72.703044579812,96.2315619716327));
#5354=CARTESIAN_POINT('Ctrl Pts',(29.1,72.5382850469092,96.6978022480097));
#5355=CARTESIAN_POINT('Ctrl Pts',(29.1,72.5099017572297,96.9389829327831));
#5356=CARTESIAN_POINT('Ctrl Pts',(29.1,77.4113196401061,92.7298291722921));
#5357=CARTESIAN_POINT('Ctrl Pts',(29.1,77.0657868632306,92.9270205320178));
#5358=CARTESIAN_POINT('Ctrl Pts',(29.1,76.1777820454461,93.3759943944909));
#5359=CARTESIAN_POINT('Ctrl Pts',(29.1,75.3355963674762,93.908294630664));
#5360=CARTESIAN_POINT('Ctrl Pts',(29.1,74.4559237618107,94.5424121303053));
#5361=CARTESIAN_POINT('Ctrl Pts',(29.1,73.8757821604048,94.9904966788289));
#5362=CARTESIAN_POINT('Ctrl Pts',(29.1,73.1635579072386,95.6553378255064));
#5363=CARTESIAN_POINT('Ctrl Pts',(29.1,72.6918822858906,96.2250592635984));
#5364=CARTESIAN_POINT('Ctrl Pts',(29.1,72.527701971748,96.6953097733743));
#5365=CARTESIAN_POINT('Ctrl Pts',(29.1,72.4994426144697,96.9377638621808));
#5366=CARTESIAN_POINT('',(29.0865702732091,72.5710104180749,96.9461054832343));
#5367=CARTESIAN_POINT('Origin',(28.9,72.4994426144697,96.9377638621808));
#5368=CARTESIAN_POINT('Ctrl Pts',(29.0865702732091,72.5710104180749,96.9461054832343));
#5369=CARTESIAN_POINT('Ctrl Pts',(29.0858662332855,72.6001056904319,96.7122262642594));
#5370=CARTESIAN_POINT('Ctrl Pts',(29.0814227565854,72.7676079477979,96.2695942212955));
#5371=CARTESIAN_POINT('Ctrl Pts',(29.0643364862384,73.2473412900779,95.7355868218213));
#5372=CARTESIAN_POINT('Ctrl Pts',(29.0364524054037,73.9708505235479,95.1054240929676));
#5373=CARTESIAN_POINT('Ctrl Pts',(29.0126610518905,74.5573790602644,94.6746245197136));
#5374=CARTESIAN_POINT('Ctrl Pts',(28.9733753103514,75.4405815642417,94.0646910864268));
#5375=CARTESIAN_POINT('Ctrl Pts',(28.9281858307976,76.275011289279,93.552065296773));
#5376=CARTESIAN_POINT('Ctrl Pts',(28.9000000000209,77.1571528601762,93.1051558248612));
#5377=CARTESIAN_POINT('Ctrl Pts',(28.9,77.5104504185354,92.9035331986358));
#5378=CARTESIAN_POINT('Ctrl Pts',(29.1000000000001,72.5181512263953,97.3813987802112));
#5379=CARTESIAN_POINT('Ctrl Pts',(29.1000000000001,72.5181512263953,97.3766670988592));
#5380=CARTESIAN_POINT('Ctrl Pts',(29.1000000000001,72.5181490001903,97.3719515610929));
#5381=CARTESIAN_POINT('Ctrl Pts',(29.1000000000001,72.5182264174282,97.2230167766097));
#5382=CARTESIAN_POINT('Ctrl Pts',(29.1000000000001,72.5165697516825,97.0768849247471));
#5383=CARTESIAN_POINT('Ctrl Pts',(29.1000000000001,72.4994426144697,96.9377638621806));
#5384=CARTESIAN_POINT('Ctrl Pts',(29.1000000000001,72.5181512263953,97.3813987802112));
#5385=CARTESIAN_POINT('Ctrl Pts',(29.0999837738615,72.5181817042577,97.376666566416));
#5386=CARTESIAN_POINT('Ctrl Pts',(29.0999871120271,72.5181978859028,97.3719545001905));
#5387=CARTESIAN_POINT('Ctrl Pts',(29.098861028042,72.520997336485,97.2231239575238));
#5388=CARTESIAN_POINT('Ctrl Pts',(29.0957810967335,72.5295471187613,97.0793026080938));
#5389=CARTESIAN_POINT('Ctrl Pts',(29.1,72.5238472809098,96.9406083602527));
#5390=CARTESIAN_POINT('Ctrl Pts',(29.1000000000001,72.5181512263953,97.3813987802112));
#5391=CARTESIAN_POINT('Ctrl Pts',(29.0999943708431,72.5181644070334,97.3766703858189));
#5392=CARTESIAN_POINT('Ctrl Pts',(29.0999462606155,72.5182969434303,97.3719536092702));
#5393=CARTESIAN_POINT('Ctrl Pts',(29.0983804021971,72.5224159348182,97.2233202536795));
#5394=CARTESIAN_POINT('Ctrl Pts',(29.0916398677437,72.541516197245,97.0817856752669));
#5395=CARTESIAN_POINT('Ctrl Pts',(29.0954218537084,72.5482444916481,96.9434519893218));
#5396=CARTESIAN_POINT('Ctrl Pts',(29.1000000000001,72.5181512263953,97.3813987802112));
#5397=CARTESIAN_POINT('Ctrl Pts',(29.0999808794138,72.5182021101518,97.3766677144198));
#5398=CARTESIAN_POINT('Ctrl Pts',(29.099930281775,72.5183374567098,97.371958968789));
#5399=CARTESIAN_POINT('Ctrl Pts',(29.0972890026749,72.5253549083353,97.2233825806115));
#5400=CARTESIAN_POINT('Ctrl Pts',(29.0869863469538,72.5538156844919,97.0843235006305));
#5401=CARTESIAN_POINT('Ctrl Pts',(29.0865702732092,72.5710104180746,96.9461054832342));
#5402=CARTESIAN_POINT('Ctrl Pts',(29.0999999999909,72.5181512264196,97.3813987779493));
#5403=CARTESIAN_POINT('Ctrl Pts',(29.0999808793977,72.518202110195,97.3766677129189));
#5404=CARTESIAN_POINT('Ctrl Pts',(29.0999302817616,72.5183374567453,97.3719589680385));
#5405=CARTESIAN_POINT('Ctrl Pts',(29.0972890026749,72.5253549083353,97.2233825806115));
#5406=CARTESIAN_POINT('Ctrl Pts',(29.0869863469538,72.5538156844919,97.0843235006305));
#5407=CARTESIAN_POINT('Ctrl Pts',(29.0865702732092,72.5710104180746,96.9461054832342));
#5408=CARTESIAN_POINT('Ctrl Pts',(32.1891036328417,73.4982569370124,75.913650896828));
#5409=CARTESIAN_POINT('Ctrl Pts',(32.0356215801052,73.7980042293274,75.9300877699935));
#5410=CARTESIAN_POINT('Ctrl Pts',(31.2199927814641,75.2239258350039,76.0808809200536));
#5411=CARTESIAN_POINT('Ctrl Pts',(29.5228264679359,77.1074750091899,76.760540201904));
#5412=CARTESIAN_POINT('Ctrl Pts',(27.0049871615322,78.9736361549114,78.047436294969));
#5413=CARTESIAN_POINT('Ctrl Pts',(24.7255591751697,80.2016264449776,79.3435656227026));
#5414=CARTESIAN_POINT('Ctrl Pts',(22.5243311215318,81.0367859286387,80.6601121914478));
#5415=CARTESIAN_POINT('Ctrl Pts',(20.7431165136032,81.5167294110596,81.7419449096715));
#5416=CARTESIAN_POINT('Ctrl Pts',(19.3439535902591,81.7888203954412,82.598780320359));
#5417=CARTESIAN_POINT('Ctrl Pts',(18.2840658338942,81.9387067822298,83.2582632835342));
#5418=CARTESIAN_POINT('Ctrl Pts',(17.4290015842015,82.028914753374,83.8277392157113));
#5419=CARTESIAN_POINT('Ctrl Pts',(16.8236505445046,82.0767215719513,84.2905935989835));
#5420=CARTESIAN_POINT('Ctrl Pts',(16.4777349988823,82.0983507879631,84.7265168781101));
#5421=CARTESIAN_POINT('Ctrl Pts',(16.427577001093,82.1012550266103,85.0750795823713));
#5422=CARTESIAN_POINT('Ctrl Pts',(16.5833217997753,82.0920141950408,85.4447588617867));
#5423=CARTESIAN_POINT('Ctrl Pts',(16.9185388326223,82.0694584051191,85.771011899692));
#5424=CARTESIAN_POINT('Ctrl Pts',(17.5962216409444,82.0136596198068,86.2986654824049));
#5425=CARTESIAN_POINT('Ctrl Pts',(18.577579974996,81.9064274124473,86.925590124231));
#5426=CARTESIAN_POINT('Ctrl Pts',(20.1232132885267,81.6546711639016,87.8814704915791));
#5427=CARTESIAN_POINT('Ctrl Pts',(22.1263547579263,81.1746683317303,89.098959244051));
#5428=CARTESIAN_POINT('Ctrl Pts',(24.7615301412874,80.2130810726004,90.6830987890267));
#5429=CARTESIAN_POINT('Ctrl Pts',(27.8085581199284,78.521230614535,92.4054315433493));
#5430=CARTESIAN_POINT('Ctrl Pts',(30.4856341171511,76.1914054744127,93.6719570815821));
#5431=CARTESIAN_POINT('Ctrl Pts',(31.7796056232068,74.2979981276463,94.0424946802879));
#5432=CARTESIAN_POINT('Ctrl Pts',(32.1891036328417,73.4982569370124,94.0863491031725));
#5433=CARTESIAN_POINT('Ctrl Pts',(31.7325567263067,73.3272146501128,75.9042716615595));
#5434=CARTESIAN_POINT('Ctrl Pts',(31.5867595819648,73.6177604314413,75.9149045667382));
#5435=CARTESIAN_POINT('Ctrl Pts',(30.8156162161972,75.0022661771728,76.0299728190155));
#5436=CARTESIAN_POINT('Ctrl Pts',(29.1946073817772,76.887438587519,76.6497364933614));
#5437=CARTESIAN_POINT('Ctrl Pts',(26.7569729733193,78.8051405667081,77.9000558205537));
#5438=CARTESIAN_POINT('Ctrl Pts',(24.5380278089568,80.0870142825891,79.1932060980816));
#5439=CARTESIAN_POINT('Ctrl Pts',(22.3881239364296,80.9684042002493,80.5293575822794));
#5440=CARTESIAN_POINT('Ctrl Pts',(20.6445977705489,81.4779096705557,81.6371951554898));
#5441=CARTESIAN_POINT('Ctrl Pts',(19.2724012850277,81.767747173195,82.5189043047208));
#5442=CARTESIAN_POINT('Ctrl Pts',(18.2311155379457,81.9276782003043,83.1992830321365));
#5443=CARTESIAN_POINT('Ctrl Pts',(17.389682893776,82.0240277030007,83.7876255498196));
#5444=CARTESIAN_POINT('Ctrl Pts',(16.7931076971632,82.075116737965,84.2662065375011));
#5445=CARTESIAN_POINT('Ctrl Pts',(16.4517798129915,82.0982380823265,84.7170842957591));
#5446=CARTESIAN_POINT('Ctrl Pts',(16.402285426402,82.1013443886286,85.0776830885383));
#5447=CARTESIAN_POINT('Ctrl Pts',(16.5559724845837,82.0914639033165,85.4600577903563));
#5448=CARTESIAN_POINT('Ctrl Pts',(16.886661972231,82.0673565430048,85.7975294767326));
#5449=CARTESIAN_POINT('Ctrl Pts',(17.5543549829356,82.0077381031732,86.3429869773552));
#5450=CARTESIAN_POINT('Ctrl Pts',(18.5198958612233,81.8931902303937,86.9906701334945));
#5451=CARTESIAN_POINT('Ctrl Pts',(20.0370686157946,81.6247449898545,87.9758210617227));
#5452=CARTESIAN_POINT('Ctrl Pts',(21.9993630513198,81.1142458456413,89.225470824771));
#5453=CARTESIAN_POINT('Ctrl Pts',(24.5733375374501,80.0983628900605,90.8351294225056));
#5454=CARTESIAN_POINT('Ctrl Pts',(27.5395687805,78.3327617872577,92.5510594189697));
#5455=CARTESIAN_POINT('Ctrl Pts',(30.1190070684293,75.9587676534586,93.7544477585565));
#5456=CARTESIAN_POINT('Ctrl Pts',(31.3441291607762,74.1007939278323,94.0679315858839));
#5457=CARTESIAN_POINT('Ctrl Pts',(31.7325567263068,73.3272146501128,94.095728338441));
#5458=CARTESIAN_POINT('Ctrl Pts',(31.046583739618,73.0718606341795,75.8602490577521));
#5459=CARTESIAN_POINT('Ctrl Pts',(30.9124140617473,73.3489856890522,75.8636112523564));
#5460=CARTESIAN_POINT('Ctrl Pts',(30.2047045254643,74.6750742662713,75.9343026837381));
#5461=CARTESIAN_POINT('Ctrl Pts',(28.6978618151174,76.5585428094393,76.4749805831845));
#5462=CARTESIAN_POINT('Ctrl Pts',(26.3811179431775,78.5510306276022,77.6759885680318));
#5463=CARTESIAN_POINT('Ctrl Pts',(24.2545436436859,79.9127971633176,78.9666289088341));
#5464=CARTESIAN_POINT('Ctrl Pts',(22.182761992541,80.8640586754834,80.3328543309987));
#5465=CARTESIAN_POINT('Ctrl Pts',(20.4963949318542,81.4185281242197,81.4799251520922));
#5466=CARTESIAN_POINT('Ctrl Pts',(19.1649283280299,81.7354918744253,82.3990267732542));
#5467=CARTESIAN_POINT('Ctrl Pts',(18.1516453918113,81.9108002402564,83.1107517575058));
#5468=CARTESIAN_POINT('Ctrl Pts',(17.3307445078699,82.016568720462,83.7274441984542));
#5469=CARTESIAN_POINT('Ctrl Pts',(16.7472758830346,82.0726891329182,84.2295326107586));
#5470=CARTESIAN_POINT('Ctrl Pts',(16.4128369759262,82.0980981321518,84.7029582386302));
#5471=CARTESIAN_POINT('Ctrl Pts',(16.3642656717766,82.101513042593,85.0815246186228));
#5472=CARTESIAN_POINT('Ctrl Pts',(16.5149966382826,82.0906504993314,85.4830966823907));
#5473=CARTESIAN_POINT('Ctrl Pts',(16.8387182096831,82.0641697414636,85.8372333755854));
#5474=CARTESIAN_POINT('Ctrl Pts',(17.4916309275922,81.9986657481939,86.4096253891484));
#5475=CARTESIAN_POINT('Ctrl Pts',(18.4331782068109,81.8729681634251,87.0883351697356));
#5476=CARTESIAN_POINT('Ctrl Pts',(19.9076871751787,81.5788785264982,88.1175244481458));
#5477=CARTESIAN_POINT('Ctrl Pts',(21.8078988610265,81.022021009701,89.4154804947043));
#5478=CARTESIAN_POINT('Ctrl Pts',(24.2888356865008,79.923917706663,91.0642534432348));
#5479=CARTESIAN_POINT('Ctrl Pts',(27.1320395826737,78.0489247156155,92.7730239984062));
#5480=CARTESIAN_POINT('Ctrl Pts',(29.5639406007489,75.6132750328581,93.8910494657355));
#5481=CARTESIAN_POINT('Ctrl Pts',(30.6897187611501,73.8086323818147,94.1317346981131));
#5482=CARTESIAN_POINT('Ctrl Pts',(31.0465841590554,73.0718607917914,94.1397509422484));
#5483=CARTESIAN_POINT('Ctrl Pts',(30.1908323330298,72.778836777964,75.339753025526));
#5484=CARTESIAN_POINT('Ctrl Pts',(30.069571394789,73.0537972742912,75.3418883314983));
#5485=CARTESIAN_POINT('Ctrl Pts',(29.4348492079935,74.3710616112999,75.4080309706999));
#5486=CARTESIAN_POINT('Ctrl Pts',(28.059942530784,76.2916875350962,75.9653703133367));
#5487=CARTESIAN_POINT('Ctrl Pts',(25.891449217744,78.3632531877427,77.226884261875));
#5488=CARTESIAN_POINT('Ctrl Pts',(23.8812879114001,79.7902494263857,78.5907597361425));
#5489=CARTESIAN_POINT('Ctrl Pts',(21.9108344653188,80.7920329242993,80.039330053849));
#5490=CARTESIAN_POINT('Ctrl Pts',(20.2994815257404,81.3778293162084,81.2574053874301));
#5491=CARTESIAN_POINT('Ctrl Pts',(19.0218765209591,81.7136014892729,82.2341551471172));
#5492=CARTESIAN_POINT('Ctrl Pts',(18.0457609186965,81.8997171635416,82.9908302536389));
#5493=CARTESIAN_POINT('Ctrl Pts',(17.2521222419123,82.0122230184642,83.6465902977547));
#5494=CARTESIAN_POINT('Ctrl Pts',(16.6861888359852,82.0720258084997,84.1805865619386));
#5495=CARTESIAN_POINT('Ctrl Pts',(16.3609260823994,82.0991387118001,84.6840657013128));
#5496=CARTESIAN_POINT('Ctrl Pts',(16.3136707533006,82.1027853050163,85.0867285267779));
#5497=CARTESIAN_POINT('Ctrl Pts',(16.4603068669841,82.091190451287,85.5137794381913));
#5498=CARTESIAN_POINT('Ctrl Pts',(16.7749473706522,82.0629456692991,85.8904725840024));
#5499=CARTESIAN_POINT('Ctrl Pts',(17.4079249269123,81.9931753462453,86.4991285075059));
#5500=CARTESIAN_POINT('Ctrl Pts',(18.3178013409408,81.8594614990394,87.2208776035526));
#5501=CARTESIAN_POINT('Ctrl Pts',(19.7355142452047,81.5475785249441,88.3148679529533));
#5502=CARTESIAN_POINT('Ctrl Pts',(21.5541633802385,80.9584897302947,89.6937130361294));
#5503=CARTESIAN_POINT('Ctrl Pts',(23.9142047378596,79.8017302076722,91.4422134559003));
#5504=CARTESIAN_POINT('Ctrl Pts',(26.6019029764277,77.8366348276081,93.2475327160579));
#5505=CARTESIAN_POINT('Ctrl Pts',(28.8577947924361,75.3176476995001,94.4149681954755));
#5506=CARTESIAN_POINT('Ctrl Pts',(29.8689038760113,73.5084895778192,94.6557049079455));
#5507=CARTESIAN_POINT('Ctrl Pts',(30.1908348320546,72.7788377170223,94.6602469744746));
#5508=CARTESIAN_POINT('Ctrl Pts',(29.4511080386132,72.5440394050137,74.5525153673207));
#5509=CARTESIAN_POINT('Ctrl Pts',(29.3393383221786,72.8271013269995,74.5583630154169));
#5510=CARTESIAN_POINT('Ctrl Pts',(28.7573543050316,74.1828362617898,74.6517070061883));
#5511=CARTESIAN_POINT('Ctrl Pts',(27.4815804786014,76.1617882325928,75.2965946001282));
#5512=CARTESIAN_POINT('Ctrl Pts',(25.4328536554414,78.2921037741069,76.6914723295452));
#5513=CARTESIAN_POINT('Ctrl Pts',(23.5229329400048,79.7512621214426,78.1726305236007));
#5514=CARTESIAN_POINT('Ctrl Pts',(21.6451583875571,80.770872720606,79.7277657381773));
#5515=CARTESIAN_POINT('Ctrl Pts',(20.105077805889,81.3661849328977,81.0275318269166));
#5516=CARTESIAN_POINT('Ctrl Pts',(18.8798169733701,81.7076255595025,82.0663963750326));
#5517=CARTESIAN_POINT('Ctrl Pts',(17.9402715901441,81.8972300053098,82.8698026170168));
#5518=CARTESIAN_POINT('Ctrl Pts',(17.1736510745416,82.0121002837533,83.5653885497911));
#5519=CARTESIAN_POINT('Ctrl Pts',(16.6251527799174,82.0733136678225,84.1315438445658));
#5520=CARTESIAN_POINT('Ctrl Pts',(16.3090386060023,82.1011209282371,84.6651606650816));
#5521=CARTESIAN_POINT('Ctrl Pts',(16.2630859134259,82.1048637757652,85.0919277506953));
#5522=CARTESIAN_POINT('Ctrl Pts',(16.4056568381127,82.0929664812561,85.5445097314096));
#5523=CARTESIAN_POINT('Ctrl Pts',(16.7112250899786,82.0640160339298,85.9438212991123));
#5524=CARTESIAN_POINT('Ctrl Pts',(17.3244172081069,81.9926335671288,86.5891134665531));
#5525=CARTESIAN_POINT('Ctrl Pts',(18.2028787522061,81.8561302485836,87.3547721530371));
#5526=CARTESIAN_POINT('Ctrl Pts',(19.5650205080153,81.5387203819162,88.5170795766748));
#5527=CARTESIAN_POINT('Ctrl Pts',(21.3052891295546,80.9400446458743,89.9861903377638));
#5528=CARTESIAN_POINT('Ctrl Pts',(23.554249799211,79.7635301040776,91.8617019647568));
#5529=CARTESIAN_POINT('Ctrl Pts',(26.1086516317043,77.7530042150485,93.8245341997903));
#5530=CARTESIAN_POINT('Ctrl Pts',(28.2271025033758,75.1575798123806,95.135852831655));
#5531=CARTESIAN_POINT('Ctrl Pts',(29.1546847127013,73.2950936430857,95.4330179323477));
#5532=CARTESIAN_POINT('Ctrl Pts',(29.4511125434054,72.5440410977792,95.4474846326798));
#5533=CARTESIAN_POINT('Ctrl Pts',(29.1122412395306,72.4700128733645,73.5803501721292));
#5534=CARTESIAN_POINT('Ctrl Pts',(28.9989319977577,72.7738917589782,73.594053945689));
#5535=CARTESIAN_POINT('Ctrl Pts',(28.4054732069235,74.2254209558657,73.7404131486184));
#5536=CARTESIAN_POINT('Ctrl Pts',(27.1198542524031,76.271388032674,74.5248966590003));
#5537=CARTESIAN_POINT('Ctrl Pts',(25.0903931502042,78.411569615222,76.1018764202959));
#5538=CARTESIAN_POINT('Ctrl Pts',(23.2215280997439,79.8451883815622,77.7285312230398));
#5539=CARTESIAN_POINT('Ctrl Pts',(21.4036147544351,80.829622078492,79.4052245647092));
#5540=CARTESIAN_POINT('Ctrl Pts',(19.9204229802519,81.3998183741515,80.793210988467));
#5541=CARTESIAN_POINT('Ctrl Pts',(18.7416021308438,81.7263149571064,81.8968935959791));
#5542=CARTESIAN_POINT('Ctrl Pts',(17.8363177911856,81.9080375940812,82.7480950112096));
#5543=CARTESIAN_POINT('Ctrl Pts',(17.095762340199,82.0185410555718,83.4839758029847));
#5544=CARTESIAN_POINT('Ctrl Pts',(16.5643181392363,82.0776957521758,84.0824119524589));
#5545=CARTESIAN_POINT('Ctrl Pts',(16.2572442856146,82.1046656758105,84.6462557282894));
#5546=CARTESIAN_POINT('Ctrl Pts',(16.2125473687864,82.1082987646761,85.097103027832));
#5547=CARTESIAN_POINT('Ctrl Pts',(16.3511595646495,82.0967513339569,85.5752986973651));
#5548=CARTESIAN_POINT('Ctrl Pts',(16.6477011110115,82.0687041927036,85.9972118648854));
#5549=CARTESIAN_POINT('Ctrl Pts',(17.2416706423648,81.9997655960412,86.679437086379));
#5550=CARTESIAN_POINT('Ctrl Pts',(18.0897332486532,81.8685297237221,87.4894886793802));
#5551=CARTESIAN_POINT('Ctrl Pts',(19.4010248319321,81.564723230897,88.7222578460481));
#5552=CARTESIAN_POINT('Ctrl Pts',(21.0752890721261,80.9922221976315,90.2872862450588));
#5553=CARTESIAN_POINT('Ctrl Pts',(23.2504034595867,79.8587532333073,92.3067387160317));
#5554=CARTESIAN_POINT('Ctrl Pts',(25.7530312896977,77.8809170886503,94.465867368197));
#5555=CARTESIAN_POINT('Ctrl Pts',(27.8671936636271,75.246328704094,95.9863657545379));
#5556=CARTESIAN_POINT('Ctrl Pts',(28.8112823692381,73.2782691803353,96.3838885209336));
#5557=CARTESIAN_POINT('Ctrl Pts',(29.1122434049558,72.4700136870662,96.4196498278713));
#5558=CARTESIAN_POINT('Ctrl Pts',(29.1043965087936,72.5064512251307,72.8620933341166));
#5559=CARTESIAN_POINT('Ctrl Pts',(28.9830238522683,72.8299498624236,72.8822368862032));
#5560=CARTESIAN_POINT('Ctrl Pts',(28.3410817276725,74.369200202516,73.0722527069245));
#5561=CARTESIAN_POINT('Ctrl Pts',(26.9802937658773,76.4571285868548,73.9619872780171));
#5562=CARTESIAN_POINT('Ctrl Pts',(24.9039881093704,78.5768543292232,75.6706469904746));
#5563=CARTESIAN_POINT('Ctrl Pts',(23.029834271772,79.9660073526228,77.4015974848369));
#5564=CARTESIAN_POINT('Ctrl Pts',(21.237021363727,80.903207149166,79.1661147240585));
#5565=CARTESIAN_POINT('Ctrl Pts',(19.787803896114,81.4415711349709,80.6186690179834));
#5566=CARTESIAN_POINT('Ctrl Pts',(18.6402537124612,81.7492831025761,81.7702400566802));
#5567=CARTESIAN_POINT('Ctrl Pts',(17.7592665200197,81.9209639581917,82.6570087552084));
#5568=CARTESIAN_POINT('Ctrl Pts',(17.0376642300529,82.0257592252625,83.422970603697));
#5569=CARTESIAN_POINT('Ctrl Pts',(16.5188162671684,82.0821222944802,84.0456011339814));
#5570=CARTESIAN_POINT('Ctrl Pts',(16.2184569400843,82.1079155475277,84.6320715088143));
#5571=CARTESIAN_POINT('Ctrl Pts',(16.1747114662015,82.1113918651605,85.1010023038209));
#5572=CARTESIAN_POINT('Ctrl Pts',(16.3103501336897,82.1003436913944,85.5983623784615));
#5573=CARTESIAN_POINT('Ctrl Pts',(16.6002371745275,82.0735443142688,86.0372563353016));
#5574=CARTESIAN_POINT('Ctrl Pts',(17.1800186747237,82.0079186233155,86.7470712206386));
#5575=CARTESIAN_POINT('Ctrl Pts',(18.0059977478675,81.8834999315085,87.5902814387149));
#5576=CARTESIAN_POINT('Ctrl Pts',(19.2819020601836,81.5969487347682,88.8753470987542));
#5577=CARTESIAN_POINT('Ctrl Pts',(20.9142232825985,81.0572461599345,90.5108130086146));
#5578=CARTESIAN_POINT('Ctrl Pts',(23.0563900908464,79.9806264704743,92.6344776569995));
#5579=CARTESIAN_POINT('Ctrl Pts',(25.5696574676787,78.0617563061212,94.9339846766339));
#5580=CARTESIAN_POINT('Ctrl Pts',(27.7626183728864,75.4258576707847,96.6073731615815));
#5581=CARTESIAN_POINT('Ctrl Pts',(28.7809737342514,73.3689145472446,97.0843988317282));
#5582=CARTESIAN_POINT('Ctrl Pts',(29.1043965087936,72.5064512251306,97.137906665884));
#5583=CARTESIAN_POINT('Ctrl Pts',(29.1,72.5181512263951,72.6186012220513));
#5584=CARTESIAN_POINT('Ctrl Pts',(28.9759496688839,72.8482743079236,72.6409987195516));
#5585=CARTESIAN_POINT('Ctrl Pts',(28.3176996774718,74.4169659141047,72.8464750998531));
#5586=CARTESIAN_POINT('Ctrl Pts',(26.9320398347981,76.5186155475435,73.7726042311657));
#5587=CARTESIAN_POINT('Ctrl Pts',(24.8407358152419,78.6313004472022,75.5261769294081));
#5588=CARTESIAN_POINT('Ctrl Pts',(22.9653036726336,80.0056299987224,77.2923311781881));
#5589=CARTESIAN_POINT('Ctrl Pts',(21.1812120119067,80.9272733441943,79.0863067224122));
#5590=CARTESIAN_POINT('Ctrl Pts',(19.7434817269757,81.4552175638617,80.5604524043874));
#5591=CARTESIAN_POINT('Ctrl Pts',(18.6064263941778,81.7567937431947,81.7280083486209));
#5592=CARTESIAN_POINT('Ctrl Pts',(17.7335634717337,81.9251961733324,82.6266444742663));
#5593=CARTESIAN_POINT('Ctrl Pts',(17.0182878198702,82.0281260822412,83.4026336565734));
#5594=CARTESIAN_POINT('Ctrl Pts',(16.5036466223422,82.0835761060804,84.0333363326807));
#5595=CARTESIAN_POINT('Ctrl Pts',(16.2055268201593,82.1089842433948,84.6273416800619));
#5596=CARTESIAN_POINT('Ctrl Pts',(16.1621032550511,82.1124091269557,85.1023062441102));
#5597=CARTESIAN_POINT('Ctrl Pts',(16.2967418755927,82.1015249166241,85.6060450424344));
#5598=CARTESIAN_POINT('Ctrl Pts',(16.5844199323905,82.0751326806593,86.0506096215582));
#5599=CARTESIAN_POINT('Ctrl Pts',(17.1594541009505,82.0105934136121,86.7696101078923));
#5600=CARTESIAN_POINT('Ctrl Pts',(17.978070200858,81.8883953216823,87.6238810484026));
#5601=CARTESIAN_POINT('Ctrl Pts',(19.242115960331,81.6074886975792,88.9263993511626));
#5602=CARTESIAN_POINT('Ctrl Pts',(20.8603159749029,81.0784926520581,90.5853950138716));
#5603=CARTESIAN_POINT('Ctrl Pts',(22.9910961968653,80.0205876581823,92.7440027454868));
#5604=CARTESIAN_POINT('Ctrl Pts',(25.5072120977439,78.1214006667998,95.090917707421));
#5605=CARTESIAN_POINT('Ctrl Pts',(27.7258447529269,75.4854331762506,96.8167327265513));
#5606=CARTESIAN_POINT('Ctrl Pts',(28.7690273371975,73.398936584749,97.3216411028098));
#5607=CARTESIAN_POINT('Ctrl Pts',(29.1,72.5181512263951,97.3813987779493));
#5608=CARTESIAN_POINT('Ctrl Pts',(28.8997665161662,77.5106285828891,77.0965931601402));
#5609=CARTESIAN_POINT('Ctrl Pts',(28.327808360259,77.9925166383477,77.3715196691515));
#5610=CARTESIAN_POINT('Ctrl Pts',(26.9323702619986,79.0127568676759,78.0887277477973));
#5611=CARTESIAN_POINT('Ctrl Pts',(24.7255591751697,80.2016264449776,79.3435656227026));
#5612=CARTESIAN_POINT('Ctrl Pts',(22.5243311215318,81.0367859286387,80.6601121914478));
#5613=CARTESIAN_POINT('Ctrl Pts',(20.7431165136032,81.5167294110596,81.7419449096715));
#5614=CARTESIAN_POINT('Ctrl Pts',(19.3439535902591,81.7888203954412,82.598780320359));
#5615=CARTESIAN_POINT('Ctrl Pts',(18.2840658338942,81.9387067822298,83.2582632835342));
#5616=CARTESIAN_POINT('Ctrl Pts',(17.4290015842015,82.028914753374,83.8277392157113));
#5617=CARTESIAN_POINT('Ctrl Pts',(16.8236505445046,82.0767215719513,84.2905935989835));
#5618=CARTESIAN_POINT('Ctrl Pts',(16.4777349988823,82.0983507879631,84.7265168781101));
#5619=CARTESIAN_POINT('Ctrl Pts',(16.427577001093,82.1012550266103,85.0750795823713));
#5620=CARTESIAN_POINT('Ctrl Pts',(16.5833217997753,82.0920141950408,85.4447588617867));
#5621=CARTESIAN_POINT('Ctrl Pts',(16.9185388326223,82.0694584051191,85.771011899692));
#5622=CARTESIAN_POINT('Ctrl Pts',(17.5962216409444,82.0136596198068,86.2986654824049));
#5623=CARTESIAN_POINT('Ctrl Pts',(18.577579974996,81.9064274124473,86.925590124231));
#5624=CARTESIAN_POINT('Ctrl Pts',(20.1232132885267,81.6546711639016,87.8814704915791));
#5625=CARTESIAN_POINT('Ctrl Pts',(22.1263547579263,81.1746683317303,89.098959244051));
#5626=CARTESIAN_POINT('Ctrl Pts',(24.7615301412874,80.2130810726004,90.6830987890267));
#5627=CARTESIAN_POINT('Ctrl Pts',(27.0912592305921,78.9195080386349,91.9999783015664));
#5628=CARTESIAN_POINT('Ctrl Pts',(28.4894124857735,77.8562083547488,92.7063425351984));
#5629=CARTESIAN_POINT('Ctrl Pts',(28.9007512832673,77.5100576193803,92.9040338908313));
#5630=CARTESIAN_POINT('Ctrl Pts',(29.1000000000001,72.5181512535612,6.91906078096832));
#5631=CARTESIAN_POINT('Ctrl Pts',(31.1000000000001,72.5181512535612,6.91906078096832));
#5632=CARTESIAN_POINT('Ctrl Pts',(29.1000000000001,71.9640054697848,6.96297084841668));
#5633=CARTESIAN_POINT('Ctrl Pts',(31.1000000000001,71.9640054697848,6.96297084841668));
#5634=CARTESIAN_POINT('Ctrl Pts',(29.1000000000001,71.4055023954751,7.08304657231334));
#5635=CARTESIAN_POINT('Ctrl Pts',(31.1000000000001,71.4055023954751,7.08304657231334));
#5636=CARTESIAN_POINT('Ctrl Pts',(29.1000000000001,70.1533186147769,7.55281477182489));
#5637=CARTESIAN_POINT('Ctrl Pts',(31.1000000000001,70.1533186147769,7.55281477182489));
#5638=CARTESIAN_POINT('Ctrl Pts',(29.1000000000001,69.4941921930476,7.9487201314468));
#5639=CARTESIAN_POINT('Ctrl Pts',(31.1000000000001,69.4941921930476,7.9487201314468));
#5640=CARTESIAN_POINT('Ctrl Pts',(29.1000000000001,68.3646746380072,8.96488524658986));
#5641=CARTESIAN_POINT('Ctrl Pts',(31.1000000000001,68.3646746380072,8.96488524658986));
#5642=CARTESIAN_POINT('Ctrl Pts',(29.1000000000001,67.9021479819134,9.56592910932325));
#5643=CARTESIAN_POINT('Ctrl Pts',(31.1000000000001,67.9021479819134,9.56592910932325));
#5644=CARTESIAN_POINT('Ctrl Pts',(29.1000000000001,67.3302873421713,10.6929236414022));
#5645=CARTESIAN_POINT('Ctrl Pts',(31.1000000000001,67.3302873421713,10.6929236414022));
#5646=CARTESIAN_POINT('Ctrl Pts',(29.1000000000001,67.1570193828561,11.1747586344245));
#5647=CARTESIAN_POINT('Ctrl Pts',(31.1000000000001,67.1570193828561,11.1747586344245));
#5648=CARTESIAN_POINT('Ctrl Pts',(29.1000000000001,66.9859195066167,11.9432402810892));
#5649=CARTESIAN_POINT('Ctrl Pts',(31.1000000000001,66.9859195066167,11.9432402810892));
#5650=CARTESIAN_POINT('Ctrl Pts',(29.1000000000001,66.9441299727526,12.2168222922554));
#5651=CARTESIAN_POINT('Ctrl Pts',(31.1000000000001,66.9441299727526,12.2168222922554));
#5652=CARTESIAN_POINT('Ctrl Pts',(29.1000000000001,66.9033009873552,12.7065772342278));
#5653=CARTESIAN_POINT('Ctrl Pts',(31.1000000000001,66.9033009873552,12.7065772342278));
#5654=CARTESIAN_POINT('Ctrl Pts',(29.1000000000001,66.8966993455267,12.9214338515182));
#5655=CARTESIAN_POINT('Ctrl Pts',(31.1000000000001,66.8966993455267,12.9214338515182));
#5656=CARTESIAN_POINT('Ctrl Pts',(29.1000000000001,66.9066803507062,13.3660376383512));
#5657=CARTESIAN_POINT('Ctrl Pts',(31.1000000000001,66.9066803507062,13.3660376383512));
#5658=CARTESIAN_POINT('Ctrl Pts',(29.1000000000001,66.9247507586128,13.5954651993795));
#5659=CARTESIAN_POINT('Ctrl Pts',(31.1000000000001,66.9247507586128,13.5954651993795));
#5660=CARTESIAN_POINT('Ctrl Pts',(29.1000000000001,67.0025749780217,14.1662604213885));
#5661=CARTESIAN_POINT('Ctrl Pts',(31.1000000000001,67.0025749780217,14.1662604213885));
#5662=CARTESIAN_POINT('Ctrl Pts',(29.1000000000001,67.0783642353128,14.5050189331494));
#5663=CARTESIAN_POINT('Ctrl Pts',(31.1000000000001,67.0783642353128,14.5050189331494));
#5664=CARTESIAN_POINT('Ctrl Pts',(29.1000000000001,67.3953829156207,15.5091363577677));
#5665=CARTESIAN_POINT('Ctrl Pts',(31.1000000000001,67.3953829156207,15.5091363577677));
#5666=CARTESIAN_POINT('Ctrl Pts',(29.1000000000001,67.7234887033524,16.1417857621847));
#5667=CARTESIAN_POINT('Ctrl Pts',(31.1000000000001,67.7234887033524,16.1417857621847));
#5668=CARTESIAN_POINT('Ctrl Pts',(29.1000000000001,68.5621628740798,17.238782215244));
#5669=CARTESIAN_POINT('Ctrl Pts',(31.1000000000001,68.5621628740798,17.238782215244));
#5670=CARTESIAN_POINT('Ctrl Pts',(29.1000000000001,69.0560465200341,17.7017107800691));
#5671=CARTESIAN_POINT('Ctrl Pts',(31.1000000000001,69.0560465200341,17.7017107800691));
#5672=CARTESIAN_POINT('Ctrl Pts',(29.1000000000001,70.1982773599259,18.4637584703476));
#5673=CARTESIAN_POINT('Ctrl Pts',(31.1000000000001,70.1982773599259,18.4637584703476));
#5674=CARTESIAN_POINT('Ctrl Pts',(29.1000000000001,70.8367269251062,18.7447322618348));
#5675=CARTESIAN_POINT('Ctrl Pts',(31.1000000000001,70.8367269251062,18.7447322618348));
#5676=CARTESIAN_POINT('Ctrl Pts',(29.1000000000001,71.8412315560034,18.9991118529027));
#5677=CARTESIAN_POINT('Ctrl Pts',(31.1000000000001,71.8412315560034,18.9991118529027));
#5678=CARTESIAN_POINT('Ctrl Pts',(29.1000000000001,72.1808261471945,19.0542098496286));
#5679=CARTESIAN_POINT('Ctrl Pts',(31.1000000000001,72.1808261471945,19.0542098496286));
#5680=CARTESIAN_POINT('Ctrl Pts',(29.1000000000001,72.5181512799114,19.0809392211193));
#5681=CARTESIAN_POINT('Ctrl Pts',(31.1000000000001,72.5181512799114,19.0809392211193));
#5682=CARTESIAN_POINT('Ctrl Pts',(29.0999999798903,72.5181512799114,19.0809392211193));
#5683=CARTESIAN_POINT('Ctrl Pts',(29.2267566269442,72.1808261471945,19.0542098496286));
#5684=CARTESIAN_POINT('Ctrl Pts',(29.3393117234069,71.8412315560034,18.9991118529027));
#5685=CARTESIAN_POINT('Ctrl Pts',(29.6314850409332,70.8367269251062,18.7447322618348));
#5686=CARTESIAN_POINT('Ctrl Pts',(29.7636299850331,70.1982773599259,18.4637584703476));
#5687=CARTESIAN_POINT('Ctrl Pts',(29.9417572088882,69.0560465200341,17.7017107800691));
#5688=CARTESIAN_POINT('Ctrl Pts',(29.9900148845452,68.5621628740798,17.238782215244));
#5689=CARTESIAN_POINT('Ctrl Pts',(30.0534101054551,67.7234887033524,16.1417857621847));
#5690=CARTESIAN_POINT('Ctrl Pts',(30.0665061827291,67.3953829156207,15.5091363577677));
#5691=CARTESIAN_POINT('Ctrl Pts',(30.0780600816839,67.0783642353128,14.5050189331494));
#5692=CARTESIAN_POINT('Ctrl Pts',(30.0803208459173,67.0025749780217,14.1662604213885));
#5693=CARTESIAN_POINT('Ctrl Pts',(30.0825903164329,66.9247507586128,13.5954651993795));
#5694=CARTESIAN_POINT('Ctrl Pts',(30.0830810828331,66.9066803507062,13.3660376383512));
#5695=CARTESIAN_POINT('Ctrl Pts',(30.083355848449,66.8966993455267,12.9214338515182));
#5696=CARTESIAN_POINT('Ctrl Pts',(30.0831787837444,66.9033009873552,12.7065772342278));
#5697=CARTESIAN_POINT('Ctrl Pts',(30.0820310495769,66.9441299727526,12.2168222922554));
#5698=CARTESIAN_POINT('Ctrl Pts',(30.080849151901,66.9859195066167,11.9432402810892));
#5699=CARTESIAN_POINT('Ctrl Pts',(30.0753817036295,67.1570193828561,11.1747586344245));
#5700=CARTESIAN_POINT('Ctrl Pts',(30.0695075419502,67.3302873421713,10.6929236414022));
#5701=CARTESIAN_POINT('Ctrl Pts',(30.0408252701417,67.9021479819134,9.56592910932325));
#5702=CARTESIAN_POINT('Ctrl Pts',(30.0121414279919,68.3646746380072,8.96488524658986));
#5703=CARTESIAN_POINT('Ctrl Pts',(29.8824692702025,69.4941921930476,7.9487201314468));
#5704=CARTESIAN_POINT('Ctrl Pts',(29.7791550963374,70.1533186147769,7.55281477182489));
#5705=CARTESIAN_POINT('Ctrl Pts',(29.4770529182852,71.4055023954751,7.08304657231334));
#5706=CARTESIAN_POINT('Ctrl Pts',(29.3082313200017,71.9640054697848,6.96297084841668));
#5707=CARTESIAN_POINT('Ctrl Pts',(29.0999999897918,72.5181512535612,6.91906078096832));
#5708=CARTESIAN_POINT('Origin',(40.1000000000003,73.,12.9999999999998));
#5709=CARTESIAN_POINT('',(40.1000000000003,73.,6.89999999999982));
#5710=CARTESIAN_POINT('Ctrl Pts',(29.1000000000001,72.5181512265758,78.9190607831071));
#5711=CARTESIAN_POINT('Ctrl Pts',(31.1000000000001,72.5181512265758,78.9190607831071));
#5712=CARTESIAN_POINT('Ctrl Pts',(29.1000000000001,71.9640054429942,78.9629708530146));
#5713=CARTESIAN_POINT('Ctrl Pts',(31.1000000000001,71.9640054429942,78.9629708530146));
#5714=CARTESIAN_POINT('Ctrl Pts',(29.1000000000001,71.4055023954751,79.0830465723138));
#5715=CARTESIAN_POINT('Ctrl Pts',(31.1000000000001,71.4055023954751,79.0830465723138));
#5716=CARTESIAN_POINT('Ctrl Pts',(29.1000000000001,70.153318614777,79.5528147718253));
#5717=CARTESIAN_POINT('Ctrl Pts',(31.1000000000001,70.153318614777,79.5528147718253));
#5718=CARTESIAN_POINT('Ctrl Pts',(29.1000000000001,69.4941921930476,79.9487201314472));
#5719=CARTESIAN_POINT('Ctrl Pts',(31.1000000000001,69.4941921930476,79.9487201314472));
#5720=CARTESIAN_POINT('Ctrl Pts',(29.1000000000001,68.3646746380073,80.9648852465902));
#5721=CARTESIAN_POINT('Ctrl Pts',(31.1000000000001,68.3646746380073,80.9648852465902));
#5722=CARTESIAN_POINT('Ctrl Pts',(29.1000000000001,67.9021479819135,81.5659291093235));
#5723=CARTESIAN_POINT('Ctrl Pts',(31.1000000000001,67.9021479819135,81.5659291093235));
#5724=CARTESIAN_POINT('Ctrl Pts',(29.1000000000001,67.3302873421714,82.6929236414026));
#5725=CARTESIAN_POINT('Ctrl Pts',(31.1000000000001,67.3302873421714,82.6929236414026));
#5726=CARTESIAN_POINT('Ctrl Pts',(29.1000000000001,67.1570193828562,83.174758634425));
#5727=CARTESIAN_POINT('Ctrl Pts',(31.1000000000001,67.1570193828562,83.174758634425));
#5728=CARTESIAN_POINT('Ctrl Pts',(29.1000000000001,66.9859195066167,83.9432402810895));
#5729=CARTESIAN_POINT('Ctrl Pts',(31.1000000000001,66.9859195066167,83.9432402810895));
#5730=CARTESIAN_POINT('Ctrl Pts',(29.1000000000001,66.9441299727526,84.2168222922556));
#5731=CARTESIAN_POINT('Ctrl Pts',(31.1000000000001,66.9441299727526,84.2168222922556));
#5732=CARTESIAN_POINT('Ctrl Pts',(29.1000000000001,66.9033009873552,84.7065772342283));
#5733=CARTESIAN_POINT('Ctrl Pts',(31.1000000000001,66.9033009873552,84.7065772342283));
#5734=CARTESIAN_POINT('Ctrl Pts',(29.1000000000001,66.8966993455267,84.9214338515186));
#5735=CARTESIAN_POINT('Ctrl Pts',(31.1000000000001,66.8966993455267,84.9214338515186));
#5736=CARTESIAN_POINT('Ctrl Pts',(29.1000000000001,66.9066803507062,85.3660376383516));
#5737=CARTESIAN_POINT('Ctrl Pts',(31.1000000000001,66.9066803507062,85.3660376383516));
#5738=CARTESIAN_POINT('Ctrl Pts',(29.1000000000001,66.9247507586128,85.5954651993799));
#5739=CARTESIAN_POINT('Ctrl Pts',(31.1000000000001,66.9247507586128,85.5954651993799));
#5740=CARTESIAN_POINT('Ctrl Pts',(29.1000000000001,67.0025749780217,86.1662604213888));
#5741=CARTESIAN_POINT('Ctrl Pts',(31.1000000000001,67.0025749780217,86.1662604213888));
#5742=CARTESIAN_POINT('Ctrl Pts',(29.1000000000001,67.0783642353128,86.5050189331497));
#5743=CARTESIAN_POINT('Ctrl Pts',(31.1000000000001,67.0783642353128,86.5050189331497));
#5744=CARTESIAN_POINT('Ctrl Pts',(29.1000000000001,67.3953829156207,87.5091363577679));
#5745=CARTESIAN_POINT('Ctrl Pts',(31.1000000000001,67.3953829156207,87.5091363577679));
#5746=CARTESIAN_POINT('Ctrl Pts',(29.1000000000001,67.7234887033523,88.1417857621849));
#5747=CARTESIAN_POINT('Ctrl Pts',(31.1000000000001,67.7234887033523,88.1417857621849));
#5748=CARTESIAN_POINT('Ctrl Pts',(29.1000000000001,68.5621628740796,89.2387822152442));
#5749=CARTESIAN_POINT('Ctrl Pts',(31.1000000000001,68.5621628740796,89.2387822152442));
#5750=CARTESIAN_POINT('Ctrl Pts',(29.1000000000001,69.0560465200339,89.7017107800693));
#5751=CARTESIAN_POINT('Ctrl Pts',(31.1000000000001,69.0560465200339,89.7017107800693));
#5752=CARTESIAN_POINT('Ctrl Pts',(29.1000000000001,70.1982773599256,90.4637584703478));
#5753=CARTESIAN_POINT('Ctrl Pts',(31.1000000000001,70.1982773599256,90.4637584703478));
#5754=CARTESIAN_POINT('Ctrl Pts',(29.1000000000001,70.8367269251059,90.7447322618351));
#5755=CARTESIAN_POINT('Ctrl Pts',(31.1000000000001,70.8367269251059,90.7447322618351));
#5756=CARTESIAN_POINT('Ctrl Pts',(29.1000000000001,71.8412315560032,90.9991118529031));
#5757=CARTESIAN_POINT('Ctrl Pts',(31.1000000000001,71.8412315560032,90.9991118529031));
#5758=CARTESIAN_POINT('Ctrl Pts',(29.1000000000001,72.1808261471944,91.054209849629));
#5759=CARTESIAN_POINT('Ctrl Pts',(31.1000000000001,72.1808261471944,91.054209849629));
#5760=CARTESIAN_POINT('Ctrl Pts',(29.1000000000001,72.5181512799114,91.0809392211197));
#5761=CARTESIAN_POINT('Ctrl Pts',(31.1000000000001,72.5181512799114,91.0809392211197));
#5762=CARTESIAN_POINT('Ctrl Pts',(29.0999999798903,72.5181512799114,91.0809392211197));
#5763=CARTESIAN_POINT('Ctrl Pts',(29.2267566269443,72.1808261471943,91.054209849629));
#5764=CARTESIAN_POINT('Ctrl Pts',(29.3393117234071,71.8412315560032,90.9991118529031));
#5765=CARTESIAN_POINT('Ctrl Pts',(29.6314850409333,70.8367269251059,90.7447322618351));
#5766=CARTESIAN_POINT('Ctrl Pts',(29.7636299850332,70.1982773599256,90.4637584703478));
#5767=CARTESIAN_POINT('Ctrl Pts',(29.9417572088882,69.0560465200339,89.7017107800693));
#5768=CARTESIAN_POINT('Ctrl Pts',(29.9900148845452,68.5621628740796,89.2387822152442));
#5769=CARTESIAN_POINT('Ctrl Pts',(30.0534101054551,67.7234887033523,88.1417857621849));
#5770=CARTESIAN_POINT('Ctrl Pts',(30.0665061827291,67.3953829156207,87.5091363577679));
#5771=CARTESIAN_POINT('Ctrl Pts',(30.078060081684,67.0783642353128,86.5050189331497));
#5772=CARTESIAN_POINT('Ctrl Pts',(30.0803208459173,67.0025749780217,86.1662604213888));
#5773=CARTESIAN_POINT('Ctrl Pts',(30.0825903164329,66.9247507586128,85.5954651993799));
#5774=CARTESIAN_POINT('Ctrl Pts',(30.0830810828331,66.9066803507062,85.3660376383516));
#5775=CARTESIAN_POINT('Ctrl Pts',(30.0833558484491,66.8966993455267,84.9214338515186));
#5776=CARTESIAN_POINT('Ctrl Pts',(30.0831787837445,66.9033009873552,84.7065772342283));
#5777=CARTESIAN_POINT('Ctrl Pts',(30.082031049577,66.9441299727526,84.2168222922556));
#5778=CARTESIAN_POINT('Ctrl Pts',(30.0808491519011,66.9859195066167,83.9432402810895));
#5779=CARTESIAN_POINT('Ctrl Pts',(30.0753817036295,67.1570193828562,83.174758634425));
#5780=CARTESIAN_POINT('Ctrl Pts',(30.0695075419502,67.3302873421714,82.6929236414026));
#5781=CARTESIAN_POINT('Ctrl Pts',(30.0408252701417,67.9021479819135,81.5659291093235));
#5782=CARTESIAN_POINT('Ctrl Pts',(30.0121414279919,68.3646746380073,80.9648852465902));
#5783=CARTESIAN_POINT('Ctrl Pts',(29.8824692702025,69.4941921930476,79.9487201314472));
#5784=CARTESIAN_POINT('Ctrl Pts',(29.7791550963374,70.153318614777,79.5528147718253));
#5785=CARTESIAN_POINT('Ctrl Pts',(29.4770529182852,71.4055023954751,79.0830465723138));
#5786=CARTESIAN_POINT('Ctrl Pts',(29.3082313200017,71.9640054697848,78.9629708484171));
#5787=CARTESIAN_POINT('Ctrl Pts',(29.0999999897919,72.5181512535612,78.9190607809687));
#5788=CARTESIAN_POINT('Origin',(40.1000000000003,73.,85.0000000000003));
#5789=CARTESIAN_POINT('',(40.1000000000003,73.,78.9000000000003));
#5790=CARTESIAN_POINT('Origin',(-4.89999999999999,-18.7,98.2));
#5791=CARTESIAN_POINT('',(-4.90000000000001,-18.7,-0.0700000000011511));
#5792=CARTESIAN_POINT('',(-1.62689999999995,-18.7,-0.0700000000011514));
#5793=CARTESIAN_POINT('',(15.6,-18.7,-0.400000000000178));
#5794=CARTESIAN_POINT('',(15.6,-18.7,56.2071371107513));
#5795=CARTESIAN_POINT('',(-4.90000000000001,-18.7,-0.400000000000178));
#5796=CARTESIAN_POINT('',(-4.9,-18.7,-0.400000000000178));
#5797=CARTESIAN_POINT('',(-4.89999999999999,-18.7,73.6));
#5798=CARTESIAN_POINT('Origin',(40.1000000000003,73.,12.9999999999998));
#5799=CARTESIAN_POINT('Origin',(40.1000000000003,73.,85.0000000000003));
#5800=CARTESIAN_POINT('Origin',(-4.89999999999999,69.7,100.7));
#5801=CARTESIAN_POINT('',(12.75,22.01,100.7));
#5802=CARTESIAN_POINT('',(12.6,22.01,100.7));
#5803=CARTESIAN_POINT('',(11.6,20.86,100.7));
#5804=CARTESIAN_POINT('Ctrl Pts',(12.75,22.01,100.7));
#5805=CARTESIAN_POINT('Ctrl Pts',(12.6639802011517,22.01,100.7));
#5806=CARTESIAN_POINT('Ctrl Pts',(12.5788822278843,22.0096102246786,100.7));
#5807=CARTESIAN_POINT('Ctrl Pts',(12.4940821017654,21.9999393879177,100.7));
#5808=CARTESIAN_POINT('Ctrl Pts',(12.4092819756464,21.9902685511569,100.7));
#5809=CARTESIAN_POINT('Ctrl Pts',(12.324779696676,21.9713166529566,100.7));
#5810=CARTESIAN_POINT('Ctrl Pts',(12.2422456882568,21.9393420868376,100.7));
#5811=CARTESIAN_POINT('Ctrl Pts',(12.1597116798376,21.9073675207187,100.7));
#5812=CARTESIAN_POINT('Ctrl Pts',(12.0791459419696,21.862370286681,100.7));
#5813=CARTESIAN_POINT('Ctrl Pts',(12.0045562345598,21.8055462512862,100.7));
#5814=CARTESIAN_POINT('Ctrl Pts',(11.92996652715,21.7487222158914,100.7));
#5815=CARTESIAN_POINT('Ctrl Pts',(11.8613528501984,21.6800713791394,100.7));
#5816=CARTESIAN_POINT('Ctrl Pts',(11.8044936034215,21.6054481658205,100.7));
#5817=CARTESIAN_POINT('Ctrl Pts',(11.7476343566446,21.5308249525016,100.7));
#5818=CARTESIAN_POINT('Ctrl Pts',(11.7025295400424,21.4502293626159,100.7));
#5819=CARTESIAN_POINT('Ctrl Pts',(11.6705522594602,21.3676992360146,100.7));
#5820=CARTESIAN_POINT('Ctrl Pts',(11.638574978878,21.2851691094134,100.7));
#5821=CARTESIAN_POINT('Ctrl Pts',(11.6197252343158,21.2007044460965,100.7));
#5822=CARTESIAN_POINT('Ctrl Pts',(11.6100814895963,21.1159171184553,100.7));
#5823=CARTESIAN_POINT('Ctrl Pts',(11.6004377448768,21.031129790814,100.7));
#5824=CARTESIAN_POINT('Ctrl Pts',(11.6,20.9460197988483,100.7));
#5825=CARTESIAN_POINT('Ctrl Pts',(11.6,20.86,100.7));
#5826=CARTESIAN_POINT('',(11.6,20.16,100.7));
#5827=CARTESIAN_POINT('',(11.6,45.105,100.7));
#5828=CARTESIAN_POINT('',(12.75,19.01,100.7));
#5829=CARTESIAN_POINT('Ctrl Pts',(11.6,20.16,100.7));
#5830=CARTESIAN_POINT('Ctrl Pts',(11.6,20.0739802011517,100.7));
#5831=CARTESIAN_POINT('Ctrl Pts',(11.6004377352436,19.9888701993064,100.7));
#5832=CARTESIAN_POINT('Ctrl Pts',(11.6100814785354,19.9040828633924,100.7));
#5833=CARTESIAN_POINT('Ctrl Pts',(11.6197252218272,19.8192955274783,100.7));
#5834=CARTESIAN_POINT('Ctrl Pts',(11.6385749731673,19.7348308574957,100.7));
#5835=CARTESIAN_POINT('Ctrl Pts',(11.6705522544878,19.6523007252009,100.7));
#5836=CARTESIAN_POINT('Ctrl Pts',(11.7025295358082,19.5697705929061,100.7));
#5837=CARTESIAN_POINT('Ctrl Pts',(11.747634347109,19.4891749982992,100.7));
#5838=CARTESIAN_POINT('Ctrl Pts',(11.8044935954653,19.4145517801593,100.7));
#5839=CARTESIAN_POINT('Ctrl Pts',(11.8613528438216,19.3399285620193,100.7));
#5840=CARTESIAN_POINT('Ctrl Pts',(11.9299665292333,19.2712777203463,100.7));
#5841=CARTESIAN_POINT('Ctrl Pts',(12.0045562448637,19.2144536771627,100.7));
#5842=CARTESIAN_POINT('Ctrl Pts',(12.0791459604942,19.1576296339791,100.7));
#5843=CARTESIAN_POINT('Ctrl Pts',(12.1597117063432,19.112632389285,100.7));
#5844=CARTESIAN_POINT('Ctrl Pts',(12.2422457166007,19.0806578237388,100.7));
#5845=CARTESIAN_POINT('Ctrl Pts',(12.3247797268581,19.0486832581927,100.7));
#5846=CARTESIAN_POINT('Ctrl Pts',(12.4092820015238,19.0297313717944,100.7));
#5847=CARTESIAN_POINT('Ctrl Pts',(12.4940821200972,19.0200605572463,100.7));
#5848=CARTESIAN_POINT('Ctrl Pts',(12.5788822386706,19.0103897426981,100.7));
#5849=CARTESIAN_POINT('Ctrl Pts',(12.6639802011517,19.01,100.7));
#5850=CARTESIAN_POINT('Ctrl Pts',(12.75,19.01,100.7));
#5851=CARTESIAN_POINT('',(19.1,19.01,100.7));
#5852=CARTESIAN_POINT('',(12.6,19.01,100.7));
#5853=CARTESIAN_POINT('',(19.1,-16.4,100.7));
#5854=CARTESIAN_POINT('',(19.1,48.225,100.7));
#5855=CARTESIAN_POINT('',(-4.89999999999999,-16.4,100.7));
#5856=CARTESIAN_POINT('',(-4.89999999999999,-16.4,100.7));
#5857=CARTESIAN_POINT('',(-4.89999999999999,69.9,100.7));
#5858=CARTESIAN_POINT('',(-4.89999999999999,48.225,100.7));
#5859=CARTESIAN_POINT('',(-4.9,69.9,100.7));
#5860=CARTESIAN_POINT('Origin',(-4.90000000000001,-16.2,-2.7000000000002));
#5861=CARTESIAN_POINT('',(-4.90000000000001,69.9,-2.70000000000018));
#5862=CARTESIAN_POINT('',(-4.90000000000001,69.9,-2.70000000000017));
#5863=CARTESIAN_POINT('',(-4.90000000000001,-16.4,-2.7000000000002));
#5864=CARTESIAN_POINT('',(-4.90000000000001,5.27500000000001,-2.7000000000002));
#5865=CARTESIAN_POINT('',(15.6,-16.4,-2.7000000000002));
#5866=CARTESIAN_POINT('',(-4.9,-16.4,-2.7000000000002));
#5867=CARTESIAN_POINT('',(15.6,3.47699999999984,-2.70000000000019));
#5868=CARTESIAN_POINT('',(15.6,-7.9725,-2.70000000000019));
#5869=CARTESIAN_POINT('',(12.75,3.47699999999984,-2.70000000000019));
#5870=CARTESIAN_POINT('',(5.35,3.47699999999984,-2.70000000000019));
#5871=CARTESIAN_POINT('',(11.6,4.62699999999984,-2.70000000000019));
#5872=CARTESIAN_POINT('Ctrl Pts',(12.75,3.47699999999984,-2.70000000000019));
#5873=CARTESIAN_POINT('Ctrl Pts',(12.6639802011517,3.47699999999984,-2.70000000000019));
#5874=CARTESIAN_POINT('Ctrl Pts',(12.5788696980654,3.47743697103931,-2.7000000000002));
#5875=CARTESIAN_POINT('Ctrl Pts',(12.4940818748781,3.48708059915258,-2.7000000000002));
#5876=CARTESIAN_POINT('Ctrl Pts',(12.4092940516907,3.49672422726584,-2.7000000000002));
#5877=CARTESIAN_POINT('Ctrl Pts',(12.3248289084021,3.51557451245291,-2.70000000000019));
#5878=CARTESIAN_POINT('Ctrl Pts',(12.2422984197425,3.54755184003729,-2.70000000000019));
#5879=CARTESIAN_POINT('Ctrl Pts',(12.1597679310828,3.57952916762167,-2.70000000000019));
#5880=CARTESIAN_POINT('Ctrl Pts',(12.079172097052,3.62463353760336,-2.70000000000019));
#5881=CARTESIAN_POINT('Ctrl Pts',(12.0045485560519,3.6814928921683,-2.70000000000019));
#5882=CARTESIAN_POINT('Ctrl Pts',(11.9299250150518,3.73835224673324,-2.70000000000019));
#5883=CARTESIAN_POINT('Ctrl Pts',(11.8612737670824,3.80696658588143,-2.70000000000019));
#5884=CARTESIAN_POINT('Ctrl Pts',(11.8044490911035,3.88155693688923,-2.70000000000019));
#5885=CARTESIAN_POINT('Ctrl Pts',(11.7476244151247,3.95614728789702,-2.70000000000019));
#5886=CARTESIAN_POINT('Ctrl Pts',(11.7026263111364,4.03671365076441,-2.70000000000019));
#5887=CARTESIAN_POINT('Ctrl Pts',(11.6706517382097,4.11924780605885,-2.70000000000019));
#5888=CARTESIAN_POINT('Ctrl Pts',(11.638677165283,4.20178196135328,-2.70000000000019));
#5889=CARTESIAN_POINT('Ctrl Pts',(11.6197261234179,4.28628390907476,-2.70000000000019));
#5890=CARTESIAN_POINT('Ctrl Pts',(11.6100568320972,4.37108346902432,-2.70000000000019));
#5891=CARTESIAN_POINT('Ctrl Pts',(11.6003875407764,4.45588302897389,-2.70000000000019));
#5892=CARTESIAN_POINT('Ctrl Pts',(11.6,4.54098020115155,-2.7000000000002));
#5893=CARTESIAN_POINT('Ctrl Pts',(11.6,4.62699999999984,-2.7000000000002));
#5894=CARTESIAN_POINT('',(11.6,20.86,-2.70000000000018));
#5895=CARTESIAN_POINT('',(11.6,2.15500000000001,-2.70000000000019));
#5896=CARTESIAN_POINT('',(12.75,22.01,-2.70000000000018));
#5897=CARTESIAN_POINT('Ctrl Pts',(11.6,20.86,-2.70000000000018));
#5898=CARTESIAN_POINT('Ctrl Pts',(11.6,20.9460197988483,-2.70000000000018));
#5899=CARTESIAN_POINT('Ctrl Pts',(11.6004377448768,21.031129790814,-2.70000000000018));
#5900=CARTESIAN_POINT('Ctrl Pts',(11.6100814895963,21.1159171184553,-2.70000000000018));
#5901=CARTESIAN_POINT('Ctrl Pts',(11.6197252343158,21.2007044460965,-2.70000000000018));
#5902=CARTESIAN_POINT('Ctrl Pts',(11.638574978878,21.2851691094134,-2.70000000000017));
#5903=CARTESIAN_POINT('Ctrl Pts',(11.6705522594602,21.3676992360146,-2.70000000000018));
#5904=CARTESIAN_POINT('Ctrl Pts',(11.7025295400424,21.4502293626159,-2.70000000000018));
#5905=CARTESIAN_POINT('Ctrl Pts',(11.7476343566446,21.5308249525016,-2.70000000000017));
#5906=CARTESIAN_POINT('Ctrl Pts',(11.8044936034215,21.6054481658205,-2.70000000000018));
#5907=CARTESIAN_POINT('Ctrl Pts',(11.8613528501984,21.6800713791394,-2.70000000000018));
#5908=CARTESIAN_POINT('Ctrl Pts',(11.92996652715,21.7487222158914,-2.70000000000018));
#5909=CARTESIAN_POINT('Ctrl Pts',(12.0045562345598,21.8055462512862,-2.70000000000018));
#5910=CARTESIAN_POINT('Ctrl Pts',(12.0791459419696,21.862370286681,-2.70000000000018));
#5911=CARTESIAN_POINT('Ctrl Pts',(12.1597116798376,21.9073675207187,-2.70000000000018));
#5912=CARTESIAN_POINT('Ctrl Pts',(12.2422456882568,21.9393420868376,-2.70000000000018));
#5913=CARTESIAN_POINT('Ctrl Pts',(12.324779696676,21.9713166529566,-2.70000000000017));
#5914=CARTESIAN_POINT('Ctrl Pts',(12.4092819756464,21.9902685511569,-2.70000000000018));
#5915=CARTESIAN_POINT('Ctrl Pts',(12.4940821017654,21.9999393879177,-2.70000000000017));
#5916=CARTESIAN_POINT('Ctrl Pts',(12.5788822278843,22.0096102246786,-2.70000000000017));
#5917=CARTESIAN_POINT('Ctrl Pts',(12.6639802011517,22.01,-2.70000000000018));
#5918=CARTESIAN_POINT('Ctrl Pts',(12.75,22.01,-2.70000000000018));
#5919=CARTESIAN_POINT('',(12.6,22.01,-2.70000000000018));
#5920=CARTESIAN_POINT('Origin',(-4.90000000000001,69.9,-0.400000000000169));
#5921=CARTESIAN_POINT('',(-4.90000000000001,72.2,-0.400000000000169));
#5922=CARTESIAN_POINT('',(-4.90000000000001,72.2,-0.400000000000169));
#5923=CARTESIAN_POINT('Origin',(-4.9,69.9,-0.400000000000169));
#5924=CARTESIAN_POINT('Origin',(-4.89999999999985,81.5093299041394,-5.27349004448771));
#5925=CARTESIAN_POINT('',(-4.89999999999985,81.5093299041394,-3.2734900444877));
#5926=CARTESIAN_POINT('Origin',(-4.9,81.5093299041394,-5.27349004448771));
#5927=CARTESIAN_POINT('',(1.80000000000015,81.5093299041394,-3.2734900444877));
#5928=CARTESIAN_POINT('',(-4.89999999999985,81.5093299041394,-3.2734900444877));
#5929=CARTESIAN_POINT('Origin',(1.80000000000015,81.5093299041394,-5.27349004448771));
#5930=CARTESIAN_POINT('Origin',(1.80000000000015,81.5093299041394,-5.27349004448771));
#5931=CARTESIAN_POINT('Origin',(-4.89999999999985,81.5093299041394,102.976509955512));
#5932=CARTESIAN_POINT('',(-4.89999999999985,81.5093299041394,104.976509955512));
#5933=CARTESIAN_POINT('Origin',(-4.9,81.5093299041394,102.976509955512));
#5934=CARTESIAN_POINT('',(1.80000000000015,81.5093299041394,104.976509955512));
#5935=CARTESIAN_POINT('',(-4.89999999999985,81.5093299041394,104.976509955512));
#5936=CARTESIAN_POINT('Origin',(1.80000000000015,81.5093299041394,102.976509955512));
#5937=CARTESIAN_POINT('Origin',(1.80000000000015,81.5093299041394,102.976509955512));
#5938=CARTESIAN_POINT('Origin',(-4.89999999999985,-19.9906700958606,-5.27349004448771));
#5939=CARTESIAN_POINT('',(-4.89999999999985,-19.9906700958606,-3.2734900444877));
#5940=CARTESIAN_POINT('Origin',(-4.9,-19.9906700958606,-5.27349004448771));
#5941=CARTESIAN_POINT('',(1.80000000000015,-19.9906700958606,-3.2734900444877));
#5942=CARTESIAN_POINT('',(-4.89999999999985,-19.9906700958606,-3.2734900444877));
#5943=CARTESIAN_POINT('Origin',(1.80000000000015,-19.9906700958606,-5.27349004448771));
#5944=CARTESIAN_POINT('Origin',(1.80000000000015,-19.9906700958606,-5.27349004448771));
#5945=CARTESIAN_POINT('Origin',(-4.89999999999985,-19.9906700958606,102.976509955512));
#5946=CARTESIAN_POINT('',(-4.89999999999985,-19.9906700958606,104.976509955512));
#5947=CARTESIAN_POINT('Origin',(-4.9,-19.9906700958606,102.976509955512));
#5948=CARTESIAN_POINT('',(1.80000000000015,-19.9906700958606,104.976509955512));
#5949=CARTESIAN_POINT('',(-4.89999999999985,-19.9906700958606,104.976509955512));
#5950=CARTESIAN_POINT('Origin',(1.80000000000015,-19.9906700958606,102.976509955512));
#5951=CARTESIAN_POINT('Origin',(1.80000000000015,-19.9906700958606,102.976509955512));
#5952=CARTESIAN_POINT('Origin',(-4.89999999999999,72.2,98.4));
#5953=CARTESIAN_POINT('',(-4.89999999999999,72.2,98.4));
#5954=CARTESIAN_POINT('',(-4.9,72.2,98.4));
#5955=CARTESIAN_POINT('',(-4.89999999999999,82.2,98.4));
#5956=CARTESIAN_POINT('',(-4.89999999999999,49.475,98.4));
#5957=CARTESIAN_POINT('',(-4.9,82.2,98.4));
#5958=CARTESIAN_POINT('Origin',(30.1,72.2,-0.400000000000169));
#5959=CARTESIAN_POINT('',(-4.90000000000001,82.2,-0.40000000000017));
#5960=CARTESIAN_POINT('',(-4.90000000000001,82.2,-0.40000000000017));
#5961=CARTESIAN_POINT('',(-4.90000000000001,49.475,-0.400000000000169));
#5962=CARTESIAN_POINT('Origin',(-4.90000000000001,82.2,-0.200000000000174));
#5963=CARTESIAN_POINT('',(-4.9,82.2,24.3999999999999));
#5964=CARTESIAN_POINT('Origin',(-4.9,26.75,48.9999999999999));
#5965=CARTESIAN_POINT('',(-4.90000000000001,4.02500000000001,-0.0700000000011602));
#5966=CARTESIAN_POINT('Origin',(-4.9,-16.4,-0.400000000000178));
#5967=CARTESIAN_POINT('Origin',(-4.9,69.9,98.4));
#5968=CARTESIAN_POINT('',(-4.89999999999999,-18.7,98.4));
#5969=CARTESIAN_POINT('Origin',(-4.9,-16.4,98.4));
#5970=CARTESIAN_POINT('',(-4.89999999999999,-18.7,73.6));
#5971=CARTESIAN_POINT('',(-4.89999999999998,78.7,108.5));
#5972=CARTESIAN_POINT('',(-4.89999999999998,5.275,108.5));
#5973=CARTESIAN_POINT('',(-4.89999999999999,89.,98.2));
#5974=CARTESIAN_POINT('Origin',(-4.9,78.7,98.2));
#5975=CARTESIAN_POINT('',(-4.89999999999999,89.,73.6));
#5976=CARTESIAN_POINT('Origin',(-4.89999999999999,78.7,98.2));
#5977=CARTESIAN_POINT('',(-4.89999999999999,89.,98.2));
#5978=CARTESIAN_POINT('',(-4.89999999999999,78.7,108.5));
#5979=CARTESIAN_POINT('Origin',(-4.89999999999999,-16.2,108.5));
#5980=CARTESIAN_POINT('Origin',(-4.89999999999999,89.,98.2000000000002));
#5981=CARTESIAN_POINT('Origin',(-4.89999999999999,-18.7,98.2));
#5982=CARTESIAN_POINT('',(19.1,-18.7,98.4));
#5983=CARTESIAN_POINT('',(-4.89999999999999,-18.7,98.4));
#5984=CARTESIAN_POINT('',(19.1,-18.7,73.6));
#5985=CARTESIAN_POINT('Origin',(-4.89999999999999,-18.7,98.2));
#5986=CARTESIAN_POINT('',(15.6,-18.7,30.9285484430055));
#5987=CARTESIAN_POINT('',(15.6,-18.7,56.2071371107513));
#5988=CARTESIAN_POINT('',(19.1,-18.7,30.9285484430055));
#5989=CARTESIAN_POINT('',(19.1,-18.7,73.6));
#5990=CARTESIAN_POINT('',(7.10000000000001,-18.7,30.9285484430055));
#5991=CARTESIAN_POINT('Origin',(1.64620000000012,-18.7,-0.0700000000011594));
#5992=CARTESIAN_POINT('Ctrl Pts',(32.1,60.51,50.9999999999999));
#5993=CARTESIAN_POINT('Ctrl Pts',(32.1,60.51,48.2324064718375));
#5994=CARTESIAN_POINT('Ctrl Pts',(32.1,59.2478161243785,42.6988226871996));
#5995=CARTESIAN_POINT('Ctrl Pts',(32.1,53.9389071855234,36.0420020285888));
#5996=CARTESIAN_POINT('Ctrl Pts',(32.1,46.2671266527648,32.3472247138973));
#5997=CARTESIAN_POINT('Ctrl Pts',(32.1,38.6990074466929,32.3480188072433));
#5998=CARTESIAN_POINT('Ctrl Pts',(32.1,32.6216611616727,34.7380469757741));
#5999=CARTESIAN_POINT('Ctrl Pts',(32.1,28.2428086691133,38.227322164998));
#6000=CARTESIAN_POINT('Ctrl Pts',(32.1,25.0960043740919,42.8520839303172));
#6001=CARTESIAN_POINT('Ctrl Pts',(32.1,22.8777319674011,49.985880147298));
#6002=CARTESIAN_POINT('Ctrl Pts',(32.1,24.0291895905451,57.6083063485492));
#6003=CARTESIAN_POINT('Ctrl Pts',(32.1,28.2471620498879,63.7714054511911));
#6004=CARTESIAN_POINT('Ctrl Pts',(32.1,32.6198236570327,67.2642241119053));
#6005=CARTESIAN_POINT('Ctrl Pts',(32.1,37.8308762389307,69.3031743236271));
#6006=CARTESIAN_POINT('Ctrl Pts',(32.1,45.2779215155722,69.8780088049514));
#6007=CARTESIAN_POINT('Ctrl Pts',(32.1,53.3522011075763,66.7092047435225));
#6008=CARTESIAN_POINT('Ctrl Pts',(32.1,59.2459884138401,59.295088836429));
#6009=CARTESIAN_POINT('Ctrl Pts',(32.1,60.51,53.7675935281624));
#6010=CARTESIAN_POINT('Ctrl Pts',(32.1,60.51,50.9999999999999));
#6011=CARTESIAN_POINT('Ctrl Pts',(32.6983986006838,60.51,50.9999999999999));
#6012=CARTESIAN_POINT('Ctrl Pts',(32.6983986006838,60.51,48.2325287993958));
#6013=CARTESIAN_POINT('Ctrl Pts',(32.6983986006838,59.2477462026802,42.6988117649561));
#6014=CARTESIAN_POINT('Ctrl Pts',(32.6983986006838,53.9388436359248,36.0420995286473));
#6015=CARTESIAN_POINT('Ctrl Pts',(32.6983986006838,46.2670655219066,32.3472662515776));
#6016=CARTESIAN_POINT('Ctrl Pts',(32.6983986006838,38.6989852823202,32.3481214378313));
#6017=CARTESIAN_POINT('Ctrl Pts',(32.6983986006838,32.6216674997664,34.7381205283765));
#6018=CARTESIAN_POINT('Ctrl Pts',(32.6983986006838,28.2428968127477,38.2273348336699));
#6019=CARTESIAN_POINT('Ctrl Pts',(32.6983986006838,25.0960866124954,42.8521108849167));
#6020=CARTESIAN_POINT('Ctrl Pts',(32.6983986006838,22.8778142783507,49.985873552133));
#6021=CARTESIAN_POINT('Ctrl Pts',(32.6983986006838,24.0292864484395,57.6083192564035));
#6022=CARTESIAN_POINT('Ctrl Pts',(32.6983986006838,28.247229249684,63.7713702959084));
#6023=CARTESIAN_POINT('Ctrl Pts',(32.6983986006838,32.6198161257615,67.2641373219324));
#6024=CARTESIAN_POINT('Ctrl Pts',(32.6983986006838,37.8308744296461,69.3030895420635));
#6025=CARTESIAN_POINT('Ctrl Pts',(32.6983986006838,45.2779058069011,69.8779319981562));
#6026=CARTESIAN_POINT('Ctrl Pts',(32.6983986006838,53.3521120987437,66.709150002266));
#6027=CARTESIAN_POINT('Ctrl Pts',(32.6983986006838,59.2459150288733,59.2950912812458));
#6028=CARTESIAN_POINT('Ctrl Pts',(32.6983986006838,60.51,53.7674712006041));
#6029=CARTESIAN_POINT('Ctrl Pts',(32.6983986006838,60.51,50.9999999999999));
#6030=CARTESIAN_POINT('Ctrl Pts',(33.882560420153,60.5160682459412,50.9999999999999));
#6031=CARTESIAN_POINT('Ctrl Pts',(33.882560420153,60.5160682459412,48.2315203612979));
#6032=CARTESIAN_POINT('Ctrl Pts',(33.882560420153,59.2534579553937,42.6960978534334));
#6033=CARTESIAN_POINT('Ctrl Pts',(33.882560420153,53.9428087540326,36.0371128997401));
#6034=CARTESIAN_POINT('Ctrl Pts',(33.882560420153,46.2685122042755,32.3411137230648));
#6035=CARTESIAN_POINT('Ctrl Pts',(33.882560420153,38.6979174658798,32.3419189127788));
#6036=CARTESIAN_POINT('Ctrl Pts',(33.882560420153,32.6185827858957,34.7327258848333));
#6037=CARTESIAN_POINT('Ctrl Pts',(33.882560420153,28.2383084811481,38.223134803877));
#6038=CARTESIAN_POINT('Ctrl Pts',(33.882560420153,25.090470945088,42.8494160863963));
#6039=CARTESIAN_POINT('Ctrl Pts',(33.882560420153,22.8714709284252,49.9855463327367));
#6040=CARTESIAN_POINT('Ctrl Pts',(33.882560420153,24.0233088251321,57.6104762503166));
#6041=CARTESIAN_POINT('Ctrl Pts',(33.882560420153,28.2426595751337,63.7755884065599));
#6042=CARTESIAN_POINT('Ctrl Pts',(33.882560420153,32.6167422185555,67.269543599914));
#6043=CARTESIAN_POINT('Ctrl Pts',(33.882560420153,37.8295051098711,69.3091629706378));
#6044=CARTESIAN_POINT('Ctrl Pts',(33.882560420153,45.2789906510661,69.8841874197784));
#6045=CARTESIAN_POINT('Ctrl Pts',(33.882560420153,53.3559057130521,66.7143478621999));
#6046=CARTESIAN_POINT('Ctrl Pts',(33.882560420153,59.2516290310707,59.2978101694742));
#6047=CARTESIAN_POINT('Ctrl Pts',(33.882560420153,60.5160682459412,53.768479638702));
#6048=CARTESIAN_POINT('Ctrl Pts',(33.882560420153,60.5160682459412,50.9999999999999));
#6049=CARTESIAN_POINT('Ctrl Pts',(35.6452168486391,60.9094651651246,50.9999999999999));
#6050=CARTESIAN_POINT('Ctrl Pts',(35.6452168486391,60.9094651651246,48.172579414906));
#6051=CARTESIAN_POINT('Ctrl Pts',(35.6452168486391,59.6200657327292,42.5195837600973));
#6052=CARTESIAN_POINT('Ctrl Pts',(35.6452168486391,54.1965195532014,35.7189647243558));
#6053=CARTESIAN_POINT('Ctrl Pts',(35.6452168486391,46.3590831468429,31.9444378948626));
#6054=CARTESIAN_POINT('Ctrl Pts',(35.6452168486391,38.6275263166118,31.945215569788));
#6055=CARTESIAN_POINT('Ctrl Pts',(35.6452168486391,32.418937986256,34.3868669030792));
#6056=CARTESIAN_POINT('Ctrl Pts',(35.6452168486391,27.9454892497864,37.951518455491));
#6057=CARTESIAN_POINT('Ctrl Pts',(35.6452168486391,24.7307401614641,42.6761335191283));
#6058=CARTESIAN_POINT('Ctrl Pts',(35.6452168486391,22.464569198525,49.963986173211));
#6059=CARTESIAN_POINT('Ctrl Pts',(35.6452168486391,23.6408819218421,57.750990510182));
#6060=CARTESIAN_POINT('Ctrl Pts',(35.6452168486391,27.9499481386091,64.0471940408483));
#6061=CARTESIAN_POINT('Ctrl Pts',(35.6452168486391,32.4170684248747,67.6154604962843));
#6062=CARTESIAN_POINT('Ctrl Pts',(35.6452168486391,37.7406386187376,69.6984360685123));
#6063=CARTESIAN_POINT('Ctrl Pts',(35.6452168486391,45.3484934329817,70.2856784036091));
#6064=CARTESIAN_POINT('Ctrl Pts',(35.6452168486391,53.5971588876582,67.0484391468492));
#6065=CARTESIAN_POINT('Ctrl Pts',(35.6452168486391,59.6182004597182,59.474200954399));
#6066=CARTESIAN_POINT('Ctrl Pts',(35.6452168486391,60.9094651651246,53.8274205850939));
#6067=CARTESIAN_POINT('Ctrl Pts',(35.6452168486391,60.9094651651246,50.9999999999999));
#6068=CARTESIAN_POINT('Ctrl Pts',(37.3274007000831,61.8507565221805,50.9999999999999));
#6069=CARTESIAN_POINT('Ctrl Pts',(37.3274007000831,61.8507565221805,48.0318872772975));
#6070=CARTESIAN_POINT('Ctrl Pts',(37.3274007000831,60.4970651100752,42.097203626504));
#6071=CARTESIAN_POINT('Ctrl Pts',(37.3274007000831,54.8034048813555,34.9579920119562));
#6072=CARTESIAN_POINT('Ctrl Pts',(37.3274007000831,46.5756260378707,30.9954155875616));
#6073=CARTESIAN_POINT('Ctrl Pts',(37.3274007000831,38.4590383850209,30.9962959542444));
#6074=CARTESIAN_POINT('Ctrl Pts',(37.3274007000831,31.9412600047664,33.5595237412658));
#6075=CARTESIAN_POINT('Ctrl Pts',(37.3274007000831,27.245095970864,37.3016496826177));
#6076=CARTESIAN_POINT('Ctrl Pts',(37.3274007000831,23.8702295274749,42.2615900293328));
#6077=CARTESIAN_POINT('Ctrl Pts',(37.3274007000831,21.4911915766622,49.9123804083852));
#6078=CARTESIAN_POINT('Ctrl Pts',(37.3274007000831,22.7261060021818,58.087238354316));
#6079=CARTESIAN_POINT('Ctrl Pts',(37.3274007000831,27.2497550089023,64.6969751476344));
#6080=CARTESIAN_POINT('Ctrl Pts',(37.3274007000831,31.9392828093906,68.4429057161578));
#6081=CARTESIAN_POINT('Ctrl Pts',(37.3274007000831,37.5280003915599,70.6296263745505));
#6082=CARTESIAN_POINT('Ctrl Pts',(37.3274007000831,45.5147512699434,71.2461247716887));
#6083=CARTESIAN_POINT('Ctrl Pts',(37.3274007000831,54.174166293209,67.8476773160808));
#6084=CARTESIAN_POINT('Ctrl Pts',(37.3274007000831,60.4951033110248,59.8962626593434));
#6085=CARTESIAN_POINT('Ctrl Pts',(37.3274007000831,61.8507565221805,53.9681127227023));
#6086=CARTESIAN_POINT('Ctrl Pts',(37.3274007000831,61.8507565221805,50.9999999999999));
#6087=CARTESIAN_POINT('Ctrl Pts',(38.7596319659362,63.2825674480412,50.9999999999999));
#6088=CARTESIAN_POINT('Ctrl Pts',(38.7596319659362,63.2825674480412,47.8176092326969));
#6089=CARTESIAN_POINT('Ctrl Pts',(38.7596319659362,61.8312345977398,41.4547395811543));
#6090=CARTESIAN_POINT('Ctrl Pts',(38.7596319659362,55.7266862305697,33.8002515198688));
#6091=CARTESIAN_POINT('Ctrl Pts',(38.7596319659362,46.9051469375633,29.5517535505584));
#6092=CARTESIAN_POINT('Ctrl Pts',(38.7596319659362,38.2027979314574,29.552655606887));
#6093=CARTESIAN_POINT('Ctrl Pts',(38.7596319659362,31.2146436559476,32.3008789953574));
#6094=CARTESIAN_POINT('Ctrl Pts',(38.7596319659362,26.1795242699419,36.3130976694478));
#6095=CARTESIAN_POINT('Ctrl Pts',(38.7596319659362,22.5611141695088,41.6309630097693));
#6096=CARTESIAN_POINT('Ctrl Pts',(38.7596319659362,20.010392567772,49.8338967078118));
#6097=CARTESIAN_POINT('Ctrl Pts',(38.7596319659362,21.334414799709,58.5986810453353));
#6098=CARTESIAN_POINT('Ctrl Pts',(38.7596319659362,26.1845338724008,65.6854433224243));
#6099=CARTESIAN_POINT('Ctrl Pts',(38.7596319659362,31.2125332750335,69.701734850385));
#6100=CARTESIAN_POINT('Ctrl Pts',(38.7596319659362,37.2045575119562,72.0462591305856));
#6101=CARTESIAN_POINT('Ctrl Pts',(38.7596319659362,45.7676828865982,72.7072417575582));
#6102=CARTESIAN_POINT('Ctrl Pts',(38.7596319659362,55.0520559899483,69.0635297609142));
#6103=CARTESIAN_POINT('Ctrl Pts',(38.7596319659362,61.829133597161,60.5382610044465));
#6104=CARTESIAN_POINT('Ctrl Pts',(38.7596319659362,63.2825674480412,54.182390767303));
#6105=CARTESIAN_POINT('Ctrl Pts',(38.7596319659362,63.2825674480412,50.9999999999999));
#6106=CARTESIAN_POINT('Ctrl Pts',(39.6995939109609,64.9643706324234,50.9999999999999));
#6107=CARTESIAN_POINT('Ctrl Pts',(39.6995939109609,64.9643706324234,47.566020197884));
#6108=CARTESIAN_POINT('Ctrl Pts',(39.6995939109608,63.3982901677427,40.7000931015159));
#6109=CARTESIAN_POINT('Ctrl Pts',(39.6995939109608,56.8111184426708,32.4404521310153));
#6110=CARTESIAN_POINT('Ctrl Pts',(39.6995939109609,47.292150935892,27.8560645893814));
#6111=CARTESIAN_POINT('Ctrl Pts',(39.6995939109608,37.9017998189103,27.857042897272));
#6112=CARTESIAN_POINT('Ctrl Pts',(39.6995939109608,30.3611663392769,30.8225377029449));
#6113=CARTESIAN_POINT('Ctrl Pts',(39.6995939109608,24.9279784427898,35.1519563357537));
#6114=CARTESIAN_POINT('Ctrl Pts',(39.6995939109608,21.0234973830316,40.8902517644982));
#6115=CARTESIAN_POINT('Ctrl Pts',(39.6995939109608,18.2711164565289,49.741704377554));
#6116=CARTESIAN_POINT('Ctrl Pts',(39.6995939109608,19.6998166879385,59.1994316689686));
#6117=CARTESIAN_POINT('Ctrl Pts',(39.6995939109608,24.9333824111093,66.8464674908207));
#6118=CARTESIAN_POINT('Ctrl Pts',(39.6995939109608,30.3588879918396,71.1802817233559));
#6119=CARTESIAN_POINT('Ctrl Pts',(39.6995939109608,36.8246404376459,73.7101635943263));
#6120=CARTESIAN_POINT('Ctrl Pts',(39.6995939109608,46.0647629671011,74.4234039656377));
#6121=CARTESIAN_POINT('Ctrl Pts',(39.6995939109609,56.0831500687833,70.4916229084394));
#6122=CARTESIAN_POINT('Ctrl Pts',(39.6995939109608,63.3960227828788,61.2923534275276));
#6123=CARTESIAN_POINT('Ctrl Pts',(39.6995939109609,64.9643706324234,54.4339798021158));
#6124=CARTESIAN_POINT('Ctrl Pts',(39.6995939109609,64.9643706324234,50.9999999999999));
#6125=CARTESIAN_POINT('Ctrl Pts',(40.0942580753076,66.7274881360568,50.9999999999999));
#6126=CARTESIAN_POINT('Ctrl Pts',(40.0942580753076,66.7274881360568,47.3022710040199));
#6127=CARTESIAN_POINT('Ctrl Pts',(40.0942580753075,65.0411097587857,39.9089594917489));
#6128=CARTESIAN_POINT('Ctrl Pts',(40.0942580753075,57.947980295122,31.0149103620442));
#6129=CARTESIAN_POINT('Ctrl Pts',(40.0942580753075,47.6978643589335,26.0783913110955));
#6130=CARTESIAN_POINT('Ctrl Pts',(40.0942580753075,37.5862478701215,26.0794515756431));
#6131=CARTESIAN_POINT('Ctrl Pts',(40.0942580753075,29.466424042564,29.2727217991575));
#6132=CARTESIAN_POINT('Ctrl Pts',(40.0942580753075,23.6159239304539,33.9346748341305));
#6133=CARTESIAN_POINT('Ctrl Pts',(40.0942580753075,19.4115403324775,40.1137284018801));
#6134=CARTESIAN_POINT('Ctrl Pts',(40.0942580753075,16.4477499589383,49.6450543776403));
#6135=CARTESIAN_POINT('Ctrl Pts',(40.0942580753075,17.9861897978719,59.8292287028196));
#6136=CARTESIAN_POINT('Ctrl Pts',(40.0942580753075,23.6217406400835,68.0636254193576));
#6137=CARTESIAN_POINT('Ctrl Pts',(40.0942580753075,29.4639691492962,72.7303127100833));
#6138=CARTESIAN_POINT('Ctrl Pts',(40.0942580753075,36.4263545083557,75.4545141823875));
#6139=CARTESIAN_POINT('Ctrl Pts',(40.0942580753075,46.3762061977711,76.2225391965759));
#6140=CARTESIAN_POINT('Ctrl Pts',(40.0942580753075,57.1640940755339,71.9887618168539));
#6141=CARTESIAN_POINT('Ctrl Pts',(40.0942580753075,65.0386678306234,62.0829059123128));
#6142=CARTESIAN_POINT('Ctrl Pts',(40.0942580753076,66.7274881360568,54.6977289959799));
#6143=CARTESIAN_POINT('Ctrl Pts',(40.0942580753076,66.7274881360568,50.9999999999999));
#6144=CARTESIAN_POINT('Ctrl Pts',(40.1,67.9116013993163,50.9999999999999));
#6145=CARTESIAN_POINT('Ctrl Pts',(40.1,67.9116013993163,47.1250772707722));
#6146=CARTESIAN_POINT('Ctrl Pts',(40.1,66.1444645653508,39.3776378571807));
#6147=CARTESIAN_POINT('Ctrl Pts',(40.1,58.7115297802959,30.0574664216439));
#6148=CARTESIAN_POINT('Ctrl Pts',(40.1,47.9703719162586,24.8844822433586));
#6149=CARTESIAN_POINT('Ctrl Pts',(40.1,37.3743332806779,24.8855679625247));
#6150=CARTESIAN_POINT('Ctrl Pts',(40.1,28.8655102460794,28.231826697632));
#6151=CARTESIAN_POINT('Ctrl Pts',(40.1,22.7347027913423,33.1171399926667));
#6152=CARTESIAN_POINT('Ctrl Pts',(40.1,18.3289069051584,39.5922006947295));
#6153=CARTESIAN_POINT('Ctrl Pts',(40.1,15.223133486448,49.5801472372905));
#6154=CARTESIAN_POINT('Ctrl Pts',(40.1,16.8352676214506,60.2521954067119));
#6155=CARTESIAN_POINT('Ctrl Pts',(40.1,22.7408068420845,68.8810881592796));
#6156=CARTESIAN_POINT('Ctrl Pts',(40.1,28.8629435012876,73.7713586726767));
#6157=CARTESIAN_POINT('Ctrl Pts',(40.1,36.1588657530433,76.6260646075709));
#6158=CARTESIAN_POINT('Ctrl Pts',(40.1,46.5853797059856,77.4308792359304));
#6159=CARTESIAN_POINT('Ctrl Pts',(40.1,57.8901013530646,72.994269831848));
#6160=CARTESIAN_POINT('Ctrl Pts',(40.1,66.1419070908385,62.613841367839));
#6161=CARTESIAN_POINT('Ctrl Pts',(40.1,67.9116013993163,54.8749227292276));
#6162=CARTESIAN_POINT('Ctrl Pts',(40.1,67.9116013993163,50.9999999999999));
#6163=CARTESIAN_POINT('Ctrl Pts',(40.1,68.51,50.9999999999999));
#6164=CARTESIAN_POINT('Ctrl Pts',(40.1,68.51,47.0356092704699));
#6165=CARTESIAN_POINT('Ctrl Pts',(40.1,66.7020068808665,39.1091243897724));
#6166=CARTESIAN_POINT('Ctrl Pts',(40.1,59.09735353602,29.5736785814921));
#6167=CARTESIAN_POINT('Ctrl Pts',(40.1,48.1080462863927,24.2811597253124));
#6168=CARTESIAN_POINT('Ctrl Pts',(40.1,37.2672268831006,24.2822972103756));
#6169=CARTESIAN_POINT('Ctrl Pts',(40.1,28.561838961315,27.7058510734062));
#6170=CARTESIAN_POINT('Ctrl Pts',(40.1,22.2894286341353,32.7040020201323));
#6171=CARTESIAN_POINT('Ctrl Pts',(40.1,17.7818441034289,39.328660765049));
#6172=CARTESIAN_POINT('Ctrl Pts',(40.1,14.6043187641151,49.5473418326161));
#6173=CARTESIAN_POINT('Ctrl Pts',(40.1,16.2537040080781,60.465952337111));
#6174=CARTESIAN_POINT('Ctrl Pts',(40.1,22.2956645579475,69.2941753760305));
#6175=CARTESIAN_POINT('Ctrl Pts',(40.1,28.5592068600739,74.2974021062428));
#6176=CARTESIAN_POINT('Ctrl Pts',(40.1,36.0236875854954,77.2180605176281));
#6177=CARTESIAN_POINT('Ctrl Pts',(40.1,46.6910767655494,78.0414720719574));
#6178=CARTESIAN_POINT('Ctrl Pts',(40.1,58.2569367216634,73.5023743623431));
#6179=CARTESIAN_POINT('Ctrl Pts',(40.1,66.6993888090142,62.8821542792091));
#6180=CARTESIAN_POINT('Ctrl Pts',(40.1,68.51,54.9643907295299));
#6181=CARTESIAN_POINT('Ctrl Pts',(40.1,68.51,50.9999999999999));
#6182=CARTESIAN_POINT('',(32.1,60.51,50.9999999999999));
#6183=CARTESIAN_POINT('Ctrl Pts',(40.1,68.51,50.9999999999999));
#6184=CARTESIAN_POINT('Ctrl Pts',(40.1,67.9116013993163,50.9999999999999));
#6185=CARTESIAN_POINT('Ctrl Pts',(40.0942580753076,66.7274881360568,50.9999999999999));
#6186=CARTESIAN_POINT('Ctrl Pts',(39.6995939109609,64.9643706324234,50.9999999999999));
#6187=CARTESIAN_POINT('Ctrl Pts',(38.7596319659362,63.2825674480412,50.9999999999999));
#6188=CARTESIAN_POINT('Ctrl Pts',(37.3274007000831,61.8507565221805,50.9999999999999));
#6189=CARTESIAN_POINT('Ctrl Pts',(35.6452168486391,60.9094651651246,50.9999999999999));
#6190=CARTESIAN_POINT('Ctrl Pts',(33.882560420153,60.5160682459412,50.9999999999999));
#6191=CARTESIAN_POINT('Ctrl Pts',(32.6983986006838,60.51,50.9999999999999));
#6192=CARTESIAN_POINT('Ctrl Pts',(32.1,60.51,50.9999999999999));
#6193=CARTESIAN_POINT('Origin',(32.1,42.01,50.9999999999999));
#6194=CARTESIAN_POINT('Origin',(30.1,42.01,50.9999999999999));
#6195=CARTESIAN_POINT('',(30.1,60.51,50.9999999999999));
#6196=CARTESIAN_POINT('Ctrl Pts',(12.75,3.47699999999984,-2.70000000000019));
#6197=CARTESIAN_POINT('Ctrl Pts',(12.75,3.47699999999987,8.50951614766838));
#6198=CARTESIAN_POINT('Ctrl Pts',(12.75,3.47699999999991,19.7190322953369));
#6199=CARTESIAN_POINT('Ctrl Pts',(12.75,3.47699999999994,30.9285484430055));
#6200=CARTESIAN_POINT('Ctrl Pts',(12.6639802011517,3.47699999999984,-2.70000000000019));
#6201=CARTESIAN_POINT('Ctrl Pts',(12.6639802011517,3.47699999999987,8.5095161476684));
#6202=CARTESIAN_POINT('Ctrl Pts',(12.6639802011517,3.47699999999991,19.7190322953369));
#6203=CARTESIAN_POINT('Ctrl Pts',(12.6639802011517,3.47699999999994,30.9285484430055));
#6204=CARTESIAN_POINT('Ctrl Pts',(12.4937591949792,3.47787394207878,-2.70000000000019));
#6205=CARTESIAN_POINT('Ctrl Pts',(12.4937591949792,3.47787394207881,8.50951614766835));
#6206=CARTESIAN_POINT('Ctrl Pts',(12.4937591949792,3.47787394207885,19.719032295337));
#6207=CARTESIAN_POINT('Ctrl Pts',(12.4937591949792,3.47787394207888,30.9285484430055));
#6208=CARTESIAN_POINT('Ctrl Pts',(12.2403637651136,3.53442479763998,-2.70000000000019));
#6209=CARTESIAN_POINT('Ctrl Pts',(12.2403637651136,3.53442479764001,8.5095161476684));
#6210=CARTESIAN_POINT('Ctrl Pts',(12.2403637651136,3.53442479764005,19.7190322953369));
#6211=CARTESIAN_POINT('Ctrl Pts',(12.2403637651136,3.53442479764008,30.9285484430055));
#6212=CARTESIAN_POINT('Ctrl Pts',(11.9985762630212,3.66973790758506,-2.70000000000019));
#6213=CARTESIAN_POINT('Ctrl Pts',(11.9985762630212,3.66973790758509,8.50951614766836));
#6214=CARTESIAN_POINT('Ctrl Pts',(11.9985762630212,3.66973790758512,19.719032295337));
#6215=CARTESIAN_POINT('Ctrl Pts',(11.9985762630212,3.66973790758516,30.9285484430055));
#6216=CARTESIAN_POINT('Ctrl Pts',(11.792622519113,3.87558092502962,-2.70000000000019));
#6217=CARTESIAN_POINT('Ctrl Pts',(11.792622519113,3.87558092502966,8.50951614766839));
#6218=CARTESIAN_POINT('Ctrl Pts',(11.792622519113,3.87558092502969,19.7190322953369));
#6219=CARTESIAN_POINT('Ctrl Pts',(11.792622519113,3.87558092502972,30.9285484430055));
#6220=CARTESIAN_POINT('Ctrl Pts',(11.6576282071481,4.11728001363181,-2.70000000000019));
#6221=CARTESIAN_POINT('Ctrl Pts',(11.6576282071481,4.11728001363184,8.50951614766837));
#6222=CARTESIAN_POINT('Ctrl Pts',(11.6576282071481,4.11728001363188,19.719032295337));
#6223=CARTESIAN_POINT('Ctrl Pts',(11.6576282071481,4.11728001363191,30.9285484430055));
#6224=CARTESIAN_POINT('Ctrl Pts',(11.6007750815528,4.37078585679623,-2.70000000000019));
#6225=CARTESIAN_POINT('Ctrl Pts',(11.6007750815528,4.37078585679627,8.50951614766839));
#6226=CARTESIAN_POINT('Ctrl Pts',(11.6007750815528,4.3707858567963,19.7190322953369));
#6227=CARTESIAN_POINT('Ctrl Pts',(11.6007750815528,4.37078585679634,30.9285484430055));
#6228=CARTESIAN_POINT('Ctrl Pts',(11.6,4.54098020115155,-2.7000000000002));
#6229=CARTESIAN_POINT('Ctrl Pts',(11.6,4.54098020115158,8.50951614766837));
#6230=CARTESIAN_POINT('Ctrl Pts',(11.6,4.54098020115162,19.7190322953369));
#6231=CARTESIAN_POINT('Ctrl Pts',(11.6,4.54098020115165,30.9285484430055));
#6232=CARTESIAN_POINT('Ctrl Pts',(11.6,4.62699999999984,-2.7000000000002));
#6233=CARTESIAN_POINT('Ctrl Pts',(11.6,4.62699999999987,8.50951614766837));
#6234=CARTESIAN_POINT('Ctrl Pts',(11.6,4.62699999999991,19.7190322953369));
#6235=CARTESIAN_POINT('Ctrl Pts',(11.6,4.62699999999995,30.9285484430055));
#6236=CARTESIAN_POINT('',(12.75,3.47699999999994,30.9285484430055));
#6237=CARTESIAN_POINT('',(11.6,4.62699999999994,30.9285484430055));
#6238=CARTESIAN_POINT('Ctrl Pts',(12.75,3.47699999999994,30.9285484430055));
#6239=CARTESIAN_POINT('Ctrl Pts',(12.6639802011517,3.47699999999994,30.9285484430055));
#6240=CARTESIAN_POINT('Ctrl Pts',(12.5788696980654,3.47743697103941,30.9285484430055));
#6241=CARTESIAN_POINT('Ctrl Pts',(12.4940818748781,3.48708059915268,30.9285484430055));
#6242=CARTESIAN_POINT('Ctrl Pts',(12.4092940516907,3.49672422726595,30.9285484430055));
#6243=CARTESIAN_POINT('Ctrl Pts',(12.3248289084021,3.51557451245301,30.9285484430055));
#6244=CARTESIAN_POINT('Ctrl Pts',(12.2422984197425,3.54755184003739,30.9285484430055));
#6245=CARTESIAN_POINT('Ctrl Pts',(12.1597679310828,3.57952916762177,30.9285484430055));
#6246=CARTESIAN_POINT('Ctrl Pts',(12.079172097052,3.62463353760347,30.9285484430055));
#6247=CARTESIAN_POINT('Ctrl Pts',(12.0045485560519,3.68149289216841,30.9285484430055));
#6248=CARTESIAN_POINT('Ctrl Pts',(11.9299250150518,3.73835224673335,30.9285484430055));
#6249=CARTESIAN_POINT('Ctrl Pts',(11.8612737670824,3.80696658588154,30.9285484430055));
#6250=CARTESIAN_POINT('Ctrl Pts',(11.8044490911035,3.88155693688933,30.9285484430055));
#6251=CARTESIAN_POINT('Ctrl Pts',(11.7476244151247,3.95614728789712,30.9285484430055));
#6252=CARTESIAN_POINT('Ctrl Pts',(11.7026263111364,4.03671365076452,30.9285484430055));
#6253=CARTESIAN_POINT('Ctrl Pts',(11.6706517382097,4.11924780605895,30.9285484430055));
#6254=CARTESIAN_POINT('Ctrl Pts',(11.638677165283,4.20178196135339,30.9285484430055));
#6255=CARTESIAN_POINT('Ctrl Pts',(11.6197261234179,4.28628390907486,30.9285484430055));
#6256=CARTESIAN_POINT('Ctrl Pts',(11.6100568320971,4.37108346902443,30.9285484430055));
#6257=CARTESIAN_POINT('Ctrl Pts',(11.6003875407764,4.455883028974,30.9285484430055));
#6258=CARTESIAN_POINT('Ctrl Pts',(11.6,4.54098020115165,30.9285484430055));
#6259=CARTESIAN_POINT('Ctrl Pts',(11.6,4.62699999999995,30.9285484430055));
#6260=CARTESIAN_POINT('',(11.6,4.62699999999992,23.1499999999999));
#6261=CARTESIAN_POINT('',(12.75,3.47699999999992,23.1499999999999));
#6262=CARTESIAN_POINT('Origin',(15.6,3.47699999999984,-2.70000000000019));
#6263=CARTESIAN_POINT('',(15.6,3.47699999999994,30.9285484430055));
#6264=CARTESIAN_POINT('',(15.6,3.47699999999987,5.75713711075123));
#6265=CARTESIAN_POINT('',(15.6,3.47699999999994,30.9285484430055));
#6266=CARTESIAN_POINT('Ctrl Pts',(11.6,20.16,100.7));
#6267=CARTESIAN_POINT('Ctrl Pts',(11.6,20.16,77.4428494810018));
#6268=CARTESIAN_POINT('Ctrl Pts',(11.6,20.16,54.1856989620037));
#6269=CARTESIAN_POINT('Ctrl Pts',(11.6,20.16,30.9285484430055));
#6270=CARTESIAN_POINT('Ctrl Pts',(11.6,20.0739802011517,100.7));
#6271=CARTESIAN_POINT('Ctrl Pts',(11.6,20.0739802011517,77.4428494810018));
#6272=CARTESIAN_POINT('Ctrl Pts',(11.6,20.0739802011517,54.1856989620037));
#6273=CARTESIAN_POINT('Ctrl Pts',(11.6,20.0739802011517,30.9285484430055));
#6274=CARTESIAN_POINT('Ctrl Pts',(11.6008754704872,19.903760197461,100.7));
#6275=CARTESIAN_POINT('Ctrl Pts',(11.6008754704872,19.903760197461,77.4428494810019));
#6276=CARTESIAN_POINT('Ctrl Pts',(11.6008754704872,19.903760197461,54.1856989620036));
#6277=CARTESIAN_POINT('Ctrl Pts',(11.6008754704872,19.903760197461,30.9285484430055));
#6278=CARTESIAN_POINT('Ctrl Pts',(11.6574247245074,19.650366187513,100.7));
#6279=CARTESIAN_POINT('Ctrl Pts',(11.6574247245074,19.650366187513,77.4428494810018));
#6280=CARTESIAN_POINT('Ctrl Pts',(11.6574247245074,19.650366187513,54.1856989620037));
#6281=CARTESIAN_POINT('Ctrl Pts',(11.6574247245074,19.650366187513,30.9285484430055));
#6282=CARTESIAN_POINT('Ctrl Pts',(11.7927391584098,19.4085794036923,100.7));
#6283=CARTESIAN_POINT('Ctrl Pts',(11.7927391584098,19.4085794036923,77.4428494810018));
#6284=CARTESIAN_POINT('Ctrl Pts',(11.7927391584098,19.4085794036923,54.1856989620036));
#6285=CARTESIAN_POINT('Ctrl Pts',(11.7927391584098,19.4085794036923,30.9285484430055));
#6286=CARTESIAN_POINT('Ctrl Pts',(11.9985802146451,19.2026268786732,100.7));
#6287=CARTESIAN_POINT('Ctrl Pts',(11.9985802146451,19.2026268786732,77.4428494810017));
#6288=CARTESIAN_POINT('Ctrl Pts',(11.9985802146451,19.2026268786732,54.1856989620037));
#6289=CARTESIAN_POINT('Ctrl Pts',(11.9985802146451,19.2026268786732,30.9285484430055));
#6290=CARTESIAN_POINT('Ctrl Pts',(12.2402774521923,19.0676351445909,100.7));
#6291=CARTESIAN_POINT('Ctrl Pts',(12.2402774521923,19.0676351445909,77.4428494810018));
#6292=CARTESIAN_POINT('Ctrl Pts',(12.2402774521923,19.0676351445909,54.1856989620036));
#6293=CARTESIAN_POINT('Ctrl Pts',(12.2402774521923,19.0676351445909,30.9285484430055));
#6294=CARTESIAN_POINT('Ctrl Pts',(12.4937842761896,19.0107794853962,100.7));
#6295=CARTESIAN_POINT('Ctrl Pts',(12.4937842761896,19.0107794853962,77.4428494810018));
#6296=CARTESIAN_POINT('Ctrl Pts',(12.4937842761896,19.0107794853962,54.1856989620037));
#6297=CARTESIAN_POINT('Ctrl Pts',(12.4937842761896,19.0107794853962,30.9285484430055));
#6298=CARTESIAN_POINT('Ctrl Pts',(12.6639802011517,19.01,100.7));
#6299=CARTESIAN_POINT('Ctrl Pts',(12.6639802011517,19.01,77.4428494810018));
#6300=CARTESIAN_POINT('Ctrl Pts',(12.6639802011517,19.01,54.1856989620037));
#6301=CARTESIAN_POINT('Ctrl Pts',(12.6639802011517,19.01,30.9285484430055));
#6302=CARTESIAN_POINT('Ctrl Pts',(12.75,19.01,100.7));
#6303=CARTESIAN_POINT('Ctrl Pts',(12.75,19.01,77.4428494810018));
#6304=CARTESIAN_POINT('Ctrl Pts',(12.75,19.01,54.1856989620037));
#6305=CARTESIAN_POINT('Ctrl Pts',(12.75,19.01,30.9285484430055));
#6306=CARTESIAN_POINT('',(11.6,20.16,30.9285484430055));
#6307=CARTESIAN_POINT('',(12.75,19.01,30.9285484430055));
#6308=CARTESIAN_POINT('Ctrl Pts',(12.75,19.01,30.9285484430055));
#6309=CARTESIAN_POINT('Ctrl Pts',(12.6639802011517,19.01,30.9285484430055));
#6310=CARTESIAN_POINT('Ctrl Pts',(12.5788822386706,19.0103897426981,30.9285484430055));
#6311=CARTESIAN_POINT('Ctrl Pts',(12.4940821200972,19.0200605572463,30.9285484430055));
#6312=CARTESIAN_POINT('Ctrl Pts',(12.4092820015238,19.0297313717944,30.9285484430055));
#6313=CARTESIAN_POINT('Ctrl Pts',(12.3247797268581,19.0486832581927,30.9285484430055));
#6314=CARTESIAN_POINT('Ctrl Pts',(12.2422457166007,19.0806578237388,30.9285484430055));
#6315=CARTESIAN_POINT('Ctrl Pts',(12.1597117063432,19.112632389285,30.9285484430055));
#6316=CARTESIAN_POINT('Ctrl Pts',(12.0791459604942,19.1576296339791,30.9285484430055));
#6317=CARTESIAN_POINT('Ctrl Pts',(12.0045562448637,19.2144536771627,30.9285484430055));
#6318=CARTESIAN_POINT('Ctrl Pts',(11.9299665292333,19.2712777203463,30.9285484430055));
#6319=CARTESIAN_POINT('Ctrl Pts',(11.8613528438216,19.3399285620193,30.9285484430055));
#6320=CARTESIAN_POINT('Ctrl Pts',(11.8044935954653,19.4145517801593,30.9285484430055));
#6321=CARTESIAN_POINT('Ctrl Pts',(11.747634347109,19.4891749982992,30.9285484430055));
#6322=CARTESIAN_POINT('Ctrl Pts',(11.7025295358082,19.5697705929061,30.9285484430055));
#6323=CARTESIAN_POINT('Ctrl Pts',(11.6705522544878,19.6523007252009,30.9285484430055));
#6324=CARTESIAN_POINT('Ctrl Pts',(11.6385749731673,19.7348308574957,30.9285484430055));
#6325=CARTESIAN_POINT('Ctrl Pts',(11.6197252218272,19.8192955274783,30.9285484430055));
#6326=CARTESIAN_POINT('Ctrl Pts',(11.6100814785354,19.9040828633924,30.9285484430055));
#6327=CARTESIAN_POINT('Ctrl Pts',(11.6004377352436,19.9888701993064,30.9285484430055));
#6328=CARTESIAN_POINT('Ctrl Pts',(11.6,20.0739802011517,30.9285484430055));
#6329=CARTESIAN_POINT('Ctrl Pts',(11.6,20.16,30.9285484430055));
#6330=CARTESIAN_POINT('',(12.75,19.01,23.2499999999999));
#6331=CARTESIAN_POINT('',(11.6,20.16,23.2499999999999));
#6332=CARTESIAN_POINT('Origin',(30.1,19.01,-2.50000000000016));
#6333=CARTESIAN_POINT('',(19.1,19.01,30.9285484430055));
#6334=CARTESIAN_POINT('',(19.1,19.01,30.9285484430055));
#6335=CARTESIAN_POINT('',(19.1,19.01,23.2499999999999));
#6336=CARTESIAN_POINT('Ctrl Pts',(11.6,20.86,-2.70000000000018));
#6337=CARTESIAN_POINT('Ctrl Pts',(11.6,20.86,31.7666666666665));
#6338=CARTESIAN_POINT('Ctrl Pts',(11.6,20.86,66.2333333333333));
#6339=CARTESIAN_POINT('Ctrl Pts',(11.6,20.86,100.7));
#6340=CARTESIAN_POINT('Ctrl Pts',(11.6,20.9460197988483,-2.70000000000018));
#6341=CARTESIAN_POINT('Ctrl Pts',(11.6,20.9460197988483,31.7666666666666));
#6342=CARTESIAN_POINT('Ctrl Pts',(11.6,20.9460197988483,66.2333333333332));
#6343=CARTESIAN_POINT('Ctrl Pts',(11.6,20.9460197988483,100.7));
#6344=CARTESIAN_POINT('Ctrl Pts',(11.6008754897536,21.1162397827797,-2.70000000000018));
#6345=CARTESIAN_POINT('Ctrl Pts',(11.6008754897536,21.1162397827797,31.7666666666665));
#6346=CARTESIAN_POINT('Ctrl Pts',(11.6008754897536,21.1162397827797,66.2333333333334));
#6347=CARTESIAN_POINT('Ctrl Pts',(11.6008754897536,21.1162397827797,100.7));
#6348=CARTESIAN_POINT('Ctrl Pts',(11.6574247234402,21.3696337727302,-2.70000000000018));
#6349=CARTESIAN_POINT('Ctrl Pts',(11.6574247234402,21.3696337727302,31.7666666666666));
#6350=CARTESIAN_POINT('Ctrl Pts',(11.6574247234402,21.3696337727302,66.2333333333332));
#6351=CARTESIAN_POINT('Ctrl Pts',(11.6574247234402,21.3696337727302,100.7));
#6352=CARTESIAN_POINT('Ctrl Pts',(11.7927391732467,21.6114205423874,-2.70000000000018));
#6353=CARTESIAN_POINT('Ctrl Pts',(11.7927391732467,21.6114205423874,31.7666666666665));
#6354=CARTESIAN_POINT('Ctrl Pts',(11.7927391732467,21.6114205423874,66.2333333333334));
#6355=CARTESIAN_POINT('Ctrl Pts',(11.7927391732467,21.6114205423874,100.7));
#6356=CARTESIAN_POINT('Ctrl Pts',(11.9985802041017,21.8173730526434,-2.70000000000018));
#6357=CARTESIAN_POINT('Ctrl Pts',(11.9985802041017,21.8173730526434,31.7666666666666));
#6358=CARTESIAN_POINT('Ctrl Pts',(11.9985802041017,21.8173730526434,66.2333333333333));
#6359=CARTESIAN_POINT('Ctrl Pts',(11.9985802041017,21.8173730526434,100.7));
#6360=CARTESIAN_POINT('Ctrl Pts',(12.2402774177055,21.9523647547563,-2.70000000000018));
#6361=CARTESIAN_POINT('Ctrl Pts',(12.2402774177055,21.9523647547563,31.7666666666665));
#6362=CARTESIAN_POINT('Ctrl Pts',(12.2402774177055,21.9523647547563,66.2333333333334));
#6363=CARTESIAN_POINT('Ctrl Pts',(12.2402774177055,21.9523647547563,100.7));
#6364=CARTESIAN_POINT('Ctrl Pts',(12.4937842546169,22.0092204493572,-2.70000000000018));
#6365=CARTESIAN_POINT('Ctrl Pts',(12.4937842546169,22.0092204493572,31.7666666666666));
#6366=CARTESIAN_POINT('Ctrl Pts',(12.4937842546169,22.0092204493572,66.2333333333333));
#6367=CARTESIAN_POINT('Ctrl Pts',(12.4937842546169,22.0092204493572,100.7));
#6368=CARTESIAN_POINT('Ctrl Pts',(12.6639802011517,22.01,-2.70000000000018));
#6369=CARTESIAN_POINT('Ctrl Pts',(12.6639802011517,22.01,31.7666666666665));
#6370=CARTESIAN_POINT('Ctrl Pts',(12.6639802011517,22.01,66.2333333333333));
#6371=CARTESIAN_POINT('Ctrl Pts',(12.6639802011517,22.01,100.7));
#6372=CARTESIAN_POINT('Ctrl Pts',(12.75,22.01,-2.70000000000018));
#6373=CARTESIAN_POINT('Ctrl Pts',(12.75,22.01,31.7666666666665));
#6374=CARTESIAN_POINT('Ctrl Pts',(12.75,22.01,66.2333333333333));
#6375=CARTESIAN_POINT('Ctrl Pts',(12.75,22.01,100.7));
#6376=CARTESIAN_POINT('',(11.6,20.86,74.75));
#6377=CARTESIAN_POINT('',(12.75,22.01,74.75));
#6378=CARTESIAN_POINT('Origin',(11.6,20.51,48.9999999999999));
#6379=CARTESIAN_POINT('',(11.6,-18.7,30.9285484430055));
#6380=CARTESIAN_POINT('Origin',(15.6,0.254999999999987,14.2142742215027));
#6381=CARTESIAN_POINT('Origin',(15.6,-16.4,-0.400000000000178));
#6382=CARTESIAN_POINT('',(15.6,-18.5,30.9285484430055));
#6383=CARTESIAN_POINT('Origin',(-4.9,-16.4,-0.400000000000178));
#6384=CARTESIAN_POINT('Origin',(-4.9,69.9,98.4));
#6385=CARTESIAN_POINT('Origin',(-4.89999999999999,-16.4,98.4));
#6386=CARTESIAN_POINT('Origin',(19.1,-16.4,98.4));
#6387=CARTESIAN_POINT('Origin',(19.1,26.75,48.9999999999999));
#6388=CARTESIAN_POINT('',(19.1,4.125,30.9285484430055));
#6389=CARTESIAN_POINT('Origin',(30.1,22.01,100.5));
#6390=CARTESIAN_POINT('Origin',(19.1,-18.5,30.9285484430055));
#6391=UNCERTAINTY_MEASURE_WITH_UNIT(LENGTH_MEASURE(0.01),#6395,
'DISTANCE_ACCURACY_VALUE',
'Maximum model space distance between geometric entities at asserted c
onnectivities');
#6392=UNCERTAINTY_MEASURE_WITH_UNIT(LENGTH_MEASURE(0.01),#6395,
'DISTANCE_ACCURACY_VALUE',
'Maximum model space distance between geometric entities at asserted c
onnectivities');
#6393=(
GEOMETRIC_REPRESENTATION_CONTEXT(3)
GLOBAL_UNCERTAINTY_ASSIGNED_CONTEXT((#6391))
GLOBAL_UNIT_ASSIGNED_CONTEXT((#6395,#6397,#6398))
REPRESENTATION_CONTEXT('','3D')
);
#6394=(
GEOMETRIC_REPRESENTATION_CONTEXT(3)
GLOBAL_UNCERTAINTY_ASSIGNED_CONTEXT((#6392))
GLOBAL_UNIT_ASSIGNED_CONTEXT((#6395,#6397,#6398))
REPRESENTATION_CONTEXT('','3D')
);
#6395=(
LENGTH_UNIT()
NAMED_UNIT(*)
SI_UNIT(.MILLI.,.METRE.)
);
#6396=(
LENGTH_UNIT()
NAMED_UNIT(*)
SI_UNIT($,.METRE.)
);
#6397=(
NAMED_UNIT(*)
PLANE_ANGLE_UNIT()
SI_UNIT($,.RADIAN.)
);
#6398=(
NAMED_UNIT(*)
SI_UNIT($,.STERADIAN.)
SOLID_ANGLE_UNIT()
);
#6399=SHAPE_DEFINITION_REPRESENTATION(#6400,#6401);
#6400=PRODUCT_DEFINITION_SHAPE('',$,#6403);
#6401=SHAPE_REPRESENTATION('',(#2081),#6393);
#6402=PRODUCT_DEFINITION_CONTEXT('part definition',#6407,'design');
#6403=PRODUCT_DEFINITION('2026-08-10-20-35-06-274','Upper Half',#6404,#6402);
#6404=PRODUCT_DEFINITION_FORMATION('',$,#6409);
#6405=PRODUCT_RELATED_PRODUCT_CATEGORY('Upper Half','Upper Half',(#6409));
#6406=APPLICATION_PROTOCOL_DEFINITION('international standard',
'automotive_design',2009,#6407);
#6407=APPLICATION_CONTEXT(
'Core Data for Automotive Mechanical Design Process');
#6408=PRODUCT_CONTEXT('part definition',#6407,'mechanical');
#6409=PRODUCT('2026-08-10-20-35-06-274','Upper Half',$,(#6408));
#6410=PRESENTATION_STYLE_ASSIGNMENT((#6411));
#6411=SURFACE_STYLE_USAGE(.BOTH.,#6412);
#6412=SURFACE_SIDE_STYLE('',(#6413));
#6413=SURFACE_STYLE_FILL_AREA(#6414);
#6414=FILL_AREA_STYLE('Steel - Satin',(#6415));
#6415=FILL_AREA_STYLE_COLOUR('Steel - Satin',#6416);
#6416=COLOUR_RGB('Steel - Satin',0.627450980392157,0.627450980392157,0.627450980392157);
ENDSEC;
END-ISO-10303-21;
