ISO-10303-21;
HEADER;
/* Generated by software containing ST-Developer
 * from STEP Tools, Inc. (www.steptools.com) 
 */

FILE_DESCRIPTION(
/* description */ (''),
/* implementation_level */ '2;1');

FILE_NAME(
/* name */ 'Jetson v2.2 - Upper Half - Open Design.step',
/* time_stamp */ '2026-08-10T20:28:41-04:00',
/* author */ (''),
/* organization */ (''),
/* preprocessor_version */ 'ST-DEVELOPER v20.1',
/* originating_system */ 'Autodesk Translation Framework v15.8.0.0',
/* authorisation */ '');

FILE_SCHEMA (('AUTOMOTIVE_DESIGN { 1 0 10303 214 3 1 1 }'));
ENDSEC;

DATA;
#10=MECHANICAL_DESIGN_GEOMETRIC_PRESENTATION_REPRESENTATION('',(#13),#9498);
#11=SHAPE_REPRESENTATION_RELATIONSHIP('SRR','None',#9505,#12);
#12=ADVANCED_BREP_SHAPE_REPRESENTATION('',(#14),#9497);
#13=STYLED_ITEM('',(#9514),#14);
#14=MANIFOLD_SOLID_BREP('Body1',#3182);
#15=TOROIDAL_SURFACE('',#3336,10.0832159566199,1.);
#16=TOROIDAL_SURFACE('',#3340,10.0832159566199,1.);
#17=TOROIDAL_SURFACE('',#3343,10.0832159566199,1.);
#18=TOROIDAL_SURFACE('',#3355,10.0832159566199,1.);
#19=TOROIDAL_SURFACE('',#3359,10.0832159566199,1.);
#20=TOROIDAL_SURFACE('',#3362,10.0832159566199,1.);
#21=TOROIDAL_SURFACE('',#3370,8.90000000000001,0.2);
#22=TOROIDAL_SURFACE('',#3382,8.90000000000001,0.2);
#23=TOROIDAL_SURFACE('',#3392,8.9,0.2);
#24=TOROIDAL_SURFACE('',#3396,8.9,0.2);
#25=CONICAL_SURFACE('',#3231,5.425,0.785398163397446);
#26=CONICAL_SURFACE('',#3237,5.425,0.78539816339745);
#27=CONICAL_SURFACE('',#3246,5.425,0.785398163397449);
#28=CONICAL_SURFACE('',#3250,5.425,0.785398163397449);
#29=CONICAL_SURFACE('',#3265,4.575,0.785398163397457);
#30=CONICAL_SURFACE('',#3269,5.425,0.785398163397459);
#31=CONICAL_SURFACE('',#3273,5.425,0.785398163397459);
#32=CONICAL_SURFACE('',#3276,4.575,0.785398163397459);
#33=CONICAL_SURFACE('',#3320,9.87500000000002,0.785398163397446);
#34=CONICAL_SURFACE('',#3322,9.87500000000001,0.785398163397459);
#35=CONICAL_SURFACE('',#3325,9.87500000000005,0.785398163397437);
#36=CONICAL_SURFACE('',#3328,9.87499999999998,0.785398163397445);
#37=(
BOUNDED_CURVE()
B_SPLINE_CURVE(2,(#4863,#4864,#4865),.UNSPECIFIED.,.F.,.F.)
B_SPLINE_CURVE_WITH_KNOTS((3,3),(1.045290401078,1.06244505341023),
 .UNSPECIFIED.)
CURVE()
GEOMETRIC_REPRESENTATION_ITEM()
RATIONAL_B_SPLINE_CURVE((1.02228896992551,1.01132738128014,1.))
REPRESENTATION_ITEM('')
);
#38=(
BOUNDED_CURVE()
B_SPLINE_CURVE(2,(#4892,#4893,#4894,#4895,#4896),.UNSPECIFIED.,.F.,.F.)
B_SPLINE_CURVE_WITH_KNOTS((3,2,3),(-2.88003039751225,-2.87797364296641,
-2.17244225411094),.UNSPECIFIED.)
CURVE()
GEOMETRIC_REPRESENTATION_ITEM()
RATIONAL_B_SPLINE_CURVE((1.00117497701802,1.00058790866012,1.,1.20167113004872,
1.3044634445648))
REPRESENTATION_ITEM('')
);
#39=(
BOUNDED_CURVE()
B_SPLINE_CURVE(2,(#4903,#4904,#4905),.UNSPECIFIED.,.F.,.F.)
B_SPLINE_CURVE_WITH_KNOTS((3,3),(0.0375905167677834,0.213911256723779),
 .UNSPECIFIED.)
CURVE()
GEOMETRIC_REPRESENTATION_ITEM()
RATIONAL_B_SPLINE_CURVE((1.00483798705787,1.01376543847422,1.))
REPRESENTATION_ITEM('')
);
#40=(
BOUNDED_CURVE()
B_SPLINE_CURVE(2,(#4987,#4988,#4989),.UNSPECIFIED.,.F.,.F.)
B_SPLINE_CURVE_WITH_KNOTS((3,3),(5.54569197757928,5.55585763551182),
 .UNSPECIFIED.)
CURVE()
GEOMETRIC_REPRESENTATION_ITEM()
RATIONAL_B_SPLINE_CURVE((3.24855620575183,3.23569881889888,3.22278673948936))
REPRESENTATION_ITEM('')
);
#41=(
BOUNDED_CURVE()
B_SPLINE_CURVE(2,(#5006,#5007,#5008),.UNSPECIFIED.,.F.,.F.)
B_SPLINE_CURVE_WITH_KNOTS((3,3),(-6.27653103472537,-6.26511148240814),
 .UNSPECIFIED.)
CURVE()
GEOMETRIC_REPRESENTATION_ITEM()
RATIONAL_B_SPLINE_CURVE((3.60383589483039,3.61827464582895,3.63265223764618))
REPRESENTATION_ITEM('')
);
#42=B_SPLINE_CURVE_WITH_KNOTS('',3,(#4304,#4305,#4306,#4307,#4308,#4309,
#4310,#4311,#4312,#4313,#4314,#4315,#4316,#4317,#4318,#4319,#4320,#4321,
#4322,#4323,#4324,#4325),.UNSPECIFIED.,.F.,.F.,(4,3,3,3,3,3,3,4),(0.,0.0271987272832607,
0.0543974545665214,0.0815961818497821,0.108794909133043,0.135993636416304,
0.163192363699564,0.190391090982825),.UNSPECIFIED.);
#43=B_SPLINE_CURVE_WITH_KNOTS('',3,(#4329,#4330,#4331,#4332,#4333,#4334,
#4335,#4336,#4337,#4338,#4339,#4340,#4341,#4342,#4343,#4344,#4345,#4346,
#4347,#4348,#4349,#4350),.UNSPECIFIED.,.F.,.F.,(4,3,3,3,3,3,3,4),(0.,0.027198727283309,
0.054397454566618,0.081596181849927,0.108794909133236,0.135993636416545,
0.163192363699854,0.190391090983163),.UNSPECIFIED.);
#44=B_SPLINE_CURVE_WITH_KNOTS('',3,(#4402,#4403,#4404,#4405,#4406,#4407,
#4408,#4409,#4410,#4411,#4412,#4413,#4414,#4415,#4416,#4417,#4418,#4419,
#4420,#4421,#4422,#4423),.UNSPECIFIED.,.F.,.F.,(4,3,3,3,3,3,3,4),(0.,0.0271987272832598,
0.0543974545665196,0.0815961818497793,0.108794909133039,0.135993636416299,
0.163192363699559,0.190391090982818),.UNSPECIFIED.);
#45=B_SPLINE_CURVE_WITH_KNOTS('',3,(#4426,#4427,#4428,#4429,#4430,#4431,
#4432,#4433,#4434,#4435,#4436,#4437),.UNSPECIFIED.,.F.,.F.,(4,2,2,2,2,4),
(-0.144294861598842,-0.143538698471004,-0.0894541042318033,-0.0695206976055657,
-0.0489499431289929,0.),.UNSPECIFIED.);
#46=B_SPLINE_CURVE_WITH_KNOTS('',3,(#4481,#4482,#4483,#4484,#4485,#4486,
#4487,#4488,#4489,#4490,#4491,#4492,#4493,#4494,#4495,#4496,#4497,#4498,
#4499,#4500,#4501,#4502),.UNSPECIFIED.,.F.,.F.,(4,3,3,3,3,3,3,4),(0.,0.027198727283283,
0.0543974545665659,0.0815961818498489,0.108794909133132,0.135993636416415,
0.163192363699698,0.190391090982981),.UNSPECIFIED.);
#47=B_SPLINE_CURVE_WITH_KNOTS('',3,(#4644,#4645,#4646,#4647,#4648,#4649,
#4650,#4651,#4652,#4653),.UNSPECIFIED.,.F.,.F.,(4,1,1,1,1,1,1,4),(0.,0.142857142857143,
0.285714285714286,0.428571428571429,0.571428571428571,0.714285714285714,
0.857142857142857,1.),.UNSPECIFIED.);
#48=B_SPLINE_CURVE_WITH_KNOTS('',3,(#4655,#4656,#4657,#4658,#4659,#4660,
#4661,#4662,#4663,#4664),.UNSPECIFIED.,.F.,.F.,(4,1,1,1,1,1,1,4),(0.,0.142857142857143,
0.285714285714286,0.428571428571429,0.571428571428571,0.714285714285714,
0.857142857142857,1.),.UNSPECIFIED.);
#49=B_SPLINE_CURVE_WITH_KNOTS('',3,(#4665,#4666,#4667,#4668,#4669,#4670,
#4671,#4672,#4673,#4674),.UNSPECIFIED.,.F.,.F.,(4,1,1,1,1,1,1,4),(-1.,-0.857142857142857,
-0.714285714285714,-0.571428571428571,-0.428571428571429,-0.285714285714286,
-0.142857142857143,0.),.UNSPECIFIED.);
#50=B_SPLINE_CURVE_WITH_KNOTS('',3,(#4716,#4717,#4718,#4719,#4720,#4721,
#4722,#4723,#4724,#4725,#4726,#4727,#4728,#4729,#4730,#4731,#4732,#4733,
#4734,#4735,#4736,#4737),.UNSPECIFIED.,.F.,.F.,(4,3,3,3,3,3,3,4),(0.,0.0271987272832538,
0.0543974545665076,0.0815961818497614,0.108794909133015,0.135993636416269,
0.163192363699523,0.190391090982777),.UNSPECIFIED.);
#51=B_SPLINE_CURVE_WITH_KNOTS('',3,(#4781,#4782,#4783,#4784,#4785,#4786,
#4787,#4788,#4789,#4790,#4791,#4792),.UNSPECIFIED.,.F.,.F.,(4,2,2,2,2,4),
(0.,0.0489529062264161,0.0695175671562706,0.0894423684595853,0.117779560448642,
0.159043290759495),.UNSPECIFIED.);
#52=B_SPLINE_CURVE_WITH_KNOTS('',3,(#4836,#4837,#4838,#4839,#4840,#4841,
#4842,#4843,#4844,#4845,#4846,#4847,#4848,#4849,#4850,#4851,#4852,#4853,
#4854,#4855,#4856,#4857),.UNSPECIFIED.,.F.,.F.,(4,3,3,3,3,3,3,4),(0.,0.0271987272832932,
0.0543974545665864,0.0815961818498797,0.108794909133173,0.135993636416466,
0.163192363699759,0.190391090983053),.UNSPECIFIED.);
#53=B_SPLINE_CURVE_WITH_KNOTS('',3,(#4953,#4954,#4955,#4956),
 .UNSPECIFIED.,.F.,.F.,(4,4),(0.,0.459012909164759),.UNSPECIFIED.);
#54=B_SPLINE_CURVE_WITH_KNOTS('',3,(#4983,#4984,#4985,#4986),
 .UNSPECIFIED.,.F.,.F.,(4,4),(0.,0.125397104632668),.UNSPECIFIED.);
#55=B_SPLINE_CURVE_WITH_KNOTS('',3,(#4995,#4996,#4997,#4998),
 .UNSPECIFIED.,.F.,.F.,(4,4),(-0.125130587733631,0.),.UNSPECIFIED.);
#56=B_SPLINE_CURVE_WITH_KNOTS('',3,(#5297,#5298,#5299,#5300,#5301,#5302,
#5303,#5304,#5305,#5306),.UNSPECIFIED.,.F.,.F.,(4,2,2,2,4),(0.,0.00320869707850055,
0.016276541198689,0.0211674316836804,0.0216826685264025),.UNSPECIFIED.);
#57=B_SPLINE_CURVE_WITH_KNOTS('',3,(#5308,#5309,#5310,#5311,#5312,#5313,
#5314,#5315,#5316),.UNSPECIFIED.,.F.,.F.,(4,1,1,1,1,1,4),(8.10577596666966E-15,
0.0180841950320739,0.0361683900641398,0.0542525850962056,0.0723367801282714,
0.108505170192403,0.126589365224469),.UNSPECIFIED.);
#58=B_SPLINE_CURVE_WITH_KNOTS('',3,(#5319,#5320,#5321,#5322,#5323,#5324,
#5325),.UNSPECIFIED.,.F.,.F.,(4,1,1,1,4),(-0.126589365224469,-0.108505170192403,
-0.0723367801282714,-0.0542525850962056,-0.0521525399246924),
 .UNSPECIFIED.);
#59=B_SPLINE_CURVE_WITH_KNOTS('',3,(#5369,#5370,#5371,#5372,#5373,#5374,
#5375,#5376),.UNSPECIFIED.,.F.,.F.,(4,1,2,1,4),(-0.496477697015693,-0.391760332483556,
-0.234684285685349,-0.0938737142741421,-4.061580761263E-15),
 .UNSPECIFIED.);
#60=B_SPLINE_CURVE_WITH_KNOTS('',3,(#5377,#5378,#5379,#5380,#5381,#5382,
#5383,#5384),.UNSPECIFIED.,.F.,.F.,(4,1,2,1,4),(4.061580761263E-15,0.0938737142741421,
0.234684285685349,0.391760332483556,0.496477697015693),.UNSPECIFIED.);
#61=B_SPLINE_CURVE_WITH_KNOTS('',3,(#5408,#5409,#5410,#5411),
 .UNSPECIFIED.,.F.,.F.,(4,4),(-0.263715907357105,-9.03076013280447E-12),
 .UNSPECIFIED.);
#62=B_SPLINE_CURVE_WITH_KNOTS('',3,(#5412,#5413,#5414,#5415),
 .UNSPECIFIED.,.F.,.F.,(4,4),(9.03076013280447E-12,0.263715907357105),
 .UNSPECIFIED.);
#63=B_SPLINE_CURVE_WITH_KNOTS('',3,(#5454,#5455,#5456,#5457),
 .UNSPECIFIED.,.F.,.F.,(4,4),(-0.263737678256464,0.),.UNSPECIFIED.);
#64=B_SPLINE_CURVE_WITH_KNOTS('',3,(#5458,#5459,#5460,#5461),
 .UNSPECIFIED.,.F.,.F.,(4,4),(0.,0.263737678256464),.UNSPECIFIED.);
#65=B_SPLINE_CURVE_WITH_KNOTS('',3,(#5500,#5501,#5502,#5503,#5504,#5505,
#5506,#5507,#5508,#5509,#5510,#5511),.UNSPECIFIED.,.F.,.F.,(4,2,2,2,2,4),
(-0.00188569958339248,0.,0.0140099571169142,0.032533672286113,0.0383695591132006,
0.0432860518381306),.UNSPECIFIED.);
#66=B_SPLINE_CURVE_WITH_KNOTS('',3,(#5513,#5514,#5515,#5516,#5517,#5518,
#5519),.UNSPECIFIED.,.F.,.F.,(4,1,1,1,4),(0.0521524542425461,0.054252286786114,
0.0723363823814836,0.108504573572223,0.126588669167592),.UNSPECIFIED.);
#67=B_SPLINE_CURVE_WITH_KNOTS('',3,(#5522,#5523,#5524,#5525,#5526,#5527,
#5528,#5529,#5530),.UNSPECIFIED.,.F.,.F.,(4,1,1,1,1,1,4),(-0.126588669167592,
-0.108504573572223,-0.0723363823814836,-0.054252286786114,-0.0361681911907444,
-0.0180840955953748,-5.15450395592468E-15),.UNSPECIFIED.);
#68=B_SPLINE_CURVE_WITH_KNOTS('',3,(#5571,#5572,#5573,#5574,#5575,#5576,
#5577,#5578),.UNSPECIFIED.,.F.,.F.,(4,2,1,1,4),(-0.49647191446035,-0.453059629872555,
-0.317141740910788,-0.181223851949022,0.),.UNSPECIFIED.);
#69=B_SPLINE_CURVE_WITH_KNOTS('',3,(#5579,#5580,#5581,#5582,#5583,#5584,
#5585,#5586),.UNSPECIFIED.,.F.,.F.,(4,1,1,2,4),(0.,0.181223851949022,0.317141740910788,
0.453059629872555,0.49647191446035),.UNSPECIFIED.);
#70=B_SPLINE_CURVE_WITH_KNOTS('',3,(#5634,#5635,#5636,#5637),
 .UNSPECIFIED.,.F.,.F.,(4,4),(-0.263737678257868,0.),.UNSPECIFIED.);
#71=B_SPLINE_CURVE_WITH_KNOTS('',3,(#5639,#5640,#5641,#5642,#5643,#5644,
#5645,#5646),.UNSPECIFIED.,.F.,.F.,(4,2,1,1,4),(-0.496471914460311,-0.453059631437463,
-0.317141742006224,-0.181223852574985,0.),.UNSPECIFIED.);
#72=B_SPLINE_CURVE_WITH_KNOTS('',3,(#5648,#5649,#5650,#5651,#5652,#5653,
#5654),.UNSPECIFIED.,.F.,.F.,(4,1,1,1,4),(0.0522241354334423,0.0542522867861102,
0.0723363823814903,0.0904204779768704,0.126588669167631),.UNSPECIFIED.);
#73=B_SPLINE_CURVE_WITH_KNOTS('',3,(#5656,#5657,#5658,#5659),
 .UNSPECIFIED.,.F.,.F.,(4,4),(0.209633902867104,0.243768148375685),
 .UNSPECIFIED.);
#74=B_SPLINE_CURVE_WITH_KNOTS('',3,(#5661,#5662,#5663,#5664),
 .UNSPECIFIED.,.F.,.F.,(4,4),(-0.0128404095464128,0.),.UNSPECIFIED.);
#75=B_SPLINE_CURVE_WITH_KNOTS('',3,(#5666,#5667,#5668,#5669,#5670,#5671,
#5672,#5673,#5674,#5675,#5676,#5677,#5678,#5679,#5680,#5681,#5682,#5683,
#5684,#5685,#5686,#5687,#5688,#5689,#5690,#5691,#5692,#5693,#5694,#5695,
#5696,#5697,#5698,#5699,#5700,#5701,#5702,#5703,#5704,#5705,#5706,#5707,
#5708,#5709,#5710,#5711,#5712,#5713,#5714,#5715,#5716,#5717,#5718,#5719,
#5720,#5721,#5722,#5723,#5724,#5725,#5726,#5727,#5728,#5729,#5730,#5731,
#5732,#5733,#5734,#5735,#5736,#5737,#5738,#5739,#5740,#5741,#5742,#5743,
#5744,#5745,#5746,#5747,#5748,#5749,#5750,#5751,#5752,#5753,#5754,#5755,
#5756),.UNSPECIFIED.,.F.,.F.,(4,3,3,3,3,3,3,3,3,3,3,3,3,3,3,3,3,3,3,3,3,
3,3,3,3,3,3,3,3,3,4),(-0.0296307771460403,-0.0151567965023271,-0.00499781205086685,
-0.00164247897773063,-0.000539662759293199,-0.000478137978298621,-0.000425905479551232,
-0.000329014037726703,-0.000208047946138902,-0.000108270570807856,-6.97944336226681E-5,
-5.47146763133085E-5,-4.76943275016301E-5,-4.43169022560743E-5,-4.2669506880447E-5,
-4.18475998376189E-5,-4.09528346329892E-5,-1.65912449638446E-5,-1.49721431850879E-5,
-1.4098478455522E-5,-1.32729943231211E-5,-1.19691550999779E-5,-1.07098908198707E-5,
-9.43014951482729E-6,-6.72287052122527E-6,-5.33314005313677E-6,-3.94272817277799E-6,
-2.61921145288887E-6,-1.11869208205285E-6,6.93889390390723E-18,1.29557090165521E-6),
 .UNSPECIFIED.);
#76=B_SPLINE_CURVE_WITH_KNOTS('',3,(#5758,#5759,#5760,#5761,#5762,#5763,
#5764,#5765,#5766,#5767,#5768,#5769,#5770,#5771,#5772,#5773,#5774,#5775,
#5776,#5777,#5778,#5779,#5780,#5781,#5782,#5783,#5784,#5785,#5786,#5787,
#5788,#5789,#5790,#5791,#5792,#5793,#5794,#5795,#5796,#5797,#5798,#5799,
#5800,#5801,#5802,#5803,#5804,#5805,#5806,#5807,#5808,#5809,#5810,#5811,
#5812,#5813,#5814,#5815,#5816,#5817,#5818,#5819,#5820,#5821,#5822,#5823,
#5824,#5825,#5826,#5827,#5828,#5829,#5830,#5831,#5832,#5833,#5834,#5835,
#5836,#5837,#5838,#5839,#5840,#5841,#5842,#5843,#5844,#5845,#5846,#5847,
#5848,#5849,#5850,#5851,#5852,#5853,#5854,#5855,#5856,#5857,#5858,#5859,
#5860,#5861,#5862,#5863,#5864,#5865,#5866,#5867,#5868,#5869,#5870,#5871,
#5872,#5873,#5874,#5875,#5876,#5877,#5878,#5879,#5880,#5881,#5882,#5883,
#5884,#5885,#5886,#5887,#5888,#5889,#5890,#5891,#5892,#5893,#5894,#5895,
#5896,#5897,#5898,#5899,#5900,#5901,#5902,#5903,#5904,#5905,#5906,#5907,
#5908,#5909,#5910,#5911,#5912,#5913,#5914,#5915,#5916,#5917,#5918,#5919,
#5920,#5921,#5922,#5923,#5924,#5925,#5926,#5927,#5928,#5929,#5930,#5931,
#5932,#5933,#5934,#5935,#5936,#5937,#5938,#5939,#5940,#5941,#5942,#5943,
#5944,#5945,#5946,#5947,#5948,#5949,#5950,#5951,#5952,#5953,#5954,#5955,
#5956),.UNSPECIFIED.,.F.,.F.,(4,3,3,3,3,3,3,3,3,3,3,3,3,3,3,3,3,3,3,3,3,
3,3,3,3,3,3,3,3,3,3,3,3,3,3,3,3,3,3,3,3,3,3,3,3,3,3,3,3,3,3,3,3,3,3,3,3,
3,3,3,3,3,3,3,3,3,4),(-5.89906131593612,-5.71139421070197,-5.54935377348979,
-5.54934119493969,-5.36590422756908,-5.16069359481816,-5.0298218320756,
-4.90124840088826,-4.74673702159356,-4.58771359091766,-4.56685690669451,
-4.40398739953237,-4.23551644426421,-4.21052436397148,-4.03326394338134,
-3.93656091577139,-3.93655143944583,-3.87457841753453,-3.81212121992631,
-3.76530127735379,-3.70367310043774,-3.64426311468531,-3.59407689680853,
-3.59403590093713,-3.56810578590098,-3.54537805764029,-3.52104153524858,
-3.49867605283625,-3.49670501285687,-3.47363050559243,-3.4675015160545,
-3.44756925139084,-3.44063779580793,-3.42854982896996,-3.41975581865772,
-3.40923891296554,-3.40738393820391,-3.39534473073223,-3.39236150606936,
-3.38952596833128,-3.36813696420419,-3.34110039528463,-3.3274696086378,
-3.32741307694861,-3.29996593940606,-3.27084768508395,-3.23747954612839,
-3.22527654243588,-3.22521930189499,-3.12647794759554,-3.00772950848252,
-2.97997778280686,-2.86309067732909,-2.80395180440428,-2.80392313811872,
-2.56792761049499,-2.30638523810045,-2.26104623924133,-2.02207793536269,
-1.88730304453374,-1.88729640321453,-1.6847817792103,-1.57120833674014,
-1.40542595574084,-1.25524045289622,-1.06919838641408,-0.938147670061576),
 .UNSPECIFIED.);
#77=B_SPLINE_CURVE_WITH_KNOTS('',3,(#5958,#5959,#5960,#5961,#5962,#5963,
#5964,#5965,#5966,#5967,#5968,#5969,#5970,#5971,#5972,#5973,#5974,#5975,
#5976,#5977,#5978,#5979,#5980,#5981,#5982,#5983,#5984,#5985,#5986,#5987,
#5988,#5989,#5990,#5991,#5992,#5993,#5994,#5995,#5996,#5997,#5998,#5999,
#6000,#6001,#6002,#6003),.UNSPECIFIED.,.F.,.F.,(4,3,3,3,3,3,3,3,3,3,3,3,
3,3,3,4),(-0.0103523529421413,-0.0103515501272341,-0.0103361025019833,-0.0103334983447745,
-0.0103020164834929,-0.010279720380987,-0.0102735802932448,-0.0102670887392556,
-0.010252794774161,-0.0102418038313086,-0.010021713380089,-0.00949019763071378,
-0.00935833794135462,-0.00876304117942747,-0.00816019275182528,-0.00755734432422309),
 .UNSPECIFIED.);
#78=B_SPLINE_CURVE_WITH_KNOTS('',3,(#6005,#6006,#6007,#6008),
 .UNSPECIFIED.,.F.,.F.,(4,4),(-0.0128254684312081,1.73472347597681E-18),
 .UNSPECIFIED.);
#79=B_SPLINE_CURVE_WITH_KNOTS('',3,(#6010,#6011,#6012,#6013),
 .UNSPECIFIED.,.F.,.F.,(4,4),(0.237756963390932,0.271891517072331),
 .UNSPECIFIED.);
#80=B_SPLINE_CURVE_WITH_KNOTS('',3,(#6015,#6016,#6017,#6018,#6019,#6020,
#6021),.UNSPECIFIED.,.F.,.F.,(4,1,1,1,4),(-0.126589365224548,-0.108505170192456,
-0.0723367801282734,-0.054252585096182,-0.0521523246648547),
 .UNSPECIFIED.);
#81=B_SPLINE_CURVE_WITH_KNOTS('',3,(#6023,#6024,#6025,#6026,#6027,#6028,
#6029,#6030),.UNSPECIFIED.,.F.,.F.,(4,1,2,1,4),(-0.496477697015536,-0.391760330054288,
-0.234684279612415,-0.0938737118449662,0.),.UNSPECIFIED.);
#82=B_SPLINE_CURVE_WITH_KNOTS('',3,(#6032,#6033,#6034,#6035),
 .UNSPECIFIED.,.F.,.F.,(4,4),(-0.263715907357124,-9.03562448313491E-12),
 .UNSPECIFIED.);
#83=B_SPLINE_CURVE_WITH_KNOTS('',3,(#6039,#6040,#6041,#6042),
 .UNSPECIFIED.,.F.,.F.,(4,4),(0.0513367181956377,0.570951040936241),
 .UNSPECIFIED.);
#84=B_SPLINE_CURVE_WITH_KNOTS('',3,(#6044,#6045,#6046,#6047,#6048,#6049,
#6050,#6051,#6052,#6053,#6054,#6055,#6056,#6057,#6058,#6059,#6060,#6061,
#6062,#6063,#6064,#6065,#6066,#6067,#6068,#6069,#6070,#6071,#6072,#6073,
#6074,#6075,#6076,#6077,#6078,#6079,#6080,#6081,#6082,#6083,#6084,#6085,
#6086,#6087,#6088,#6089),.UNSPECIFIED.,.F.,.F.,(4,3,3,3,3,3,3,3,3,3,3,3,
3,3,3,4),(1.88441538929975,1.89514821116333,1.9116142866225,1.94126210683459,
1.9485580984812,1.9817386242443,1.99802179967492,2.04922524980759,2.06989822130718,
2.10643490300376,2.14001438353426,2.15172950260725,2.18289254576259,2.21385638807887,
2.24039776378193,2.25186537792995),.UNSPECIFIED.);
#85=B_SPLINE_CURVE_WITH_KNOTS('',3,(#6091,#6092,#6093,#6094,#6095,#6096,
#6097,#6098,#6099,#6100),.UNSPECIFIED.,.F.,.F.,(4,2,2,2,4),(0.,0.664166467944416,
1.24039715775988,1.83127068903635,2.32214130684194),.UNSPECIFIED.);
#86=B_SPLINE_CURVE_WITH_KNOTS('',3,(#6104,#6105,#6106,#6107,#6108,#6109,
#6110,#6111,#6112,#6113),.UNSPECIFIED.,.F.,.F.,(4,2,2,2,4),(0.0527415076665837,
0.569146611660454,1.09135835287578,1.52751941698275,2.05279062289026),
 .UNSPECIFIED.);
#87=B_SPLINE_CURVE_WITH_KNOTS('',3,(#6114,#6115,#6116,#6117,#6118,#6119,
#6120,#6121,#6122,#6123,#6124,#6125,#6126,#6127,#6128,#6129,#6130,#6131,
#6132,#6133,#6134,#6135,#6136,#6137,#6138,#6139,#6140,#6141,#6142,#6143,
#6144,#6145,#6146,#6147,#6148,#6149,#6150,#6151,#6152,#6153,#6154,#6155,
#6156),.UNSPECIFIED.,.F.,.F.,(4,3,3,3,3,3,3,3,3,3,3,3,3,3,4),(0.513414269260092,
0.544377854153497,0.575253493509154,0.598586537023875,0.63142561669885,
0.666562204183033,0.69243815149352,0.753509508635191,0.770058166479571,
0.803119789387636,0.83388805011494,0.840645657897398,0.863170079602777,
0.876589667812928,0.880988540166293),.UNSPECIFIED.);
#88=B_SPLINE_CURVE_WITH_KNOTS('',3,(#6158,#6159,#6160,#6161),
 .UNSPECIFIED.,.F.,.F.,(4,4),(0.209633902867096,0.243768148375653),
 .UNSPECIFIED.);
#89=B_SPLINE_CURVE_WITH_KNOTS('',3,(#6163,#6164,#6165,#6166),
 .UNSPECIFIED.,.F.,.F.,(4,4),(-0.0128404095465492,1.73472347597681E-18),
 .UNSPECIFIED.);
#90=B_SPLINE_CURVE_WITH_KNOTS('',3,(#6168,#6169,#6170,#6171,#6172,#6173,
#6174,#6175,#6176,#6177,#6178,#6179,#6180,#6181,#6182,#6183,#6184,#6185,
#6186,#6187,#6188,#6189,#6190,#6191,#6192,#6193,#6194,#6195,#6196,#6197,
#6198,#6199,#6200,#6201),.UNSPECIFIED.,.F.,.F.,(4,3,3,3,3,3,3,3,3,3,3,4),
(-0.0431472094792596,-0.022018256827535,-0.00721243063929827,-0.00230896157489961,
-0.00069998747922283,-0.000610202030462329,-0.000533998602048505,-0.000392653146010752,
-0.000216220421507515,-7.05661678896649E-5,0.,6.47327102335144E-5),
 .UNSPECIFIED.);
#91=B_SPLINE_CURVE_WITH_KNOTS('',3,(#6203,#6204,#6205,#6206,#6207,#6208,
#6209,#6210,#6211,#6212,#6213,#6214,#6215,#6216,#6217,#6218,#6219,#6220,
#6221,#6222,#6223,#6224,#6225,#6226,#6227,#6228,#6229,#6230,#6231,#6232,
#6233,#6234,#6235,#6236,#6237,#6238,#6239,#6240,#6241,#6242,#6243,#6244,
#6245,#6246,#6247,#6248,#6249,#6250,#6251,#6252,#6253,#6254,#6255,#6256,
#6257,#6258,#6259,#6260,#6261,#6262,#6263,#6264,#6265,#6266,#6267,#6268,
#6269,#6270,#6271,#6272,#6273,#6274,#6275,#6276,#6277,#6278,#6279,#6280,
#6281,#6282,#6283,#6284,#6285,#6286,#6287,#6288,#6289,#6290,#6291,#6292,
#6293,#6294,#6295,#6296,#6297,#6298,#6299,#6300,#6301,#6302,#6303,#6304,
#6305,#6306,#6307,#6308,#6309,#6310,#6311,#6312,#6313,#6314,#6315,#6316,
#6317,#6318,#6319,#6320,#6321,#6322,#6323,#6324,#6325,#6326,#6327,#6328,
#6329,#6330,#6331,#6332,#6333,#6334,#6335,#6336,#6337,#6338,#6339,#6340,
#6341,#6342,#6343,#6344,#6345,#6346,#6347,#6348,#6349,#6350,#6351,#6352,
#6353,#6354,#6355,#6356,#6357,#6358,#6359,#6360,#6361,#6362,#6363,#6364,
#6365,#6366,#6367,#6368,#6369,#6370,#6371,#6372,#6373,#6374,#6375,#6376,
#6377,#6378,#6379,#6380,#6381,#6382,#6383,#6384,#6385,#6386,#6387,#6388,
#6389,#6390,#6391,#6392,#6393,#6394,#6395,#6396,#6397,#6398,#6399,#6400,
#6401),.UNSPECIFIED.,.F.,.F.,(4,3,3,3,3,3,3,3,3,3,3,3,3,3,3,3,3,3,3,3,3,
3,3,3,3,3,3,3,3,3,3,3,3,3,3,3,3,3,3,3,3,3,3,3,3,3,3,3,3,3,3,3,3,3,3,3,3,
3,3,3,3,3,3,3,3,3,4),(-5.89906131593556,-5.71120502005658,-5.5493537664132,
-5.54934156477321,-5.36614464143361,-5.16107463944842,-5.02982148668535,
-4.90124839031169,-4.74620061305638,-4.58659471708493,-4.56685536948454,
-4.40333589564143,-4.23408371833298,-4.21052103377179,-4.03235383375213,
-3.93655634896258,-3.93655143936654,-3.87456796447382,-3.81209968807888,
-3.76529662579827,-3.70366476727065,-3.64425314458457,-3.59407314784321,
-3.59403590092154,-3.56824860669901,-3.54537486183288,-3.52103993734112,
-3.49875468893663,-3.49670501284936,-3.47369226441581,-3.46750053626189,
-3.44759297005825,-3.44063779580712,-3.42855068215309,-3.41975726921784,
-3.40924331817997,-3.40738393820331,-3.39539699085714,-3.39236150606803,
-3.38952853750449,-3.36820916628824,-3.34181001919644,-3.3274696086341,
-3.32741655742343,-3.29990317577381,-3.27069826152559,-3.23717441817239,
-3.22527774177532,-3.22521930188525,-3.12647695751893,-3.00563160842394,
-2.97997482012395,-2.86091061283556,-2.80394783529123,-2.80392313806444,
-2.56792351686568,-2.30515153543364,-2.261043351914,-2.02129498649298,-1.88730265200137,
-1.88729640473705,-1.68497002230938,-1.57121046150574,-1.40528550489279,
-1.25524045391862,-1.06919932691775,-0.938147670061541),.UNSPECIFIED.);
#92=B_SPLINE_CURVE_WITH_KNOTS('',3,(#6403,#6404,#6405,#6406,#6407,#6408,
#6409,#6410,#6411,#6412,#6413,#6414,#6415,#6416,#6417,#6418,#6419,#6420,
#6421,#6422,#6423,#6424,#6425,#6426,#6427,#6428,#6429,#6430,#6431,#6432,
#6433,#6434,#6435,#6436,#6437,#6438,#6439,#6440,#6441,#6442,#6443,#6444,
#6445,#6446,#6447,#6448),.UNSPECIFIED.,.F.,.F.,(4,3,3,3,3,3,3,3,3,3,3,3,
3,3,3,4),(-0.0103495490280901,-0.0103492735506642,-0.0103419959684638,-0.0103335026968365,
-0.0103020184420727,-0.0102797209091553,-0.010273580611346,-0.0102670886393029,
-0.0102527948024194,-0.0102418038422298,-0.0100217133847495,-0.00949019800070871,
-0.00935833794408173,-0.00876304087715568,-0.00816019260138328,-0.00755734432561088),
 .UNSPECIFIED.);
#93=B_SPLINE_CURVE_WITH_KNOTS('',3,(#6450,#6451,#6452,#6453),
 .UNSPECIFIED.,.F.,.F.,(4,4),(-0.0128254684313265,0.),.UNSPECIFIED.);
#94=B_SPLINE_CURVE_WITH_KNOTS('',3,(#6454,#6455,#6456,#6457),
 .UNSPECIFIED.,.F.,.F.,(4,4),(0.237810974383865,0.271945528065246),
 .UNSPECIFIED.);
#95=B_SPLINE_CURVE_WITH_KNOTS('',3,(#6495,#6496,#6497,#6498,#6499,#6500,
#6501,#6502,#6503,#6504),.UNSPECIFIED.,.F.,.F.,(4,2,2,2,4),(0.,0.00320909651564386,
0.0162766954202836,0.0211679610318529,0.0216831853978563),.UNSPECIFIED.);
#96=B_SPLINE_CURVE_WITH_KNOTS('',3,(#6506,#6507,#6508,#6509,#6510,#6511,
#6512,#6513,#6514),.UNSPECIFIED.,.F.,.F.,(4,1,1,1,1,1,4),(-9.23533656093006E-14,
0.0180841950319991,0.0361683900640905,0.054252585096182,0.0723367801282734,
0.108505170192456,0.126589365224548),.UNSPECIFIED.);
#97=B_SPLINE_CURVE_WITH_KNOTS('',3,(#6558,#6559,#6560,#6561,#6562,#6563,
#6564,#6565),.UNSPECIFIED.,.F.,.F.,(4,1,2,1,4),(0.,0.0938737118449662,0.234684279612415,
0.391760330054288,0.496477697015536),.UNSPECIFIED.);
#98=B_SPLINE_CURVE_WITH_KNOTS('',3,(#6588,#6589,#6590,#6591),
 .UNSPECIFIED.,.F.,.F.,(4,4),(9.03562448313491E-12,0.263715907357124),
 .UNSPECIFIED.);
#99=B_SPLINE_CURVE_WITH_KNOTS('',3,(#6627,#6628,#6629,#6630),
 .UNSPECIFIED.,.F.,.F.,(4,4),(0.,0.263737678257868),.UNSPECIFIED.);
#100=B_SPLINE_CURVE_WITH_KNOTS('',3,(#6668,#6669,#6670,#6671,#6672,#6673,
#6674,#6675,#6676,#6677,#6678,#6679),.UNSPECIFIED.,.F.,.F.,(4,2,2,2,2,4),
(-0.00188559657330929,0.,0.0140111335873937,0.0325344851759962,0.0383705764907191,
0.0432872419877541),.UNSPECIFIED.);
#101=B_SPLINE_CURVE_WITH_KNOTS('',3,(#6682,#6683,#6684,#6685,#6686,#6687,
#6688,#6689,#6690),.UNSPECIFIED.,.F.,.F.,(4,1,1,1,1,1,4),(-0.126588669167631,
-0.0904204779768704,-0.0723363823814903,-0.0542522867861102,-0.03616819119073,
-0.0180840955953499,3.02355384105979E-14),.UNSPECIFIED.);
#102=B_SPLINE_CURVE_WITH_KNOTS('',3,(#6731,#6732,#6733,#6734,#6735,#6736,
#6737,#6738),.UNSPECIFIED.,.F.,.F.,(4,1,1,2,4),(0.,0.181223852574985,0.317141742006224,
0.453059631437463,0.496471914460311),.UNSPECIFIED.);
#103=B_SPLINE_CURVE_WITH_KNOTS('',3,(#6779,#6780,#6781,#6782,#6783,#6784,
#6785),.UNSPECIFIED.,.F.,.F.,(4,1,1,1,4),(0.0948452872039527,0.219971457175169,
0.345097627146384,0.480607718822003,0.616117810497622),.UNSPECIFIED.);
#104=B_SPLINE_CURVE_WITH_KNOTS('',3,(#6832,#6833,#6834,#6835,#6836,#6837,
#6838,#6839),.UNSPECIFIED.,.F.,.F.,(4,1,1,1,1,4),(0.,0.118260609558006,
0.236521219116013,0.354781828674019,0.473042438232026,0.521046307913779),
 .UNSPECIFIED.);
#105=B_SPLINE_CURVE_WITH_KNOTS('',3,(#6857,#6858,#6859,#6860),
 .UNSPECIFIED.,.F.,.F.,(4,4),(0.145886349320082,0.183327859853932),
 .UNSPECIFIED.);
#106=B_SPLINE_CURVE_WITH_KNOTS('',3,(#6877,#6878,#6879,#6880),
 .UNSPECIFIED.,.F.,.F.,(4,4),(6.17845575352596E-16,0.0374331400055782),
 .UNSPECIFIED.);
#107=B_SPLINE_CURVE_WITH_KNOTS('',3,(#6907,#6908,#6909,#6910,#6911,#6912),
 .UNSPECIFIED.,.F.,.F.,(4,2,4),(-0.0437145788886208,0.,0.00097583412199426),
 .UNSPECIFIED.);
#108=B_SPLINE_CURVE_WITH_KNOTS('',3,(#6974,#6975,#6976,#6977,#6978,#6979,
#6980,#6981,#6982,#6983,#6984,#6985),.UNSPECIFIED.,.F.,.F.,(4,1,1,2,1,1,
1,1,4),(0.0568609324611038,0.0861302930068545,0.128074697701352,0.211963507090347,
0.270019974430537,0.444189376451109,0.560302311131491,0.676415245811872,
0.708536286177357),.UNSPECIFIED.);
#109=B_SPLINE_CURVE_WITH_KNOTS('',3,(#6988,#6989,#6990,#6991,#6992,#6993,
#6994,#6995,#6996,#6997,#6998,#6999),.UNSPECIFIED.,.F.,.F.,(4,1,1,1,1,2,
1,1,4),(-0.708536286177357,-0.676415245811872,-0.560302311131491,-0.444189376451109,
-0.270019974430537,-0.211963507090347,-0.128074697701352,-0.0861302930068545,
-0.044185888312357),.UNSPECIFIED.);
#110=B_SPLINE_CURVE_WITH_KNOTS('',3,(#7002,#7003,#7004,#7005,#7006,#7007,
#7008,#7009,#7010,#7011,#7012),.UNSPECIFIED.,.F.,.F.,(4,1,2,1,1,1,1,4),
(0.,0.119352248815743,0.298380622039359,0.44483965838417,0.518069176556576,
0.591298694728982,0.609606074272083,0.65184744220911),.UNSPECIFIED.);
#111=B_SPLINE_CURVE_WITH_KNOTS('',3,(#7018,#7019,#7020,#7021,#7022,#7023,
#7024,#7025,#7026,#7027,#7028,#7029,#7030,#7031,#7032,#7033,#7034,#7035,
#7036,#7037,#7038,#7039,#7040,#7041,#7042,#7043,#7044,#7045,#7046,#7047,
#7048,#7049,#7050,#7051,#7052,#7053,#7054),.UNSPECIFIED.,.F.,.F.,(4,3,3,
3,3,3,3,3,3,3,3,3,4),(-2.56394856715955,-2.46555721093954,-2.27215822257524,
-2.08708051968867,-1.89188844150936,-1.795684318317,-1.7314133871302,-1.67097407313429,
-1.59267392023668,-1.44722248497368,-1.23095148812485,-1.00749435734078,
-0.83351276347476),.UNSPECIFIED.);
#112=B_SPLINE_CURVE_WITH_KNOTS('',3,(#7094,#7095,#7096,#7097,#7098,#7099,
#7100),.UNSPECIFIED.,.F.,.F.,(4,1,1,1,4),(0.0948452872039621,0.219971453933339,
0.345097620662716,0.480607715576852,0.616117810490989),.UNSPECIFIED.);
#113=B_SPLINE_CURVE_WITH_KNOTS('',3,(#7147,#7148,#7149,#7150,#7151,#7152,
#7153,#7154),.UNSPECIFIED.,.F.,.F.,(4,1,1,1,1,4),(0.,0.118260609982222,
0.236521219964445,0.354781829946667,0.473042439928889,0.521046307912419),
 .UNSPECIFIED.);
#114=B_SPLINE_CURVE_WITH_KNOTS('',3,(#7172,#7173,#7174,#7175),
 .UNSPECIFIED.,.F.,.F.,(4,4),(0.145886349320165,0.183327859853955),
 .UNSPECIFIED.);
#115=B_SPLINE_CURVE_WITH_KNOTS('',3,(#7192,#7193,#7194,#7195),
 .UNSPECIFIED.,.F.,.F.,(4,4),(2.28598323898258E-15,0.0374331400055772),
 .UNSPECIFIED.);
#116=B_SPLINE_CURVE_WITH_KNOTS('',3,(#7222,#7223,#7224,#7225,#7226,#7227),
 .UNSPECIFIED.,.F.,.F.,(4,2,4),(-0.0437175666996707,0.,0.000975834276430002),
 .UNSPECIFIED.);
#117=B_SPLINE_CURVE_WITH_KNOTS('',3,(#7289,#7290,#7291,#7292,#7293,#7294,
#7295,#7296,#7297,#7298,#7299,#7300),.UNSPECIFIED.,.F.,.F.,(4,1,1,2,1,1,
1,1,4),(0.0568609324611158,0.0861302925920943,0.12807469687174,0.211963505431032,
0.270019972819287,0.444189374984054,0.560302309760564,0.676415244537075,
0.708536286180112),.UNSPECIFIED.);
#118=B_SPLINE_CURVE_WITH_KNOTS('',3,(#7303,#7304,#7305,#7306,#7307,#7308,
#7309,#7310,#7311,#7312,#7313,#7314),.UNSPECIFIED.,.F.,.F.,(4,1,1,1,1,2,
1,1,4),(-0.708536286180112,-0.676415244537075,-0.560302309760564,-0.444189374984054,
-0.270019972819287,-0.211963505431032,-0.12807469687174,-0.0861302925920943,
-0.0441858883124484),.UNSPECIFIED.);
#119=B_SPLINE_CURVE_WITH_KNOTS('',3,(#7317,#7318,#7319,#7320,#7321,#7322,
#7323,#7324,#7325,#7326),.UNSPECIFIED.,.F.,.F.,(4,1,2,1,1,1,4),(0.,0.119352251349136,
0.298380628372841,0.444839662180944,0.518069179084996,0.591298695989047,
0.6518474422008),.UNSPECIFIED.);
#120=B_SPLINE_CURVE_WITH_KNOTS('',3,(#7332,#7333,#7334,#7335,#7336,#7337,
#7338,#7339,#7340,#7341,#7342,#7343,#7344,#7345,#7346,#7347,#7348,#7349,
#7350,#7351,#7352,#7353,#7354,#7355,#7356,#7357,#7358,#7359,#7360,#7361,
#7362,#7363,#7364,#7365,#7366,#7367,#7368),.UNSPECIFIED.,.F.,.F.,(4,3,3,
3,3,3,3,3,3,3,3,3,4),(-2.56394856715821,-2.46555721109883,-2.27215822305033,
-2.08708052046595,-1.89188844260535,-1.79568431957006,-1.73141338848817,
-1.67097407459095,-1.59267392182118,-1.44722248679566,-1.23095149029994,
-1.00749435988067,-0.833512766298691),.UNSPECIFIED.);
#121=B_SPLINE_CURVE_WITH_KNOTS('',3,(#7431,#7432,#7433,#7434,#7435,#7436,
#7437,#7438,#7439,#7440,#7441),.UNSPECIFIED.,.F.,.F.,(4,1,1,1,1,2,1,4),
(-0.664528212901387,-0.609606074272083,-0.591298694728982,-0.518069176556576,
-0.44483965838417,-0.298380622039359,-0.119352248815743,0.),
 .UNSPECIFIED.);
#122=B_SPLINE_CURVE_WITH_KNOTS('',3,(#7466,#7467,#7468,#7469,#7470,#7471),
 .UNSPECIFIED.,.F.,.F.,(4,2,4),(-0.124323300184416,-0.122906551430091,-0.079629873401951),
 .UNSPECIFIED.);
#123=B_SPLINE_CURVE_WITH_KNOTS('',3,(#7672,#7673,#7674,#7675,#7676,#7677,
#7678,#7679,#7680,#7681,#7682,#7683,#7684,#7685,#7686,#7687,#7688,#7689,
#7690,#7691,#7692,#7693),.UNSPECIFIED.,.F.,.F.,(4,1,1,1,1,1,1,1,1,1,1,1,
1,1,1,1,1,1,1,4),(1.60301550199097,1.88729640473705,2.26105457366437,2.56789332745571,
2.80392313806444,2.97994668704589,3.1264251046206,3.22521930188525,3.3274696086341,
3.38960147888436,3.42854989799968,3.46749831711501,3.54536759945749,3.59403590092154,
3.765296527572,3.93655143936654,4.21056387012254,4.56678003010534,5.02986103808297,
5.23419010667118),.UNSPECIFIED.);
#124=B_SPLINE_CURVE_WITH_KNOTS('',3,(#7750,#7751,#7752,#7753,#7754,#7755,
#7756,#7757,#7758,#7759),.UNSPECIFIED.,.F.,.F.,(4,1,1,1,2,1,4),(-0.664528212893099,
-0.591298695989047,-0.518069179084996,-0.444839662180944,-0.298380628372841,
-0.119352251349136,0.),.UNSPECIFIED.);
#125=B_SPLINE_CURVE_WITH_KNOTS('',3,(#7784,#7785,#7786,#7787,#7788,#7789),
 .UNSPECIFIED.,.F.,.F.,(4,2,4),(-0.124323300171265,-0.122906551637046,-0.0796298734019638),
 .UNSPECIFIED.);
#126=B_SPLINE_CURVE_WITH_KNOTS('',3,(#7990,#7991,#7992,#7993,#7994,#7995,
#7996,#7997,#7998,#7999,#8000,#8001,#8002,#8003,#8004,#8005,#8006,#8007,
#8008,#8009,#8010,#8011),.UNSPECIFIED.,.F.,.F.,(4,1,1,1,1,1,1,1,1,1,1,1,
1,1,1,1,1,1,1,4),(1.60301550199098,1.88729640321453,2.26105457380326,2.56789332754678,
2.80392313811872,2.97994668705461,3.12642510462881,3.22521930189499,3.3274696086378,
3.38960147888838,3.42854989800423,3.46749831712009,3.54536759946904,3.59403590093713,
3.76529652761944,3.93655143944583,4.21056387025278,4.56678003030182,5.02986103836558,
5.23419010667159),.UNSPECIFIED.);
#127=B_SPLINE_CURVE_WITH_KNOTS('',3,(#8064,#8065,#8066,#8067,#8068,#8069,
#8070,#8071,#8072,#8073,#8074,#8075,#8076,#8077,#8078,#8079,#8080,#8081,
#8082,#8083,#8084,#8085,#8086,#8087,#8088,#8089),.UNSPECIFIED.,.F.,.F.,
(4,2,2,2,2,2,2,2,2,2,2,2,4),(-2.56394856715955,-2.46555721093954,-2.27215822257524,
-2.08708051968867,-1.89188844150936,-1.795684318317,-1.7314133871302,-1.67097407313429,
-1.59267392023668,-1.44722248497368,-1.23095148812485,-1.00749435734078,
-0.83351276347476),.UNSPECIFIED.);
#128=B_SPLINE_CURVE_WITH_KNOTS('',3,(#8144,#8145,#8146,#8147,#8148,#8149,
#8150,#8151,#8152,#8153,#8154,#8155,#8156,#8157,#8158,#8159,#8160,#8161,
#8162,#8163,#8164,#8165,#8166,#8167,#8168,#8169),.UNSPECIFIED.,.F.,.F.,
(4,2,2,2,2,2,2,2,2,2,2,2,4),(-2.56394856715821,-2.46555721093825,-2.27215822257411,
-2.08708051968768,-1.89188844150852,-1.79568431831622,-1.73141338712944,
-1.67097407313358,-1.59267392023602,-1.44722248497312,-1.23095148812442,
-1.00749435734047,-0.833512763474542),.UNSPECIFIED.);
#129=B_SPLINE_CURVE_WITH_KNOTS('',3,(#8213,#8214,#8215,#8216,#8217,#8218,
#8219,#8220,#8221,#8222,#8223,#8224,#8225,#8226,#8227,#8228,#8229,#8230,
#8231,#8232,#8233,#8234),.UNSPECIFIED.,.F.,.F.,(4,3,3,3,3,3,3,4),(-0.13599363641679,
-0.116565974071535,-0.0971383117262789,-0.0777106493810231,-0.0582829870357673,
-0.0388553246905116,-0.0194276623452558,0.),.UNSPECIFIED.);
#130=B_SPLINE_CURVE_WITH_KNOTS('',3,(#8238,#8239,#8240,#8241,#8242,#8243,
#8244,#8245,#8246,#8247,#8248,#8249,#8250,#8251,#8252,#8253,#8254,#8255,
#8256,#8257,#8258,#8259),.UNSPECIFIED.,.F.,.F.,(4,3,3,3,3,3,3,4),(-0.13599363641597,
-0.116565974070831,-0.0971383117256928,-0.0777106493805542,-0.0582829870354157,
-0.0388553246902771,-0.0194276623451386,0.),.UNSPECIFIED.);
#131=B_SPLINE_CURVE_WITH_KNOTS('',3,(#8263,#8264,#8265,#8266,#8267,#8268,
#8269,#8270,#8271,#8272,#8273,#8274,#8275,#8276,#8277,#8278,#8279,#8280,
#8281,#8282,#8283,#8284),.UNSPECIFIED.,.F.,.F.,(4,3,3,3,3,3,3,4),(-0.135993636416762,
-0.11656597407151,-0.0971383117262586,-0.0777106493810069,-0.0582829870357552,
-0.0388553246905035,-0.0194276623452517,0.),.UNSPECIFIED.);
#132=B_SPLINE_CURVE_WITH_KNOTS('',3,(#8287,#8288,#8289,#8290,#8291,#8292,
#8293,#8294,#8295,#8296,#8297,#8298,#8299,#8300,#8301,#8302,#8303,#8304,
#8305,#8306,#8307,#8308),.UNSPECIFIED.,.F.,.F.,(4,3,3,3,3,3,3,4),(-0.135993636415941,
-0.116565974070807,-0.0971383117256724,-0.0777106493805379,-0.0582829870354035,
-0.038855324690269,-0.0194276623451345,0.),.UNSPECIFIED.);
#133=B_SPLINE_CURVE_WITH_KNOTS('',3,(#8352,#8353,#8354,#8355,#8356,#8357,
#8358,#8359,#8360,#8361,#8362),.UNSPECIFIED.,.F.,.F.,(4,1,1,1,1,1,1,1,4),
(0.,0.0227896342524351,0.0455792685048703,0.0911585370097405,0.136737805514611,
0.227896342524351,0.273475611029222,0.296265245281657,0.319054879534092),
 .UNSPECIFIED.);
#134=B_SPLINE_CURVE_WITH_KNOTS('',3,(#8410,#8411,#8412,#8413,#8414,#8415,
#8416,#8417,#8418,#8419,#8420),.UNSPECIFIED.,.F.,.F.,(4,1,1,1,1,1,1,1,4),
(0.,0.0227896342524351,0.0455792685048703,0.0911585370097405,0.136737805514611,
0.227896342524351,0.273475611029222,0.296265245281657,0.319054879534092),
 .UNSPECIFIED.);
#135=B_SPLINE_CURVE_WITH_KNOTS('',3,(#8433,#8434,#8435,#8436,#8437,#8438,
#8439,#8440,#8441,#8442,#8443),.UNSPECIFIED.,.F.,.F.,(4,1,1,1,1,1,1,1,4),
(-0.319054879534092,-0.296265245281657,-0.273475611029222,-0.227896342524351,
-0.136737805514611,-0.0911585370097405,-0.0455792685048703,-0.0227896342524351,
0.),.UNSPECIFIED.);
#136=B_SPLINE_CURVE_WITH_KNOTS('',3,(#8447,#8448,#8449,#8450,#8451,#8452,
#8453,#8454,#8455,#8456,#8457),.UNSPECIFIED.,.F.,.F.,(4,1,1,1,1,1,1,1,4),
(-0.319054879534092,-0.296265245281656,-0.273475611029221,-0.227896342524351,
-0.182317074019481,-0.0911585370097405,-0.0455792685048702,-0.0227896342524351,
0.),.UNSPECIFIED.);
#137=B_SPLINE_CURVE_WITH_KNOTS('',3,(#8461,#8462,#8463,#8464,#8465,#8466,
#8467,#8468,#8469,#8470,#8471),.UNSPECIFIED.,.F.,.F.,(4,1,1,1,1,1,1,1,4),
(-0.319054879534092,-0.296265245281657,-0.273475611029222,-0.227896342524351,
-0.136737805514611,-0.0911585370097406,-0.0455792685048703,-0.0227896342524351,
0.),.UNSPECIFIED.);
#138=B_SPLINE_CURVE_WITH_KNOTS('',3,(#8474,#8475,#8476,#8477,#8478,#8479,
#8480,#8481,#8482,#8483,#8484),.UNSPECIFIED.,.F.,.F.,(4,1,1,1,1,1,1,1,4),
(-0.319054879534092,-0.296265245281657,-0.273475611029222,-0.227896342524351,
-0.136737805514611,-0.0911585370097405,-0.0455792685048703,-0.0227896342524351,
0.),.UNSPECIFIED.);
#139=B_SPLINE_CURVE_WITH_KNOTS('',3,(#8525,#8526,#8527,#8528,#8529,#8530,
#8531,#8532,#8533,#8534),.UNSPECIFIED.,.F.,.F.,(4,1,1,1,1,1,1,4),(-1.,-0.857142857142857,
-0.714285714285714,-0.571428571428571,-0.428571428571429,-0.285714285714286,
-0.142857142857143,0.),.UNSPECIFIED.);
#140=B_SPLINE_CURVE_WITH_KNOTS('',3,(#8535,#8536,#8537,#8538,#8539,#8540,
#8541,#8542,#8543,#8544),.UNSPECIFIED.,.F.,.F.,(4,1,1,1,1,1,1,4),(0.,0.142857142857143,
0.285714285714286,0.428571428571429,0.571428571428571,0.714285714285714,
0.857142857142857,1.),.UNSPECIFIED.);
#141=B_SPLINE_CURVE_WITH_KNOTS('',3,(#8655,#8656,#8657,#8658,#8659,#8660,
#8661,#8662,#8663,#8664),.UNSPECIFIED.,.F.,.F.,(4,1,1,1,1,1,1,4),(0.,0.142857142857143,
0.285714285714286,0.428571428571429,0.571428571428571,0.714285714285714,
0.857142857142857,1.),.UNSPECIFIED.);
#142=B_SPLINE_CURVE_WITH_KNOTS('',3,(#8705,#8706,#8707,#8708,#8709,#8710,
#8711,#8712,#8713,#8714),.UNSPECIFIED.,.F.,.F.,(4,1,1,1,1,1,1,4),(0.,0.142857142857143,
0.285714285714286,0.428571428571429,0.571428571428571,0.714285714285714,
0.857142857142857,1.),.UNSPECIFIED.);
#143=B_SPLINE_CURVE_WITH_KNOTS('',3,(#8826,#8827,#8828,#8829,#8830,#8831,
#8832,#8833,#8834,#8835),.UNSPECIFIED.,.F.,.F.,(4,1,1,1,1,1,1,4),(0.,0.142857142857143,
0.285714285714286,0.428571428571429,0.571428571428571,0.714285714285714,
0.857142857142857,1.),.UNSPECIFIED.);
#144=B_SPLINE_CURVE_WITH_KNOTS('',3,(#8836,#8837,#8838,#8839,#8840,#8841,
#8842,#8843,#8844,#8845,#8846),.UNSPECIFIED.,.F.,.F.,(4,1,1,1,1,1,1,1,4),
(0.,0.0227896342524351,0.0455792685048702,0.0911585370097405,0.182317074019481,
0.227896342524351,0.273475611029221,0.296265245281656,0.319054879534092),
 .UNSPECIFIED.);
#145=B_SPLINE_CURVE_WITH_KNOTS('',3,(#8888,#8889,#8890,#8891,#8892,#8893,
#8894,#8895,#8896,#8897),.UNSPECIFIED.,.F.,.F.,(4,1,1,1,1,1,1,4),(0.,0.142857142857143,
0.285714285714286,0.428571428571429,0.571428571428571,0.714285714285714,
0.857142857142857,1.),.UNSPECIFIED.);
#146=B_SPLINE_CURVE_WITH_KNOTS('',3,(#9010,#9011,#9012,#9013,#9014,#9015,
#9016,#9017,#9018,#9019),.UNSPECIFIED.,.F.,.F.,(4,1,1,1,1,1,1,4),(0.,0.142857142857143,
0.285714285714286,0.428571428571429,0.571428571428571,0.714285714285714,
0.857142857142857,1.),.UNSPECIFIED.);
#147=B_SPLINE_CURVE_WITH_KNOTS('',3,(#9020,#9021,#9022,#9023,#9024,#9025,
#9026,#9027,#9028,#9029,#9030),.UNSPECIFIED.,.F.,.F.,(4,1,1,1,1,1,1,1,4),
(0.,0.0227896342524351,0.0455792685048703,0.0911585370097406,0.136737805514611,
0.227896342524351,0.273475611029222,0.296265245281657,0.319054879534092),
 .UNSPECIFIED.);
#148=B_SPLINE_CURVE_WITH_KNOTS('',3,(#9071,#9072,#9073,#9074,#9075,#9076,
#9077,#9078,#9079,#9080),.UNSPECIFIED.,.F.,.F.,(4,1,1,1,1,1,1,4),(0.,0.142857142857143,
0.285714285714286,0.428571428571429,0.571428571428571,0.714285714285714,
0.857142857142857,1.),.UNSPECIFIED.);
#149=B_SPLINE_CURVE_WITH_KNOTS('',3,(#9477,#9478,#9479,#9480,#9481,#9482,
#9483,#9484,#9485,#9486),.UNSPECIFIED.,.F.,.F.,(4,1,1,1,1,1,1,4),(-1.,-0.857142857142857,
-0.714285714285714,-0.571428571428571,-0.428571428571429,-0.285714285714286,
-0.142857142857143,0.),.UNSPECIFIED.);
#150=B_SPLINE_SURFACE_WITH_KNOTS('',3,3,((#4262,#4263,#4264,#4265),(#4266,
#4267,#4268,#4269),(#4270,#4271,#4272,#4273),(#4274,#4275,#4276,#4277),
(#4278,#4279,#4280,#4281),(#4282,#4283,#4284,#4285),(#4286,#4287,#4288,
#4289),(#4290,#4291,#4292,#4293),(#4294,#4295,#4296,#4297),(#4298,#4299,
#4300,#4301)),.UNSPECIFIED.,.F.,.F.,.F.,(4,1,1,1,1,1,1,4),(4,4),(0.,0.142857142857143,
0.285714285714286,0.428571428571429,0.571428571428571,0.714285714285714,
0.857142857142857,1.),(-7.74500000000001,-0.767854844300563),
 .UNSPECIFIED.);
#151=B_SPLINE_SURFACE_WITH_KNOTS('',3,3,((#4358,#4359,#4360,#4361),(#4362,
#4363,#4364,#4365),(#4366,#4367,#4368,#4369),(#4370,#4371,#4372,#4373),
(#4374,#4375,#4376,#4377),(#4378,#4379,#4380,#4381),(#4382,#4383,#4384,
#4385),(#4386,#4387,#4388,#4389),(#4390,#4391,#4392,#4393),(#4394,#4395,
#4396,#4397)),.UNSPECIFIED.,.F.,.F.,.F.,(4,1,1,1,1,1,1,4),(4,4),(0.,0.142857142857143,
0.285714285714286,0.428571428571429,0.571428571428571,0.714285714285714,
0.857142857142857,1.),(-2.86780566420601,0.0650000000000008),
 .UNSPECIFIED.);
#152=B_SPLINE_SURFACE_WITH_KNOTS('',3,3,((#4438,#4439,#4440,#4441),(#4442,
#4443,#4444,#4445),(#4446,#4447,#4448,#4449),(#4450,#4451,#4452,#4453),
(#4454,#4455,#4456,#4457),(#4458,#4459,#4460,#4461),(#4462,#4463,#4464,
#4465),(#4466,#4467,#4468,#4469),(#4470,#4471,#4472,#4473),(#4474,#4475,
#4476,#4477)),.UNSPECIFIED.,.F.,.F.,.F.,(4,1,1,1,1,1,1,4),(4,4),(0.,0.142857142857143,
0.285714285714286,0.428571428571429,0.571428571428571,0.714285714285714,
0.857142857142857,1.),(-5.55100000000001,2.595),.UNSPECIFIED.);
#153=B_SPLINE_SURFACE_WITH_KNOTS('',3,3,((#4522,#4523,#4524,#4525,#4526,
#4527,#4528,#4529,#4530,#4531,#4532),(#4533,#4534,#4535,#4536,#4537,#4538,
#4539,#4540,#4541,#4542,#4543),(#4544,#4545,#4546,#4547,#4548,#4549,#4550,
#4551,#4552,#4553,#4554),(#4555,#4556,#4557,#4558,#4559,#4560,#4561,#4562,
#4563,#4564,#4565),(#4566,#4567,#4568,#4569,#4570,#4571,#4572,#4573,#4574,
#4575,#4576),(#4577,#4578,#4579,#4580,#4581,#4582,#4583,#4584,#4585,#4586,
#4587),(#4588,#4589,#4590,#4591,#4592,#4593,#4594,#4595,#4596,#4597,#4598),
(#4599,#4600,#4601,#4602,#4603,#4604,#4605,#4606,#4607,#4608,#4609),(#4610,
#4611,#4612,#4613,#4614,#4615,#4616,#4617,#4618,#4619,#4620),(#4621,#4622,
#4623,#4624,#4625,#4626,#4627,#4628,#4629,#4630,#4631),(#4632,#4633,#4634,
#4635,#4636,#4637,#4638,#4639,#4640,#4641,#4642)),.UNSPECIFIED.,.F.,.F.,
 .F.,(4,1,1,1,1,1,1,1,4),(4,1,1,1,1,1,1,1,4),(0.,0.125,0.25,0.375,0.5,0.625,
0.75,0.875,1.),(0.,0.125,0.25,0.375,0.5,0.625,0.75,0.875,1.),
 .UNSPECIFIED.);
#154=B_SPLINE_SURFACE_WITH_KNOTS('',3,3,((#4675,#4676,#4677,#4678),(#4679,
#4680,#4681,#4682),(#4683,#4684,#4685,#4686),(#4687,#4688,#4689,#4690),
(#4691,#4692,#4693,#4694),(#4695,#4696,#4697,#4698),(#4699,#4700,#4701,
#4702),(#4703,#4704,#4705,#4706),(#4707,#4708,#4709,#4710),(#4711,#4712,
#4713,#4714)),.UNSPECIFIED.,.F.,.F.,.F.,(4,1,1,1,1,1,1,4),(4,4),(0.,0.142857142857143,
0.285714285714286,0.428571428571429,0.571428571428571,0.714285714285714,
0.857142857142857,1.),(-0.222500000000014,1.38749999999999),
 .UNSPECIFIED.);
#155=B_SPLINE_SURFACE_WITH_KNOTS('',3,3,((#4739,#4740,#4741,#4742),(#4743,
#4744,#4745,#4746),(#4747,#4748,#4749,#4750),(#4751,#4752,#4753,#4754),
(#4755,#4756,#4757,#4758),(#4759,#4760,#4761,#4762),(#4763,#4764,#4765,
#4766),(#4767,#4768,#4769,#4770),(#4771,#4772,#4773,#4774),(#4775,#4776,
#4777,#4778)),.UNSPECIFIED.,.F.,.F.,.F.,(4,1,1,1,1,1,1,4),(4,4),(0.,0.142857142857143,
0.285714285714286,0.428571428571429,0.571428571428571,0.714285714285714,
0.857142857142857,1.),(-3.41700231146526,-1.308),.UNSPECIFIED.);
#156=B_SPLINE_SURFACE_WITH_KNOTS('',3,3,((#4795,#4796,#4797,#4798),(#4799,
#4800,#4801,#4802),(#4803,#4804,#4805,#4806),(#4807,#4808,#4809,#4810),
(#4811,#4812,#4813,#4814),(#4815,#4816,#4817,#4818),(#4819,#4820,#4821,
#4822),(#4823,#4824,#4825,#4826),(#4827,#4828,#4829,#4830),(#4831,#4832,
#4833,#4834)),.UNSPECIFIED.,.F.,.F.,.F.,(4,1,1,1,1,1,1,4),(4,4),(0.,0.142857142857143,
0.285714285714286,0.428571428571429,0.571428571428571,0.714285714285714,
0.857142857142857,1.),(-3.685,-3.36780566420601),.UNSPECIFIED.);
#157=B_SPLINE_SURFACE_WITH_KNOTS('',3,3,((#5259,#5260,#5261,#5262,#5263,
#5264,#5265,#5266,#5267),(#5268,#5269,#5270,#5271,#5272,#5273,#5274,#5275,
#5276),(#5277,#5278,#5279,#5280,#5281,#5282,#5283,#5284,#5285),(#5286,#5287,
#5288,#5289,#5290,#5291,#5292,#5293,#5294)),.UNSPECIFIED.,.F.,.F.,.F.,(4,
4),(4,1,1,1,1,1,4),(0.,1.),(8.10577596666966E-15,0.0180841950320739,0.0361683900641398,
0.0542525850962056,0.0723367801282714,0.108505170192403,0.126589365224469),
 .UNSPECIFIED.);
#158=B_SPLINE_SURFACE_WITH_KNOTS('',3,3,((#5326,#5327,#5328,#5329,#5330,
#5331,#5332,#5333),(#5334,#5335,#5336,#5337,#5338,#5339,#5340,#5341),(#5342,
#5343,#5344,#5345,#5346,#5347,#5348,#5349),(#5350,#5351,#5352,#5353,#5354,
#5355,#5356,#5357),(#5358,#5359,#5360,#5361,#5362,#5363,#5364,#5365)),
 .UNSPECIFIED.,.F.,.F.,.F.,(4,1,4),(4,1,2,1,4),(0.,0.5,1.),(4.061580761263E-15,
0.0938737142741421,0.234684285685349,0.391760332483556,0.496477697015693),
 .UNSPECIFIED.);
#159=B_SPLINE_SURFACE_WITH_KNOTS('',3,3,((#5385,#5386,#5387,#5388),(#5389,
#5390,#5391,#5392),(#5393,#5394,#5395,#5396),(#5397,#5398,#5399,#5400),
(#5401,#5402,#5403,#5404)),.UNSPECIFIED.,.F.,.F.,.F.,(4,1,4),(4,4),(0.,
0.571428571428571,1.),(9.03076013280447E-12,0.263715907357105),
 .UNSPECIFIED.);
#160=B_SPLINE_SURFACE_WITH_KNOTS('',3,3,((#5431,#5432,#5433,#5434),(#5435,
#5436,#5437,#5438),(#5439,#5440,#5441,#5442),(#5443,#5444,#5445,#5446),
(#5447,#5448,#5449,#5450)),.UNSPECIFIED.,.F.,.F.,.F.,(4,1,4),(4,4),(0.,
0.571428571428571,1.),(0.,0.263737678256464),.UNSPECIFIED.);
#161=B_SPLINE_SURFACE_WITH_KNOTS('',3,3,((#5462,#5463,#5464,#5465,#5466,
#5467,#5468,#5469,#5470),(#5471,#5472,#5473,#5474,#5475,#5476,#5477,#5478,
#5479),(#5480,#5481,#5482,#5483,#5484,#5485,#5486,#5487,#5488),(#5489,#5490,
#5491,#5492,#5493,#5494,#5495,#5496,#5497)),.UNSPECIFIED.,.F.,.F.,.F.,(4,
4),(4,1,1,1,1,1,4),(0.,1.),(5.15450395592468E-15,0.0180840955953748,0.0361681911907444,
0.054252286786114,0.0723363823814836,0.108504573572223,0.126588669167592),
 .UNSPECIFIED.);
#162=B_SPLINE_SURFACE_WITH_KNOTS('',3,3,((#5531,#5532,#5533,#5534,#5535,
#5536,#5537,#5538),(#5539,#5540,#5541,#5542,#5543,#5544,#5545,#5546),(#5547,
#5548,#5549,#5550,#5551,#5552,#5553,#5554),(#5555,#5556,#5557,#5558,#5559,
#5560,#5561,#5562),(#5563,#5564,#5565,#5566,#5567,#5568,#5569,#5570)),
 .UNSPECIFIED.,.F.,.F.,.F.,(4,1,4),(4,1,1,2,4),(0.,0.571428571428571,1.),
(0.,0.181223851949022,0.317141740910788,0.453059629872555,0.49647191446035),
 .UNSPECIFIED.);
#163=B_SPLINE_SURFACE_WITH_KNOTS('',3,3,((#5593,#5594,#5595,#5596),(#5597,
#5598,#5599,#5600),(#5601,#5602,#5603,#5604),(#5605,#5606,#5607,#5608),
(#5609,#5610,#5611,#5612),(#5613,#5614,#5615,#5616),(#5617,#5618,#5619,
#5620),(#5621,#5622,#5623,#5624),(#5625,#5626,#5627,#5628),(#5629,#5630,
#5631,#5632)),.UNSPECIFIED.,.F.,.F.,.F.,(4,1,1,1,1,1,1,4),(4,4),(0.,0.142857142857143,
0.285714285714286,0.428571428571429,0.571428571428571,0.714285714285714,
0.857142857142857,1.),(-7.63000000000001,2.710000632801),.UNSPECIFIED.);
#164=B_SPLINE_SURFACE_WITH_KNOTS('',3,3,((#6458,#6459,#6460,#6461,#6462,
#6463,#6464,#6465,#6466),(#6467,#6468,#6469,#6470,#6471,#6472,#6473,#6474,
#6475),(#6476,#6477,#6478,#6479,#6480,#6481,#6482,#6483,#6484),(#6485,#6486,
#6487,#6488,#6489,#6490,#6491,#6492,#6493)),.UNSPECIFIED.,.F.,.F.,.F.,(4,
4),(4,1,1,1,1,1,4),(0.,1.),(-9.23533656093006E-14,0.0180841950319991,0.0361683900640905,
0.054252585096182,0.0723367801282734,0.108505170192456,0.126589365224548),
 .UNSPECIFIED.);
#165=B_SPLINE_SURFACE_WITH_KNOTS('',3,3,((#6516,#6517,#6518,#6519,#6520,
#6521,#6522,#6523),(#6524,#6525,#6526,#6527,#6528,#6529,#6530,#6531),(#6532,
#6533,#6534,#6535,#6536,#6537,#6538,#6539),(#6540,#6541,#6542,#6543,#6544,
#6545,#6546,#6547),(#6548,#6549,#6550,#6551,#6552,#6553,#6554,#6555)),
 .UNSPECIFIED.,.F.,.F.,.F.,(4,1,4),(4,1,2,1,4),(0.,0.5,1.),(0.,0.0938737118449662,
0.234684279612415,0.391760330054288,0.496477697015536),.UNSPECIFIED.);
#166=B_SPLINE_SURFACE_WITH_KNOTS('',3,3,((#6566,#6567,#6568,#6569),(#6570,
#6571,#6572,#6573),(#6574,#6575,#6576,#6577),(#6578,#6579,#6580,#6581),
(#6582,#6583,#6584,#6585)),.UNSPECIFIED.,.F.,.F.,.F.,(4,1,4),(4,4),(0.,
0.571428571428571,1.),(9.03562448313491E-12,0.263715907357124),
 .UNSPECIFIED.);
#167=B_SPLINE_SURFACE_WITH_KNOTS('',3,3,((#6605,#6606,#6607,#6608),(#6609,
#6610,#6611,#6612),(#6613,#6614,#6615,#6616),(#6617,#6618,#6619,#6620),
(#6621,#6622,#6623,#6624)),.UNSPECIFIED.,.F.,.F.,.F.,(4,1,4),(4,4),(0.,
0.571428571428571,1.),(0.,0.263737678257868),.UNSPECIFIED.);
#168=B_SPLINE_SURFACE_WITH_KNOTS('',3,3,((#6631,#6632,#6633,#6634,#6635,
#6636,#6637,#6638,#6639),(#6640,#6641,#6642,#6643,#6644,#6645,#6646,#6647,
#6648),(#6649,#6650,#6651,#6652,#6653,#6654,#6655,#6656,#6657),(#6658,#6659,
#6660,#6661,#6662,#6663,#6664,#6665,#6666)),.UNSPECIFIED.,.F.,.F.,.F.,(4,
4),(4,1,1,1,1,1,4),(0.,1.),(-3.02355384105979E-14,0.0180840955953499,0.03616819119073,
0.0542522867861102,0.0723363823814903,0.0904204779768704,0.126588669167631),
 .UNSPECIFIED.);
#169=B_SPLINE_SURFACE_WITH_KNOTS('',3,3,((#6691,#6692,#6693,#6694,#6695,
#6696,#6697,#6698),(#6699,#6700,#6701,#6702,#6703,#6704,#6705,#6706),(#6707,
#6708,#6709,#6710,#6711,#6712,#6713,#6714),(#6715,#6716,#6717,#6718,#6719,
#6720,#6721,#6722),(#6723,#6724,#6725,#6726,#6727,#6728,#6729,#6730)),
 .UNSPECIFIED.,.F.,.F.,.F.,(4,1,4),(4,1,1,2,4),(0.,0.571428571428571,1.),
(0.,0.181223852574985,0.317141742006224,0.453059631437463,0.496471914460311),
 .UNSPECIFIED.);
#170=B_SPLINE_SURFACE_WITH_KNOTS('',3,3,((#6741,#6742,#6743,#6744,#6745,
#6746,#6747),(#6748,#6749,#6750,#6751,#6752,#6753,#6754),(#6755,#6756,#6757,
#6758,#6759,#6760,#6761),(#6762,#6763,#6764,#6765,#6766,#6767,#6768),(#6769,
#6770,#6771,#6772,#6773,#6774,#6775)),.UNSPECIFIED.,.F.,.F.,.F.,(4,1,4),
(4,1,1,1,4),(0.,0.439076197311671,0.878152394623341),(0.0948452872039527,
0.219971457175169,0.345097627146384,0.480607718822003,0.616117810497622),
 .UNSPECIFIED.);
#171=B_SPLINE_SURFACE_WITH_KNOTS('',3,3,((#6791,#6792,#6793,#6794,#6795,
#6796,#6797,#6798),(#6799,#6800,#6801,#6802,#6803,#6804,#6805,#6806),(#6807,
#6808,#6809,#6810,#6811,#6812,#6813,#6814),(#6815,#6816,#6817,#6818,#6819,
#6820,#6821,#6822),(#6823,#6824,#6825,#6826,#6827,#6828,#6829,#6830)),
 .UNSPECIFIED.,.F.,.F.,.F.,(4,1,4),(4,1,1,1,1,4),(0.,0.376351026267146,
0.87815239462334),(0.,0.118260609558006,0.236521219116013,0.354781828674019,
0.473042438232026,0.521046307913779),.UNSPECIFIED.);
#172=B_SPLINE_SURFACE_WITH_KNOTS('',3,3,((#6841,#6842,#6843,#6844),(#6845,
#6846,#6847,#6848),(#6849,#6850,#6851,#6852),(#6853,#6854,#6855,#6856)),
 .UNSPECIFIED.,.F.,.F.,.F.,(4,4),(4,4),(0.,0.450358244512619),(0.111561344282675,
0.183327859853932),.UNSPECIFIED.);
#173=B_SPLINE_SURFACE_WITH_KNOTS('',3,3,((#6861,#6862,#6863,#6864),(#6865,
#6866,#6867,#6868),(#6869,#6870,#6871,#6872),(#6873,#6874,#6875,#6876)),
 .UNSPECIFIED.,.F.,.F.,.F.,(4,4),(4,4),(0.,0.450357971435363),(6.17845575352596E-16,
0.0717620530105534),.UNSPECIFIED.);
#174=B_SPLINE_SURFACE_WITH_KNOTS('',3,3,((#6881,#6882,#6883,#6884,#6885,
#6886),(#6887,#6888,#6889,#6890,#6891,#6892),(#6893,#6894,#6895,#6896,#6897,
#6898),(#6899,#6900,#6901,#6902,#6903,#6904)),.UNSPECIFIED.,.F.,.F.,.F.,
(4,4),(4,2,4),(0.0444997556001138,1.),(-0.0437145788886208,0.,0.00097583412199426),
 .UNSPECIFIED.);
#175=B_SPLINE_SURFACE_WITH_KNOTS('',3,3,((#6913,#6914,#6915,#6916,#6917,
#6918,#6919,#6920,#6921,#6922,#6923,#6924),(#6925,#6926,#6927,#6928,#6929,
#6930,#6931,#6932,#6933,#6934,#6935,#6936),(#6937,#6938,#6939,#6940,#6941,
#6942,#6943,#6944,#6945,#6946,#6947,#6948),(#6949,#6950,#6951,#6952,#6953,
#6954,#6955,#6956,#6957,#6958,#6959,#6960),(#6961,#6962,#6963,#6964,#6965,
#6966,#6967,#6968,#6969,#6970,#6971,#6972)),.UNSPECIFIED.,.F.,.F.,.F.,(4,
1,4),(4,1,1,2,1,1,1,1,4),(0.,0.571428571428571,1.),(0.044185888312357,0.0861302930068545,
0.128074697701352,0.211963507090347,0.270019974430537,0.444189376451109,
0.560302311131491,0.676415245811872,0.708536286177357),.UNSPECIFIED.);
#176=B_SPLINE_SURFACE_WITH_KNOTS('',3,3,((#7056,#7057,#7058,#7059,#7060,
#7061,#7062),(#7063,#7064,#7065,#7066,#7067,#7068,#7069),(#7070,#7071,#7072,
#7073,#7074,#7075,#7076),(#7077,#7078,#7079,#7080,#7081,#7082,#7083),(#7084,
#7085,#7086,#7087,#7088,#7089,#7090)),.UNSPECIFIED.,.F.,.F.,.F.,(4,1,4),
(4,1,1,1,4),(0.,0.439076197311674,0.878152394623348),(0.0948452872039621,
0.219971453933339,0.345097620662716,0.480607715576852,0.616117810490989),
 .UNSPECIFIED.);
#177=B_SPLINE_SURFACE_WITH_KNOTS('',3,3,((#7106,#7107,#7108,#7109,#7110,
#7111,#7112,#7113),(#7114,#7115,#7116,#7117,#7118,#7119,#7120,#7121),(#7122,
#7123,#7124,#7125,#7126,#7127,#7128,#7129),(#7130,#7131,#7132,#7133,#7134,
#7135,#7136,#7137),(#7138,#7139,#7140,#7141,#7142,#7143,#7144,#7145)),
 .UNSPECIFIED.,.F.,.F.,.F.,(4,1,4),(4,1,1,1,1,4),(0.,0.501801368356183,
0.87815239462332),(0.,0.118260609982222,0.236521219964445,0.354781829946667,
0.473042439928889,0.521046307912419),.UNSPECIFIED.);
#178=B_SPLINE_SURFACE_WITH_KNOTS('',3,3,((#7156,#7157,#7158,#7159),(#7160,
#7161,#7162,#7163),(#7164,#7165,#7166,#7167),(#7168,#7169,#7170,#7171)),
 .UNSPECIFIED.,.F.,.F.,.F.,(4,4),(4,4),(0.,0.450358244512661),(0.111561344282612,
0.183327859853955),.UNSPECIFIED.);
#179=B_SPLINE_SURFACE_WITH_KNOTS('',3,3,((#7176,#7177,#7178,#7179),(#7180,
#7181,#7182,#7183),(#7184,#7185,#7186,#7187),(#7188,#7189,#7190,#7191)),
 .UNSPECIFIED.,.F.,.F.,.F.,(4,4),(4,4),(0.,0.450357971435388),(2.28598323898258E-15,
0.0717620530105949),.UNSPECIFIED.);
#180=B_SPLINE_SURFACE_WITH_KNOTS('',3,3,((#7196,#7197,#7198,#7199,#7200,
#7201),(#7202,#7203,#7204,#7205,#7206,#7207),(#7208,#7209,#7210,#7211,#7212,
#7213),(#7214,#7215,#7216,#7217,#7218,#7219)),.UNSPECIFIED.,.F.,.F.,.F.,
(4,4),(4,2,4),(0.0107172800603189,1.),(-0.0437175666996707,0.,0.000975834276430002),
 .UNSPECIFIED.);
#181=B_SPLINE_SURFACE_WITH_KNOTS('',3,3,((#7228,#7229,#7230,#7231,#7232,
#7233,#7234,#7235,#7236,#7237,#7238,#7239),(#7240,#7241,#7242,#7243,#7244,
#7245,#7246,#7247,#7248,#7249,#7250,#7251),(#7252,#7253,#7254,#7255,#7256,
#7257,#7258,#7259,#7260,#7261,#7262,#7263),(#7264,#7265,#7266,#7267,#7268,
#7269,#7270,#7271,#7272,#7273,#7274,#7275),(#7276,#7277,#7278,#7279,#7280,
#7281,#7282,#7283,#7284,#7285,#7286,#7287)),.UNSPECIFIED.,.F.,.F.,.F.,(4,
1,4),(4,1,1,2,1,1,1,1,4),(0.,0.571428571428571,1.),(0.0441858883124484,
0.0861302925920943,0.12807469687174,0.211963505431032,0.270019972819287,
0.444189374984054,0.560302309760564,0.676415244537075,0.708536286180112),
 .UNSPECIFIED.);
#182=B_SPLINE_SURFACE_WITH_KNOTS('',3,3,((#7374,#7375,#7376,#7377,#7378,
#7379,#7380,#7381,#7382,#7383,#7384),(#7385,#7386,#7387,#7388,#7389,#7390,
#7391,#7392,#7393,#7394,#7395),(#7396,#7397,#7398,#7399,#7400,#7401,#7402,
#7403,#7404,#7405,#7406),(#7407,#7408,#7409,#7410,#7411,#7412,#7413,#7414,
#7415,#7416,#7417),(#7418,#7419,#7420,#7421,#7422,#7423,#7424,#7425,#7426,
#7427,#7428)),.UNSPECIFIED.,.F.,.F.,.F.,(4,1,4),(4,1,2,1,1,1,1,4),(0.,0.571428571428571,
1.),(0.,0.119352248815743,0.298380622039359,0.44483965838417,0.518069176556576,
0.591298694728982,0.609606074272083,0.664528212901387),.UNSPECIFIED.);
#183=B_SPLINE_SURFACE_WITH_KNOTS('',3,3,((#7442,#7443,#7444,#7445,#7446,
#7447),(#7448,#7449,#7450,#7451,#7452,#7453),(#7454,#7455,#7456,#7457,#7458,
#7459),(#7460,#7461,#7462,#7463,#7464,#7465)),.UNSPECIFIED.,.F.,.F.,.F.,
(4,4),(4,2,4),(0.,1.),(-0.124323300184416,-0.122906551430091,-0.079629873401951),
 .UNSPECIFIED.);
#184=B_SPLINE_SURFACE_WITH_KNOTS('',3,3,((#7472,#7473,#7474,#7475,#7476,
#7477,#7478,#7479,#7480,#7481,#7482,#7483,#7484,#7485,#7486,#7487,#7488,
#7489,#7490,#7491,#7492,#7493,#7494,#7495,#7496),(#7497,#7498,#7499,#7500,
#7501,#7502,#7503,#7504,#7505,#7506,#7507,#7508,#7509,#7510,#7511,#7512,
#7513,#7514,#7515,#7516,#7517,#7518,#7519,#7520,#7521),(#7522,#7523,#7524,
#7525,#7526,#7527,#7528,#7529,#7530,#7531,#7532,#7533,#7534,#7535,#7536,
#7537,#7538,#7539,#7540,#7541,#7542,#7543,#7544,#7545,#7546),(#7547,#7548,
#7549,#7550,#7551,#7552,#7553,#7554,#7555,#7556,#7557,#7558,#7559,#7560,
#7561,#7562,#7563,#7564,#7565,#7566,#7567,#7568,#7569,#7570,#7571),(#7572,
#7573,#7574,#7575,#7576,#7577,#7578,#7579,#7580,#7581,#7582,#7583,#7584,
#7585,#7586,#7587,#7588,#7589,#7590,#7591,#7592,#7593,#7594,#7595,#7596),
(#7597,#7598,#7599,#7600,#7601,#7602,#7603,#7604,#7605,#7606,#7607,#7608,
#7609,#7610,#7611,#7612,#7613,#7614,#7615,#7616,#7617,#7618,#7619,#7620,
#7621),(#7622,#7623,#7624,#7625,#7626,#7627,#7628,#7629,#7630,#7631,#7632,
#7633,#7634,#7635,#7636,#7637,#7638,#7639,#7640,#7641,#7642,#7643,#7644,
#7645,#7646),(#7647,#7648,#7649,#7650,#7651,#7652,#7653,#7654,#7655,#7656,
#7657,#7658,#7659,#7660,#7661,#7662,#7663,#7664,#7665,#7666,#7667,#7668,
#7669,#7670,#7671)),.UNSPECIFIED.,.F.,.F.,.F.,(4,1,1,1,1,4),(4,1,1,1,1,
1,1,1,1,1,1,1,1,1,1,1,1,1,1,1,1,1,4),(0.,0.285714285714286,0.428571428571429,
0.571428571428571,0.857142857142857,1.),(0.938147670061519,1.06921476702291,
1.57126541853648,1.88729640473705,2.26105457366437,2.56789332745571,2.80392313806444,
2.97994668704589,3.1264251046206,3.22521930188525,3.3274696086341,3.38960147888436,
3.42854989799968,3.46749831711501,3.54536759945749,3.59403590092154,3.765296527572,
3.93655143936654,4.21056387012254,4.56678003010534,5.02986103808297,5.5493537664132,
5.89906131593556),.UNSPECIFIED.);
#185=B_SPLINE_SURFACE_WITH_KNOTS('',3,3,((#7698,#7699,#7700,#7701,#7702,
#7703,#7704,#7705,#7706,#7707),(#7708,#7709,#7710,#7711,#7712,#7713,#7714,
#7715,#7716,#7717),(#7718,#7719,#7720,#7721,#7722,#7723,#7724,#7725,#7726,
#7727),(#7728,#7729,#7730,#7731,#7732,#7733,#7734,#7735,#7736,#7737),(#7738,
#7739,#7740,#7741,#7742,#7743,#7744,#7745,#7746,#7747)),.UNSPECIFIED.,.F.,
 .F.,.F.,(4,1,4),(4,1,2,1,1,1,4),(0.,0.571428571428571,1.),(0.,0.119352251349136,
0.298380628372841,0.444839662180944,0.518069179084996,0.591298695989047,
0.664528212893099),.UNSPECIFIED.);
#186=B_SPLINE_SURFACE_WITH_KNOTS('',3,3,((#7760,#7761,#7762,#7763,#7764,
#7765),(#7766,#7767,#7768,#7769,#7770,#7771),(#7772,#7773,#7774,#7775,#7776,
#7777),(#7778,#7779,#7780,#7781,#7782,#7783)),.UNSPECIFIED.,.F.,.F.,.F.,
(4,4),(4,2,4),(0.,1.),(-0.1243233003966,-0.122906551637046,-0.0796298734019638),
 .UNSPECIFIED.);
#187=B_SPLINE_SURFACE_WITH_KNOTS('',3,3,((#7790,#7791,#7792,#7793,#7794,
#7795,#7796,#7797,#7798,#7799,#7800,#7801,#7802,#7803,#7804,#7805,#7806,
#7807,#7808,#7809,#7810,#7811,#7812,#7813,#7814),(#7815,#7816,#7817,#7818,
#7819,#7820,#7821,#7822,#7823,#7824,#7825,#7826,#7827,#7828,#7829,#7830,
#7831,#7832,#7833,#7834,#7835,#7836,#7837,#7838,#7839),(#7840,#7841,#7842,
#7843,#7844,#7845,#7846,#7847,#7848,#7849,#7850,#7851,#7852,#7853,#7854,
#7855,#7856,#7857,#7858,#7859,#7860,#7861,#7862,#7863,#7864),(#7865,#7866,
#7867,#7868,#7869,#7870,#7871,#7872,#7873,#7874,#7875,#7876,#7877,#7878,
#7879,#7880,#7881,#7882,#7883,#7884,#7885,#7886,#7887,#7888,#7889),(#7890,
#7891,#7892,#7893,#7894,#7895,#7896,#7897,#7898,#7899,#7900,#7901,#7902,
#7903,#7904,#7905,#7906,#7907,#7908,#7909,#7910,#7911,#7912,#7913,#7914),
(#7915,#7916,#7917,#7918,#7919,#7920,#7921,#7922,#7923,#7924,#7925,#7926,
#7927,#7928,#7929,#7930,#7931,#7932,#7933,#7934,#7935,#7936,#7937,#7938,
#7939),(#7940,#7941,#7942,#7943,#7944,#7945,#7946,#7947,#7948,#7949,#7950,
#7951,#7952,#7953,#7954,#7955,#7956,#7957,#7958,#7959,#7960,#7961,#7962,
#7963,#7964),(#7965,#7966,#7967,#7968,#7969,#7970,#7971,#7972,#7973,#7974,
#7975,#7976,#7977,#7978,#7979,#7980,#7981,#7982,#7983,#7984,#7985,#7986,
#7987,#7988,#7989)),.UNSPECIFIED.,.F.,.F.,.F.,(4,1,1,1,1,4),(4,1,1,1,1,
1,1,1,1,1,1,1,1,1,1,1,1,1,1,1,1,1,4),(0.,0.285714285714286,0.428571428571429,
0.571428571428571,0.857142857142857,1.),(0.938147670061559,1.06921476530149,
1.57126541726403,1.88729640321453,2.26105457380326,2.56789332754678,2.80392313811872,
2.97994668705461,3.12642510462881,3.22521930189499,3.3274696086378,3.38960147888838,
3.42854989800423,3.46749831712009,3.54536759946904,3.59403590093713,3.76529652761944,
3.93655143944583,4.21056387025278,4.56678003030182,5.02986103836558,5.54935377348979,
5.89906131593613),.UNSPECIFIED.);
#188=B_SPLINE_SURFACE_WITH_KNOTS('',3,1,((#8012,#8013),(#8014,#8015),(#8016,
#8017),(#8018,#8019),(#8020,#8021),(#8022,#8023),(#8024,#8025),(#8026,#8027),
(#8028,#8029),(#8030,#8031),(#8032,#8033),(#8034,#8035),(#8036,#8037),(#8038,
#8039),(#8040,#8041),(#8042,#8043),(#8044,#8045),(#8046,#8047),(#8048,#8049),
(#8050,#8051),(#8052,#8053),(#8054,#8055),(#8056,#8057),(#8058,#8059),(#8060,
#8061),(#8062,#8063)),.UNSPECIFIED.,.F.,.F.,.F.,(4,2,2,2,2,2,2,2,2,2,2,
2,4),(2,2),(0.83351276347476,1.00749435734078,1.23095148812485,1.44722248497368,
1.59267392023668,1.67097407313429,1.7314133871302,1.795684318317,1.89188844150936,
2.08708051968867,2.27215822257524,2.46555721093954,2.56394856715955),(0.,
0.2),.UNSPECIFIED.);
#189=B_SPLINE_SURFACE_WITH_KNOTS('',3,1,((#8092,#8093),(#8094,#8095),(#8096,
#8097),(#8098,#8099),(#8100,#8101),(#8102,#8103),(#8104,#8105),(#8106,#8107),
(#8108,#8109),(#8110,#8111),(#8112,#8113),(#8114,#8115),(#8116,#8117),(#8118,
#8119),(#8120,#8121),(#8122,#8123),(#8124,#8125),(#8126,#8127),(#8128,#8129),
(#8130,#8131),(#8132,#8133),(#8134,#8135),(#8136,#8137),(#8138,#8139),(#8140,
#8141),(#8142,#8143)),.UNSPECIFIED.,.F.,.F.,.F.,(4,2,2,2,2,2,2,2,2,2,2,
2,4),(2,2),(0.833512766298691,1.00749435988067,1.23095149029994,1.44722248679566,
1.59267392182118,1.67097407459095,1.73141338848817,1.79568431957006,1.89188844260535,
2.08708052046595,2.27215822305033,2.46555721109883,2.56394856715821),(0.,
0.2),.UNSPECIFIED.);
#190=B_SPLINE_SURFACE_WITH_KNOTS('',3,3,((#8309,#8310,#8311,#8312),(#8313,
#8314,#8315,#8316),(#8317,#8318,#8319,#8320),(#8321,#8322,#8323,#8324),
(#8325,#8326,#8327,#8328),(#8329,#8330,#8331,#8332),(#8333,#8334,#8335,
#8336),(#8337,#8338,#8339,#8340),(#8341,#8342,#8343,#8344),(#8345,#8346,
#8347,#8348)),.UNSPECIFIED.,.F.,.F.,.F.,(4,1,1,1,1,1,1,4),(4,4),(0.,0.142857142857143,
0.285714285714286,0.428571428571429,0.571428571428571,0.714285714285714,
0.857142857142857,1.),(1.,1.58),.UNSPECIFIED.);
#191=B_SPLINE_SURFACE_WITH_KNOTS('',3,3,((#8368,#8369,#8370,#8371),(#8372,
#8373,#8374,#8375),(#8376,#8377,#8378,#8379),(#8380,#8381,#8382,#8383),
(#8384,#8385,#8386,#8387),(#8388,#8389,#8390,#8391),(#8392,#8393,#8394,
#8395),(#8396,#8397,#8398,#8399),(#8400,#8401,#8402,#8403),(#8404,#8405,
#8406,#8407)),.UNSPECIFIED.,.F.,.F.,.F.,(4,1,1,1,1,1,1,4),(4,4),(0.,0.142857142857143,
0.285714285714286,0.428571428571429,0.571428571428571,0.714285714285714,
0.857142857142857,1.),(1.,1.58),.UNSPECIFIED.);
#192=B_SPLINE_SURFACE_WITH_KNOTS('',3,3,((#8485,#8486,#8487,#8488),(#8489,
#8490,#8491,#8492),(#8493,#8494,#8495,#8496),(#8497,#8498,#8499,#8500),
(#8501,#8502,#8503,#8504),(#8505,#8506,#8507,#8508),(#8509,#8510,#8511,
#8512),(#8513,#8514,#8515,#8516),(#8517,#8518,#8519,#8520),(#8521,#8522,
#8523,#8524)),.UNSPECIFIED.,.F.,.F.,.F.,(4,1,1,1,1,1,1,4),(4,4),(0.,0.142857142857143,
0.285714285714286,0.428571428571429,0.571428571428571,0.714285714285714,
0.857142857142857,1.),(0.286,0.361),.UNSPECIFIED.);
#193=B_SPLINE_SURFACE_WITH_KNOTS('',3,3,((#8545,#8546,#8547,#8548,#8549,
#8550,#8551,#8552,#8553,#8554,#8555),(#8556,#8557,#8558,#8559,#8560,#8561,
#8562,#8563,#8564,#8565,#8566),(#8567,#8568,#8569,#8570,#8571,#8572,#8573,
#8574,#8575,#8576,#8577),(#8578,#8579,#8580,#8581,#8582,#8583,#8584,#8585,
#8586,#8587,#8588),(#8589,#8590,#8591,#8592,#8593,#8594,#8595,#8596,#8597,
#8598,#8599),(#8600,#8601,#8602,#8603,#8604,#8605,#8606,#8607,#8608,#8609,
#8610),(#8611,#8612,#8613,#8614,#8615,#8616,#8617,#8618,#8619,#8620,#8621),
(#8622,#8623,#8624,#8625,#8626,#8627,#8628,#8629,#8630,#8631,#8632),(#8633,
#8634,#8635,#8636,#8637,#8638,#8639,#8640,#8641,#8642,#8643),(#8644,#8645,
#8646,#8647,#8648,#8649,#8650,#8651,#8652,#8653,#8654)),.UNSPECIFIED.,.F.,
 .F.,.F.,(4,1,1,1,1,1,1,4),(4,1,1,1,1,1,1,1,4),(0.,0.142857142857143,0.285714285714286,
0.428571428571429,0.571428571428571,0.714285714285714,0.857142857142857,
1.),(0.,0.0227896342524351,0.0455792685048703,0.0911585370097405,0.136737805514611,
0.227896342524351,0.273475611029222,0.296265245281657,0.319054879534092),
 .UNSPECIFIED.);
#194=B_SPLINE_SURFACE_WITH_KNOTS('',3,3,((#8665,#8666,#8667,#8668),(#8669,
#8670,#8671,#8672),(#8673,#8674,#8675,#8676),(#8677,#8678,#8679,#8680),
(#8681,#8682,#8683,#8684),(#8685,#8686,#8687,#8688),(#8689,#8690,#8691,
#8692),(#8693,#8694,#8695,#8696),(#8697,#8698,#8699,#8700),(#8701,#8702,
#8703,#8704)),.UNSPECIFIED.,.F.,.F.,.F.,(4,1,1,1,1,1,1,4),(4,4),(0.,0.142857142857143,
0.285714285714286,0.428571428571429,0.571428571428571,0.714285714285714,
0.857142857142857,1.),(-3.93900000000001,-1.08100000000001),
 .UNSPECIFIED.);
#195=B_SPLINE_SURFACE_WITH_KNOTS('',3,3,((#8715,#8716,#8717,#8718,#8719,
#8720,#8721,#8722,#8723,#8724,#8725),(#8726,#8727,#8728,#8729,#8730,#8731,
#8732,#8733,#8734,#8735,#8736),(#8737,#8738,#8739,#8740,#8741,#8742,#8743,
#8744,#8745,#8746,#8747),(#8748,#8749,#8750,#8751,#8752,#8753,#8754,#8755,
#8756,#8757,#8758),(#8759,#8760,#8761,#8762,#8763,#8764,#8765,#8766,#8767,
#8768,#8769),(#8770,#8771,#8772,#8773,#8774,#8775,#8776,#8777,#8778,#8779,
#8780),(#8781,#8782,#8783,#8784,#8785,#8786,#8787,#8788,#8789,#8790,#8791),
(#8792,#8793,#8794,#8795,#8796,#8797,#8798,#8799,#8800,#8801,#8802),(#8803,
#8804,#8805,#8806,#8807,#8808,#8809,#8810,#8811,#8812,#8813),(#8814,#8815,
#8816,#8817,#8818,#8819,#8820,#8821,#8822,#8823,#8824)),.UNSPECIFIED.,.F.,
 .F.,.F.,(4,1,1,1,1,1,1,4),(4,1,1,1,1,1,1,1,4),(0.,0.142857142857143,0.285714285714286,
0.428571428571429,0.571428571428571,0.714285714285714,0.857142857142857,
1.),(0.,0.0227896342524351,0.0455792685048702,0.0911585370097405,0.182317074019481,
0.227896342524351,0.273475611029221,0.296265245281656,0.319054879534092),
 .UNSPECIFIED.);
#196=B_SPLINE_SURFACE_WITH_KNOTS('',3,3,((#8847,#8848,#8849,#8850),(#8851,
#8852,#8853,#8854),(#8855,#8856,#8857,#8858),(#8859,#8860,#8861,#8862),
(#8863,#8864,#8865,#8866),(#8867,#8868,#8869,#8870),(#8871,#8872,#8873,
#8874),(#8875,#8876,#8877,#8878),(#8879,#8880,#8881,#8882),(#8883,#8884,
#8885,#8886)),.UNSPECIFIED.,.F.,.F.,.F.,(4,1,1,1,1,1,1,4),(4,4),(0.,0.142857142857143,
0.285714285714286,0.428571428571429,0.571428571428571,0.714285714285714,
0.857142857142857,1.),(-0.498500000000001,-0.4235),.UNSPECIFIED.);
#197=B_SPLINE_SURFACE_WITH_KNOTS('',3,3,((#8899,#8900,#8901,#8902,#8903,
#8904,#8905,#8906,#8907,#8908,#8909),(#8910,#8911,#8912,#8913,#8914,#8915,
#8916,#8917,#8918,#8919,#8920),(#8921,#8922,#8923,#8924,#8925,#8926,#8927,
#8928,#8929,#8930,#8931),(#8932,#8933,#8934,#8935,#8936,#8937,#8938,#8939,
#8940,#8941,#8942),(#8943,#8944,#8945,#8946,#8947,#8948,#8949,#8950,#8951,
#8952,#8953),(#8954,#8955,#8956,#8957,#8958,#8959,#8960,#8961,#8962,#8963,
#8964),(#8965,#8966,#8967,#8968,#8969,#8970,#8971,#8972,#8973,#8974,#8975),
(#8976,#8977,#8978,#8979,#8980,#8981,#8982,#8983,#8984,#8985,#8986),(#8987,
#8988,#8989,#8990,#8991,#8992,#8993,#8994,#8995,#8996,#8997),(#8998,#8999,
#9000,#9001,#9002,#9003,#9004,#9005,#9006,#9007,#9008)),.UNSPECIFIED.,.F.,
 .F.,.F.,(4,1,1,1,1,1,1,4),(4,1,1,1,1,1,1,1,4),(0.,0.142857142857143,0.285714285714286,
0.428571428571429,0.571428571428571,0.714285714285714,0.857142857142857,
1.),(0.,0.0227896342524351,0.0455792685048703,0.0911585370097406,0.136737805514611,
0.227896342524351,0.273475611029222,0.296265245281657,0.319054879534092),
 .UNSPECIFIED.);
#198=B_SPLINE_SURFACE_WITH_KNOTS('',3,3,((#9031,#9032,#9033,#9034),(#9035,
#9036,#9037,#9038),(#9039,#9040,#9041,#9042),(#9043,#9044,#9045,#9046),
(#9047,#9048,#9049,#9050),(#9051,#9052,#9053,#9054),(#9055,#9056,#9057,
#9058),(#9059,#9060,#9061,#9062),(#9063,#9064,#9065,#9066),(#9067,#9068,
#9069,#9070)),.UNSPECIFIED.,.F.,.F.,.F.,(4,1,1,1,1,1,1,4),(4,4),(0.,0.142857142857143,
0.285714285714286,0.428571428571429,0.571428571428571,0.714285714285714,
0.857142857142857,1.),(-0.447999999999993,2.41000000000001),
 .UNSPECIFIED.);
#199=B_SPLINE_SURFACE_WITH_KNOTS('',3,3,((#9082,#9083,#9084,#9085,#9086,
#9087,#9088,#9089,#9090,#9091,#9092),(#9093,#9094,#9095,#9096,#9097,#9098,
#9099,#9100,#9101,#9102,#9103),(#9104,#9105,#9106,#9107,#9108,#9109,#9110,
#9111,#9112,#9113,#9114),(#9115,#9116,#9117,#9118,#9119,#9120,#9121,#9122,
#9123,#9124,#9125),(#9126,#9127,#9128,#9129,#9130,#9131,#9132,#9133,#9134,
#9135,#9136),(#9137,#9138,#9139,#9140,#9141,#9142,#9143,#9144,#9145,#9146,
#9147),(#9148,#9149,#9150,#9151,#9152,#9153,#9154,#9155,#9156,#9157,#9158),
(#9159,#9160,#9161,#9162,#9163,#9164,#9165,#9166,#9167,#9168,#9169),(#9170,
#9171,#9172,#9173,#9174,#9175,#9176,#9177,#9178,#9179,#9180),(#9181,#9182,
#9183,#9184,#9185,#9186,#9187,#9188,#9189,#9190,#9191)),.UNSPECIFIED.,.F.,
 .F.,.F.,(4,1,1,1,1,1,1,4),(4,1,1,1,1,1,1,1,4),(0.,0.142857142857143,0.285714285714286,
0.428571428571429,0.571428571428571,0.714285714285714,0.857142857142857,
1.),(0.,0.0227896342524351,0.0455792685048703,0.0911585370097405,0.136737805514611,
0.227896342524351,0.273475611029222,0.296265245281657,0.319054879534092),
 .UNSPECIFIED.);
#200=B_SPLINE_SURFACE_WITH_KNOTS('',3,3,((#9192,#9193,#9194,#9195),(#9196,
#9197,#9198,#9199),(#9200,#9201,#9202,#9203),(#9204,#9205,#9206,#9207),
(#9208,#9209,#9210,#9211),(#9212,#9213,#9214,#9215),(#9216,#9217,#9218,
#9219),(#9220,#9221,#9222,#9223),(#9224,#9225,#9226,#9227),(#9228,#9229,
#9230,#9231)),.UNSPECIFIED.,.F.,.F.,.F.,(4,1,1,1,1,1,1,4),(4,4),(0.,0.142857142857143,
0.285714285714286,0.428571428571429,0.571428571428571,0.714285714285714,
0.857142857142857,1.),(1.,1.58),.UNSPECIFIED.);
#201=B_SPLINE_SURFACE_WITH_KNOTS('',3,3,((#9235,#9236,#9237,#9238),(#9239,
#9240,#9241,#9242),(#9243,#9244,#9245,#9246),(#9247,#9248,#9249,#9250),
(#9251,#9252,#9253,#9254),(#9255,#9256,#9257,#9258),(#9259,#9260,#9261,
#9262),(#9263,#9264,#9265,#9266),(#9267,#9268,#9269,#9270),(#9271,#9272,
#9273,#9274)),.UNSPECIFIED.,.F.,.F.,.F.,(4,1,1,1,1,1,1,4),(4,4),(0.,0.142857142857143,
0.285714285714286,0.428571428571429,0.571428571428571,0.714285714285714,
0.857142857142857,1.),(1.,1.58),.UNSPECIFIED.);
#202=B_SPLINE_SURFACE_WITH_KNOTS('',3,3,((#9286,#9287,#9288,#9289,#9290,
#9291,#9292,#9293,#9294,#9295,#9296,#9297,#9298,#9299,#9300,#9301,#9302,
#9303,#9304),(#9305,#9306,#9307,#9308,#9309,#9310,#9311,#9312,#9313,#9314,
#9315,#9316,#9317,#9318,#9319,#9320,#9321,#9322,#9323),(#9324,#9325,#9326,
#9327,#9328,#9329,#9330,#9331,#9332,#9333,#9334,#9335,#9336,#9337,#9338,
#9339,#9340,#9341,#9342),(#9343,#9344,#9345,#9346,#9347,#9348,#9349,#9350,
#9351,#9352,#9353,#9354,#9355,#9356,#9357,#9358,#9359,#9360,#9361),(#9362,
#9363,#9364,#9365,#9366,#9367,#9368,#9369,#9370,#9371,#9372,#9373,#9374,
#9375,#9376,#9377,#9378,#9379,#9380),(#9381,#9382,#9383,#9384,#9385,#9386,
#9387,#9388,#9389,#9390,#9391,#9392,#9393,#9394,#9395,#9396,#9397,#9398,
#9399),(#9400,#9401,#9402,#9403,#9404,#9405,#9406,#9407,#9408,#9409,#9410,
#9411,#9412,#9413,#9414,#9415,#9416,#9417,#9418),(#9419,#9420,#9421,#9422,
#9423,#9424,#9425,#9426,#9427,#9428,#9429,#9430,#9431,#9432,#9433,#9434,
#9435,#9436,#9437),(#9438,#9439,#9440,#9441,#9442,#9443,#9444,#9445,#9446,
#9447,#9448,#9449,#9450,#9451,#9452,#9453,#9454,#9455,#9456),(#9457,#9458,
#9459,#9460,#9461,#9462,#9463,#9464,#9465,#9466,#9467,#9468,#9469,#9470,
#9471,#9472,#9473,#9474,#9475)),.UNSPECIFIED.,.F.,.T.,.F.,(4,1,1,1,1,1,
1,4),(4,1,1,1,1,1,1,1,1,1,1,1,1,1,1,1,4),(0.,0.142857142857143,0.285714285714286,
0.428571428571429,0.571428571428571,0.714285714285714,0.857142857142857,
1.),(-3.14159265358979,-2.69279370307697,-2.24399475256414,-1.79519580205131,
-1.34639685153848,-1.0471975511966,-0.747998250854713,-0.448798950512828,
-0.149599650170943,0.448798950512828,0.747998250854713,1.0471975511966,
1.34639685153848,1.64559615188037,2.24399475256414,2.69279370307697,3.14159265358979),
 .UNSPECIFIED.);
#203=FACE_BOUND('',#491,.T.);
#204=FACE_BOUND('',#492,.T.);
#205=FACE_BOUND('',#493,.T.);
#206=FACE_BOUND('',#497,.T.);
#207=FACE_BOUND('',#547,.T.);
#208=FACE_BOUND('',#548,.T.);
#209=FACE_BOUND('',#549,.T.);
#210=FACE_BOUND('',#560,.T.);
#211=FACE_BOUND('',#619,.T.);
#212=FACE_BOUND('',#628,.T.);
#213=FACE_BOUND('',#657,.T.);
#214=FACE_BOUND('',#664,.T.);
#215=PLANE('',#3199);
#216=PLANE('',#3217);
#217=PLANE('',#3221);
#218=PLANE('',#3222);
#219=PLANE('',#3223);
#220=PLANE('',#3224);
#221=PLANE('',#3225);
#222=PLANE('',#3226);
#223=PLANE('',#3228);
#224=PLANE('',#3229);
#225=PLANE('',#3230);
#226=PLANE('',#3233);
#227=PLANE('',#3234);
#228=PLANE('',#3235);
#229=PLANE('',#3236);
#230=PLANE('',#3240);
#231=PLANE('',#3241);
#232=PLANE('',#3242);
#233=PLANE('',#3243);
#234=PLANE('',#3244);
#235=PLANE('',#3245);
#236=PLANE('',#3249);
#237=PLANE('',#3253);
#238=PLANE('',#3254);
#239=PLANE('',#3255);
#240=PLANE('',#3259);
#241=PLANE('',#3260);
#242=PLANE('',#3263);
#243=PLANE('',#3264);
#244=PLANE('',#3268);
#245=PLANE('',#3272);
#246=PLANE('',#3275);
#247=PLANE('',#3279);
#248=PLANE('',#3280);
#249=PLANE('',#3291);
#250=PLANE('',#3292);
#251=PLANE('',#3293);
#252=PLANE('',#3294);
#253=PLANE('',#3295);
#254=PLANE('',#3296);
#255=PLANE('',#3297);
#256=PLANE('',#3301);
#257=PLANE('',#3302);
#258=PLANE('',#3303);
#259=PLANE('',#3304);
#260=PLANE('',#3305);
#261=PLANE('',#3306);
#262=PLANE('',#3307);
#263=PLANE('',#3308);
#264=PLANE('',#3310);
#265=PLANE('',#3311);
#266=PLANE('',#3312);
#267=PLANE('',#3313);
#268=PLANE('',#3314);
#269=PLANE('',#3315);
#270=PLANE('',#3316);
#271=PLANE('',#3317);
#272=PLANE('',#3318);
#273=PLANE('',#3319);
#274=PLANE('',#3321);
#275=PLANE('',#3324);
#276=PLANE('',#3327);
#277=PLANE('',#3331);
#278=PLANE('',#3332);
#279=PLANE('',#3349);
#280=PLANE('',#3351);
#281=PLANE('',#3367);
#282=PLANE('',#3376);
#283=PLANE('',#3388);
#284=PLANE('',#3402);
#285=PLANE('',#3405);
#286=PLANE('',#3409);
#287=PLANE('',#3412);
#288=PLANE('',#3415);
#289=PLANE('',#3418);
#290=PLANE('',#3419);
#291=PLANE('',#3420);
#292=PLANE('',#3421);
#293=PLANE('',#3422);
#294=PLANE('',#3423);
#295=PLANE('',#3425);
#296=PLANE('',#3426);
#297=PLANE('',#3427);
#298=PLANE('',#3428);
#299=PLANE('',#3429);
#300=PLANE('',#3430);
#301=PLANE('',#3431);
#302=PLANE('',#3437);
#303=FACE_OUTER_BOUND('',#489,.T.);
#304=FACE_OUTER_BOUND('',#490,.T.);
#305=FACE_OUTER_BOUND('',#494,.T.);
#306=FACE_OUTER_BOUND('',#495,.T.);
#307=FACE_OUTER_BOUND('',#496,.T.);
#308=FACE_OUTER_BOUND('',#498,.T.);
#309=FACE_OUTER_BOUND('',#499,.T.);
#310=FACE_OUTER_BOUND('',#500,.T.);
#311=FACE_OUTER_BOUND('',#501,.T.);
#312=FACE_OUTER_BOUND('',#502,.T.);
#313=FACE_OUTER_BOUND('',#503,.T.);
#314=FACE_OUTER_BOUND('',#504,.T.);
#315=FACE_OUTER_BOUND('',#505,.T.);
#316=FACE_OUTER_BOUND('',#506,.T.);
#317=FACE_OUTER_BOUND('',#507,.T.);
#318=FACE_OUTER_BOUND('',#508,.T.);
#319=FACE_OUTER_BOUND('',#509,.T.);
#320=FACE_OUTER_BOUND('',#510,.T.);
#321=FACE_OUTER_BOUND('',#511,.T.);
#322=FACE_OUTER_BOUND('',#512,.T.);
#323=FACE_OUTER_BOUND('',#513,.T.);
#324=FACE_OUTER_BOUND('',#514,.T.);
#325=FACE_OUTER_BOUND('',#515,.T.);
#326=FACE_OUTER_BOUND('',#516,.T.);
#327=FACE_OUTER_BOUND('',#517,.T.);
#328=FACE_OUTER_BOUND('',#518,.T.);
#329=FACE_OUTER_BOUND('',#519,.T.);
#330=FACE_OUTER_BOUND('',#520,.T.);
#331=FACE_OUTER_BOUND('',#521,.T.);
#332=FACE_OUTER_BOUND('',#522,.T.);
#333=FACE_OUTER_BOUND('',#523,.T.);
#334=FACE_OUTER_BOUND('',#524,.T.);
#335=FACE_OUTER_BOUND('',#525,.T.);
#336=FACE_OUTER_BOUND('',#526,.T.);
#337=FACE_OUTER_BOUND('',#527,.T.);
#338=FACE_OUTER_BOUND('',#528,.T.);
#339=FACE_OUTER_BOUND('',#529,.T.);
#340=FACE_OUTER_BOUND('',#530,.T.);
#341=FACE_OUTER_BOUND('',#531,.T.);
#342=FACE_OUTER_BOUND('',#532,.T.);
#343=FACE_OUTER_BOUND('',#533,.T.);
#344=FACE_OUTER_BOUND('',#534,.T.);
#345=FACE_OUTER_BOUND('',#535,.T.);
#346=FACE_OUTER_BOUND('',#536,.T.);
#347=FACE_OUTER_BOUND('',#537,.T.);
#348=FACE_OUTER_BOUND('',#538,.T.);
#349=FACE_OUTER_BOUND('',#539,.T.);
#350=FACE_OUTER_BOUND('',#540,.T.);
#351=FACE_OUTER_BOUND('',#541,.T.);
#352=FACE_OUTER_BOUND('',#542,.T.);
#353=FACE_OUTER_BOUND('',#543,.T.);
#354=FACE_OUTER_BOUND('',#544,.T.);
#355=FACE_OUTER_BOUND('',#545,.T.);
#356=FACE_OUTER_BOUND('',#546,.T.);
#357=FACE_OUTER_BOUND('',#550,.T.);
#358=FACE_OUTER_BOUND('',#551,.T.);
#359=FACE_OUTER_BOUND('',#552,.T.);
#360=FACE_OUTER_BOUND('',#553,.T.);
#361=FACE_OUTER_BOUND('',#554,.T.);
#362=FACE_OUTER_BOUND('',#555,.T.);
#363=FACE_OUTER_BOUND('',#556,.T.);
#364=FACE_OUTER_BOUND('',#557,.T.);
#365=FACE_OUTER_BOUND('',#558,.T.);
#366=FACE_OUTER_BOUND('',#559,.T.);
#367=FACE_OUTER_BOUND('',#561,.T.);
#368=FACE_OUTER_BOUND('',#562,.T.);
#369=FACE_OUTER_BOUND('',#563,.T.);
#370=FACE_OUTER_BOUND('',#564,.T.);
#371=FACE_OUTER_BOUND('',#565,.T.);
#372=FACE_OUTER_BOUND('',#566,.T.);
#373=FACE_OUTER_BOUND('',#567,.T.);
#374=FACE_OUTER_BOUND('',#568,.T.);
#375=FACE_OUTER_BOUND('',#569,.T.);
#376=FACE_OUTER_BOUND('',#570,.T.);
#377=FACE_OUTER_BOUND('',#571,.T.);
#378=FACE_OUTER_BOUND('',#572,.T.);
#379=FACE_OUTER_BOUND('',#573,.T.);
#380=FACE_OUTER_BOUND('',#574,.T.);
#381=FACE_OUTER_BOUND('',#575,.T.);
#382=FACE_OUTER_BOUND('',#576,.T.);
#383=FACE_OUTER_BOUND('',#577,.T.);
#384=FACE_OUTER_BOUND('',#578,.T.);
#385=FACE_OUTER_BOUND('',#579,.T.);
#386=FACE_OUTER_BOUND('',#580,.T.);
#387=FACE_OUTER_BOUND('',#581,.T.);
#388=FACE_OUTER_BOUND('',#582,.T.);
#389=FACE_OUTER_BOUND('',#583,.T.);
#390=FACE_OUTER_BOUND('',#584,.T.);
#391=FACE_OUTER_BOUND('',#585,.T.);
#392=FACE_OUTER_BOUND('',#586,.T.);
#393=FACE_OUTER_BOUND('',#587,.T.);
#394=FACE_OUTER_BOUND('',#588,.T.);
#395=FACE_OUTER_BOUND('',#589,.T.);
#396=FACE_OUTER_BOUND('',#590,.T.);
#397=FACE_OUTER_BOUND('',#591,.T.);
#398=FACE_OUTER_BOUND('',#592,.T.);
#399=FACE_OUTER_BOUND('',#593,.T.);
#400=FACE_OUTER_BOUND('',#594,.T.);
#401=FACE_OUTER_BOUND('',#595,.T.);
#402=FACE_OUTER_BOUND('',#596,.T.);
#403=FACE_OUTER_BOUND('',#597,.T.);
#404=FACE_OUTER_BOUND('',#598,.T.);
#405=FACE_OUTER_BOUND('',#599,.T.);
#406=FACE_OUTER_BOUND('',#600,.T.);
#407=FACE_OUTER_BOUND('',#601,.T.);
#408=FACE_OUTER_BOUND('',#602,.T.);
#409=FACE_OUTER_BOUND('',#603,.T.);
#410=FACE_OUTER_BOUND('',#604,.T.);
#411=FACE_OUTER_BOUND('',#605,.T.);
#412=FACE_OUTER_BOUND('',#606,.T.);
#413=FACE_OUTER_BOUND('',#607,.T.);
#414=FACE_OUTER_BOUND('',#608,.T.);
#415=FACE_OUTER_BOUND('',#609,.T.);
#416=FACE_OUTER_BOUND('',#610,.T.);
#417=FACE_OUTER_BOUND('',#611,.T.);
#418=FACE_OUTER_BOUND('',#612,.T.);
#419=FACE_OUTER_BOUND('',#613,.T.);
#420=FACE_OUTER_BOUND('',#614,.T.);
#421=FACE_OUTER_BOUND('',#615,.T.);
#422=FACE_OUTER_BOUND('',#616,.T.);
#423=FACE_OUTER_BOUND('',#617,.T.);
#424=FACE_OUTER_BOUND('',#618,.T.);
#425=FACE_OUTER_BOUND('',#620,.T.);
#426=FACE_OUTER_BOUND('',#621,.T.);
#427=FACE_OUTER_BOUND('',#622,.T.);
#428=FACE_OUTER_BOUND('',#623,.T.);
#429=FACE_OUTER_BOUND('',#624,.T.);
#430=FACE_OUTER_BOUND('',#625,.T.);
#431=FACE_OUTER_BOUND('',#626,.T.);
#432=FACE_OUTER_BOUND('',#627,.T.);
#433=FACE_OUTER_BOUND('',#629,.T.);
#434=FACE_OUTER_BOUND('',#630,.T.);
#435=FACE_OUTER_BOUND('',#631,.T.);
#436=FACE_OUTER_BOUND('',#632,.T.);
#437=FACE_OUTER_BOUND('',#633,.T.);
#438=FACE_OUTER_BOUND('',#634,.T.);
#439=FACE_OUTER_BOUND('',#635,.T.);
#440=FACE_OUTER_BOUND('',#636,.T.);
#441=FACE_OUTER_BOUND('',#637,.T.);
#442=FACE_OUTER_BOUND('',#638,.T.);
#443=FACE_OUTER_BOUND('',#639,.T.);
#444=FACE_OUTER_BOUND('',#640,.T.);
#445=FACE_OUTER_BOUND('',#641,.T.);
#446=FACE_OUTER_BOUND('',#642,.T.);
#447=FACE_OUTER_BOUND('',#643,.T.);
#448=FACE_OUTER_BOUND('',#644,.T.);
#449=FACE_OUTER_BOUND('',#645,.T.);
#450=FACE_OUTER_BOUND('',#646,.T.);
#451=FACE_OUTER_BOUND('',#647,.T.);
#452=FACE_OUTER_BOUND('',#648,.T.);
#453=FACE_OUTER_BOUND('',#649,.T.);
#454=FACE_OUTER_BOUND('',#650,.T.);
#455=FACE_OUTER_BOUND('',#651,.T.);
#456=FACE_OUTER_BOUND('',#652,.T.);
#457=FACE_OUTER_BOUND('',#653,.T.);
#458=FACE_OUTER_BOUND('',#654,.T.);
#459=FACE_OUTER_BOUND('',#655,.T.);
#460=FACE_OUTER_BOUND('',#656,.T.);
#461=FACE_OUTER_BOUND('',#658,.T.);
#462=FACE_OUTER_BOUND('',#659,.T.);
#463=FACE_OUTER_BOUND('',#660,.T.);
#464=FACE_OUTER_BOUND('',#661,.T.);
#465=FACE_OUTER_BOUND('',#662,.T.);
#466=FACE_OUTER_BOUND('',#663,.T.);
#467=FACE_OUTER_BOUND('',#665,.T.);
#468=FACE_OUTER_BOUND('',#666,.T.);
#469=FACE_OUTER_BOUND('',#667,.T.);
#470=FACE_OUTER_BOUND('',#668,.T.);
#471=FACE_OUTER_BOUND('',#669,.T.);
#472=FACE_OUTER_BOUND('',#670,.T.);
#473=FACE_OUTER_BOUND('',#671,.T.);
#474=FACE_OUTER_BOUND('',#672,.T.);
#475=FACE_OUTER_BOUND('',#673,.T.);
#476=FACE_OUTER_BOUND('',#674,.T.);
#477=FACE_OUTER_BOUND('',#675,.T.);
#478=FACE_OUTER_BOUND('',#676,.T.);
#479=FACE_OUTER_BOUND('',#677,.T.);
#480=FACE_OUTER_BOUND('',#678,.T.);
#481=FACE_OUTER_BOUND('',#679,.T.);
#482=FACE_OUTER_BOUND('',#680,.T.);
#483=FACE_OUTER_BOUND('',#681,.T.);
#484=FACE_OUTER_BOUND('',#682,.T.);
#485=FACE_OUTER_BOUND('',#683,.T.);
#486=FACE_OUTER_BOUND('',#684,.T.);
#487=FACE_OUTER_BOUND('',#685,.T.);
#488=FACE_OUTER_BOUND('',#686,.T.);
#489=EDGE_LOOP('',(#2039,#2040,#2041,#2042));
#490=EDGE_LOOP('',(#2043,#2044,#2045,#2046,#2047,#2048,#2049,#2050,#2051,
#2052,#2053,#2054,#2055,#2056,#2057,#2058,#2059,#2060,#2061,#2062));
#491=EDGE_LOOP('',(#2063));
#492=EDGE_LOOP('',(#2064));
#493=EDGE_LOOP('',(#2065));
#494=EDGE_LOOP('',(#2066,#2067,#2068,#2069));
#495=EDGE_LOOP('',(#2070,#2071,#2072,#2073,#2074,#2075));
#496=EDGE_LOOP('',(#2076,#2077,#2078,#2079,#2080,#2081,#2082,#2083,#2084,
#2085));
#497=EDGE_LOOP('',(#2086));
#498=EDGE_LOOP('',(#2087,#2088,#2089,#2090));
#499=EDGE_LOOP('',(#2091,#2092,#2093,#2094));
#500=EDGE_LOOP('',(#2095,#2096,#2097,#2098));
#501=EDGE_LOOP('',(#2099,#2100,#2101,#2102));
#502=EDGE_LOOP('',(#2103,#2104,#2105,#2106,#2107,#2108,#2109,#2110));
#503=EDGE_LOOP('',(#2111,#2112,#2113,#2114));
#504=EDGE_LOOP('',(#2115,#2116,#2117));
#505=EDGE_LOOP('',(#2118,#2119,#2120,#2121));
#506=EDGE_LOOP('',(#2122,#2123,#2124,#2125));
#507=EDGE_LOOP('',(#2126,#2127,#2128,#2129));
#508=EDGE_LOOP('',(#2130,#2131,#2132,#2133,#2134,#2135,#2136));
#509=EDGE_LOOP('',(#2137,#2138,#2139,#2140,#2141));
#510=EDGE_LOOP('',(#2142,#2143,#2144,#2145,#2146));
#511=EDGE_LOOP('',(#2147,#2148,#2149));
#512=EDGE_LOOP('',(#2150,#2151,#2152,#2153));
#513=EDGE_LOOP('',(#2154,#2155,#2156,#2157));
#514=EDGE_LOOP('',(#2158,#2159,#2160,#2161));
#515=EDGE_LOOP('',(#2162,#2163,#2164,#2165,#2166));
#516=EDGE_LOOP('',(#2167,#2168,#2169));
#517=EDGE_LOOP('',(#2170,#2171,#2172,#2173));
#518=EDGE_LOOP('',(#2174,#2175,#2176,#2177));
#519=EDGE_LOOP('',(#2178,#2179,#2180,#2181,#2182));
#520=EDGE_LOOP('',(#2183,#2184,#2185,#2186,#2187));
#521=EDGE_LOOP('',(#2188,#2189,#2190,#2191,#2192,#2193));
#522=EDGE_LOOP('',(#2194,#2195,#2196,#2197,#2198,#2199,#2200,#2201));
#523=EDGE_LOOP('',(#2202,#2203,#2204));
#524=EDGE_LOOP('',(#2205,#2206,#2207,#2208,#2209));
#525=EDGE_LOOP('',(#2210,#2211,#2212,#2213));
#526=EDGE_LOOP('',(#2214,#2215,#2216,#2217,#2218));
#527=EDGE_LOOP('',(#2219,#2220,#2221,#2222));
#528=EDGE_LOOP('',(#2223,#2224,#2225,#2226,#2227));
#529=EDGE_LOOP('',(#2228,#2229,#2230,#2231));
#530=EDGE_LOOP('',(#2232,#2233,#2234,#2235));
#531=EDGE_LOOP('',(#2236,#2237,#2238,#2239));
#532=EDGE_LOOP('',(#2240,#2241,#2242,#2243,#2244));
#533=EDGE_LOOP('',(#2245,#2246,#2247,#2248));
#534=EDGE_LOOP('',(#2249,#2250,#2251,#2252,#2253,#2254));
#535=EDGE_LOOP('',(#2255,#2256,#2257,#2258,#2259,#2260));
#536=EDGE_LOOP('',(#2261,#2262,#2263,#2264,#2265,#2266));
#537=EDGE_LOOP('',(#2267,#2268,#2269,#2270,#2271,#2272));
#538=EDGE_LOOP('',(#2273,#2274,#2275,#2276));
#539=EDGE_LOOP('',(#2277,#2278,#2279,#2280));
#540=EDGE_LOOP('',(#2281,#2282,#2283,#2284));
#541=EDGE_LOOP('',(#2285,#2286,#2287,#2288));
#542=EDGE_LOOP('',(#2289,#2290,#2291,#2292));
#543=EDGE_LOOP('',(#2293,#2294,#2295,#2296));
#544=EDGE_LOOP('',(#2297,#2298,#2299,#2300));
#545=EDGE_LOOP('',(#2301,#2302,#2303,#2304));
#546=EDGE_LOOP('',(#2305,#2306,#2307,#2308,#2309,#2310,#2311,#2312,#2313,
#2314,#2315,#2316,#2317,#2318,#2319,#2320));
#547=EDGE_LOOP('',(#2321));
#548=EDGE_LOOP('',(#2322));
#549=EDGE_LOOP('',(#2323));
#550=EDGE_LOOP('',(#2324,#2325,#2326,#2327,#2328,#2329));
#551=EDGE_LOOP('',(#2330,#2331,#2332,#2333));
#552=EDGE_LOOP('',(#2334,#2335,#2336,#2337));
#553=EDGE_LOOP('',(#2338,#2339,#2340,#2341,#2342,#2343));
#554=EDGE_LOOP('',(#2344,#2345,#2346,#2347,#2348,#2349,#2350,#2351,#2352));
#555=EDGE_LOOP('',(#2353,#2354,#2355,#2356,#2357,#2358));
#556=EDGE_LOOP('',(#2359,#2360,#2361,#2362,#2363,#2364,#2365));
#557=EDGE_LOOP('',(#2366,#2367,#2368,#2369,#2370,#2371));
#558=EDGE_LOOP('',(#2372,#2373,#2374,#2375,#2376,#2377,#2378,#2379));
#559=EDGE_LOOP('',(#2380,#2381,#2382,#2383,#2384,#2385,#2386,#2387,#2388,
#2389,#2390));
#560=EDGE_LOOP('',(#2391));
#561=EDGE_LOOP('',(#2392,#2393,#2394,#2395,#2396));
#562=EDGE_LOOP('',(#2397,#2398,#2399,#2400));
#563=EDGE_LOOP('',(#2401,#2402,#2403,#2404,#2405));
#564=EDGE_LOOP('',(#2406,#2407,#2408,#2409));
#565=EDGE_LOOP('',(#2410,#2411,#2412,#2413));
#566=EDGE_LOOP('',(#2414,#2415,#2416,#2417));
#567=EDGE_LOOP('',(#2418,#2419,#2420,#2421));
#568=EDGE_LOOP('',(#2422,#2423,#2424,#2425,#2426));
#569=EDGE_LOOP('',(#2427,#2428,#2429,#2430));
#570=EDGE_LOOP('',(#2431,#2432,#2433,#2434));
#571=EDGE_LOOP('',(#2435,#2436,#2437,#2438,#2439));
#572=EDGE_LOOP('',(#2440,#2441,#2442,#2443));
#573=EDGE_LOOP('',(#2444,#2445,#2446,#2447));
#574=EDGE_LOOP('',(#2448,#2449,#2450,#2451));
#575=EDGE_LOOP('',(#2452,#2453,#2454,#2455,#2456));
#576=EDGE_LOOP('',(#2457,#2458,#2459,#2460));
#577=EDGE_LOOP('',(#2461,#2462,#2463,#2464));
#578=EDGE_LOOP('',(#2465,#2466,#2467,#2468));
#579=EDGE_LOOP('',(#2469,#2470,#2471,#2472));
#580=EDGE_LOOP('',(#2473,#2474,#2475,#2476));
#581=EDGE_LOOP('',(#2477,#2478,#2479,#2480));
#582=EDGE_LOOP('',(#2481,#2482,#2483,#2484));
#583=EDGE_LOOP('',(#2485,#2486,#2487,#2488));
#584=EDGE_LOOP('',(#2489,#2490,#2491,#2492));
#585=EDGE_LOOP('',(#2493,#2494,#2495,#2496));
#586=EDGE_LOOP('',(#2497,#2498,#2499,#2500));
#587=EDGE_LOOP('',(#2501,#2502,#2503,#2504));
#588=EDGE_LOOP('',(#2505,#2506,#2507,#2508,#2509,#2510,#2511,#2512,#2513,
#2514));
#589=EDGE_LOOP('',(#2515,#2516,#2517,#2518));
#590=EDGE_LOOP('',(#2519,#2520,#2521,#2522));
#591=EDGE_LOOP('',(#2523,#2524,#2525,#2526));
#592=EDGE_LOOP('',(#2527,#2528,#2529,#2530));
#593=EDGE_LOOP('',(#2531,#2532,#2533,#2534));
#594=EDGE_LOOP('',(#2535,#2536,#2537,#2538));
#595=EDGE_LOOP('',(#2539,#2540,#2541,#2542));
#596=EDGE_LOOP('',(#2543,#2544,#2545,#2546));
#597=EDGE_LOOP('',(#2547,#2548,#2549,#2550));
#598=EDGE_LOOP('',(#2551,#2552,#2553,#2554));
#599=EDGE_LOOP('',(#2555,#2556,#2557,#2558));
#600=EDGE_LOOP('',(#2559,#2560,#2561,#2562,#2563,#2564,#2565,#2566,#2567,
#2568,#2569,#2570,#2571,#2572,#2573,#2574,#2575,#2576,#2577,#2578,#2579,
#2580,#2581,#2582,#2583,#2584,#2585,#2586,#2587,#2588,#2589,#2590,#2591,
#2592,#2593,#2594));
#601=EDGE_LOOP('',(#2595,#2596,#2597,#2598));
#602=EDGE_LOOP('',(#2599,#2600,#2601,#2602));
#603=EDGE_LOOP('',(#2603,#2604,#2605,#2606));
#604=EDGE_LOOP('',(#2607,#2608,#2609,#2610));
#605=EDGE_LOOP('',(#2611,#2612,#2613,#2614));
#606=EDGE_LOOP('',(#2615,#2616,#2617,#2618));
#607=EDGE_LOOP('',(#2619,#2620,#2621,#2622));
#608=EDGE_LOOP('',(#2623,#2624,#2625,#2626));
#609=EDGE_LOOP('',(#2627,#2628,#2629,#2630));
#610=EDGE_LOOP('',(#2631,#2632,#2633,#2634));
#611=EDGE_LOOP('',(#2635,#2636,#2637,#2638));
#612=EDGE_LOOP('',(#2639,#2640,#2641,#2642,#2643,#2644,#2645,#2646));
#613=EDGE_LOOP('',(#2647,#2648,#2649,#2650));
#614=EDGE_LOOP('',(#2651,#2652,#2653));
#615=EDGE_LOOP('',(#2654,#2655,#2656));
#616=EDGE_LOOP('',(#2657,#2658,#2659));
#617=EDGE_LOOP('',(#2660,#2661,#2662,#2663,#2664));
#618=EDGE_LOOP('',(#2665,#2666,#2667,#2668,#2669,#2670,#2671,#2672,#2673,
#2674,#2675,#2676));
#619=EDGE_LOOP('',(#2677,#2678,#2679));
#620=EDGE_LOOP('',(#2680,#2681,#2682,#2683));
#621=EDGE_LOOP('',(#2684,#2685,#2686,#2687,#2688,#2689,#2690,#2691));
#622=EDGE_LOOP('',(#2692,#2693,#2694,#2695));
#623=EDGE_LOOP('',(#2696,#2697,#2698));
#624=EDGE_LOOP('',(#2699,#2700,#2701));
#625=EDGE_LOOP('',(#2702,#2703,#2704));
#626=EDGE_LOOP('',(#2705,#2706,#2707,#2708,#2709));
#627=EDGE_LOOP('',(#2710,#2711,#2712,#2713,#2714,#2715,#2716,#2717,#2718,
#2719,#2720,#2721));
#628=EDGE_LOOP('',(#2722,#2723,#2724));
#629=EDGE_LOOP('',(#2725,#2726,#2727,#2728));
#630=EDGE_LOOP('',(#2729,#2730,#2731,#2732,#2733));
#631=EDGE_LOOP('',(#2734,#2735,#2736));
#632=EDGE_LOOP('',(#2737,#2738,#2739,#2740,#2741,#2742));
#633=EDGE_LOOP('',(#2743,#2744,#2745,#2746));
#634=EDGE_LOOP('',(#2747,#2748,#2749,#2750,#2751));
#635=EDGE_LOOP('',(#2752,#2753,#2754));
#636=EDGE_LOOP('',(#2755,#2756,#2757,#2758,#2759,#2760));
#637=EDGE_LOOP('',(#2761,#2762));
#638=EDGE_LOOP('',(#2763,#2764,#2765,#2766,#2767,#2768));
#639=EDGE_LOOP('',(#2769,#2770));
#640=EDGE_LOOP('',(#2771,#2772,#2773,#2774,#2775,#2776));
#641=EDGE_LOOP('',(#2777,#2778,#2779,#2780,#2781,#2782));
#642=EDGE_LOOP('',(#2783,#2784));
#643=EDGE_LOOP('',(#2785,#2786));
#644=EDGE_LOOP('',(#2787,#2788,#2789,#2790,#2791,#2792,#2793,#2794,#2795,
#2796,#2797,#2798));
#645=EDGE_LOOP('',(#2799,#2800,#2801,#2802));
#646=EDGE_LOOP('',(#2803,#2804,#2805,#2806));
#647=EDGE_LOOP('',(#2807));
#648=EDGE_LOOP('',(#2808,#2809,#2810,#2811));
#649=EDGE_LOOP('',(#2812));
#650=EDGE_LOOP('',(#2813,#2814,#2815,#2816));
#651=EDGE_LOOP('',(#2817));
#652=EDGE_LOOP('',(#2818,#2819,#2820,#2821));
#653=EDGE_LOOP('',(#2822));
#654=EDGE_LOOP('',(#2823,#2824,#2825,#2826));
#655=EDGE_LOOP('',(#2827,#2828,#2829,#2830));
#656=EDGE_LOOP('',(#2831,#2832,#2833,#2834));
#657=EDGE_LOOP('',(#2835,#2836,#2837,#2838,#2839,#2840,#2841,#2842));
#658=EDGE_LOOP('',(#2843,#2844,#2845,#2846));
#659=EDGE_LOOP('',(#2847,#2848,#2849,#2850));
#660=EDGE_LOOP('',(#2851,#2852,#2853,#2854));
#661=EDGE_LOOP('',(#2855,#2856,#2857,#2858));
#662=EDGE_LOOP('',(#2859,#2860,#2861,#2862));
#663=EDGE_LOOP('',(#2863,#2864,#2865,#2866));
#664=EDGE_LOOP('',(#2867,#2868,#2869,#2870,#2871,#2872,#2873,#2874));
#665=EDGE_LOOP('',(#2875,#2876,#2877,#2878));
#666=EDGE_LOOP('',(#2879,#2880,#2881,#2882));
#667=EDGE_LOOP('',(#2883,#2884,#2885,#2886));
#668=EDGE_LOOP('',(#2887,#2888,#2889,#2890));
#669=EDGE_LOOP('',(#2891,#2892,#2893,#2894));
#670=EDGE_LOOP('',(#2895,#2896,#2897,#2898));
#671=EDGE_LOOP('',(#2899,#2900,#2901,#2902));
#672=EDGE_LOOP('',(#2903,#2904,#2905,#2906));
#673=EDGE_LOOP('',(#2907,#2908,#2909,#2910));
#674=EDGE_LOOP('',(#2911,#2912,#2913,#2914));
#675=EDGE_LOOP('',(#2915,#2916,#2917,#2918));
#676=EDGE_LOOP('',(#2919,#2920,#2921,#2922));
#677=EDGE_LOOP('',(#2923,#2924,#2925,#2926));
#678=EDGE_LOOP('',(#2927,#2928,#2929,#2930,#2931,#2932));
#679=EDGE_LOOP('',(#2933,#2934,#2935,#2936,#2937,#2938,#2939,#2940));
#680=EDGE_LOOP('',(#2941,#2942,#2943,#2944));
#681=EDGE_LOOP('',(#2945,#2946,#2947,#2948));
#682=EDGE_LOOP('',(#2949,#2950,#2951,#2952));
#683=EDGE_LOOP('',(#2953,#2954,#2955,#2956));
#684=EDGE_LOOP('',(#2957,#2958,#2959,#2960));
#685=EDGE_LOOP('',(#2961,#2962,#2963,#2964,#2965,#2966));
#686=EDGE_LOOP('',(#2967,#2968,#2969,#2970,#2971,#2972));
#687=CIRCLE('',#3198,6.5);
#688=CIRCLE('',#3200,10.3);
#689=CIRCLE('',#3201,10.3);
#690=CIRCLE('',#3202,10.3);
#691=CIRCLE('',#3203,5.);
#692=CIRCLE('',#3204,2.3);
#693=CIRCLE('',#3205,2.30000000000002);
#694=CIRCLE('',#3206,2.29999999999999);
#695=CIRCLE('',#3207,2.00000000000001);
#696=CIRCLE('',#3208,2.00000000000001);
#697=CIRCLE('',#3209,2.00000000000001);
#698=CIRCLE('',#3211,6.5);
#699=CIRCLE('',#3215,10.3);
#700=CIRCLE('',#3216,10.3);
#701=CIRCLE('',#3218,2.30000000000001);
#702=CIRCLE('',#3219,5.);
#703=CIRCLE('',#3220,2.00000000000001);
#704=CIRCLE('',#3227,5.85);
#705=CIRCLE('',#3232,5.);
#706=CIRCLE('',#3238,5.85);
#707=CIRCLE('',#3239,5.);
#708=CIRCLE('',#3247,5.85);
#709=CIRCLE('',#3248,5.);
#710=CIRCLE('',#3251,5.);
#711=CIRCLE('',#3252,5.85);
#712=CIRCLE('',#3258,2.30000000000001);
#713=CIRCLE('',#3262,5.);
#714=CIRCLE('',#3266,4.15);
#715=CIRCLE('',#3267,5.);
#716=CIRCLE('',#3270,5.);
#717=CIRCLE('',#3271,5.85);
#718=CIRCLE('',#3274,5.85);
#719=CIRCLE('',#3277,5.);
#720=CIRCLE('',#3278,4.15);
#721=CIRCLE('',#3281,9.45000000000001);
#722=CIRCLE('',#3282,9.45000000000005);
#723=CIRCLE('',#3283,9.44999999999998);
#724=CIRCLE('',#3284,9.45000000000002);
#725=CIRCLE('',#3285,26.5);
#726=CIRCLE('',#3286,6.1);
#727=CIRCLE('',#3287,6.09999999999999);
#728=CIRCLE('',#3298,10.0832159566199);
#729=CIRCLE('',#3299,10.0832159566199);
#730=CIRCLE('',#3300,18.5);
#731=CIRCLE('',#3323,10.3);
#732=CIRCLE('',#3326,10.3);
#733=CIRCLE('',#3329,10.3);
#734=CIRCLE('',#3333,0.999999999999999);
#735=CIRCLE('',#3334,0.999999999999995);
#736=CIRCLE('',#3335,1.);
#737=CIRCLE('',#3337,1.);
#738=CIRCLE('',#3338,10.0832159566199);
#739=CIRCLE('',#3339,9.09720265943667);
#740=CIRCLE('',#3341,0.999999999999999);
#741=CIRCLE('',#3342,9.09720265943667);
#742=CIRCLE('',#3344,1.00000000000001);
#743=CIRCLE('',#3345,10.0832159566199);
#744=CIRCLE('',#3346,9.09720265943667);
#745=CIRCLE('',#3347,1.);
#746=CIRCLE('',#3348,1.);
#747=CIRCLE('',#3350,10.0832159566199);
#748=CIRCLE('',#3352,1.);
#749=CIRCLE('',#3353,0.999999999999999);
#750=CIRCLE('',#3354,0.999999999999994);
#751=CIRCLE('',#3356,1.00000000000002);
#752=CIRCLE('',#3357,10.0832159566199);
#753=CIRCLE('',#3358,9.09720265943666);
#754=CIRCLE('',#3360,0.999999999999992);
#755=CIRCLE('',#3361,9.09720265943666);
#756=CIRCLE('',#3363,1.00000000000001);
#757=CIRCLE('',#3364,9.09720265943666);
#758=CIRCLE('',#3365,1.);
#759=CIRCLE('',#3366,1.);
#760=CIRCLE('',#3368,0.199999999999999);
#761=CIRCLE('',#3369,0.2);
#762=CIRCLE('',#3371,8.90000000000001);
#763=CIRCLE('',#3372,0.2);
#764=CIRCLE('',#3373,0.2);
#765=CIRCLE('',#3374,0.2);
#766=CIRCLE('',#3375,0.2);
#767=CIRCLE('',#3377,8.9);
#768=CIRCLE('',#3378,6.1);
#769=CIRCLE('',#3379,6.1);
#770=CIRCLE('',#3380,0.199999999999997);
#771=CIRCLE('',#3381,0.2);
#772=CIRCLE('',#3383,8.90000000000001);
#773=CIRCLE('',#3384,0.2);
#774=CIRCLE('',#3385,0.2);
#775=CIRCLE('',#3386,0.200000000000001);
#776=CIRCLE('',#3387,0.2);
#777=CIRCLE('',#3389,8.9);
#778=CIRCLE('',#3390,6.09999999999999);
#779=CIRCLE('',#3391,6.09999999999999);
#780=CIRCLE('',#3393,0.2);
#781=CIRCLE('',#3394,9.1);
#782=CIRCLE('',#3395,0.200000000000036);
#783=CIRCLE('',#3397,0.2);
#784=CIRCLE('',#3398,9.09999999999999);
#785=CIRCLE('',#3399,0.20000000000004);
#786=CIRCLE('',#3408,2.00000000000001);
#787=CIRCLE('',#3411,2.00000000000001);
#788=CIRCLE('',#3414,2.00000000000001);
#789=CIRCLE('',#3417,2.00000000000001);
#790=CIRCLE('',#3432,18.5);
#791=CIRCLE('',#3436,2.29999999999999);
#792=LINE('',#4177,#1036);
#793=LINE('',#4180,#1037);
#794=LINE('',#4185,#1038);
#795=LINE('',#4189,#1039);
#796=LINE('',#4193,#1040);
#797=LINE('',#4197,#1041);
#798=LINE('',#4199,#1042);
#799=LINE('',#4201,#1043);
#800=LINE('',#4205,#1044);
#801=LINE('',#4207,#1045);
#802=LINE('',#4209,#1046);
#803=LINE('',#4213,#1047);
#804=LINE('',#4217,#1048);
#805=LINE('',#4218,#1049);
#806=LINE('',#4230,#1050);
#807=LINE('',#4233,#1051);
#808=LINE('',#4240,#1052);
#809=LINE('',#4243,#1053);
#810=LINE('',#4246,#1054);
#811=LINE('',#4248,#1055);
#812=LINE('',#4252,#1056);
#813=LINE('',#4254,#1057);
#814=LINE('',#4256,#1058);
#815=LINE('',#4259,#1059);
#816=LINE('',#4327,#1060);
#817=LINE('',#4351,#1061);
#818=LINE('',#4354,#1062);
#819=LINE('',#4356,#1063);
#820=LINE('',#4357,#1064);
#821=LINE('',#4400,#1065);
#822=LINE('',#4425,#1066);
#823=LINE('',#4479,#1067);
#824=LINE('',#4503,#1068);
#825=LINE('',#4506,#1069);
#826=LINE('',#4508,#1070);
#827=LINE('',#4510,#1071);
#828=LINE('',#4512,#1072);
#829=LINE('',#4514,#1073);
#830=LINE('',#4516,#1074);
#831=LINE('',#4517,#1075);
#832=LINE('',#4520,#1076);
#833=LINE('',#4521,#1077);
#834=LINE('',#4738,#1078);
#835=LINE('',#4793,#1079);
#836=LINE('',#4794,#1080);
#837=LINE('',#4858,#1081);
#838=LINE('',#4861,#1082);
#839=LINE('',#4867,#1083);
#840=LINE('',#4869,#1084);
#841=LINE('',#4870,#1085);
#842=LINE('',#4874,#1086);
#843=LINE('',#4876,#1087);
#844=LINE('',#4878,#1088);
#845=LINE('',#4880,#1089);
#846=LINE('',#4881,#1090);
#847=LINE('',#4884,#1091);
#848=LINE('',#4886,#1092);
#849=LINE('',#4889,#1093);
#850=LINE('',#4897,#1094);
#851=LINE('',#4898,#1095);
#852=LINE('',#4900,#1096);
#853=LINE('',#4906,#1097);
#854=LINE('',#4909,#1098);
#855=LINE('',#4913,#1099);
#856=LINE('',#4914,#1100);
#857=LINE('',#4918,#1101);
#858=LINE('',#4920,#1102);
#859=LINE('',#4921,#1103);
#860=LINE('',#4923,#1104);
#861=LINE('',#4924,#1105);
#862=LINE('',#4928,#1106);
#863=LINE('',#4929,#1107);
#864=LINE('',#4930,#1108);
#865=LINE('',#4936,#1109);
#866=LINE('',#4937,#1110);
#867=LINE('',#4938,#1111);
#868=LINE('',#4941,#1112);
#869=LINE('',#4943,#1113);
#870=LINE('',#4944,#1114);
#871=LINE('',#4947,#1115);
#872=LINE('',#4949,#1116);
#873=LINE('',#4951,#1117);
#874=LINE('',#4957,#1118);
#875=LINE('',#4961,#1119);
#876=LINE('',#4963,#1120);
#877=LINE('',#4964,#1121);
#878=LINE('',#4967,#1122);
#879=LINE('',#4969,#1123);
#880=LINE('',#4970,#1124);
#881=LINE('',#4973,#1125);
#882=LINE('',#4975,#1126);
#883=LINE('',#4976,#1127);
#884=LINE('',#4992,#1128);
#885=LINE('',#4994,#1129);
#886=LINE('',#5003,#1130);
#887=LINE('',#5010,#1131);
#888=LINE('',#5011,#1132);
#889=LINE('',#5013,#1133);
#890=LINE('',#5014,#1134);
#891=LINE('',#5019,#1135);
#892=LINE('',#5020,#1136);
#893=LINE('',#5022,#1137);
#894=LINE('',#5024,#1138);
#895=LINE('',#5029,#1139);
#896=LINE('',#5031,#1140);
#897=LINE('',#5032,#1141);
#898=LINE('',#5035,#1142);
#899=LINE('',#5039,#1143);
#900=LINE('',#5040,#1144);
#901=LINE('',#5042,#1145);
#902=LINE('',#5046,#1146);
#903=LINE('',#5049,#1147);
#904=LINE('',#5053,#1148);
#905=LINE('',#5054,#1149);
#906=LINE('',#5057,#1150);
#907=LINE('',#5062,#1151);
#908=LINE('',#5063,#1152);
#909=LINE('',#5066,#1153);
#910=LINE('',#5070,#1154);
#911=LINE('',#5071,#1155);
#912=LINE('',#5075,#1156);
#913=LINE('',#5080,#1157);
#914=LINE('',#5081,#1158);
#915=LINE('',#5082,#1159);
#916=LINE('',#5085,#1160);
#917=LINE('',#5089,#1161);
#918=LINE('',#5093,#1162);
#919=LINE('',#5097,#1163);
#920=LINE('',#5107,#1164);
#921=LINE('',#5109,#1165);
#922=LINE('',#5111,#1166);
#923=LINE('',#5113,#1167);
#924=LINE('',#5115,#1168);
#925=LINE('',#5116,#1169);
#926=LINE('',#5120,#1170);
#927=LINE('',#5122,#1171);
#928=LINE('',#5124,#1172);
#929=LINE('',#5125,#1173);
#930=LINE('',#5127,#1174);
#931=LINE('',#5130,#1175);
#932=LINE('',#5131,#1176);
#933=LINE('',#5133,#1177);
#934=LINE('',#5135,#1178);
#935=LINE('',#5137,#1179);
#936=LINE('',#5141,#1180);
#937=LINE('',#5144,#1181);
#938=LINE('',#5151,#1182);
#939=LINE('',#5153,#1183);
#940=LINE('',#5154,#1184);
#941=LINE('',#5157,#1185);
#942=LINE('',#5159,#1186);
#943=LINE('',#5160,#1187);
#944=LINE('',#5163,#1188);
#945=LINE('',#5165,#1189);
#946=LINE('',#5166,#1190);
#947=LINE('',#5169,#1191);
#948=LINE('',#5171,#1192);
#949=LINE('',#5172,#1193);
#950=LINE('',#5176,#1194);
#951=LINE('',#5178,#1195);
#952=LINE('',#5180,#1196);
#953=LINE('',#5181,#1197);
#954=LINE('',#5184,#1198);
#955=LINE('',#5186,#1199);
#956=LINE('',#5188,#1200);
#957=LINE('',#5189,#1201);
#958=LINE('',#5192,#1202);
#959=LINE('',#5194,#1203);
#960=LINE('',#5195,#1204);
#961=LINE('',#5198,#1205);
#962=LINE('',#5199,#1206);
#963=LINE('',#5200,#1207);
#964=LINE('',#5203,#1208);
#965=LINE('',#5204,#1209);
#966=LINE('',#5207,#1210);
#967=LINE('',#5208,#1211);
#968=LINE('',#5211,#1212);
#969=LINE('',#5212,#1213);
#970=LINE('',#5215,#1214);
#971=LINE('',#5217,#1215);
#972=LINE('',#5218,#1216);
#973=LINE('',#5221,#1217);
#974=LINE('',#5222,#1218);
#975=LINE('',#5224,#1219);
#976=LINE('',#5226,#1220);
#977=LINE('',#5228,#1221);
#978=LINE('',#5229,#1222);
#979=LINE('',#5233,#1223);
#980=LINE('',#5234,#1224);
#981=LINE('',#5238,#1225);
#982=LINE('',#5241,#1226);
#983=LINE('',#5242,#1227);
#984=LINE('',#5246,#1228);
#985=LINE('',#5249,#1229);
#986=LINE('',#5250,#1230);
#987=LINE('',#5254,#1231);
#988=LINE('',#5255,#1232);
#989=LINE('',#5258,#1233);
#990=LINE('',#5590,#1234);
#991=LINE('',#5592,#1235);
#992=LINE('',#6037,#1236);
#993=LINE('',#6102,#1237);
#994=LINE('',#6740,#1238);
#995=LINE('',#8091,#1239);
#996=LINE('',#8171,#1240);
#997=LINE('',#8173,#1241);
#998=LINE('',#8178,#1242);
#999=LINE('',#8179,#1243);
#1000=LINE('',#8180,#1244);
#1001=LINE('',#8182,#1245);
#1002=LINE('',#8185,#1246);
#1003=LINE('',#8190,#1247);
#1004=LINE('',#8195,#1248);
#1005=LINE('',#8200,#1249);
#1006=LINE('',#8204,#1250);
#1007=LINE('',#8205,#1251);
#1008=LINE('',#8207,#1252);
#1009=LINE('',#8211,#1253);
#1010=LINE('',#8236,#1254);
#1011=LINE('',#8261,#1255);
#1012=LINE('',#8286,#1256);
#1013=LINE('',#8350,#1257);
#1014=LINE('',#8363,#1258);
#1015=LINE('',#8366,#1259);
#1016=LINE('',#8367,#1260);
#1017=LINE('',#8409,#1261);
#1018=LINE('',#8423,#1262);
#1019=LINE('',#8424,#1263);
#1020=LINE('',#8426,#1264);
#1021=LINE('',#8427,#1265);
#1022=LINE('',#8431,#1266);
#1023=LINE('',#8445,#1267);
#1024=LINE('',#8459,#1268);
#1025=LINE('',#8473,#1269);
#1026=LINE('',#8898,#1270);
#1027=LINE('',#9081,#1271);
#1028=LINE('',#9232,#1272);
#1029=LINE('',#9234,#1273);
#1030=LINE('',#9275,#1274);
#1031=LINE('',#9276,#1275);
#1032=LINE('',#9281,#1276);
#1033=LINE('',#9282,#1277);
#1034=LINE('',#9284,#1278);
#1035=LINE('',#9489,#1279);
#1036=VECTOR('',#3445,6.5);
#1037=VECTOR('',#3448,10.);
#1038=VECTOR('',#3453,10.);
#1039=VECTOR('',#3456,10.);
#1040=VECTOR('',#3459,10.);
#1041=VECTOR('',#3462,10.);
#1042=VECTOR('',#3463,10.);
#1043=VECTOR('',#3464,10.);
#1044=VECTOR('',#3467,10.);
#1045=VECTOR('',#3468,10.);
#1046=VECTOR('',#3469,10.);
#1047=VECTOR('',#3472,10.);
#1048=VECTOR('',#3475,10.);
#1049=VECTOR('',#3476,10.);
#1050=VECTOR('',#3487,6.5);
#1051=VECTOR('',#3490,10.);
#1052=VECTOR('',#3497,10.);
#1053=VECTOR('',#3500,10.);
#1054=VECTOR('',#3503,10.);
#1055=VECTOR('',#3504,10.);
#1056=VECTOR('',#3507,10.);
#1057=VECTOR('',#3508,10.);
#1058=VECTOR('',#3509,10.);
#1059=VECTOR('',#3512,10.);
#1060=VECTOR('',#3515,10.);
#1061=VECTOR('',#3516,10.);
#1062=VECTOR('',#3519,10.);
#1063=VECTOR('',#3520,10.);
#1064=VECTOR('',#3521,10.);
#1065=VECTOR('',#3522,10.);
#1066=VECTOR('',#3523,10.);
#1067=VECTOR('',#3524,10.);
#1068=VECTOR('',#3525,10.);
#1069=VECTOR('',#3528,10.);
#1070=VECTOR('',#3529,10.);
#1071=VECTOR('',#3530,10.);
#1072=VECTOR('',#3531,10.);
#1073=VECTOR('',#3532,10.);
#1074=VECTOR('',#3533,10.);
#1075=VECTOR('',#3534,10.);
#1076=VECTOR('',#3537,10.);
#1077=VECTOR('',#3538,10.);
#1078=VECTOR('',#3539,10.);
#1079=VECTOR('',#3540,10.);
#1080=VECTOR('',#3541,10.);
#1081=VECTOR('',#3542,10.);
#1082=VECTOR('',#3545,10.);
#1083=VECTOR('',#3546,10.);
#1084=VECTOR('',#3547,10.);
#1085=VECTOR('',#3548,10.);
#1086=VECTOR('',#3551,10.);
#1087=VECTOR('',#3552,10.);
#1088=VECTOR('',#3553,10.);
#1089=VECTOR('',#3554,10.);
#1090=VECTOR('',#3555,10.);
#1091=VECTOR('',#3558,10.);
#1092=VECTOR('',#3559,10.);
#1093=VECTOR('',#3562,10.);
#1094=VECTOR('',#3565,10.);
#1095=VECTOR('',#3566,10.);
#1096=VECTOR('',#3569,10.);
#1097=VECTOR('',#3572,10.);
#1098=VECTOR('',#3575,10.);
#1099=VECTOR('',#3580,10.);
#1100=VECTOR('',#3581,10.);
#1101=VECTOR('',#3584,10.);
#1102=VECTOR('',#3585,10.);
#1103=VECTOR('',#3586,10.);
#1104=VECTOR('',#3589,10.);
#1105=VECTOR('',#3590,10.);
#1106=VECTOR('',#3593,10.);
#1107=VECTOR('',#3594,10.);
#1108=VECTOR('',#3595,10.);
#1109=VECTOR('',#3604,10.);
#1110=VECTOR('',#3605,10.);
#1111=VECTOR('',#3606,10.);
#1112=VECTOR('',#3609,10.);
#1113=VECTOR('',#3610,10.);
#1114=VECTOR('',#3611,10.);
#1115=VECTOR('',#3614,10.);
#1116=VECTOR('',#3615,10.);
#1117=VECTOR('',#3616,10.);
#1118=VECTOR('',#3617,10.);
#1119=VECTOR('',#3620,10.);
#1120=VECTOR('',#3621,10.);
#1121=VECTOR('',#3622,10.);
#1122=VECTOR('',#3625,10.);
#1123=VECTOR('',#3626,10.);
#1124=VECTOR('',#3627,10.);
#1125=VECTOR('',#3630,10.);
#1126=VECTOR('',#3631,10.);
#1127=VECTOR('',#3632,10.);
#1128=VECTOR('',#3641,10.);
#1129=VECTOR('',#3642,10.);
#1130=VECTOR('',#3647,10.);
#1131=VECTOR('',#3652,10.);
#1132=VECTOR('',#3653,10.);
#1133=VECTOR('',#3656,10.);
#1134=VECTOR('',#3657,10.);
#1135=VECTOR('',#3662,10.);
#1136=VECTOR('',#3663,10.);
#1137=VECTOR('',#3666,10.);
#1138=VECTOR('',#3667,10.);
#1139=VECTOR('',#3674,10.);
#1140=VECTOR('',#3675,10.);
#1141=VECTOR('',#3676,10.);
#1142=VECTOR('',#3679,10.);
#1143=VECTOR('',#3684,10.);
#1144=VECTOR('',#3685,10.);
#1145=VECTOR('',#3688,10.);
#1146=VECTOR('',#3691,10.);
#1147=VECTOR('',#3694,10.);
#1148=VECTOR('',#3699,10.);
#1149=VECTOR('',#3700,10.);
#1150=VECTOR('',#3703,10.);
#1151=VECTOR('',#3710,10.);
#1152=VECTOR('',#3711,10.);
#1153=VECTOR('',#3714,10.);
#1154=VECTOR('',#3719,10.);
#1155=VECTOR('',#3720,10.);
#1156=VECTOR('',#3723,10.);
#1157=VECTOR('',#3730,10.);
#1158=VECTOR('',#3731,10.);
#1159=VECTOR('',#3732,10.);
#1160=VECTOR('',#3735,10.);
#1161=VECTOR('',#3738,10.);
#1162=VECTOR('',#3741,10.);
#1163=VECTOR('',#3744,10.);
#1164=VECTOR('',#3757,10.);
#1165=VECTOR('',#3760,10.);
#1166=VECTOR('',#3763,10.);
#1167=VECTOR('',#3766,10.);
#1168=VECTOR('',#3767,10.);
#1169=VECTOR('',#3768,10.);
#1170=VECTOR('',#3773,10.);
#1171=VECTOR('',#3774,10.);
#1172=VECTOR('',#3775,10.);
#1173=VECTOR('',#3776,10.);
#1174=VECTOR('',#3779,10.);
#1175=VECTOR('',#3782,10.);
#1176=VECTOR('',#3783,10.);
#1177=VECTOR('',#3786,10.);
#1178=VECTOR('',#3787,10.);
#1179=VECTOR('',#3788,10.);
#1180=VECTOR('',#3791,10.);
#1181=VECTOR('',#3794,10.);
#1182=VECTOR('',#3803,10.);
#1183=VECTOR('',#3804,10.);
#1184=VECTOR('',#3805,10.);
#1185=VECTOR('',#3808,10.);
#1186=VECTOR('',#3809,10.);
#1187=VECTOR('',#3810,10.);
#1188=VECTOR('',#3813,10.);
#1189=VECTOR('',#3814,10.);
#1190=VECTOR('',#3815,10.);
#1191=VECTOR('',#3818,10.);
#1192=VECTOR('',#3819,10.);
#1193=VECTOR('',#3820,10.);
#1194=VECTOR('',#3823,10.);
#1195=VECTOR('',#3824,10.);
#1196=VECTOR('',#3825,10.);
#1197=VECTOR('',#3826,10.);
#1198=VECTOR('',#3829,10.);
#1199=VECTOR('',#3832,10.);
#1200=VECTOR('',#3835,10.);
#1201=VECTOR('',#3836,10.);
#1202=VECTOR('',#3839,10.);
#1203=VECTOR('',#3840,10.);
#1204=VECTOR('',#3841,10.);
#1205=VECTOR('',#3844,10.);
#1206=VECTOR('',#3845,10.);
#1207=VECTOR('',#3846,10.);
#1208=VECTOR('',#3849,10.);
#1209=VECTOR('',#3850,10.);
#1210=VECTOR('',#3853,10.);
#1211=VECTOR('',#3854,10.);
#1212=VECTOR('',#3857,10.);
#1213=VECTOR('',#3858,10.);
#1214=VECTOR('',#3861,10.);
#1215=VECTOR('',#3862,10.);
#1216=VECTOR('',#3863,10.);
#1217=VECTOR('',#3866,10.);
#1218=VECTOR('',#3867,10.);
#1219=VECTOR('',#3870,10.);
#1220=VECTOR('',#3873,10.);
#1221=VECTOR('',#3874,10.);
#1222=VECTOR('',#3875,10.);
#1223=VECTOR('',#3880,10.);
#1224=VECTOR('',#3881,10.);
#1225=VECTOR('',#3886,10.);
#1226=VECTOR('',#3889,10.);
#1227=VECTOR('',#3890,10.);
#1228=VECTOR('',#3895,10.);
#1229=VECTOR('',#3898,10.);
#1230=VECTOR('',#3899,10.);
#1231=VECTOR('',#3906,10.);
#1232=VECTOR('',#3907,10.);
#1233=VECTOR('',#3912,10.);
#1234=VECTOR('',#3949,10.);
#1235=VECTOR('',#3952,10.);
#1236=VECTOR('',#3953,10.);
#1237=VECTOR('',#3954,10.);
#1238=VECTOR('',#3987,10.);
#1239=VECTOR('',#4054,6.1);
#1240=VECTOR('',#4057,6.09999999999999);
#1241=VECTOR('',#4060,10.);
#1242=VECTOR('',#4067,10.);
#1243=VECTOR('',#4068,10.);
#1244=VECTOR('',#4069,10.);
#1245=VECTOR('',#4072,10.);
#1246=VECTOR('',#4075,2.00000000000001);
#1247=VECTOR('',#4082,2.00000000000001);
#1248=VECTOR('',#4089,2.00000000000001);
#1249=VECTOR('',#4096,2.00000000000001);
#1250=VECTOR('',#4103,10.);
#1251=VECTOR('',#4104,10.);
#1252=VECTOR('',#4107,10.);
#1253=VECTOR('',#4110,10.);
#1254=VECTOR('',#4111,10.);
#1255=VECTOR('',#4112,10.);
#1256=VECTOR('',#4113,10.);
#1257=VECTOR('',#4114,10.);
#1258=VECTOR('',#4115,10.);
#1259=VECTOR('',#4118,10.);
#1260=VECTOR('',#4119,10.);
#1261=VECTOR('',#4120,10.);
#1262=VECTOR('',#4123,10.);
#1263=VECTOR('',#4124,10.);
#1264=VECTOR('',#4127,10.);
#1265=VECTOR('',#4128,10.);
#1266=VECTOR('',#4131,10.);
#1267=VECTOR('',#4132,10.);
#1268=VECTOR('',#4133,10.);
#1269=VECTOR('',#4134,10.);
#1270=VECTOR('',#4135,10.);
#1271=VECTOR('',#4136,10.);
#1272=VECTOR('',#4137,10.);
#1273=VECTOR('',#4140,10.);
#1274=VECTOR('',#4141,10.);
#1275=VECTOR('',#4142,10.);
#1276=VECTOR('',#4149,10.);
#1277=VECTOR('',#4150,10.);
#1278=VECTOR('',#4153,10.);
#1279=VECTOR('',#4160,18.5);
#1280=ELLIPSE('',#3197,9.19238815542512,6.5);
#1281=ELLIPSE('',#3212,9.19238815542508,6.5);
#1282=ELLIPSE('',#3214,14.5663996924428,10.3);
#1283=ELLIPSE('',#3256,3.25269119345814,2.30000000000001);
#1284=ELLIPSE('',#3309,14.5663996924429,10.3);
#1285=VERTEX_POINT('',#4173);
#1286=VERTEX_POINT('',#4174);
#1287=VERTEX_POINT('',#4176);
#1288=VERTEX_POINT('',#4178);
#1289=VERTEX_POINT('',#4182);
#1290=VERTEX_POINT('',#4184);
#1291=VERTEX_POINT('',#4186);
#1292=VERTEX_POINT('',#4188);
#1293=VERTEX_POINT('',#4190);
#1294=VERTEX_POINT('',#4192);
#1295=VERTEX_POINT('',#4194);
#1296=VERTEX_POINT('',#4196);
#1297=VERTEX_POINT('',#4198);
#1298=VERTEX_POINT('',#4200);
#1299=VERTEX_POINT('',#4202);
#1300=VERTEX_POINT('',#4204);
#1301=VERTEX_POINT('',#4206);
#1302=VERTEX_POINT('',#4208);
#1303=VERTEX_POINT('',#4210);
#1304=VERTEX_POINT('',#4212);
#1305=VERTEX_POINT('',#4214);
#1306=VERTEX_POINT('',#4216);
#1307=VERTEX_POINT('',#4219);
#1308=VERTEX_POINT('',#4221);
#1309=VERTEX_POINT('',#4223);
#1310=VERTEX_POINT('',#4226);
#1311=VERTEX_POINT('',#4227);
#1312=VERTEX_POINT('',#4229);
#1313=VERTEX_POINT('',#4231);
#1314=VERTEX_POINT('',#4235);
#1315=VERTEX_POINT('',#4237);
#1316=VERTEX_POINT('',#4239);
#1317=VERTEX_POINT('',#4241);
#1318=VERTEX_POINT('',#4245);
#1319=VERTEX_POINT('',#4247);
#1320=VERTEX_POINT('',#4249);
#1321=VERTEX_POINT('',#4251);
#1322=VERTEX_POINT('',#4253);
#1323=VERTEX_POINT('',#4255);
#1324=VERTEX_POINT('',#4257);
#1325=VERTEX_POINT('',#4260);
#1326=VERTEX_POINT('',#4302);
#1327=VERTEX_POINT('',#4303);
#1328=VERTEX_POINT('',#4326);
#1329=VERTEX_POINT('',#4328);
#1330=VERTEX_POINT('',#4353);
#1331=VERTEX_POINT('',#4355);
#1332=VERTEX_POINT('',#4398);
#1333=VERTEX_POINT('',#4399);
#1334=VERTEX_POINT('',#4401);
#1335=VERTEX_POINT('',#4424);
#1336=VERTEX_POINT('',#4478);
#1337=VERTEX_POINT('',#4480);
#1338=VERTEX_POINT('',#4505);
#1339=VERTEX_POINT('',#4507);
#1340=VERTEX_POINT('',#4509);
#1341=VERTEX_POINT('',#4511);
#1342=VERTEX_POINT('',#4513);
#1343=VERTEX_POINT('',#4515);
#1344=VERTEX_POINT('',#4519);
#1345=VERTEX_POINT('',#4643);
#1346=VERTEX_POINT('',#4654);
#1347=VERTEX_POINT('',#4715);
#1348=VERTEX_POINT('',#4779);
#1349=VERTEX_POINT('',#4780);
#1350=VERTEX_POINT('',#4835);
#1351=VERTEX_POINT('',#4860);
#1352=VERTEX_POINT('',#4862);
#1353=VERTEX_POINT('',#4866);
#1354=VERTEX_POINT('',#4868);
#1355=VERTEX_POINT('',#4872);
#1356=VERTEX_POINT('',#4873);
#1357=VERTEX_POINT('',#4875);
#1358=VERTEX_POINT('',#4877);
#1359=VERTEX_POINT('',#4879);
#1360=VERTEX_POINT('',#4883);
#1361=VERTEX_POINT('',#4885);
#1362=VERTEX_POINT('',#4887);
#1363=VERTEX_POINT('',#4891);
#1364=VERTEX_POINT('',#4902);
#1365=VERTEX_POINT('',#4908);
#1366=VERTEX_POINT('',#4912);
#1367=VERTEX_POINT('',#4916);
#1368=VERTEX_POINT('',#4917);
#1369=VERTEX_POINT('',#4919);
#1370=VERTEX_POINT('',#4926);
#1371=VERTEX_POINT('',#4927);
#1372=VERTEX_POINT('',#4935);
#1373=VERTEX_POINT('',#4940);
#1374=VERTEX_POINT('',#4942);
#1375=VERTEX_POINT('',#4946);
#1376=VERTEX_POINT('',#4948);
#1377=VERTEX_POINT('',#4950);
#1378=VERTEX_POINT('',#4952);
#1379=VERTEX_POINT('',#4959);
#1380=VERTEX_POINT('',#4960);
#1381=VERTEX_POINT('',#4962);
#1382=VERTEX_POINT('',#4966);
#1383=VERTEX_POINT('',#4968);
#1384=VERTEX_POINT('',#4972);
#1385=VERTEX_POINT('',#4974);
#1386=VERTEX_POINT('',#4978);
#1387=VERTEX_POINT('',#4980);
#1388=VERTEX_POINT('',#4982);
#1389=VERTEX_POINT('',#4991);
#1390=VERTEX_POINT('',#4993);
#1391=VERTEX_POINT('',#5000);
#1392=VERTEX_POINT('',#5002);
#1393=VERTEX_POINT('',#5004);
#1394=VERTEX_POINT('',#5016);
#1395=VERTEX_POINT('',#5017);
#1396=VERTEX_POINT('',#5023);
#1397=VERTEX_POINT('',#5028);
#1398=VERTEX_POINT('',#5030);
#1399=VERTEX_POINT('',#5034);
#1400=VERTEX_POINT('',#5038);
#1401=VERTEX_POINT('',#5044);
#1402=VERTEX_POINT('',#5045);
#1403=VERTEX_POINT('',#5047);
#1404=VERTEX_POINT('',#5052);
#1405=VERTEX_POINT('',#5056);
#1406=VERTEX_POINT('',#5061);
#1407=VERTEX_POINT('',#5065);
#1408=VERTEX_POINT('',#5069);
#1409=VERTEX_POINT('',#5073);
#1410=VERTEX_POINT('',#5074);
#1411=VERTEX_POINT('',#5079);
#1412=VERTEX_POINT('',#5084);
#1413=VERTEX_POINT('',#5086);
#1414=VERTEX_POINT('',#5088);
#1415=VERTEX_POINT('',#5090);
#1416=VERTEX_POINT('',#5092);
#1417=VERTEX_POINT('',#5094);
#1418=VERTEX_POINT('',#5096);
#1419=VERTEX_POINT('',#5099);
#1420=VERTEX_POINT('',#5101);
#1421=VERTEX_POINT('',#5103);
#1422=VERTEX_POINT('',#5114);
#1423=VERTEX_POINT('',#5119);
#1424=VERTEX_POINT('',#5121);
#1425=VERTEX_POINT('',#5123);
#1426=VERTEX_POINT('',#5129);
#1427=VERTEX_POINT('',#5134);
#1428=VERTEX_POINT('',#5136);
#1429=VERTEX_POINT('',#5138);
#1430=VERTEX_POINT('',#5140);
#1431=VERTEX_POINT('',#5142);
#1432=VERTEX_POINT('',#5145);
#1433=VERTEX_POINT('',#5150);
#1434=VERTEX_POINT('',#5152);
#1435=VERTEX_POINT('',#5156);
#1436=VERTEX_POINT('',#5158);
#1437=VERTEX_POINT('',#5162);
#1438=VERTEX_POINT('',#5164);
#1439=VERTEX_POINT('',#5168);
#1440=VERTEX_POINT('',#5170);
#1441=VERTEX_POINT('',#5174);
#1442=VERTEX_POINT('',#5175);
#1443=VERTEX_POINT('',#5177);
#1444=VERTEX_POINT('',#5179);
#1445=VERTEX_POINT('',#5183);
#1446=VERTEX_POINT('',#5191);
#1447=VERTEX_POINT('',#5193);
#1448=VERTEX_POINT('',#5197);
#1449=VERTEX_POINT('',#5202);
#1450=VERTEX_POINT('',#5206);
#1451=VERTEX_POINT('',#5210);
#1452=VERTEX_POINT('',#5214);
#1453=VERTEX_POINT('',#5216);
#1454=VERTEX_POINT('',#5220);
#1455=VERTEX_POINT('',#5227);
#1456=VERTEX_POINT('',#5232);
#1457=VERTEX_POINT('',#5236);
#1458=VERTEX_POINT('',#5240);
#1459=VERTEX_POINT('',#5244);
#1460=VERTEX_POINT('',#5248);
#1461=VERTEX_POINT('',#5295);
#1462=VERTEX_POINT('',#5296);
#1463=VERTEX_POINT('',#5307);
#1464=VERTEX_POINT('',#5317);
#1465=VERTEX_POINT('',#5366);
#1466=VERTEX_POINT('',#5367);
#1467=VERTEX_POINT('',#5405);
#1468=VERTEX_POINT('',#5406);
#1469=VERTEX_POINT('',#5417);
#1470=VERTEX_POINT('',#5422);
#1471=VERTEX_POINT('',#5426);
#1472=VERTEX_POINT('',#5427);
#1473=VERTEX_POINT('',#5451);
#1474=VERTEX_POINT('',#5452);
#1475=VERTEX_POINT('',#5498);
#1476=VERTEX_POINT('',#5499);
#1477=VERTEX_POINT('',#5512);
#1478=VERTEX_POINT('',#5520);
#1479=VERTEX_POINT('',#5588);
#1480=VERTEX_POINT('',#5633);
#1481=VERTEX_POINT('',#5638);
#1482=VERTEX_POINT('',#5647);
#1483=VERTEX_POINT('',#5655);
#1484=VERTEX_POINT('',#5660);
#1485=VERTEX_POINT('',#5665);
#1486=VERTEX_POINT('',#5757);
#1487=VERTEX_POINT('',#5957);
#1488=VERTEX_POINT('',#6004);
#1489=VERTEX_POINT('',#6009);
#1490=VERTEX_POINT('',#6014);
#1491=VERTEX_POINT('',#6022);
#1492=VERTEX_POINT('',#6031);
#1493=VERTEX_POINT('',#6036);
#1494=VERTEX_POINT('',#6038);
#1495=VERTEX_POINT('',#6043);
#1496=VERTEX_POINT('',#6090);
#1497=VERTEX_POINT('',#6101);
#1498=VERTEX_POINT('',#6103);
#1499=VERTEX_POINT('',#6157);
#1500=VERTEX_POINT('',#6162);
#1501=VERTEX_POINT('',#6167);
#1502=VERTEX_POINT('',#6202);
#1503=VERTEX_POINT('',#6402);
#1504=VERTEX_POINT('',#6449);
#1505=VERTEX_POINT('',#6494);
#1506=VERTEX_POINT('',#6505);
#1507=VERTEX_POINT('',#6556);
#1508=VERTEX_POINT('',#6586);
#1509=VERTEX_POINT('',#6593);
#1510=VERTEX_POINT('',#6598);
#1511=VERTEX_POINT('',#6602);
#1512=VERTEX_POINT('',#6625);
#1513=VERTEX_POINT('',#6667);
#1514=VERTEX_POINT('',#6680);
#1515=VERTEX_POINT('',#6776);
#1516=VERTEX_POINT('',#6778);
#1517=VERTEX_POINT('',#6788);
#1518=VERTEX_POINT('',#6831);
#1519=VERTEX_POINT('',#6905);
#1520=VERTEX_POINT('',#6973);
#1521=VERTEX_POINT('',#6986);
#1522=VERTEX_POINT('',#7001);
#1523=VERTEX_POINT('',#7014);
#1524=VERTEX_POINT('',#7015);
#1525=VERTEX_POINT('',#7017);
#1526=VERTEX_POINT('',#7091);
#1527=VERTEX_POINT('',#7093);
#1528=VERTEX_POINT('',#7103);
#1529=VERTEX_POINT('',#7146);
#1530=VERTEX_POINT('',#7220);
#1531=VERTEX_POINT('',#7288);
#1532=VERTEX_POINT('',#7301);
#1533=VERTEX_POINT('',#7316);
#1534=VERTEX_POINT('',#7328);
#1535=VERTEX_POINT('',#7329);
#1536=VERTEX_POINT('',#7331);
#1537=VERTEX_POINT('',#7371);
#1538=VERTEX_POINT('',#7429);
#1539=VERTEX_POINT('',#7695);
#1540=VERTEX_POINT('',#7748);
#1541=VERTEX_POINT('',#8177);
#1542=VERTEX_POINT('',#8184);
#1543=VERTEX_POINT('',#8189);
#1544=VERTEX_POINT('',#8194);
#1545=VERTEX_POINT('',#8199);
#1546=VERTEX_POINT('',#8209);
#1547=VERTEX_POINT('',#8210);
#1548=VERTEX_POINT('',#8212);
#1549=VERTEX_POINT('',#8235);
#1550=VERTEX_POINT('',#8237);
#1551=VERTEX_POINT('',#8260);
#1552=VERTEX_POINT('',#8262);
#1553=VERTEX_POINT('',#8285);
#1554=VERTEX_POINT('',#8349);
#1555=VERTEX_POINT('',#8351);
#1556=VERTEX_POINT('',#8365);
#1557=VERTEX_POINT('',#8408);
#1558=VERTEX_POINT('',#8422);
#1559=VERTEX_POINT('',#8429);
#1560=VERTEX_POINT('',#8430);
#1561=VERTEX_POINT('',#8432);
#1562=VERTEX_POINT('',#8444);
#1563=VERTEX_POINT('',#8446);
#1564=VERTEX_POINT('',#8458);
#1565=VERTEX_POINT('',#8460);
#1566=VERTEX_POINT('',#8472);
#1567=VERTEX_POINT('',#8825);
#1568=VERTEX_POINT('',#8887);
#1569=VERTEX_POINT('',#9009);
#1570=VERTEX_POINT('',#9280);
#1571=VERTEX_POINT('',#9476);
#1572=EDGE_CURVE('',#1285,#1286,#1280,.T.);
#1573=EDGE_CURVE('',#1285,#1287,#792,.T.);
#1574=EDGE_CURVE('',#1287,#1288,#687,.T.);
#1575=EDGE_CURVE('',#1288,#1286,#793,.T.);
#1576=EDGE_CURVE('',#1289,#1287,#688,.T.);
#1577=EDGE_CURVE('',#1290,#1289,#794,.T.);
#1578=EDGE_CURVE('',#1291,#1290,#689,.T.);
#1579=EDGE_CURVE('',#1292,#1291,#795,.F.);
#1580=EDGE_CURVE('',#1293,#1292,#690,.T.);
#1581=EDGE_CURVE('',#1294,#1293,#796,.T.);
#1582=EDGE_CURVE('',#1295,#1294,#691,.T.);
#1583=EDGE_CURVE('',#1295,#1296,#797,.F.);
#1584=EDGE_CURVE('',#1297,#1296,#798,.T.);
#1585=EDGE_CURVE('',#1298,#1297,#799,.F.);
#1586=EDGE_CURVE('',#1298,#1299,#692,.T.);
#1587=EDGE_CURVE('',#1299,#1300,#800,.T.);
#1588=EDGE_CURVE('',#1300,#1301,#801,.T.);
#1589=EDGE_CURVE('',#1301,#1302,#802,.T.);
#1590=EDGE_CURVE('',#1302,#1303,#693,.T.);
#1591=EDGE_CURVE('',#1304,#1303,#803,.F.);
#1592=EDGE_CURVE('',#1304,#1305,#694,.T.);
#1593=EDGE_CURVE('',#1306,#1305,#804,.F.);
#1594=EDGE_CURVE('',#1306,#1288,#805,.T.);
#1595=EDGE_CURVE('',#1307,#1307,#695,.T.);
#1596=EDGE_CURVE('',#1308,#1308,#696,.T.);
#1597=EDGE_CURVE('',#1309,#1309,#697,.T.);
#1598=EDGE_CURVE('',#1310,#1311,#698,.T.);
#1599=EDGE_CURVE('',#1311,#1312,#806,.T.);
#1600=EDGE_CURVE('',#1312,#1313,#1281,.F.);
#1601=EDGE_CURVE('',#1313,#1310,#807,.T.);
#1602=EDGE_CURVE('',#1312,#1314,#1282,.T.);
#1603=EDGE_CURVE('',#1311,#1315,#699,.T.);
#1604=EDGE_CURVE('',#1316,#1315,#808,.T.);
#1605=EDGE_CURVE('',#1317,#1316,#700,.T.);
#1606=EDGE_CURVE('',#1317,#1314,#809,.T.);
#1607=EDGE_CURVE('',#1310,#1318,#810,.T.);
#1608=EDGE_CURVE('',#1319,#1318,#811,.F.);
#1609=EDGE_CURVE('',#1319,#1320,#701,.T.);
#1610=EDGE_CURVE('',#1321,#1320,#812,.F.);
#1611=EDGE_CURVE('',#1322,#1321,#813,.T.);
#1612=EDGE_CURVE('',#1322,#1323,#814,.F.);
#1613=EDGE_CURVE('',#1324,#1323,#702,.T.);
#1614=EDGE_CURVE('',#1315,#1324,#815,.T.);
#1615=EDGE_CURVE('',#1325,#1325,#703,.T.);
#1616=EDGE_CURVE('',#1326,#1327,#42,.F.);
#1617=EDGE_CURVE('',#1327,#1328,#816,.T.);
#1618=EDGE_CURVE('',#1328,#1329,#43,.F.);
#1619=EDGE_CURVE('',#1329,#1326,#817,.T.);
#1620=EDGE_CURVE('',#1330,#1327,#818,.T.);
#1621=EDGE_CURVE('',#1331,#1330,#819,.T.);
#1622=EDGE_CURVE('',#1328,#1331,#820,.T.);
#1623=EDGE_CURVE('',#1332,#1333,#821,.T.);
#1624=EDGE_CURVE('',#1333,#1334,#44,.T.);
#1625=EDGE_CURVE('',#1334,#1335,#822,.T.);
#1626=EDGE_CURVE('',#1335,#1332,#45,.T.);
#1627=EDGE_CURVE('',#1335,#1336,#823,.T.);
#1628=EDGE_CURVE('',#1336,#1337,#46,.F.);
#1629=EDGE_CURVE('',#1337,#1332,#824,.T.);
#1630=EDGE_CURVE('',#1338,#1332,#825,.T.);
#1631=EDGE_CURVE('',#1339,#1338,#826,.T.);
#1632=EDGE_CURVE('',#1340,#1339,#827,.T.);
#1633=EDGE_CURVE('',#1341,#1340,#828,.T.);
#1634=EDGE_CURVE('',#1341,#1342,#829,.T.);
#1635=EDGE_CURVE('',#1343,#1342,#830,.T.);
#1636=EDGE_CURVE('',#1343,#1333,#831,.T.);
#1637=EDGE_CURVE('',#1344,#1337,#832,.T.);
#1638=EDGE_CURVE('',#1338,#1344,#833,.T.);
#1639=EDGE_CURVE('',#1340,#1345,#47,.F.);
#1640=EDGE_CURVE('',#1346,#1340,#48,.F.);
#1641=EDGE_CURVE('',#1345,#1346,#49,.F.);
#1642=EDGE_CURVE('',#1339,#1347,#50,.F.);
#1643=EDGE_CURVE('',#1347,#1346,#834,.T.);
#1644=EDGE_CURVE('',#1348,#1349,#51,.F.);
#1645=EDGE_CURVE('',#1349,#1345,#835,.T.);
#1646=EDGE_CURVE('',#1346,#1348,#836,.T.);
#1647=EDGE_CURVE('',#1350,#1341,#52,.T.);
#1648=EDGE_CURVE('',#1345,#1350,#837,.T.);
#1649=EDGE_CURVE('',#1351,#1350,#838,.T.);
#1650=EDGE_CURVE('',#1352,#1351,#37,.T.);
#1651=EDGE_CURVE('',#1353,#1352,#839,.T.);
#1652=EDGE_CURVE('',#1354,#1353,#840,.T.);
#1653=EDGE_CURVE('',#1342,#1354,#841,.F.);
#1654=EDGE_CURVE('',#1355,#1356,#842,.T.);
#1655=EDGE_CURVE('',#1356,#1357,#843,.T.);
#1656=EDGE_CURVE('',#1357,#1358,#844,.T.);
#1657=EDGE_CURVE('',#1358,#1359,#845,.T.);
#1658=EDGE_CURVE('',#1359,#1355,#846,.T.);
#1659=EDGE_CURVE('',#1360,#1358,#847,.T.);
#1660=EDGE_CURVE('',#1361,#1360,#848,.T.);
#1661=EDGE_CURVE('',#1362,#1361,#704,.T.);
#1662=EDGE_CURVE('',#1359,#1362,#849,.T.);
#1663=EDGE_CURVE('',#1361,#1363,#38,.F.);
#1664=EDGE_CURVE('',#1353,#1361,#850,.T.);
#1665=EDGE_CURVE('',#1363,#1353,#851,.T.);
#1666=EDGE_CURVE('',#1360,#1354,#852,.T.);
#1667=EDGE_CURVE('',#1352,#1364,#39,.T.);
#1668=EDGE_CURVE('',#1364,#1363,#853,.T.);
#1669=EDGE_CURVE('',#1365,#1362,#854,.T.);
#1670=EDGE_CURVE('',#1363,#1365,#705,.T.);
#1671=EDGE_CURVE('',#1355,#1366,#855,.T.);
#1672=EDGE_CURVE('',#1365,#1366,#856,.T.);
#1673=EDGE_CURVE('',#1367,#1368,#857,.T.);
#1674=EDGE_CURVE('',#1369,#1367,#858,.T.);
#1675=EDGE_CURVE('',#1368,#1369,#859,.T.);
#1676=EDGE_CURVE('',#1296,#1369,#860,.T.);
#1677=EDGE_CURVE('',#1367,#1297,#861,.T.);
#1678=EDGE_CURVE('',#1370,#1371,#862,.T.);
#1679=EDGE_CURVE('',#1371,#1368,#863,.T.);
#1680=EDGE_CURVE('',#1369,#1370,#864,.T.);
#1681=EDGE_CURVE('',#1351,#1371,#706,.T.);
#1682=EDGE_CURVE('',#1370,#1364,#707,.T.);
#1683=EDGE_CURVE('',#1348,#1372,#865,.T.);
#1684=EDGE_CURVE('',#1372,#1367,#866,.T.);
#1685=EDGE_CURVE('',#1368,#1349,#867,.T.);
#1686=EDGE_CURVE('',#1373,#1295,#868,.T.);
#1687=EDGE_CURVE('',#1374,#1373,#869,.T.);
#1688=EDGE_CURVE('',#1370,#1374,#870,.T.);
#1689=EDGE_CURVE('',#1372,#1375,#871,.T.);
#1690=EDGE_CURVE('',#1375,#1376,#872,.T.);
#1691=EDGE_CURVE('',#1376,#1377,#873,.T.);
#1692=EDGE_CURVE('',#1377,#1378,#53,.T.);
#1693=EDGE_CURVE('',#1298,#1378,#874,.T.);
#1694=EDGE_CURVE('',#1379,#1380,#875,.T.);
#1695=EDGE_CURVE('',#1381,#1379,#876,.T.);
#1696=EDGE_CURVE('',#1380,#1381,#877,.T.);
#1697=EDGE_CURVE('',#1382,#1356,#878,.T.);
#1698=EDGE_CURVE('',#1366,#1383,#879,.T.);
#1699=EDGE_CURVE('',#1383,#1382,#880,.T.);
#1700=EDGE_CURVE('',#1383,#1384,#881,.T.);
#1701=EDGE_CURVE('',#1384,#1385,#882,.T.);
#1702=EDGE_CURVE('',#1385,#1382,#883,.T.);
#1703=EDGE_CURVE('',#1386,#1385,#708,.T.);
#1704=EDGE_CURVE('',#1384,#1387,#709,.T.);
#1705=EDGE_CURVE('',#1387,#1388,#54,.T.);
#1706=EDGE_CURVE('',#1388,#1386,#40,.T.);
#1707=EDGE_CURVE('',#1389,#1388,#884,.T.);
#1708=EDGE_CURVE('',#1387,#1390,#885,.T.);
#1709=EDGE_CURVE('',#1390,#1389,#55,.T.);
#1710=EDGE_CURVE('',#1390,#1391,#710,.T.);
#1711=EDGE_CURVE('',#1391,#1392,#886,.T.);
#1712=EDGE_CURVE('',#1392,#1393,#711,.T.);
#1713=EDGE_CURVE('',#1393,#1389,#41,.T.);
#1714=EDGE_CURVE('',#1391,#1381,#887,.T.);
#1715=EDGE_CURVE('',#1379,#1392,#888,.T.);
#1716=EDGE_CURVE('',#1321,#1380,#889,.T.);
#1717=EDGE_CURVE('',#1381,#1322,#890,.T.);
#1718=EDGE_CURVE('',#1394,#1395,#1283,.T.);
#1719=EDGE_CURVE('',#1394,#1379,#891,.T.);
#1720=EDGE_CURVE('',#1380,#1395,#892,.T.);
#1721=EDGE_CURVE('',#1395,#1320,#893,.T.);
#1722=EDGE_CURVE('',#1319,#1396,#894,.T.);
#1723=EDGE_CURVE('',#1394,#1396,#712,.T.);
#1724=EDGE_CURVE('',#1397,#1391,#895,.T.);
#1725=EDGE_CURVE('',#1398,#1397,#896,.T.);
#1726=EDGE_CURVE('',#1323,#1398,#897,.T.);
#1727=EDGE_CURVE('',#1384,#1399,#898,.T.);
#1728=EDGE_CURVE('',#1397,#1399,#713,.T.);
#1729=EDGE_CURVE('',#1400,#1365,#899,.T.);
#1730=EDGE_CURVE('',#1399,#1400,#900,.T.);
#1731=EDGE_CURVE('',#1357,#1343,#901,.T.);
#1732=EDGE_CURVE('',#1401,#1402,#902,.T.);
#1733=EDGE_CURVE('',#1401,#1403,#714,.T.);
#1734=EDGE_CURVE('',#1403,#1373,#903,.T.);
#1735=EDGE_CURVE('',#1373,#1402,#715,.T.);
#1736=EDGE_CURVE('',#1403,#1404,#904,.T.);
#1737=EDGE_CURVE('',#1404,#1374,#905,.T.);
#1738=EDGE_CURVE('',#1405,#1400,#906,.T.);
#1739=EDGE_CURVE('',#1400,#1374,#716,.T.);
#1740=EDGE_CURVE('',#1404,#1405,#717,.T.);
#1741=EDGE_CURVE('',#1405,#1406,#907,.T.);
#1742=EDGE_CURVE('',#1406,#1399,#908,.T.);
#1743=EDGE_CURVE('',#1407,#1397,#909,.T.);
#1744=EDGE_CURVE('',#1406,#1407,#718,.T.);
#1745=EDGE_CURVE('',#1407,#1408,#910,.T.);
#1746=EDGE_CURVE('',#1408,#1398,#911,.T.);
#1747=EDGE_CURVE('',#1409,#1410,#912,.T.);
#1748=EDGE_CURVE('',#1410,#1398,#719,.T.);
#1749=EDGE_CURVE('',#1408,#1409,#720,.T.);
#1750=EDGE_CURVE('',#1409,#1411,#913,.T.);
#1751=EDGE_CURVE('',#1316,#1411,#914,.T.);
#1752=EDGE_CURVE('',#1316,#1410,#915,.T.);
#1753=EDGE_CURVE('',#1412,#1401,#916,.T.);
#1754=EDGE_CURVE('',#1413,#1412,#721,.T.);
#1755=EDGE_CURVE('',#1414,#1413,#917,.T.);
#1756=EDGE_CURVE('',#1415,#1414,#722,.T.);
#1757=EDGE_CURVE('',#1416,#1415,#918,.T.);
#1758=EDGE_CURVE('',#1417,#1416,#723,.T.);
#1759=EDGE_CURVE('',#1418,#1417,#919,.T.);
#1760=EDGE_CURVE('',#1411,#1418,#724,.T.);
#1761=EDGE_CURVE('',#1419,#1419,#725,.T.);
#1762=EDGE_CURVE('',#1420,#1420,#726,.T.);
#1763=EDGE_CURVE('',#1421,#1421,#727,.T.);
#1764=EDGE_CURVE('',#1294,#1402,#920,.T.);
#1765=EDGE_CURVE('',#1410,#1324,#921,.T.);
#1766=EDGE_CURVE('',#1334,#1382,#922,.T.);
#1767=EDGE_CURVE('',#1336,#1329,#923,.T.);
#1768=EDGE_CURVE('',#1386,#1422,#924,.T.);
#1769=EDGE_CURVE('',#1326,#1422,#925,.T.);
#1770=EDGE_CURVE('',#1422,#1423,#926,.T.);
#1771=EDGE_CURVE('',#1424,#1423,#927,.T.);
#1772=EDGE_CURVE('',#1425,#1424,#928,.T.);
#1773=EDGE_CURVE('',#1330,#1425,#929,.T.);
#1774=EDGE_CURVE('',#1423,#1393,#930,.F.);
#1775=EDGE_CURVE('',#1426,#1396,#931,.T.);
#1776=EDGE_CURVE('',#1424,#1426,#932,.T.);
#1777=EDGE_CURVE('',#1375,#1347,#933,.T.);
#1778=EDGE_CURVE('',#1427,#1344,#934,.T.);
#1779=EDGE_CURVE('',#1428,#1427,#935,.T.);
#1780=EDGE_CURVE('',#1429,#1428,#728,.T.);
#1781=EDGE_CURVE('',#1430,#1429,#936,.T.);
#1782=EDGE_CURVE('',#1431,#1430,#729,.T.);
#1783=EDGE_CURVE('',#1376,#1431,#937,.T.);
#1784=EDGE_CURVE('',#1432,#1432,#730,.T.);
#1785=EDGE_CURVE('',#1314,#1433,#938,.T.);
#1786=EDGE_CURVE('',#1433,#1434,#939,.T.);
#1787=EDGE_CURVE('',#1434,#1313,#940,.T.);
#1788=EDGE_CURVE('',#1433,#1435,#941,.T.);
#1789=EDGE_CURVE('',#1435,#1436,#942,.T.);
#1790=EDGE_CURVE('',#1436,#1434,#943,.T.);
#1791=EDGE_CURVE('',#1435,#1437,#944,.T.);
#1792=EDGE_CURVE('',#1437,#1438,#945,.T.);
#1793=EDGE_CURVE('',#1438,#1436,#946,.T.);
#1794=EDGE_CURVE('',#1437,#1439,#947,.T.);
#1795=EDGE_CURVE('',#1439,#1440,#948,.T.);
#1796=EDGE_CURVE('',#1440,#1438,#949,.T.);
#1797=EDGE_CURVE('',#1441,#1442,#950,.T.);
#1798=EDGE_CURVE('',#1442,#1443,#951,.T.);
#1799=EDGE_CURVE('',#1443,#1444,#952,.T.);
#1800=EDGE_CURVE('',#1444,#1441,#953,.T.);
#1801=EDGE_CURVE('',#1442,#1445,#954,.T.);
#1802=EDGE_CURVE('',#1445,#1285,#1284,.T.);
#1803=EDGE_CURVE('',#1286,#1443,#955,.T.);
#1804=EDGE_CURVE('',#1439,#1441,#956,.T.);
#1805=EDGE_CURVE('',#1444,#1440,#957,.T.);
#1806=EDGE_CURVE('',#1446,#1434,#958,.T.);
#1807=EDGE_CURVE('',#1447,#1446,#959,.T.);
#1808=EDGE_CURVE('',#1313,#1447,#960,.T.);
#1809=EDGE_CURVE('',#1448,#1436,#961,.F.);
#1810=EDGE_CURVE('',#1426,#1448,#962,.F.);
#1811=EDGE_CURVE('',#1446,#1426,#963,.F.);
#1812=EDGE_CURVE('',#1449,#1438,#964,.T.);
#1813=EDGE_CURVE('',#1448,#1449,#965,.T.);
#1814=EDGE_CURVE('',#1440,#1450,#966,.F.);
#1815=EDGE_CURVE('',#1449,#1450,#967,.F.);
#1816=EDGE_CURVE('',#1451,#1444,#968,.F.);
#1817=EDGE_CURVE('',#1450,#1451,#969,.T.);
#1818=EDGE_CURVE('',#1443,#1452,#970,.T.);
#1819=EDGE_CURVE('',#1453,#1452,#971,.F.);
#1820=EDGE_CURVE('',#1453,#1451,#972,.F.);
#1821=EDGE_CURVE('',#1454,#1286,#973,.T.);
#1822=EDGE_CURVE('',#1452,#1454,#974,.T.);
#1823=EDGE_CURVE('',#1454,#1306,#975,.T.);
#1824=EDGE_CURVE('',#1317,#1418,#976,.T.);
#1825=EDGE_CURVE('',#1417,#1455,#977,.T.);
#1826=EDGE_CURVE('',#1455,#1317,#978,.T.);
#1827=EDGE_CURVE('',#1402,#1456,#979,.T.);
#1828=EDGE_CURVE('',#1456,#1412,#980,.T.);
#1829=EDGE_CURVE('',#1456,#1457,#731,.T.);
#1830=EDGE_CURVE('',#1457,#1413,#981,.T.);
#1831=EDGE_CURVE('',#1458,#1414,#982,.T.);
#1832=EDGE_CURVE('',#1457,#1458,#983,.T.);
#1833=EDGE_CURVE('',#1458,#1459,#732,.T.);
#1834=EDGE_CURVE('',#1459,#1415,#984,.T.);
#1835=EDGE_CURVE('',#1460,#1416,#985,.T.);
#1836=EDGE_CURVE('',#1459,#1460,#986,.T.);
#1837=EDGE_CURVE('',#1460,#1455,#733,.T.);
#1838=EDGE_CURVE('',#1456,#1293,#987,.T.);
#1839=EDGE_CURVE('',#1292,#1457,#988,.T.);
#1840=EDGE_CURVE('',#1455,#1445,#989,.T.);
#1841=EDGE_CURVE('',#1461,#1462,#56,.T.);
#1842=EDGE_CURVE('',#1462,#1463,#57,.T.);
#1843=EDGE_CURVE('',#1463,#1464,#734,.T.);
#1844=EDGE_CURVE('',#1464,#1461,#58,.T.);
#1845=EDGE_CURVE('',#1465,#1466,#735,.T.);
#1846=EDGE_CURVE('',#1466,#1464,#59,.T.);
#1847=EDGE_CURVE('',#1463,#1465,#60,.T.);
#1848=EDGE_CURVE('',#1467,#1468,#736,.T.);
#1849=EDGE_CURVE('',#1468,#1466,#61,.T.);
#1850=EDGE_CURVE('',#1465,#1467,#62,.T.);
#1851=EDGE_CURVE('',#1469,#1430,#737,.T.);
#1852=EDGE_CURVE('',#1430,#1468,#738,.T.);
#1853=EDGE_CURVE('',#1467,#1469,#739,.T.);
#1854=EDGE_CURVE('',#1470,#1431,#740,.T.);
#1855=EDGE_CURVE('',#1469,#1470,#741,.T.);
#1856=EDGE_CURVE('',#1471,#1472,#742,.T.);
#1857=EDGE_CURVE('',#1472,#1431,#743,.T.);
#1858=EDGE_CURVE('',#1470,#1471,#744,.T.);
#1859=EDGE_CURVE('',#1473,#1474,#745,.T.);
#1860=EDGE_CURVE('',#1474,#1472,#63,.T.);
#1861=EDGE_CURVE('',#1471,#1473,#64,.T.);
#1862=EDGE_CURVE('',#1475,#1476,#65,.T.);
#1863=EDGE_CURVE('',#1476,#1477,#66,.T.);
#1864=EDGE_CURVE('',#1477,#1478,#746,.T.);
#1865=EDGE_CURVE('',#1478,#1475,#67,.T.);
#1866=EDGE_CURVE('',#1477,#1474,#68,.T.);
#1867=EDGE_CURVE('',#1473,#1478,#69,.T.);
#1868=EDGE_CURVE('',#1479,#1429,#747,.T.);
#1869=EDGE_CURVE('',#1468,#1479,#990,.T.);
#1870=EDGE_CURVE('',#1377,#1472,#991,.T.);
#1871=EDGE_CURVE('',#1480,#1479,#70,.T.);
#1872=EDGE_CURVE('',#1481,#1480,#71,.T.);
#1873=EDGE_CURVE('',#1482,#1481,#72,.T.);
#1874=EDGE_CURVE('',#1482,#1483,#73,.T.);
#1875=EDGE_CURVE('',#1483,#1484,#74,.T.);
#1876=EDGE_CURVE('',#1484,#1485,#75,.T.);
#1877=EDGE_CURVE('',#1486,#1485,#76,.T.);
#1878=EDGE_CURVE('',#1486,#1487,#77,.T.);
#1879=EDGE_CURVE('',#1487,#1488,#78,.T.);
#1880=EDGE_CURVE('',#1488,#1489,#79,.T.);
#1881=EDGE_CURVE('',#1490,#1489,#80,.T.);
#1882=EDGE_CURVE('',#1491,#1490,#81,.T.);
#1883=EDGE_CURVE('',#1492,#1491,#82,.T.);
#1884=EDGE_CURVE('',#1492,#1493,#992,.T.);
#1885=EDGE_CURVE('',#1494,#1493,#83,.T.);
#1886=EDGE_CURVE('',#1495,#1494,#84,.T.);
#1887=EDGE_CURVE('',#1496,#1495,#85,.T.);
#1888=EDGE_CURVE('',#1496,#1497,#993,.T.);
#1889=EDGE_CURVE('',#1498,#1497,#86,.T.);
#1890=EDGE_CURVE('',#1378,#1498,#87,.T.);
#1891=EDGE_CURVE('',#1476,#1499,#88,.T.);
#1892=EDGE_CURVE('',#1499,#1500,#89,.T.);
#1893=EDGE_CURVE('',#1500,#1501,#90,.T.);
#1894=EDGE_CURVE('',#1502,#1501,#91,.T.);
#1895=EDGE_CURVE('',#1502,#1503,#92,.T.);
#1896=EDGE_CURVE('',#1503,#1504,#93,.T.);
#1897=EDGE_CURVE('',#1504,#1461,#94,.T.);
#1898=EDGE_CURVE('',#1489,#1505,#95,.T.);
#1899=EDGE_CURVE('',#1505,#1506,#96,.T.);
#1900=EDGE_CURVE('',#1506,#1490,#748,.T.);
#1901=EDGE_CURVE('',#1507,#1491,#749,.T.);
#1902=EDGE_CURVE('',#1506,#1507,#97,.T.);
#1903=EDGE_CURVE('',#1508,#1492,#750,.T.);
#1904=EDGE_CURVE('',#1507,#1508,#98,.T.);
#1905=EDGE_CURVE('',#1509,#1428,#751,.T.);
#1906=EDGE_CURVE('',#1428,#1492,#752,.T.);
#1907=EDGE_CURVE('',#1508,#1509,#753,.T.);
#1908=EDGE_CURVE('',#1510,#1429,#754,.T.);
#1909=EDGE_CURVE('',#1509,#1510,#755,.T.);
#1910=EDGE_CURVE('',#1511,#1479,#756,.T.);
#1911=EDGE_CURVE('',#1510,#1511,#757,.T.);
#1912=EDGE_CURVE('',#1512,#1480,#758,.T.);
#1913=EDGE_CURVE('',#1511,#1512,#99,.T.);
#1914=EDGE_CURVE('',#1513,#1482,#100,.T.);
#1915=EDGE_CURVE('',#1481,#1514,#759,.T.);
#1916=EDGE_CURVE('',#1514,#1513,#101,.T.);
#1917=EDGE_CURVE('',#1512,#1514,#102,.T.);
#1918=EDGE_CURVE('',#1493,#1427,#994,.T.);
#1919=EDGE_CURVE('',#1463,#1515,#760,.T.);
#1920=EDGE_CURVE('',#1515,#1516,#103,.T.);
#1921=EDGE_CURVE('',#1516,#1465,#761,.T.);
#1922=EDGE_CURVE('',#1516,#1517,#762,.T.);
#1923=EDGE_CURVE('',#1517,#1473,#763,.T.);
#1924=EDGE_CURVE('',#1517,#1518,#104,.T.);
#1925=EDGE_CURVE('',#1518,#1478,#764,.T.);
#1926=EDGE_CURVE('',#1462,#1515,#105,.T.);
#1927=EDGE_CURVE('',#1518,#1475,#106,.T.);
#1928=EDGE_CURVE('',#1519,#1500,#765,.T.);
#1929=EDGE_CURVE('',#1519,#1501,#107,.T.);
#1930=EDGE_CURVE('',#1499,#1520,#108,.T.);
#1931=EDGE_CURVE('',#1520,#1521,#766,.T.);
#1932=EDGE_CURVE('',#1521,#1519,#109,.T.);
#1933=EDGE_CURVE('',#1522,#1504,#110,.T.);
#1934=EDGE_CURVE('',#1520,#1522,#767,.T.);
#1935=EDGE_CURVE('',#1523,#1524,#768,.T.);
#1936=EDGE_CURVE('',#1523,#1525,#111,.T.);
#1937=EDGE_CURVE('',#1524,#1525,#769,.T.);
#1938=EDGE_CURVE('',#1506,#1526,#770,.T.);
#1939=EDGE_CURVE('',#1526,#1527,#112,.T.);
#1940=EDGE_CURVE('',#1527,#1507,#771,.T.);
#1941=EDGE_CURVE('',#1527,#1528,#772,.T.);
#1942=EDGE_CURVE('',#1528,#1512,#773,.T.);
#1943=EDGE_CURVE('',#1528,#1529,#113,.T.);
#1944=EDGE_CURVE('',#1529,#1514,#774,.T.);
#1945=EDGE_CURVE('',#1505,#1526,#114,.T.);
#1946=EDGE_CURVE('',#1529,#1513,#115,.T.);
#1947=EDGE_CURVE('',#1530,#1484,#775,.T.);
#1948=EDGE_CURVE('',#1530,#1485,#116,.T.);
#1949=EDGE_CURVE('',#1483,#1531,#117,.T.);
#1950=EDGE_CURVE('',#1531,#1532,#776,.T.);
#1951=EDGE_CURVE('',#1532,#1530,#118,.T.);
#1952=EDGE_CURVE('',#1533,#1488,#119,.T.);
#1953=EDGE_CURVE('',#1531,#1533,#777,.T.);
#1954=EDGE_CURVE('',#1534,#1535,#778,.T.);
#1955=EDGE_CURVE('',#1534,#1536,#120,.T.);
#1956=EDGE_CURVE('',#1535,#1536,#779,.T.);
#1957=EDGE_CURVE('',#1522,#1537,#780,.T.);
#1958=EDGE_CURVE('',#1537,#1521,#781,.T.);
#1959=EDGE_CURVE('',#1503,#1538,#782,.T.);
#1960=EDGE_CURVE('',#1538,#1537,#121,.T.);
#1961=EDGE_CURVE('',#1502,#1538,#122,.T.);
#1962=EDGE_CURVE('',#1521,#1537,#123,.T.);
#1963=EDGE_CURVE('',#1533,#1539,#783,.T.);
#1964=EDGE_CURVE('',#1539,#1532,#784,.T.);
#1965=EDGE_CURVE('',#1487,#1540,#785,.T.);
#1966=EDGE_CURVE('',#1540,#1539,#124,.T.);
#1967=EDGE_CURVE('',#1486,#1540,#125,.T.);
#1968=EDGE_CURVE('',#1532,#1539,#126,.T.);
#1969=EDGE_CURVE('',#1523,#1525,#127,.T.);
#1970=EDGE_CURVE('',#1420,#1524,#995,.T.);
#1971=EDGE_CURVE('',#1534,#1536,#128,.T.);
#1972=EDGE_CURVE('',#1421,#1535,#996,.T.);
#1973=EDGE_CURVE('',#1318,#1447,#997,.F.);
#1974=EDGE_CURVE('',#1331,#1541,#998,.T.);
#1975=EDGE_CURVE('',#1304,#1541,#999,.T.);
#1976=EDGE_CURVE('',#1494,#1303,#1000,.T.);
#1977=EDGE_CURVE('',#1498,#1299,#1001,.T.);
#1978=EDGE_CURVE('',#1309,#1542,#1002,.T.);
#1979=EDGE_CURVE('',#1542,#1542,#786,.T.);
#1980=EDGE_CURVE('',#1308,#1543,#1003,.T.);
#1981=EDGE_CURVE('',#1543,#1543,#787,.T.);
#1982=EDGE_CURVE('',#1325,#1544,#1004,.T.);
#1983=EDGE_CURVE('',#1544,#1544,#788,.T.);
#1984=EDGE_CURVE('',#1307,#1545,#1005,.T.);
#1985=EDGE_CURVE('',#1545,#1545,#789,.T.);
#1986=EDGE_CURVE('',#1302,#1495,#1006,.T.);
#1987=EDGE_CURVE('',#1301,#1496,#1007,.T.);
#1988=EDGE_CURVE('',#1497,#1300,#1008,.T.);
#1989=EDGE_CURVE('',#1546,#1547,#1009,.T.);
#1990=EDGE_CURVE('',#1548,#1546,#129,.T.);
#1991=EDGE_CURVE('',#1549,#1548,#1010,.T.);
#1992=EDGE_CURVE('',#1550,#1549,#130,.T.);
#1993=EDGE_CURVE('',#1551,#1550,#1011,.T.);
#1994=EDGE_CURVE('',#1552,#1551,#131,.T.);
#1995=EDGE_CURVE('',#1553,#1552,#1012,.T.);
#1996=EDGE_CURVE('',#1547,#1553,#132,.T.);
#1997=EDGE_CURVE('',#1549,#1554,#1013,.T.);
#1998=EDGE_CURVE('',#1555,#1554,#133,.T.);
#1999=EDGE_CURVE('',#1555,#1550,#1014,.T.);
#2000=EDGE_CURVE('',#1556,#1548,#1015,.T.);
#2001=EDGE_CURVE('',#1554,#1556,#1016,.T.);
#2002=EDGE_CURVE('',#1546,#1557,#1017,.T.);
#2003=EDGE_CURVE('',#1556,#1557,#134,.T.);
#2004=EDGE_CURVE('',#1558,#1547,#1018,.T.);
#2005=EDGE_CURVE('',#1557,#1558,#1019,.T.);
#2006=EDGE_CURVE('',#1458,#1291,#1020,.T.);
#2007=EDGE_CURVE('',#1290,#1459,#1021,.T.);
#2008=EDGE_CURVE('',#1559,#1560,#1022,.T.);
#2009=EDGE_CURVE('',#1561,#1559,#135,.T.);
#2010=EDGE_CURVE('',#1562,#1561,#1023,.T.);
#2011=EDGE_CURVE('',#1563,#1562,#136,.T.);
#2012=EDGE_CURVE('',#1564,#1563,#1024,.T.);
#2013=EDGE_CURVE('',#1565,#1564,#137,.T.);
#2014=EDGE_CURVE('',#1566,#1565,#1025,.T.);
#2015=EDGE_CURVE('',#1560,#1566,#138,.T.);
#2016=EDGE_CURVE('',#1560,#1554,#139,.T.);
#2017=EDGE_CURVE('',#1556,#1559,#140,.T.);
#2018=EDGE_CURVE('',#1557,#1561,#141,.T.);
#2019=EDGE_CURVE('',#1558,#1562,#142,.T.);
#2020=EDGE_CURVE('',#1567,#1563,#143,.T.);
#2021=EDGE_CURVE('',#1558,#1567,#144,.T.);
#2022=EDGE_CURVE('',#1568,#1564,#145,.T.);
#2023=EDGE_CURVE('',#1567,#1568,#1026,.T.);
#2024=EDGE_CURVE('',#1569,#1565,#146,.T.);
#2025=EDGE_CURVE('',#1568,#1569,#147,.T.);
#2026=EDGE_CURVE('',#1555,#1566,#148,.T.);
#2027=EDGE_CURVE('',#1569,#1555,#1027,.T.);
#2028=EDGE_CURVE('',#1553,#1567,#1028,.T.);
#2029=EDGE_CURVE('',#1289,#1460,#1029,.T.);
#2030=EDGE_CURVE('',#1551,#1569,#1030,.T.);
#2031=EDGE_CURVE('',#1568,#1552,#1031,.T.);
#2032=EDGE_CURVE('',#1570,#1305,#1032,.T.);
#2033=EDGE_CURVE('',#1570,#1453,#1033,.T.);
#2034=EDGE_CURVE('',#1453,#1425,#1034,.T.);
#2035=EDGE_CURVE('',#1419,#1571,#149,.T.);
#2036=EDGE_CURVE('',#1571,#1571,#790,.T.);
#2037=EDGE_CURVE('',#1432,#1571,#1035,.T.);
#2038=EDGE_CURVE('',#1570,#1541,#791,.T.);
#2039=ORIENTED_EDGE('',*,*,#1572,.F.);
#2040=ORIENTED_EDGE('',*,*,#1573,.T.);
#2041=ORIENTED_EDGE('',*,*,#1574,.T.);
#2042=ORIENTED_EDGE('',*,*,#1575,.T.);
#2043=ORIENTED_EDGE('',*,*,#1574,.F.);
#2044=ORIENTED_EDGE('',*,*,#1576,.F.);
#2045=ORIENTED_EDGE('',*,*,#1577,.F.);
#2046=ORIENTED_EDGE('',*,*,#1578,.F.);
#2047=ORIENTED_EDGE('',*,*,#1579,.F.);
#2048=ORIENTED_EDGE('',*,*,#1580,.F.);
#2049=ORIENTED_EDGE('',*,*,#1581,.F.);
#2050=ORIENTED_EDGE('',*,*,#1582,.F.);
#2051=ORIENTED_EDGE('',*,*,#1583,.T.);
#2052=ORIENTED_EDGE('',*,*,#1584,.F.);
#2053=ORIENTED_EDGE('',*,*,#1585,.F.);
#2054=ORIENTED_EDGE('',*,*,#1586,.T.);
#2055=ORIENTED_EDGE('',*,*,#1587,.T.);
#2056=ORIENTED_EDGE('',*,*,#1588,.T.);
#2057=ORIENTED_EDGE('',*,*,#1589,.T.);
#2058=ORIENTED_EDGE('',*,*,#1590,.T.);
#2059=ORIENTED_EDGE('',*,*,#1591,.F.);
#2060=ORIENTED_EDGE('',*,*,#1592,.T.);
#2061=ORIENTED_EDGE('',*,*,#1593,.F.);
#2062=ORIENTED_EDGE('',*,*,#1594,.T.);
#2063=ORIENTED_EDGE('',*,*,#1595,.T.);
#2064=ORIENTED_EDGE('',*,*,#1596,.T.);
#2065=ORIENTED_EDGE('',*,*,#1597,.T.);
#2066=ORIENTED_EDGE('',*,*,#1598,.T.);
#2067=ORIENTED_EDGE('',*,*,#1599,.T.);
#2068=ORIENTED_EDGE('',*,*,#1600,.T.);
#2069=ORIENTED_EDGE('',*,*,#1601,.T.);
#2070=ORIENTED_EDGE('',*,*,#1602,.F.);
#2071=ORIENTED_EDGE('',*,*,#1599,.F.);
#2072=ORIENTED_EDGE('',*,*,#1603,.T.);
#2073=ORIENTED_EDGE('',*,*,#1604,.F.);
#2074=ORIENTED_EDGE('',*,*,#1605,.F.);
#2075=ORIENTED_EDGE('',*,*,#1606,.T.);
#2076=ORIENTED_EDGE('',*,*,#1598,.F.);
#2077=ORIENTED_EDGE('',*,*,#1607,.T.);
#2078=ORIENTED_EDGE('',*,*,#1608,.F.);
#2079=ORIENTED_EDGE('',*,*,#1609,.T.);
#2080=ORIENTED_EDGE('',*,*,#1610,.F.);
#2081=ORIENTED_EDGE('',*,*,#1611,.F.);
#2082=ORIENTED_EDGE('',*,*,#1612,.T.);
#2083=ORIENTED_EDGE('',*,*,#1613,.F.);
#2084=ORIENTED_EDGE('',*,*,#1614,.F.);
#2085=ORIENTED_EDGE('',*,*,#1603,.F.);
#2086=ORIENTED_EDGE('',*,*,#1615,.T.);
#2087=ORIENTED_EDGE('',*,*,#1616,.T.);
#2088=ORIENTED_EDGE('',*,*,#1617,.T.);
#2089=ORIENTED_EDGE('',*,*,#1618,.T.);
#2090=ORIENTED_EDGE('',*,*,#1619,.T.);
#2091=ORIENTED_EDGE('',*,*,#1617,.F.);
#2092=ORIENTED_EDGE('',*,*,#1620,.F.);
#2093=ORIENTED_EDGE('',*,*,#1621,.F.);
#2094=ORIENTED_EDGE('',*,*,#1622,.F.);
#2095=ORIENTED_EDGE('',*,*,#1623,.T.);
#2096=ORIENTED_EDGE('',*,*,#1624,.T.);
#2097=ORIENTED_EDGE('',*,*,#1625,.T.);
#2098=ORIENTED_EDGE('',*,*,#1626,.T.);
#2099=ORIENTED_EDGE('',*,*,#1627,.T.);
#2100=ORIENTED_EDGE('',*,*,#1628,.T.);
#2101=ORIENTED_EDGE('',*,*,#1629,.T.);
#2102=ORIENTED_EDGE('',*,*,#1626,.F.);
#2103=ORIENTED_EDGE('',*,*,#1623,.F.);
#2104=ORIENTED_EDGE('',*,*,#1630,.F.);
#2105=ORIENTED_EDGE('',*,*,#1631,.F.);
#2106=ORIENTED_EDGE('',*,*,#1632,.F.);
#2107=ORIENTED_EDGE('',*,*,#1633,.F.);
#2108=ORIENTED_EDGE('',*,*,#1634,.T.);
#2109=ORIENTED_EDGE('',*,*,#1635,.F.);
#2110=ORIENTED_EDGE('',*,*,#1636,.T.);
#2111=ORIENTED_EDGE('',*,*,#1629,.F.);
#2112=ORIENTED_EDGE('',*,*,#1637,.F.);
#2113=ORIENTED_EDGE('',*,*,#1638,.F.);
#2114=ORIENTED_EDGE('',*,*,#1630,.T.);
#2115=ORIENTED_EDGE('',*,*,#1639,.F.);
#2116=ORIENTED_EDGE('',*,*,#1640,.F.);
#2117=ORIENTED_EDGE('',*,*,#1641,.F.);
#2118=ORIENTED_EDGE('',*,*,#1642,.T.);
#2119=ORIENTED_EDGE('',*,*,#1643,.T.);
#2120=ORIENTED_EDGE('',*,*,#1640,.T.);
#2121=ORIENTED_EDGE('',*,*,#1632,.T.);
#2122=ORIENTED_EDGE('',*,*,#1644,.T.);
#2123=ORIENTED_EDGE('',*,*,#1645,.T.);
#2124=ORIENTED_EDGE('',*,*,#1641,.T.);
#2125=ORIENTED_EDGE('',*,*,#1646,.T.);
#2126=ORIENTED_EDGE('',*,*,#1647,.T.);
#2127=ORIENTED_EDGE('',*,*,#1633,.T.);
#2128=ORIENTED_EDGE('',*,*,#1639,.T.);
#2129=ORIENTED_EDGE('',*,*,#1648,.T.);
#2130=ORIENTED_EDGE('',*,*,#1647,.F.);
#2131=ORIENTED_EDGE('',*,*,#1649,.F.);
#2132=ORIENTED_EDGE('',*,*,#1650,.F.);
#2133=ORIENTED_EDGE('',*,*,#1651,.F.);
#2134=ORIENTED_EDGE('',*,*,#1652,.F.);
#2135=ORIENTED_EDGE('',*,*,#1653,.F.);
#2136=ORIENTED_EDGE('',*,*,#1634,.F.);
#2137=ORIENTED_EDGE('',*,*,#1654,.T.);
#2138=ORIENTED_EDGE('',*,*,#1655,.T.);
#2139=ORIENTED_EDGE('',*,*,#1656,.T.);
#2140=ORIENTED_EDGE('',*,*,#1657,.T.);
#2141=ORIENTED_EDGE('',*,*,#1658,.T.);
#2142=ORIENTED_EDGE('',*,*,#1657,.F.);
#2143=ORIENTED_EDGE('',*,*,#1659,.F.);
#2144=ORIENTED_EDGE('',*,*,#1660,.F.);
#2145=ORIENTED_EDGE('',*,*,#1661,.F.);
#2146=ORIENTED_EDGE('',*,*,#1662,.F.);
#2147=ORIENTED_EDGE('',*,*,#1663,.F.);
#2148=ORIENTED_EDGE('',*,*,#1664,.F.);
#2149=ORIENTED_EDGE('',*,*,#1665,.F.);
#2150=ORIENTED_EDGE('',*,*,#1666,.T.);
#2151=ORIENTED_EDGE('',*,*,#1652,.T.);
#2152=ORIENTED_EDGE('',*,*,#1664,.T.);
#2153=ORIENTED_EDGE('',*,*,#1660,.T.);
#2154=ORIENTED_EDGE('',*,*,#1667,.T.);
#2155=ORIENTED_EDGE('',*,*,#1668,.T.);
#2156=ORIENTED_EDGE('',*,*,#1665,.T.);
#2157=ORIENTED_EDGE('',*,*,#1651,.T.);
#2158=ORIENTED_EDGE('',*,*,#1669,.T.);
#2159=ORIENTED_EDGE('',*,*,#1661,.T.);
#2160=ORIENTED_EDGE('',*,*,#1663,.T.);
#2161=ORIENTED_EDGE('',*,*,#1670,.T.);
#2162=ORIENTED_EDGE('',*,*,#1671,.F.);
#2163=ORIENTED_EDGE('',*,*,#1658,.F.);
#2164=ORIENTED_EDGE('',*,*,#1662,.T.);
#2165=ORIENTED_EDGE('',*,*,#1669,.F.);
#2166=ORIENTED_EDGE('',*,*,#1672,.T.);
#2167=ORIENTED_EDGE('',*,*,#1673,.F.);
#2168=ORIENTED_EDGE('',*,*,#1674,.F.);
#2169=ORIENTED_EDGE('',*,*,#1675,.F.);
#2170=ORIENTED_EDGE('',*,*,#1584,.T.);
#2171=ORIENTED_EDGE('',*,*,#1676,.T.);
#2172=ORIENTED_EDGE('',*,*,#1674,.T.);
#2173=ORIENTED_EDGE('',*,*,#1677,.T.);
#2174=ORIENTED_EDGE('',*,*,#1678,.T.);
#2175=ORIENTED_EDGE('',*,*,#1679,.T.);
#2176=ORIENTED_EDGE('',*,*,#1675,.T.);
#2177=ORIENTED_EDGE('',*,*,#1680,.T.);
#2178=ORIENTED_EDGE('',*,*,#1667,.F.);
#2179=ORIENTED_EDGE('',*,*,#1650,.T.);
#2180=ORIENTED_EDGE('',*,*,#1681,.T.);
#2181=ORIENTED_EDGE('',*,*,#1678,.F.);
#2182=ORIENTED_EDGE('',*,*,#1682,.T.);
#2183=ORIENTED_EDGE('',*,*,#1683,.T.);
#2184=ORIENTED_EDGE('',*,*,#1684,.T.);
#2185=ORIENTED_EDGE('',*,*,#1673,.T.);
#2186=ORIENTED_EDGE('',*,*,#1685,.T.);
#2187=ORIENTED_EDGE('',*,*,#1644,.F.);
#2188=ORIENTED_EDGE('',*,*,#1680,.F.);
#2189=ORIENTED_EDGE('',*,*,#1676,.F.);
#2190=ORIENTED_EDGE('',*,*,#1583,.F.);
#2191=ORIENTED_EDGE('',*,*,#1686,.F.);
#2192=ORIENTED_EDGE('',*,*,#1687,.F.);
#2193=ORIENTED_EDGE('',*,*,#1688,.F.);
#2194=ORIENTED_EDGE('',*,*,#1677,.F.);
#2195=ORIENTED_EDGE('',*,*,#1684,.F.);
#2196=ORIENTED_EDGE('',*,*,#1689,.T.);
#2197=ORIENTED_EDGE('',*,*,#1690,.T.);
#2198=ORIENTED_EDGE('',*,*,#1691,.T.);
#2199=ORIENTED_EDGE('',*,*,#1692,.T.);
#2200=ORIENTED_EDGE('',*,*,#1693,.F.);
#2201=ORIENTED_EDGE('',*,*,#1585,.T.);
#2202=ORIENTED_EDGE('',*,*,#1694,.F.);
#2203=ORIENTED_EDGE('',*,*,#1695,.F.);
#2204=ORIENTED_EDGE('',*,*,#1696,.F.);
#2205=ORIENTED_EDGE('',*,*,#1697,.T.);
#2206=ORIENTED_EDGE('',*,*,#1654,.F.);
#2207=ORIENTED_EDGE('',*,*,#1671,.T.);
#2208=ORIENTED_EDGE('',*,*,#1698,.T.);
#2209=ORIENTED_EDGE('',*,*,#1699,.T.);
#2210=ORIENTED_EDGE('',*,*,#1700,.T.);
#2211=ORIENTED_EDGE('',*,*,#1701,.T.);
#2212=ORIENTED_EDGE('',*,*,#1702,.T.);
#2213=ORIENTED_EDGE('',*,*,#1699,.F.);
#2214=ORIENTED_EDGE('',*,*,#1703,.T.);
#2215=ORIENTED_EDGE('',*,*,#1701,.F.);
#2216=ORIENTED_EDGE('',*,*,#1704,.T.);
#2217=ORIENTED_EDGE('',*,*,#1705,.T.);
#2218=ORIENTED_EDGE('',*,*,#1706,.T.);
#2219=ORIENTED_EDGE('',*,*,#1707,.T.);
#2220=ORIENTED_EDGE('',*,*,#1705,.F.);
#2221=ORIENTED_EDGE('',*,*,#1708,.T.);
#2222=ORIENTED_EDGE('',*,*,#1709,.T.);
#2223=ORIENTED_EDGE('',*,*,#1710,.T.);
#2224=ORIENTED_EDGE('',*,*,#1711,.T.);
#2225=ORIENTED_EDGE('',*,*,#1712,.T.);
#2226=ORIENTED_EDGE('',*,*,#1713,.T.);
#2227=ORIENTED_EDGE('',*,*,#1709,.F.);
#2228=ORIENTED_EDGE('',*,*,#1711,.F.);
#2229=ORIENTED_EDGE('',*,*,#1714,.T.);
#2230=ORIENTED_EDGE('',*,*,#1695,.T.);
#2231=ORIENTED_EDGE('',*,*,#1715,.T.);
#2232=ORIENTED_EDGE('',*,*,#1611,.T.);
#2233=ORIENTED_EDGE('',*,*,#1716,.T.);
#2234=ORIENTED_EDGE('',*,*,#1696,.T.);
#2235=ORIENTED_EDGE('',*,*,#1717,.T.);
#2236=ORIENTED_EDGE('',*,*,#1718,.F.);
#2237=ORIENTED_EDGE('',*,*,#1719,.T.);
#2238=ORIENTED_EDGE('',*,*,#1694,.T.);
#2239=ORIENTED_EDGE('',*,*,#1720,.T.);
#2240=ORIENTED_EDGE('',*,*,#1718,.T.);
#2241=ORIENTED_EDGE('',*,*,#1721,.T.);
#2242=ORIENTED_EDGE('',*,*,#1609,.F.);
#2243=ORIENTED_EDGE('',*,*,#1722,.T.);
#2244=ORIENTED_EDGE('',*,*,#1723,.F.);
#2245=ORIENTED_EDGE('',*,*,#1720,.F.);
#2246=ORIENTED_EDGE('',*,*,#1716,.F.);
#2247=ORIENTED_EDGE('',*,*,#1610,.T.);
#2248=ORIENTED_EDGE('',*,*,#1721,.F.);
#2249=ORIENTED_EDGE('',*,*,#1717,.F.);
#2250=ORIENTED_EDGE('',*,*,#1714,.F.);
#2251=ORIENTED_EDGE('',*,*,#1724,.F.);
#2252=ORIENTED_EDGE('',*,*,#1725,.F.);
#2253=ORIENTED_EDGE('',*,*,#1726,.F.);
#2254=ORIENTED_EDGE('',*,*,#1612,.F.);
#2255=ORIENTED_EDGE('',*,*,#1710,.F.);
#2256=ORIENTED_EDGE('',*,*,#1708,.F.);
#2257=ORIENTED_EDGE('',*,*,#1704,.F.);
#2258=ORIENTED_EDGE('',*,*,#1727,.T.);
#2259=ORIENTED_EDGE('',*,*,#1728,.F.);
#2260=ORIENTED_EDGE('',*,*,#1724,.T.);
#2261=ORIENTED_EDGE('',*,*,#1672,.F.);
#2262=ORIENTED_EDGE('',*,*,#1729,.F.);
#2263=ORIENTED_EDGE('',*,*,#1730,.F.);
#2264=ORIENTED_EDGE('',*,*,#1727,.F.);
#2265=ORIENTED_EDGE('',*,*,#1700,.F.);
#2266=ORIENTED_EDGE('',*,*,#1698,.F.);
#2267=ORIENTED_EDGE('',*,*,#1653,.T.);
#2268=ORIENTED_EDGE('',*,*,#1666,.F.);
#2269=ORIENTED_EDGE('',*,*,#1659,.T.);
#2270=ORIENTED_EDGE('',*,*,#1656,.F.);
#2271=ORIENTED_EDGE('',*,*,#1731,.T.);
#2272=ORIENTED_EDGE('',*,*,#1635,.T.);
#2273=ORIENTED_EDGE('',*,*,#1732,.F.);
#2274=ORIENTED_EDGE('',*,*,#1733,.T.);
#2275=ORIENTED_EDGE('',*,*,#1734,.T.);
#2276=ORIENTED_EDGE('',*,*,#1735,.T.);
#2277=ORIENTED_EDGE('',*,*,#1734,.F.);
#2278=ORIENTED_EDGE('',*,*,#1736,.T.);
#2279=ORIENTED_EDGE('',*,*,#1737,.T.);
#2280=ORIENTED_EDGE('',*,*,#1687,.T.);
#2281=ORIENTED_EDGE('',*,*,#1738,.T.);
#2282=ORIENTED_EDGE('',*,*,#1739,.T.);
#2283=ORIENTED_EDGE('',*,*,#1737,.F.);
#2284=ORIENTED_EDGE('',*,*,#1740,.T.);
#2285=ORIENTED_EDGE('',*,*,#1738,.F.);
#2286=ORIENTED_EDGE('',*,*,#1741,.T.);
#2287=ORIENTED_EDGE('',*,*,#1742,.T.);
#2288=ORIENTED_EDGE('',*,*,#1730,.T.);
#2289=ORIENTED_EDGE('',*,*,#1743,.T.);
#2290=ORIENTED_EDGE('',*,*,#1728,.T.);
#2291=ORIENTED_EDGE('',*,*,#1742,.F.);
#2292=ORIENTED_EDGE('',*,*,#1744,.T.);
#2293=ORIENTED_EDGE('',*,*,#1743,.F.);
#2294=ORIENTED_EDGE('',*,*,#1745,.T.);
#2295=ORIENTED_EDGE('',*,*,#1746,.T.);
#2296=ORIENTED_EDGE('',*,*,#1725,.T.);
#2297=ORIENTED_EDGE('',*,*,#1747,.T.);
#2298=ORIENTED_EDGE('',*,*,#1748,.T.);
#2299=ORIENTED_EDGE('',*,*,#1746,.F.);
#2300=ORIENTED_EDGE('',*,*,#1749,.T.);
#2301=ORIENTED_EDGE('',*,*,#1747,.F.);
#2302=ORIENTED_EDGE('',*,*,#1750,.T.);
#2303=ORIENTED_EDGE('',*,*,#1751,.F.);
#2304=ORIENTED_EDGE('',*,*,#1752,.T.);
#2305=ORIENTED_EDGE('',*,*,#1749,.F.);
#2306=ORIENTED_EDGE('',*,*,#1745,.F.);
#2307=ORIENTED_EDGE('',*,*,#1744,.F.);
#2308=ORIENTED_EDGE('',*,*,#1741,.F.);
#2309=ORIENTED_EDGE('',*,*,#1740,.F.);
#2310=ORIENTED_EDGE('',*,*,#1736,.F.);
#2311=ORIENTED_EDGE('',*,*,#1733,.F.);
#2312=ORIENTED_EDGE('',*,*,#1753,.F.);
#2313=ORIENTED_EDGE('',*,*,#1754,.F.);
#2314=ORIENTED_EDGE('',*,*,#1755,.F.);
#2315=ORIENTED_EDGE('',*,*,#1756,.F.);
#2316=ORIENTED_EDGE('',*,*,#1757,.F.);
#2317=ORIENTED_EDGE('',*,*,#1758,.F.);
#2318=ORIENTED_EDGE('',*,*,#1759,.F.);
#2319=ORIENTED_EDGE('',*,*,#1760,.F.);
#2320=ORIENTED_EDGE('',*,*,#1750,.F.);
#2321=ORIENTED_EDGE('',*,*,#1761,.F.);
#2322=ORIENTED_EDGE('',*,*,#1762,.T.);
#2323=ORIENTED_EDGE('',*,*,#1763,.T.);
#2324=ORIENTED_EDGE('',*,*,#1668,.F.);
#2325=ORIENTED_EDGE('',*,*,#1682,.F.);
#2326=ORIENTED_EDGE('',*,*,#1688,.T.);
#2327=ORIENTED_EDGE('',*,*,#1739,.F.);
#2328=ORIENTED_EDGE('',*,*,#1729,.T.);
#2329=ORIENTED_EDGE('',*,*,#1670,.F.);
#2330=ORIENTED_EDGE('',*,*,#1735,.F.);
#2331=ORIENTED_EDGE('',*,*,#1686,.T.);
#2332=ORIENTED_EDGE('',*,*,#1582,.T.);
#2333=ORIENTED_EDGE('',*,*,#1764,.T.);
#2334=ORIENTED_EDGE('',*,*,#1748,.F.);
#2335=ORIENTED_EDGE('',*,*,#1765,.T.);
#2336=ORIENTED_EDGE('',*,*,#1613,.T.);
#2337=ORIENTED_EDGE('',*,*,#1726,.T.);
#2338=ORIENTED_EDGE('',*,*,#1624,.F.);
#2339=ORIENTED_EDGE('',*,*,#1636,.F.);
#2340=ORIENTED_EDGE('',*,*,#1731,.F.);
#2341=ORIENTED_EDGE('',*,*,#1655,.F.);
#2342=ORIENTED_EDGE('',*,*,#1697,.F.);
#2343=ORIENTED_EDGE('',*,*,#1766,.F.);
#2344=ORIENTED_EDGE('',*,*,#1619,.F.);
#2345=ORIENTED_EDGE('',*,*,#1767,.F.);
#2346=ORIENTED_EDGE('',*,*,#1627,.F.);
#2347=ORIENTED_EDGE('',*,*,#1625,.F.);
#2348=ORIENTED_EDGE('',*,*,#1766,.T.);
#2349=ORIENTED_EDGE('',*,*,#1702,.F.);
#2350=ORIENTED_EDGE('',*,*,#1703,.F.);
#2351=ORIENTED_EDGE('',*,*,#1768,.T.);
#2352=ORIENTED_EDGE('',*,*,#1769,.F.);
#2353=ORIENTED_EDGE('',*,*,#1645,.F.);
#2354=ORIENTED_EDGE('',*,*,#1685,.F.);
#2355=ORIENTED_EDGE('',*,*,#1679,.F.);
#2356=ORIENTED_EDGE('',*,*,#1681,.F.);
#2357=ORIENTED_EDGE('',*,*,#1649,.T.);
#2358=ORIENTED_EDGE('',*,*,#1648,.F.);
#2359=ORIENTED_EDGE('',*,*,#1769,.T.);
#2360=ORIENTED_EDGE('',*,*,#1770,.T.);
#2361=ORIENTED_EDGE('',*,*,#1771,.F.);
#2362=ORIENTED_EDGE('',*,*,#1772,.F.);
#2363=ORIENTED_EDGE('',*,*,#1773,.F.);
#2364=ORIENTED_EDGE('',*,*,#1620,.T.);
#2365=ORIENTED_EDGE('',*,*,#1616,.F.);
#2366=ORIENTED_EDGE('',*,*,#1707,.F.);
#2367=ORIENTED_EDGE('',*,*,#1713,.F.);
#2368=ORIENTED_EDGE('',*,*,#1774,.F.);
#2369=ORIENTED_EDGE('',*,*,#1770,.F.);
#2370=ORIENTED_EDGE('',*,*,#1768,.F.);
#2371=ORIENTED_EDGE('',*,*,#1706,.F.);
#2372=ORIENTED_EDGE('',*,*,#1719,.F.);
#2373=ORIENTED_EDGE('',*,*,#1723,.T.);
#2374=ORIENTED_EDGE('',*,*,#1775,.F.);
#2375=ORIENTED_EDGE('',*,*,#1776,.F.);
#2376=ORIENTED_EDGE('',*,*,#1771,.T.);
#2377=ORIENTED_EDGE('',*,*,#1774,.T.);
#2378=ORIENTED_EDGE('',*,*,#1712,.F.);
#2379=ORIENTED_EDGE('',*,*,#1715,.F.);
#2380=ORIENTED_EDGE('',*,*,#1777,.T.);
#2381=ORIENTED_EDGE('',*,*,#1642,.F.);
#2382=ORIENTED_EDGE('',*,*,#1631,.T.);
#2383=ORIENTED_EDGE('',*,*,#1638,.T.);
#2384=ORIENTED_EDGE('',*,*,#1778,.F.);
#2385=ORIENTED_EDGE('',*,*,#1779,.F.);
#2386=ORIENTED_EDGE('',*,*,#1780,.F.);
#2387=ORIENTED_EDGE('',*,*,#1781,.F.);
#2388=ORIENTED_EDGE('',*,*,#1782,.F.);
#2389=ORIENTED_EDGE('',*,*,#1783,.F.);
#2390=ORIENTED_EDGE('',*,*,#1690,.F.);
#2391=ORIENTED_EDGE('',*,*,#1784,.T.);
#2392=ORIENTED_EDGE('',*,*,#1643,.F.);
#2393=ORIENTED_EDGE('',*,*,#1777,.F.);
#2394=ORIENTED_EDGE('',*,*,#1689,.F.);
#2395=ORIENTED_EDGE('',*,*,#1683,.F.);
#2396=ORIENTED_EDGE('',*,*,#1646,.F.);
#2397=ORIENTED_EDGE('',*,*,#1765,.F.);
#2398=ORIENTED_EDGE('',*,*,#1752,.F.);
#2399=ORIENTED_EDGE('',*,*,#1604,.T.);
#2400=ORIENTED_EDGE('',*,*,#1614,.T.);
#2401=ORIENTED_EDGE('',*,*,#1785,.T.);
#2402=ORIENTED_EDGE('',*,*,#1786,.T.);
#2403=ORIENTED_EDGE('',*,*,#1787,.T.);
#2404=ORIENTED_EDGE('',*,*,#1600,.F.);
#2405=ORIENTED_EDGE('',*,*,#1602,.T.);
#2406=ORIENTED_EDGE('',*,*,#1788,.T.);
#2407=ORIENTED_EDGE('',*,*,#1789,.T.);
#2408=ORIENTED_EDGE('',*,*,#1790,.T.);
#2409=ORIENTED_EDGE('',*,*,#1786,.F.);
#2410=ORIENTED_EDGE('',*,*,#1791,.T.);
#2411=ORIENTED_EDGE('',*,*,#1792,.T.);
#2412=ORIENTED_EDGE('',*,*,#1793,.T.);
#2413=ORIENTED_EDGE('',*,*,#1789,.F.);
#2414=ORIENTED_EDGE('',*,*,#1794,.T.);
#2415=ORIENTED_EDGE('',*,*,#1795,.T.);
#2416=ORIENTED_EDGE('',*,*,#1796,.T.);
#2417=ORIENTED_EDGE('',*,*,#1792,.F.);
#2418=ORIENTED_EDGE('',*,*,#1797,.T.);
#2419=ORIENTED_EDGE('',*,*,#1798,.T.);
#2420=ORIENTED_EDGE('',*,*,#1799,.T.);
#2421=ORIENTED_EDGE('',*,*,#1800,.T.);
#2422=ORIENTED_EDGE('',*,*,#1801,.T.);
#2423=ORIENTED_EDGE('',*,*,#1802,.T.);
#2424=ORIENTED_EDGE('',*,*,#1572,.T.);
#2425=ORIENTED_EDGE('',*,*,#1803,.T.);
#2426=ORIENTED_EDGE('',*,*,#1798,.F.);
#2427=ORIENTED_EDGE('',*,*,#1804,.T.);
#2428=ORIENTED_EDGE('',*,*,#1800,.F.);
#2429=ORIENTED_EDGE('',*,*,#1805,.T.);
#2430=ORIENTED_EDGE('',*,*,#1795,.F.);
#2431=ORIENTED_EDGE('',*,*,#1787,.F.);
#2432=ORIENTED_EDGE('',*,*,#1806,.F.);
#2433=ORIENTED_EDGE('',*,*,#1807,.F.);
#2434=ORIENTED_EDGE('',*,*,#1808,.F.);
#2435=ORIENTED_EDGE('',*,*,#1790,.F.);
#2436=ORIENTED_EDGE('',*,*,#1809,.F.);
#2437=ORIENTED_EDGE('',*,*,#1810,.F.);
#2438=ORIENTED_EDGE('',*,*,#1811,.F.);
#2439=ORIENTED_EDGE('',*,*,#1806,.T.);
#2440=ORIENTED_EDGE('',*,*,#1793,.F.);
#2441=ORIENTED_EDGE('',*,*,#1812,.F.);
#2442=ORIENTED_EDGE('',*,*,#1813,.F.);
#2443=ORIENTED_EDGE('',*,*,#1809,.T.);
#2444=ORIENTED_EDGE('',*,*,#1796,.F.);
#2445=ORIENTED_EDGE('',*,*,#1814,.T.);
#2446=ORIENTED_EDGE('',*,*,#1815,.F.);
#2447=ORIENTED_EDGE('',*,*,#1812,.T.);
#2448=ORIENTED_EDGE('',*,*,#1805,.F.);
#2449=ORIENTED_EDGE('',*,*,#1816,.F.);
#2450=ORIENTED_EDGE('',*,*,#1817,.F.);
#2451=ORIENTED_EDGE('',*,*,#1814,.F.);
#2452=ORIENTED_EDGE('',*,*,#1799,.F.);
#2453=ORIENTED_EDGE('',*,*,#1818,.T.);
#2454=ORIENTED_EDGE('',*,*,#1819,.F.);
#2455=ORIENTED_EDGE('',*,*,#1820,.T.);
#2456=ORIENTED_EDGE('',*,*,#1816,.T.);
#2457=ORIENTED_EDGE('',*,*,#1803,.F.);
#2458=ORIENTED_EDGE('',*,*,#1821,.F.);
#2459=ORIENTED_EDGE('',*,*,#1822,.F.);
#2460=ORIENTED_EDGE('',*,*,#1818,.F.);
#2461=ORIENTED_EDGE('',*,*,#1575,.F.);
#2462=ORIENTED_EDGE('',*,*,#1594,.F.);
#2463=ORIENTED_EDGE('',*,*,#1823,.F.);
#2464=ORIENTED_EDGE('',*,*,#1821,.T.);
#2465=ORIENTED_EDGE('',*,*,#1824,.T.);
#2466=ORIENTED_EDGE('',*,*,#1759,.T.);
#2467=ORIENTED_EDGE('',*,*,#1825,.T.);
#2468=ORIENTED_EDGE('',*,*,#1826,.T.);
#2469=ORIENTED_EDGE('',*,*,#1751,.T.);
#2470=ORIENTED_EDGE('',*,*,#1760,.T.);
#2471=ORIENTED_EDGE('',*,*,#1824,.F.);
#2472=ORIENTED_EDGE('',*,*,#1605,.T.);
#2473=ORIENTED_EDGE('',*,*,#1732,.T.);
#2474=ORIENTED_EDGE('',*,*,#1827,.T.);
#2475=ORIENTED_EDGE('',*,*,#1828,.T.);
#2476=ORIENTED_EDGE('',*,*,#1753,.T.);
#2477=ORIENTED_EDGE('',*,*,#1828,.F.);
#2478=ORIENTED_EDGE('',*,*,#1829,.T.);
#2479=ORIENTED_EDGE('',*,*,#1830,.T.);
#2480=ORIENTED_EDGE('',*,*,#1754,.T.);
#2481=ORIENTED_EDGE('',*,*,#1831,.T.);
#2482=ORIENTED_EDGE('',*,*,#1755,.T.);
#2483=ORIENTED_EDGE('',*,*,#1830,.F.);
#2484=ORIENTED_EDGE('',*,*,#1832,.T.);
#2485=ORIENTED_EDGE('',*,*,#1831,.F.);
#2486=ORIENTED_EDGE('',*,*,#1833,.T.);
#2487=ORIENTED_EDGE('',*,*,#1834,.T.);
#2488=ORIENTED_EDGE('',*,*,#1756,.T.);
#2489=ORIENTED_EDGE('',*,*,#1835,.T.);
#2490=ORIENTED_EDGE('',*,*,#1757,.T.);
#2491=ORIENTED_EDGE('',*,*,#1834,.F.);
#2492=ORIENTED_EDGE('',*,*,#1836,.T.);
#2493=ORIENTED_EDGE('',*,*,#1825,.F.);
#2494=ORIENTED_EDGE('',*,*,#1758,.T.);
#2495=ORIENTED_EDGE('',*,*,#1835,.F.);
#2496=ORIENTED_EDGE('',*,*,#1837,.T.);
#2497=ORIENTED_EDGE('',*,*,#1829,.F.);
#2498=ORIENTED_EDGE('',*,*,#1838,.T.);
#2499=ORIENTED_EDGE('',*,*,#1580,.T.);
#2500=ORIENTED_EDGE('',*,*,#1839,.T.);
#2501=ORIENTED_EDGE('',*,*,#1764,.F.);
#2502=ORIENTED_EDGE('',*,*,#1581,.T.);
#2503=ORIENTED_EDGE('',*,*,#1838,.F.);
#2504=ORIENTED_EDGE('',*,*,#1827,.F.);
#2505=ORIENTED_EDGE('',*,*,#1801,.F.);
#2506=ORIENTED_EDGE('',*,*,#1797,.F.);
#2507=ORIENTED_EDGE('',*,*,#1804,.F.);
#2508=ORIENTED_EDGE('',*,*,#1794,.F.);
#2509=ORIENTED_EDGE('',*,*,#1791,.F.);
#2510=ORIENTED_EDGE('',*,*,#1788,.F.);
#2511=ORIENTED_EDGE('',*,*,#1785,.F.);
#2512=ORIENTED_EDGE('',*,*,#1606,.F.);
#2513=ORIENTED_EDGE('',*,*,#1826,.F.);
#2514=ORIENTED_EDGE('',*,*,#1840,.T.);
#2515=ORIENTED_EDGE('',*,*,#1841,.T.);
#2516=ORIENTED_EDGE('',*,*,#1842,.T.);
#2517=ORIENTED_EDGE('',*,*,#1843,.T.);
#2518=ORIENTED_EDGE('',*,*,#1844,.T.);
#2519=ORIENTED_EDGE('',*,*,#1845,.T.);
#2520=ORIENTED_EDGE('',*,*,#1846,.T.);
#2521=ORIENTED_EDGE('',*,*,#1843,.F.);
#2522=ORIENTED_EDGE('',*,*,#1847,.T.);
#2523=ORIENTED_EDGE('',*,*,#1848,.T.);
#2524=ORIENTED_EDGE('',*,*,#1849,.T.);
#2525=ORIENTED_EDGE('',*,*,#1845,.F.);
#2526=ORIENTED_EDGE('',*,*,#1850,.T.);
#2527=ORIENTED_EDGE('',*,*,#1851,.T.);
#2528=ORIENTED_EDGE('',*,*,#1852,.T.);
#2529=ORIENTED_EDGE('',*,*,#1848,.F.);
#2530=ORIENTED_EDGE('',*,*,#1853,.T.);
#2531=ORIENTED_EDGE('',*,*,#1854,.T.);
#2532=ORIENTED_EDGE('',*,*,#1782,.T.);
#2533=ORIENTED_EDGE('',*,*,#1851,.F.);
#2534=ORIENTED_EDGE('',*,*,#1855,.T.);
#2535=ORIENTED_EDGE('',*,*,#1856,.T.);
#2536=ORIENTED_EDGE('',*,*,#1857,.T.);
#2537=ORIENTED_EDGE('',*,*,#1854,.F.);
#2538=ORIENTED_EDGE('',*,*,#1858,.T.);
#2539=ORIENTED_EDGE('',*,*,#1859,.T.);
#2540=ORIENTED_EDGE('',*,*,#1860,.T.);
#2541=ORIENTED_EDGE('',*,*,#1856,.F.);
#2542=ORIENTED_EDGE('',*,*,#1861,.T.);
#2543=ORIENTED_EDGE('',*,*,#1862,.T.);
#2544=ORIENTED_EDGE('',*,*,#1863,.T.);
#2545=ORIENTED_EDGE('',*,*,#1864,.T.);
#2546=ORIENTED_EDGE('',*,*,#1865,.T.);
#2547=ORIENTED_EDGE('',*,*,#1864,.F.);
#2548=ORIENTED_EDGE('',*,*,#1866,.T.);
#2549=ORIENTED_EDGE('',*,*,#1859,.F.);
#2550=ORIENTED_EDGE('',*,*,#1867,.T.);
#2551=ORIENTED_EDGE('',*,*,#1852,.F.);
#2552=ORIENTED_EDGE('',*,*,#1781,.T.);
#2553=ORIENTED_EDGE('',*,*,#1868,.F.);
#2554=ORIENTED_EDGE('',*,*,#1869,.F.);
#2555=ORIENTED_EDGE('',*,*,#1857,.F.);
#2556=ORIENTED_EDGE('',*,*,#1870,.F.);
#2557=ORIENTED_EDGE('',*,*,#1691,.F.);
#2558=ORIENTED_EDGE('',*,*,#1783,.T.);
#2559=ORIENTED_EDGE('',*,*,#1844,.F.);
#2560=ORIENTED_EDGE('',*,*,#1846,.F.);
#2561=ORIENTED_EDGE('',*,*,#1849,.F.);
#2562=ORIENTED_EDGE('',*,*,#1869,.T.);
#2563=ORIENTED_EDGE('',*,*,#1871,.F.);
#2564=ORIENTED_EDGE('',*,*,#1872,.F.);
#2565=ORIENTED_EDGE('',*,*,#1873,.F.);
#2566=ORIENTED_EDGE('',*,*,#1874,.T.);
#2567=ORIENTED_EDGE('',*,*,#1875,.T.);
#2568=ORIENTED_EDGE('',*,*,#1876,.T.);
#2569=ORIENTED_EDGE('',*,*,#1877,.F.);
#2570=ORIENTED_EDGE('',*,*,#1878,.T.);
#2571=ORIENTED_EDGE('',*,*,#1879,.T.);
#2572=ORIENTED_EDGE('',*,*,#1880,.T.);
#2573=ORIENTED_EDGE('',*,*,#1881,.F.);
#2574=ORIENTED_EDGE('',*,*,#1882,.F.);
#2575=ORIENTED_EDGE('',*,*,#1883,.F.);
#2576=ORIENTED_EDGE('',*,*,#1884,.T.);
#2577=ORIENTED_EDGE('',*,*,#1885,.F.);
#2578=ORIENTED_EDGE('',*,*,#1886,.F.);
#2579=ORIENTED_EDGE('',*,*,#1887,.F.);
#2580=ORIENTED_EDGE('',*,*,#1888,.T.);
#2581=ORIENTED_EDGE('',*,*,#1889,.F.);
#2582=ORIENTED_EDGE('',*,*,#1890,.F.);
#2583=ORIENTED_EDGE('',*,*,#1692,.F.);
#2584=ORIENTED_EDGE('',*,*,#1870,.T.);
#2585=ORIENTED_EDGE('',*,*,#1860,.F.);
#2586=ORIENTED_EDGE('',*,*,#1866,.F.);
#2587=ORIENTED_EDGE('',*,*,#1863,.F.);
#2588=ORIENTED_EDGE('',*,*,#1891,.T.);
#2589=ORIENTED_EDGE('',*,*,#1892,.T.);
#2590=ORIENTED_EDGE('',*,*,#1893,.T.);
#2591=ORIENTED_EDGE('',*,*,#1894,.F.);
#2592=ORIENTED_EDGE('',*,*,#1895,.T.);
#2593=ORIENTED_EDGE('',*,*,#1896,.T.);
#2594=ORIENTED_EDGE('',*,*,#1897,.T.);
#2595=ORIENTED_EDGE('',*,*,#1898,.T.);
#2596=ORIENTED_EDGE('',*,*,#1899,.T.);
#2597=ORIENTED_EDGE('',*,*,#1900,.T.);
#2598=ORIENTED_EDGE('',*,*,#1881,.T.);
#2599=ORIENTED_EDGE('',*,*,#1901,.T.);
#2600=ORIENTED_EDGE('',*,*,#1882,.T.);
#2601=ORIENTED_EDGE('',*,*,#1900,.F.);
#2602=ORIENTED_EDGE('',*,*,#1902,.T.);
#2603=ORIENTED_EDGE('',*,*,#1903,.T.);
#2604=ORIENTED_EDGE('',*,*,#1883,.T.);
#2605=ORIENTED_EDGE('',*,*,#1901,.F.);
#2606=ORIENTED_EDGE('',*,*,#1904,.T.);
#2607=ORIENTED_EDGE('',*,*,#1905,.T.);
#2608=ORIENTED_EDGE('',*,*,#1906,.T.);
#2609=ORIENTED_EDGE('',*,*,#1903,.F.);
#2610=ORIENTED_EDGE('',*,*,#1907,.T.);
#2611=ORIENTED_EDGE('',*,*,#1908,.T.);
#2612=ORIENTED_EDGE('',*,*,#1780,.T.);
#2613=ORIENTED_EDGE('',*,*,#1905,.F.);
#2614=ORIENTED_EDGE('',*,*,#1909,.T.);
#2615=ORIENTED_EDGE('',*,*,#1910,.T.);
#2616=ORIENTED_EDGE('',*,*,#1868,.T.);
#2617=ORIENTED_EDGE('',*,*,#1908,.F.);
#2618=ORIENTED_EDGE('',*,*,#1911,.T.);
#2619=ORIENTED_EDGE('',*,*,#1912,.T.);
#2620=ORIENTED_EDGE('',*,*,#1871,.T.);
#2621=ORIENTED_EDGE('',*,*,#1910,.F.);
#2622=ORIENTED_EDGE('',*,*,#1913,.T.);
#2623=ORIENTED_EDGE('',*,*,#1914,.T.);
#2624=ORIENTED_EDGE('',*,*,#1873,.T.);
#2625=ORIENTED_EDGE('',*,*,#1915,.T.);
#2626=ORIENTED_EDGE('',*,*,#1916,.T.);
#2627=ORIENTED_EDGE('',*,*,#1915,.F.);
#2628=ORIENTED_EDGE('',*,*,#1872,.T.);
#2629=ORIENTED_EDGE('',*,*,#1912,.F.);
#2630=ORIENTED_EDGE('',*,*,#1917,.T.);
#2631=ORIENTED_EDGE('',*,*,#1906,.F.);
#2632=ORIENTED_EDGE('',*,*,#1779,.T.);
#2633=ORIENTED_EDGE('',*,*,#1918,.F.);
#2634=ORIENTED_EDGE('',*,*,#1884,.F.);
#2635=ORIENTED_EDGE('',*,*,#1847,.F.);
#2636=ORIENTED_EDGE('',*,*,#1919,.T.);
#2637=ORIENTED_EDGE('',*,*,#1920,.T.);
#2638=ORIENTED_EDGE('',*,*,#1921,.T.);
#2639=ORIENTED_EDGE('',*,*,#1850,.F.);
#2640=ORIENTED_EDGE('',*,*,#1921,.F.);
#2641=ORIENTED_EDGE('',*,*,#1922,.T.);
#2642=ORIENTED_EDGE('',*,*,#1923,.T.);
#2643=ORIENTED_EDGE('',*,*,#1861,.F.);
#2644=ORIENTED_EDGE('',*,*,#1858,.F.);
#2645=ORIENTED_EDGE('',*,*,#1855,.F.);
#2646=ORIENTED_EDGE('',*,*,#1853,.F.);
#2647=ORIENTED_EDGE('',*,*,#1867,.F.);
#2648=ORIENTED_EDGE('',*,*,#1923,.F.);
#2649=ORIENTED_EDGE('',*,*,#1924,.T.);
#2650=ORIENTED_EDGE('',*,*,#1925,.T.);
#2651=ORIENTED_EDGE('',*,*,#1842,.F.);
#2652=ORIENTED_EDGE('',*,*,#1926,.T.);
#2653=ORIENTED_EDGE('',*,*,#1919,.F.);
#2654=ORIENTED_EDGE('',*,*,#1865,.F.);
#2655=ORIENTED_EDGE('',*,*,#1925,.F.);
#2656=ORIENTED_EDGE('',*,*,#1927,.T.);
#2657=ORIENTED_EDGE('',*,*,#1893,.F.);
#2658=ORIENTED_EDGE('',*,*,#1928,.F.);
#2659=ORIENTED_EDGE('',*,*,#1929,.T.);
#2660=ORIENTED_EDGE('',*,*,#1892,.F.);
#2661=ORIENTED_EDGE('',*,*,#1930,.T.);
#2662=ORIENTED_EDGE('',*,*,#1931,.T.);
#2663=ORIENTED_EDGE('',*,*,#1932,.T.);
#2664=ORIENTED_EDGE('',*,*,#1928,.T.);
#2665=ORIENTED_EDGE('',*,*,#1927,.F.);
#2666=ORIENTED_EDGE('',*,*,#1924,.F.);
#2667=ORIENTED_EDGE('',*,*,#1922,.F.);
#2668=ORIENTED_EDGE('',*,*,#1920,.F.);
#2669=ORIENTED_EDGE('',*,*,#1926,.F.);
#2670=ORIENTED_EDGE('',*,*,#1841,.F.);
#2671=ORIENTED_EDGE('',*,*,#1897,.F.);
#2672=ORIENTED_EDGE('',*,*,#1933,.F.);
#2673=ORIENTED_EDGE('',*,*,#1934,.F.);
#2674=ORIENTED_EDGE('',*,*,#1930,.F.);
#2675=ORIENTED_EDGE('',*,*,#1891,.F.);
#2676=ORIENTED_EDGE('',*,*,#1862,.F.);
#2677=ORIENTED_EDGE('',*,*,#1935,.F.);
#2678=ORIENTED_EDGE('',*,*,#1936,.T.);
#2679=ORIENTED_EDGE('',*,*,#1937,.F.);
#2680=ORIENTED_EDGE('',*,*,#1902,.F.);
#2681=ORIENTED_EDGE('',*,*,#1938,.T.);
#2682=ORIENTED_EDGE('',*,*,#1939,.T.);
#2683=ORIENTED_EDGE('',*,*,#1940,.T.);
#2684=ORIENTED_EDGE('',*,*,#1904,.F.);
#2685=ORIENTED_EDGE('',*,*,#1940,.F.);
#2686=ORIENTED_EDGE('',*,*,#1941,.T.);
#2687=ORIENTED_EDGE('',*,*,#1942,.T.);
#2688=ORIENTED_EDGE('',*,*,#1913,.F.);
#2689=ORIENTED_EDGE('',*,*,#1911,.F.);
#2690=ORIENTED_EDGE('',*,*,#1909,.F.);
#2691=ORIENTED_EDGE('',*,*,#1907,.F.);
#2692=ORIENTED_EDGE('',*,*,#1917,.F.);
#2693=ORIENTED_EDGE('',*,*,#1942,.F.);
#2694=ORIENTED_EDGE('',*,*,#1943,.T.);
#2695=ORIENTED_EDGE('',*,*,#1944,.T.);
#2696=ORIENTED_EDGE('',*,*,#1899,.F.);
#2697=ORIENTED_EDGE('',*,*,#1945,.T.);
#2698=ORIENTED_EDGE('',*,*,#1938,.F.);
#2699=ORIENTED_EDGE('',*,*,#1916,.F.);
#2700=ORIENTED_EDGE('',*,*,#1944,.F.);
#2701=ORIENTED_EDGE('',*,*,#1946,.T.);
#2702=ORIENTED_EDGE('',*,*,#1876,.F.);
#2703=ORIENTED_EDGE('',*,*,#1947,.F.);
#2704=ORIENTED_EDGE('',*,*,#1948,.T.);
#2705=ORIENTED_EDGE('',*,*,#1875,.F.);
#2706=ORIENTED_EDGE('',*,*,#1949,.T.);
#2707=ORIENTED_EDGE('',*,*,#1950,.T.);
#2708=ORIENTED_EDGE('',*,*,#1951,.T.);
#2709=ORIENTED_EDGE('',*,*,#1947,.T.);
#2710=ORIENTED_EDGE('',*,*,#1914,.F.);
#2711=ORIENTED_EDGE('',*,*,#1946,.F.);
#2712=ORIENTED_EDGE('',*,*,#1943,.F.);
#2713=ORIENTED_EDGE('',*,*,#1941,.F.);
#2714=ORIENTED_EDGE('',*,*,#1939,.F.);
#2715=ORIENTED_EDGE('',*,*,#1945,.F.);
#2716=ORIENTED_EDGE('',*,*,#1898,.F.);
#2717=ORIENTED_EDGE('',*,*,#1880,.F.);
#2718=ORIENTED_EDGE('',*,*,#1952,.F.);
#2719=ORIENTED_EDGE('',*,*,#1953,.F.);
#2720=ORIENTED_EDGE('',*,*,#1949,.F.);
#2721=ORIENTED_EDGE('',*,*,#1874,.F.);
#2722=ORIENTED_EDGE('',*,*,#1954,.F.);
#2723=ORIENTED_EDGE('',*,*,#1955,.T.);
#2724=ORIENTED_EDGE('',*,*,#1956,.F.);
#2725=ORIENTED_EDGE('',*,*,#1957,.T.);
#2726=ORIENTED_EDGE('',*,*,#1958,.T.);
#2727=ORIENTED_EDGE('',*,*,#1931,.F.);
#2728=ORIENTED_EDGE('',*,*,#1934,.T.);
#2729=ORIENTED_EDGE('',*,*,#1896,.F.);
#2730=ORIENTED_EDGE('',*,*,#1959,.T.);
#2731=ORIENTED_EDGE('',*,*,#1960,.T.);
#2732=ORIENTED_EDGE('',*,*,#1957,.F.);
#2733=ORIENTED_EDGE('',*,*,#1933,.T.);
#2734=ORIENTED_EDGE('',*,*,#1895,.F.);
#2735=ORIENTED_EDGE('',*,*,#1961,.T.);
#2736=ORIENTED_EDGE('',*,*,#1959,.F.);
#2737=ORIENTED_EDGE('',*,*,#1960,.F.);
#2738=ORIENTED_EDGE('',*,*,#1961,.F.);
#2739=ORIENTED_EDGE('',*,*,#1894,.T.);
#2740=ORIENTED_EDGE('',*,*,#1929,.F.);
#2741=ORIENTED_EDGE('',*,*,#1932,.F.);
#2742=ORIENTED_EDGE('',*,*,#1962,.T.);
#2743=ORIENTED_EDGE('',*,*,#1963,.T.);
#2744=ORIENTED_EDGE('',*,*,#1964,.T.);
#2745=ORIENTED_EDGE('',*,*,#1950,.F.);
#2746=ORIENTED_EDGE('',*,*,#1953,.T.);
#2747=ORIENTED_EDGE('',*,*,#1879,.F.);
#2748=ORIENTED_EDGE('',*,*,#1965,.T.);
#2749=ORIENTED_EDGE('',*,*,#1966,.T.);
#2750=ORIENTED_EDGE('',*,*,#1963,.F.);
#2751=ORIENTED_EDGE('',*,*,#1952,.T.);
#2752=ORIENTED_EDGE('',*,*,#1878,.F.);
#2753=ORIENTED_EDGE('',*,*,#1967,.T.);
#2754=ORIENTED_EDGE('',*,*,#1965,.F.);
#2755=ORIENTED_EDGE('',*,*,#1966,.F.);
#2756=ORIENTED_EDGE('',*,*,#1967,.F.);
#2757=ORIENTED_EDGE('',*,*,#1877,.T.);
#2758=ORIENTED_EDGE('',*,*,#1948,.F.);
#2759=ORIENTED_EDGE('',*,*,#1951,.F.);
#2760=ORIENTED_EDGE('',*,*,#1968,.T.);
#2761=ORIENTED_EDGE('',*,*,#1969,.T.);
#2762=ORIENTED_EDGE('',*,*,#1936,.F.);
#2763=ORIENTED_EDGE('',*,*,#1762,.F.);
#2764=ORIENTED_EDGE('',*,*,#1970,.T.);
#2765=ORIENTED_EDGE('',*,*,#1937,.T.);
#2766=ORIENTED_EDGE('',*,*,#1969,.F.);
#2767=ORIENTED_EDGE('',*,*,#1935,.T.);
#2768=ORIENTED_EDGE('',*,*,#1970,.F.);
#2769=ORIENTED_EDGE('',*,*,#1971,.T.);
#2770=ORIENTED_EDGE('',*,*,#1955,.F.);
#2771=ORIENTED_EDGE('',*,*,#1763,.F.);
#2772=ORIENTED_EDGE('',*,*,#1972,.T.);
#2773=ORIENTED_EDGE('',*,*,#1956,.T.);
#2774=ORIENTED_EDGE('',*,*,#1971,.F.);
#2775=ORIENTED_EDGE('',*,*,#1954,.T.);
#2776=ORIENTED_EDGE('',*,*,#1972,.F.);
#2777=ORIENTED_EDGE('',*,*,#1973,.T.);
#2778=ORIENTED_EDGE('',*,*,#1807,.T.);
#2779=ORIENTED_EDGE('',*,*,#1811,.T.);
#2780=ORIENTED_EDGE('',*,*,#1775,.T.);
#2781=ORIENTED_EDGE('',*,*,#1722,.F.);
#2782=ORIENTED_EDGE('',*,*,#1608,.T.);
#2783=ORIENTED_EDGE('',*,*,#1958,.F.);
#2784=ORIENTED_EDGE('',*,*,#1962,.F.);
#2785=ORIENTED_EDGE('',*,*,#1964,.F.);
#2786=ORIENTED_EDGE('',*,*,#1968,.F.);
#2787=ORIENTED_EDGE('',*,*,#1885,.T.);
#2788=ORIENTED_EDGE('',*,*,#1918,.T.);
#2789=ORIENTED_EDGE('',*,*,#1778,.T.);
#2790=ORIENTED_EDGE('',*,*,#1637,.T.);
#2791=ORIENTED_EDGE('',*,*,#1628,.F.);
#2792=ORIENTED_EDGE('',*,*,#1767,.T.);
#2793=ORIENTED_EDGE('',*,*,#1618,.F.);
#2794=ORIENTED_EDGE('',*,*,#1622,.T.);
#2795=ORIENTED_EDGE('',*,*,#1974,.T.);
#2796=ORIENTED_EDGE('',*,*,#1975,.F.);
#2797=ORIENTED_EDGE('',*,*,#1591,.T.);
#2798=ORIENTED_EDGE('',*,*,#1976,.F.);
#2799=ORIENTED_EDGE('',*,*,#1890,.T.);
#2800=ORIENTED_EDGE('',*,*,#1977,.T.);
#2801=ORIENTED_EDGE('',*,*,#1586,.F.);
#2802=ORIENTED_EDGE('',*,*,#1693,.T.);
#2803=ORIENTED_EDGE('',*,*,#1597,.F.);
#2804=ORIENTED_EDGE('',*,*,#1978,.T.);
#2805=ORIENTED_EDGE('',*,*,#1979,.T.);
#2806=ORIENTED_EDGE('',*,*,#1978,.F.);
#2807=ORIENTED_EDGE('',*,*,#1979,.F.);
#2808=ORIENTED_EDGE('',*,*,#1596,.F.);
#2809=ORIENTED_EDGE('',*,*,#1980,.T.);
#2810=ORIENTED_EDGE('',*,*,#1981,.T.);
#2811=ORIENTED_EDGE('',*,*,#1980,.F.);
#2812=ORIENTED_EDGE('',*,*,#1981,.F.);
#2813=ORIENTED_EDGE('',*,*,#1615,.F.);
#2814=ORIENTED_EDGE('',*,*,#1982,.T.);
#2815=ORIENTED_EDGE('',*,*,#1983,.T.);
#2816=ORIENTED_EDGE('',*,*,#1982,.F.);
#2817=ORIENTED_EDGE('',*,*,#1983,.F.);
#2818=ORIENTED_EDGE('',*,*,#1595,.F.);
#2819=ORIENTED_EDGE('',*,*,#1984,.T.);
#2820=ORIENTED_EDGE('',*,*,#1985,.T.);
#2821=ORIENTED_EDGE('',*,*,#1984,.F.);
#2822=ORIENTED_EDGE('',*,*,#1985,.F.);
#2823=ORIENTED_EDGE('',*,*,#1887,.T.);
#2824=ORIENTED_EDGE('',*,*,#1986,.F.);
#2825=ORIENTED_EDGE('',*,*,#1589,.F.);
#2826=ORIENTED_EDGE('',*,*,#1987,.T.);
#2827=ORIENTED_EDGE('',*,*,#1889,.T.);
#2828=ORIENTED_EDGE('',*,*,#1988,.T.);
#2829=ORIENTED_EDGE('',*,*,#1587,.F.);
#2830=ORIENTED_EDGE('',*,*,#1977,.F.);
#2831=ORIENTED_EDGE('',*,*,#1888,.F.);
#2832=ORIENTED_EDGE('',*,*,#1987,.F.);
#2833=ORIENTED_EDGE('',*,*,#1588,.F.);
#2834=ORIENTED_EDGE('',*,*,#1988,.F.);
#2835=ORIENTED_EDGE('',*,*,#1989,.F.);
#2836=ORIENTED_EDGE('',*,*,#1990,.F.);
#2837=ORIENTED_EDGE('',*,*,#1991,.F.);
#2838=ORIENTED_EDGE('',*,*,#1992,.F.);
#2839=ORIENTED_EDGE('',*,*,#1993,.F.);
#2840=ORIENTED_EDGE('',*,*,#1994,.F.);
#2841=ORIENTED_EDGE('',*,*,#1995,.F.);
#2842=ORIENTED_EDGE('',*,*,#1996,.F.);
#2843=ORIENTED_EDGE('',*,*,#1992,.T.);
#2844=ORIENTED_EDGE('',*,*,#1997,.T.);
#2845=ORIENTED_EDGE('',*,*,#1998,.F.);
#2846=ORIENTED_EDGE('',*,*,#1999,.T.);
#2847=ORIENTED_EDGE('',*,*,#1991,.T.);
#2848=ORIENTED_EDGE('',*,*,#2000,.F.);
#2849=ORIENTED_EDGE('',*,*,#2001,.F.);
#2850=ORIENTED_EDGE('',*,*,#1997,.F.);
#2851=ORIENTED_EDGE('',*,*,#1990,.T.);
#2852=ORIENTED_EDGE('',*,*,#2002,.T.);
#2853=ORIENTED_EDGE('',*,*,#2003,.F.);
#2854=ORIENTED_EDGE('',*,*,#2000,.T.);
#2855=ORIENTED_EDGE('',*,*,#1989,.T.);
#2856=ORIENTED_EDGE('',*,*,#2004,.F.);
#2857=ORIENTED_EDGE('',*,*,#2005,.F.);
#2858=ORIENTED_EDGE('',*,*,#2002,.F.);
#2859=ORIENTED_EDGE('',*,*,#1833,.F.);
#2860=ORIENTED_EDGE('',*,*,#2006,.T.);
#2861=ORIENTED_EDGE('',*,*,#1578,.T.);
#2862=ORIENTED_EDGE('',*,*,#2007,.T.);
#2863=ORIENTED_EDGE('',*,*,#1832,.F.);
#2864=ORIENTED_EDGE('',*,*,#1839,.F.);
#2865=ORIENTED_EDGE('',*,*,#1579,.T.);
#2866=ORIENTED_EDGE('',*,*,#2006,.F.);
#2867=ORIENTED_EDGE('',*,*,#2008,.F.);
#2868=ORIENTED_EDGE('',*,*,#2009,.F.);
#2869=ORIENTED_EDGE('',*,*,#2010,.F.);
#2870=ORIENTED_EDGE('',*,*,#2011,.F.);
#2871=ORIENTED_EDGE('',*,*,#2012,.F.);
#2872=ORIENTED_EDGE('',*,*,#2013,.F.);
#2873=ORIENTED_EDGE('',*,*,#2014,.F.);
#2874=ORIENTED_EDGE('',*,*,#2015,.F.);
#2875=ORIENTED_EDGE('',*,*,#2016,.T.);
#2876=ORIENTED_EDGE('',*,*,#2001,.T.);
#2877=ORIENTED_EDGE('',*,*,#2017,.T.);
#2878=ORIENTED_EDGE('',*,*,#2008,.T.);
#2879=ORIENTED_EDGE('',*,*,#2018,.T.);
#2880=ORIENTED_EDGE('',*,*,#2009,.T.);
#2881=ORIENTED_EDGE('',*,*,#2017,.F.);
#2882=ORIENTED_EDGE('',*,*,#2003,.T.);
#2883=ORIENTED_EDGE('',*,*,#2019,.T.);
#2884=ORIENTED_EDGE('',*,*,#2010,.T.);
#2885=ORIENTED_EDGE('',*,*,#2018,.F.);
#2886=ORIENTED_EDGE('',*,*,#2005,.T.);
#2887=ORIENTED_EDGE('',*,*,#2020,.T.);
#2888=ORIENTED_EDGE('',*,*,#2011,.T.);
#2889=ORIENTED_EDGE('',*,*,#2019,.F.);
#2890=ORIENTED_EDGE('',*,*,#2021,.T.);
#2891=ORIENTED_EDGE('',*,*,#2022,.T.);
#2892=ORIENTED_EDGE('',*,*,#2012,.T.);
#2893=ORIENTED_EDGE('',*,*,#2020,.F.);
#2894=ORIENTED_EDGE('',*,*,#2023,.T.);
#2895=ORIENTED_EDGE('',*,*,#2024,.T.);
#2896=ORIENTED_EDGE('',*,*,#2013,.T.);
#2897=ORIENTED_EDGE('',*,*,#2022,.F.);
#2898=ORIENTED_EDGE('',*,*,#2025,.T.);
#2899=ORIENTED_EDGE('',*,*,#2026,.T.);
#2900=ORIENTED_EDGE('',*,*,#2014,.T.);
#2901=ORIENTED_EDGE('',*,*,#2024,.F.);
#2902=ORIENTED_EDGE('',*,*,#2027,.T.);
#2903=ORIENTED_EDGE('',*,*,#2016,.F.);
#2904=ORIENTED_EDGE('',*,*,#2015,.T.);
#2905=ORIENTED_EDGE('',*,*,#2026,.F.);
#2906=ORIENTED_EDGE('',*,*,#1998,.T.);
#2907=ORIENTED_EDGE('',*,*,#1996,.T.);
#2908=ORIENTED_EDGE('',*,*,#2028,.T.);
#2909=ORIENTED_EDGE('',*,*,#2021,.F.);
#2910=ORIENTED_EDGE('',*,*,#2004,.T.);
#2911=ORIENTED_EDGE('',*,*,#1836,.F.);
#2912=ORIENTED_EDGE('',*,*,#2007,.F.);
#2913=ORIENTED_EDGE('',*,*,#1577,.T.);
#2914=ORIENTED_EDGE('',*,*,#2029,.T.);
#2915=ORIENTED_EDGE('',*,*,#1994,.T.);
#2916=ORIENTED_EDGE('',*,*,#2030,.T.);
#2917=ORIENTED_EDGE('',*,*,#2025,.F.);
#2918=ORIENTED_EDGE('',*,*,#2031,.T.);
#2919=ORIENTED_EDGE('',*,*,#1993,.T.);
#2920=ORIENTED_EDGE('',*,*,#1999,.F.);
#2921=ORIENTED_EDGE('',*,*,#2027,.F.);
#2922=ORIENTED_EDGE('',*,*,#2030,.F.);
#2923=ORIENTED_EDGE('',*,*,#1995,.T.);
#2924=ORIENTED_EDGE('',*,*,#2031,.F.);
#2925=ORIENTED_EDGE('',*,*,#2023,.F.);
#2926=ORIENTED_EDGE('',*,*,#2028,.F.);
#2927=ORIENTED_EDGE('',*,*,#1823,.T.);
#2928=ORIENTED_EDGE('',*,*,#1593,.T.);
#2929=ORIENTED_EDGE('',*,*,#2032,.F.);
#2930=ORIENTED_EDGE('',*,*,#2033,.T.);
#2931=ORIENTED_EDGE('',*,*,#1819,.T.);
#2932=ORIENTED_EDGE('',*,*,#1822,.T.);
#2933=ORIENTED_EDGE('',*,*,#1776,.T.);
#2934=ORIENTED_EDGE('',*,*,#1810,.T.);
#2935=ORIENTED_EDGE('',*,*,#1813,.T.);
#2936=ORIENTED_EDGE('',*,*,#1815,.T.);
#2937=ORIENTED_EDGE('',*,*,#1817,.T.);
#2938=ORIENTED_EDGE('',*,*,#1820,.F.);
#2939=ORIENTED_EDGE('',*,*,#2034,.T.);
#2940=ORIENTED_EDGE('',*,*,#1772,.T.);
#2941=ORIENTED_EDGE('',*,*,#1601,.F.);
#2942=ORIENTED_EDGE('',*,*,#1808,.T.);
#2943=ORIENTED_EDGE('',*,*,#1973,.F.);
#2944=ORIENTED_EDGE('',*,*,#1607,.F.);
#2945=ORIENTED_EDGE('',*,*,#2035,.T.);
#2946=ORIENTED_EDGE('',*,*,#2036,.T.);
#2947=ORIENTED_EDGE('',*,*,#2035,.F.);
#2948=ORIENTED_EDGE('',*,*,#1761,.T.);
#2949=ORIENTED_EDGE('',*,*,#1784,.F.);
#2950=ORIENTED_EDGE('',*,*,#2037,.T.);
#2951=ORIENTED_EDGE('',*,*,#2036,.F.);
#2952=ORIENTED_EDGE('',*,*,#2037,.F.);
#2953=ORIENTED_EDGE('',*,*,#1886,.T.);
#2954=ORIENTED_EDGE('',*,*,#1976,.T.);
#2955=ORIENTED_EDGE('',*,*,#1590,.F.);
#2956=ORIENTED_EDGE('',*,*,#1986,.T.);
#2957=ORIENTED_EDGE('',*,*,#2038,.F.);
#2958=ORIENTED_EDGE('',*,*,#2032,.T.);
#2959=ORIENTED_EDGE('',*,*,#1592,.F.);
#2960=ORIENTED_EDGE('',*,*,#1975,.T.);
#2961=ORIENTED_EDGE('',*,*,#1773,.T.);
#2962=ORIENTED_EDGE('',*,*,#2034,.F.);
#2963=ORIENTED_EDGE('',*,*,#2033,.F.);
#2964=ORIENTED_EDGE('',*,*,#2038,.T.);
#2965=ORIENTED_EDGE('',*,*,#1974,.F.);
#2966=ORIENTED_EDGE('',*,*,#1621,.T.);
#2967=ORIENTED_EDGE('',*,*,#1802,.F.);
#2968=ORIENTED_EDGE('',*,*,#1840,.F.);
#2969=ORIENTED_EDGE('',*,*,#1837,.F.);
#2970=ORIENTED_EDGE('',*,*,#2029,.F.);
#2971=ORIENTED_EDGE('',*,*,#1576,.T.);
#2972=ORIENTED_EDGE('',*,*,#1573,.F.);
#2973=CYLINDRICAL_SURFACE('',#3196,6.5);
#2974=CYLINDRICAL_SURFACE('',#3210,6.5);
#2975=CYLINDRICAL_SURFACE('',#3213,10.3);
#2976=CYLINDRICAL_SURFACE('',#3257,2.30000000000001);
#2977=CYLINDRICAL_SURFACE('',#3261,5.);
#2978=CYLINDRICAL_SURFACE('',#3288,5.);
#2979=CYLINDRICAL_SURFACE('',#3289,5.);
#2980=CYLINDRICAL_SURFACE('',#3290,5.);
#2981=CYLINDRICAL_SURFACE('',#3330,10.3);
#2982=CYLINDRICAL_SURFACE('',#3400,6.1);
#2983=CYLINDRICAL_SURFACE('',#3401,6.09999999999999);
#2984=CYLINDRICAL_SURFACE('',#3403,9.1);
#2985=CYLINDRICAL_SURFACE('',#3404,9.09999999999999);
#2986=CYLINDRICAL_SURFACE('',#3406,2.3);
#2987=CYLINDRICAL_SURFACE('',#3407,2.00000000000001);
#2988=CYLINDRICAL_SURFACE('',#3410,2.00000000000001);
#2989=CYLINDRICAL_SURFACE('',#3413,2.00000000000001);
#2990=CYLINDRICAL_SURFACE('',#3416,2.00000000000001);
#2991=CYLINDRICAL_SURFACE('',#3424,10.3);
#2992=CYLINDRICAL_SURFACE('',#3433,18.5);
#2993=CYLINDRICAL_SURFACE('',#3434,2.30000000000002);
#2994=CYLINDRICAL_SURFACE('',#3435,2.29999999999999);
#2995=CYLINDRICAL_SURFACE('',#3438,10.3);
#2996=ADVANCED_FACE('',(#303),#2973,.T.);
#2997=ADVANCED_FACE('',(#304,#203,#204,#205),#215,.F.);
#2998=ADVANCED_FACE('',(#305),#2974,.T.);
#2999=ADVANCED_FACE('',(#306),#2975,.T.);
#3000=ADVANCED_FACE('',(#307,#206),#216,.F.);
#3001=ADVANCED_FACE('',(#308),#150,.F.);
#3002=ADVANCED_FACE('',(#309),#217,.T.);
#3003=ADVANCED_FACE('',(#310),#151,.F.);
#3004=ADVANCED_FACE('',(#311),#152,.F.);
#3005=ADVANCED_FACE('',(#312),#218,.T.);
#3006=ADVANCED_FACE('',(#313),#219,.T.);
#3007=ADVANCED_FACE('',(#314),#153,.T.);
#3008=ADVANCED_FACE('',(#315),#154,.F.);
#3009=ADVANCED_FACE('',(#316),#155,.F.);
#3010=ADVANCED_FACE('',(#317),#156,.F.);
#3011=ADVANCED_FACE('',(#318),#220,.F.);
#3012=ADVANCED_FACE('',(#319),#221,.T.);
#3013=ADVANCED_FACE('',(#320),#222,.T.);
#3014=ADVANCED_FACE('',(#321),#223,.T.);
#3015=ADVANCED_FACE('',(#322),#224,.T.);
#3016=ADVANCED_FACE('',(#323),#225,.T.);
#3017=ADVANCED_FACE('',(#324),#25,.F.);
#3018=ADVANCED_FACE('',(#325),#226,.T.);
#3019=ADVANCED_FACE('',(#326),#227,.T.);
#3020=ADVANCED_FACE('',(#327),#228,.T.);
#3021=ADVANCED_FACE('',(#328),#229,.T.);
#3022=ADVANCED_FACE('',(#329),#26,.F.);
#3023=ADVANCED_FACE('',(#330),#230,.T.);
#3024=ADVANCED_FACE('',(#331),#231,.F.);
#3025=ADVANCED_FACE('',(#332),#232,.F.);
#3026=ADVANCED_FACE('',(#333),#233,.T.);
#3027=ADVANCED_FACE('',(#334),#234,.T.);
#3028=ADVANCED_FACE('',(#335),#235,.T.);
#3029=ADVANCED_FACE('',(#336),#27,.F.);
#3030=ADVANCED_FACE('',(#337),#236,.T.);
#3031=ADVANCED_FACE('',(#338),#28,.F.);
#3032=ADVANCED_FACE('',(#339),#237,.T.);
#3033=ADVANCED_FACE('',(#340),#238,.T.);
#3034=ADVANCED_FACE('',(#341),#239,.T.);
#3035=ADVANCED_FACE('',(#342),#2976,.F.);
#3036=ADVANCED_FACE('',(#343),#240,.F.);
#3037=ADVANCED_FACE('',(#344),#241,.F.);
#3038=ADVANCED_FACE('',(#345),#2977,.F.);
#3039=ADVANCED_FACE('',(#346),#242,.F.);
#3040=ADVANCED_FACE('',(#347),#243,.T.);
#3041=ADVANCED_FACE('',(#348),#29,.T.);
#3042=ADVANCED_FACE('',(#349),#244,.T.);
#3043=ADVANCED_FACE('',(#350),#30,.F.);
#3044=ADVANCED_FACE('',(#351),#245,.T.);
#3045=ADVANCED_FACE('',(#352),#31,.F.);
#3046=ADVANCED_FACE('',(#353),#246,.T.);
#3047=ADVANCED_FACE('',(#354),#32,.T.);
#3048=ADVANCED_FACE('',(#355),#247,.T.);
#3049=ADVANCED_FACE('',(#356,#207,#208,#209),#248,.F.);
#3050=ADVANCED_FACE('',(#357),#2978,.F.);
#3051=ADVANCED_FACE('',(#358),#2979,.T.);
#3052=ADVANCED_FACE('',(#359),#2980,.T.);
#3053=ADVANCED_FACE('',(#360),#249,.F.);
#3054=ADVANCED_FACE('',(#361),#250,.F.);
#3055=ADVANCED_FACE('',(#362),#251,.F.);
#3056=ADVANCED_FACE('',(#363),#252,.T.);
#3057=ADVANCED_FACE('',(#364),#253,.F.);
#3058=ADVANCED_FACE('',(#365),#254,.T.);
#3059=ADVANCED_FACE('',(#366,#210),#255,.T.);
#3060=ADVANCED_FACE('',(#367),#256,.T.);
#3061=ADVANCED_FACE('',(#368),#257,.T.);
#3062=ADVANCED_FACE('',(#369),#258,.T.);
#3063=ADVANCED_FACE('',(#370),#259,.T.);
#3064=ADVANCED_FACE('',(#371),#260,.T.);
#3065=ADVANCED_FACE('',(#372),#261,.T.);
#3066=ADVANCED_FACE('',(#373),#262,.T.);
#3067=ADVANCED_FACE('',(#374),#263,.T.);
#3068=ADVANCED_FACE('',(#375),#264,.T.);
#3069=ADVANCED_FACE('',(#376),#265,.F.);
#3070=ADVANCED_FACE('',(#377),#266,.F.);
#3071=ADVANCED_FACE('',(#378),#267,.F.);
#3072=ADVANCED_FACE('',(#379),#268,.F.);
#3073=ADVANCED_FACE('',(#380),#269,.F.);
#3074=ADVANCED_FACE('',(#381),#270,.F.);
#3075=ADVANCED_FACE('',(#382),#271,.F.);
#3076=ADVANCED_FACE('',(#383),#272,.F.);
#3077=ADVANCED_FACE('',(#384),#273,.T.);
#3078=ADVANCED_FACE('',(#385),#33,.T.);
#3079=ADVANCED_FACE('',(#386),#274,.T.);
#3080=ADVANCED_FACE('',(#387),#34,.T.);
#3081=ADVANCED_FACE('',(#388),#275,.T.);
#3082=ADVANCED_FACE('',(#389),#35,.T.);
#3083=ADVANCED_FACE('',(#390),#276,.T.);
#3084=ADVANCED_FACE('',(#391),#36,.T.);
#3085=ADVANCED_FACE('',(#392),#2981,.T.);
#3086=ADVANCED_FACE('',(#393),#277,.T.);
#3087=ADVANCED_FACE('',(#394),#278,.T.);
#3088=ADVANCED_FACE('',(#395),#157,.T.);
#3089=ADVANCED_FACE('',(#396),#158,.T.);
#3090=ADVANCED_FACE('',(#397),#159,.T.);
#3091=ADVANCED_FACE('',(#398),#15,.F.);
#3092=ADVANCED_FACE('',(#399),#16,.F.);
#3093=ADVANCED_FACE('',(#400),#17,.F.);
#3094=ADVANCED_FACE('',(#401),#160,.T.);
#3095=ADVANCED_FACE('',(#402),#161,.T.);
#3096=ADVANCED_FACE('',(#403),#162,.T.);
#3097=ADVANCED_FACE('',(#404),#279,.T.);
#3098=ADVANCED_FACE('',(#405),#280,.T.);
#3099=ADVANCED_FACE('',(#406),#163,.T.);
#3100=ADVANCED_FACE('',(#407),#164,.T.);
#3101=ADVANCED_FACE('',(#408),#165,.T.);
#3102=ADVANCED_FACE('',(#409),#166,.T.);
#3103=ADVANCED_FACE('',(#410),#18,.F.);
#3104=ADVANCED_FACE('',(#411),#19,.F.);
#3105=ADVANCED_FACE('',(#412),#20,.F.);
#3106=ADVANCED_FACE('',(#413),#167,.T.);
#3107=ADVANCED_FACE('',(#414),#168,.T.);
#3108=ADVANCED_FACE('',(#415),#169,.T.);
#3109=ADVANCED_FACE('',(#416),#281,.T.);
#3110=ADVANCED_FACE('',(#417),#170,.F.);
#3111=ADVANCED_FACE('',(#418),#21,.T.);
#3112=ADVANCED_FACE('',(#419),#171,.F.);
#3113=ADVANCED_FACE('',(#420),#172,.F.);
#3114=ADVANCED_FACE('',(#421),#173,.F.);
#3115=ADVANCED_FACE('',(#422),#174,.T.);
#3116=ADVANCED_FACE('',(#423),#175,.T.);
#3117=ADVANCED_FACE('',(#424,#211),#282,.T.);
#3118=ADVANCED_FACE('',(#425),#176,.F.);
#3119=ADVANCED_FACE('',(#426),#22,.T.);
#3120=ADVANCED_FACE('',(#427),#177,.F.);
#3121=ADVANCED_FACE('',(#428),#178,.F.);
#3122=ADVANCED_FACE('',(#429),#179,.F.);
#3123=ADVANCED_FACE('',(#430),#180,.T.);
#3124=ADVANCED_FACE('',(#431),#181,.T.);
#3125=ADVANCED_FACE('',(#432,#212),#283,.T.);
#3126=ADVANCED_FACE('',(#433),#23,.F.);
#3127=ADVANCED_FACE('',(#434),#182,.T.);
#3128=ADVANCED_FACE('',(#435),#183,.T.);
#3129=ADVANCED_FACE('',(#436),#184,.F.);
#3130=ADVANCED_FACE('',(#437),#24,.F.);
#3131=ADVANCED_FACE('',(#438),#185,.T.);
#3132=ADVANCED_FACE('',(#439),#186,.T.);
#3133=ADVANCED_FACE('',(#440),#187,.F.);
#3134=ADVANCED_FACE('',(#441),#188,.T.);
#3135=ADVANCED_FACE('',(#442),#2982,.F.);
#3136=ADVANCED_FACE('',(#443),#189,.T.);
#3137=ADVANCED_FACE('',(#444),#2983,.F.);
#3138=ADVANCED_FACE('',(#445),#284,.F.);
#3139=ADVANCED_FACE('',(#446),#2984,.F.);
#3140=ADVANCED_FACE('',(#447),#2985,.F.);
#3141=ADVANCED_FACE('',(#448),#285,.F.);
#3142=ADVANCED_FACE('',(#449),#2986,.F.);
#3143=ADVANCED_FACE('',(#450),#2987,.F.);
#3144=ADVANCED_FACE('',(#451),#286,.T.);
#3145=ADVANCED_FACE('',(#452),#2988,.F.);
#3146=ADVANCED_FACE('',(#453),#287,.T.);
#3147=ADVANCED_FACE('',(#454),#2989,.F.);
#3148=ADVANCED_FACE('',(#455),#288,.T.);
#3149=ADVANCED_FACE('',(#456),#2990,.F.);
#3150=ADVANCED_FACE('',(#457),#289,.T.);
#3151=ADVANCED_FACE('',(#458),#290,.F.);
#3152=ADVANCED_FACE('',(#459),#291,.F.);
#3153=ADVANCED_FACE('',(#460,#213),#292,.F.);
#3154=ADVANCED_FACE('',(#461),#190,.T.);
#3155=ADVANCED_FACE('',(#462),#293,.F.);
#3156=ADVANCED_FACE('',(#463),#191,.T.);
#3157=ADVANCED_FACE('',(#464),#294,.F.);
#3158=ADVANCED_FACE('',(#465),#2991,.T.);
#3159=ADVANCED_FACE('',(#466,#214),#295,.T.);
#3160=ADVANCED_FACE('',(#467),#192,.F.);
#3161=ADVANCED_FACE('',(#468),#193,.F.);
#3162=ADVANCED_FACE('',(#469),#194,.F.);
#3163=ADVANCED_FACE('',(#470),#195,.F.);
#3164=ADVANCED_FACE('',(#471),#196,.F.);
#3165=ADVANCED_FACE('',(#472),#197,.F.);
#3166=ADVANCED_FACE('',(#473),#198,.F.);
#3167=ADVANCED_FACE('',(#474),#199,.F.);
#3168=ADVANCED_FACE('',(#475),#200,.T.);
#3169=ADVANCED_FACE('',(#476),#296,.T.);
#3170=ADVANCED_FACE('',(#477),#201,.T.);
#3171=ADVANCED_FACE('',(#478),#297,.F.);
#3172=ADVANCED_FACE('',(#479),#298,.F.);
#3173=ADVANCED_FACE('',(#480),#299,.F.);
#3174=ADVANCED_FACE('',(#481),#300,.T.);
#3175=ADVANCED_FACE('',(#482),#301,.F.);
#3176=ADVANCED_FACE('',(#483),#202,.F.);
#3177=ADVANCED_FACE('',(#484),#2992,.F.);
#3178=ADVANCED_FACE('',(#485),#2993,.F.);
#3179=ADVANCED_FACE('',(#486),#2994,.F.);
#3180=ADVANCED_FACE('',(#487),#302,.T.);
#3181=ADVANCED_FACE('',(#488),#2995,.T.);
#3182=CLOSED_SHELL('',(#2996,#2997,#2998,#2999,#3000,#3001,#3002,#3003,
#3004,#3005,#3006,#3007,#3008,#3009,#3010,#3011,#3012,#3013,#3014,#3015,
#3016,#3017,#3018,#3019,#3020,#3021,#3022,#3023,#3024,#3025,#3026,#3027,
#3028,#3029,#3030,#3031,#3032,#3033,#3034,#3035,#3036,#3037,#3038,#3039,
#3040,#3041,#3042,#3043,#3044,#3045,#3046,#3047,#3048,#3049,#3050,#3051,
#3052,#3053,#3054,#3055,#3056,#3057,#3058,#3059,#3060,#3061,#3062,#3063,
#3064,#3065,#3066,#3067,#3068,#3069,#3070,#3071,#3072,#3073,#3074,#3075,
#3076,#3077,#3078,#3079,#3080,#3081,#3082,#3083,#3084,#3085,#3086,#3087,
#3088,#3089,#3090,#3091,#3092,#3093,#3094,#3095,#3096,#3097,#3098,#3099,
#3100,#3101,#3102,#3103,#3104,#3105,#3106,#3107,#3108,#3109,#3110,#3111,
#3112,#3113,#3114,#3115,#3116,#3117,#3118,#3119,#3120,#3121,#3122,#3123,
#3124,#3125,#3126,#3127,#3128,#3129,#3130,#3131,#3132,#3133,#3134,#3135,
#3136,#3137,#3138,#3139,#3140,#3141,#3142,#3143,#3144,#3145,#3146,#3147,
#3148,#3149,#3150,#3151,#3152,#3153,#3154,#3155,#3156,#3157,#3158,#3159,
#3160,#3161,#3162,#3163,#3164,#3165,#3166,#3167,#3168,#3169,#3170,#3171,
#3172,#3173,#3174,#3175,#3176,#3177,#3178,#3179,#3180,#3181));
#3183=DERIVED_UNIT_ELEMENT(#3185,1.);
#3184=DERIVED_UNIT_ELEMENT(#9500,-3.);
#3185=(
MASS_UNIT()
NAMED_UNIT(*)
SI_UNIT(.KILO.,.GRAM.)
);
#3186=DERIVED_UNIT((#3183,#3184));
#3187=MEASURE_REPRESENTATION_ITEM('density measure',
POSITIVE_RATIO_MEASURE(7850.),#3186);
#3188=PROPERTY_DEFINITION_REPRESENTATION(#3193,#3190);
#3189=PROPERTY_DEFINITION_REPRESENTATION(#3194,#3191);
#3190=REPRESENTATION('material name',(#3192),#9497);
#3191=REPRESENTATION('density',(#3187),#9497);
#3192=DESCRIPTIVE_REPRESENTATION_ITEM('Steel','Steel');
#3193=PROPERTY_DEFINITION('material property','material name',#9507);
#3194=PROPERTY_DEFINITION('material property','density of part',#9507);
#3195=AXIS2_PLACEMENT_3D('',#4171,#3439,#3440);
#3196=AXIS2_PLACEMENT_3D('',#4172,#3441,#3442);
#3197=AXIS2_PLACEMENT_3D('',#4175,#3443,#3444);
#3198=AXIS2_PLACEMENT_3D('',#4179,#3446,#3447);
#3199=AXIS2_PLACEMENT_3D('',#4181,#3449,#3450);
#3200=AXIS2_PLACEMENT_3D('',#4183,#3451,#3452);
#3201=AXIS2_PLACEMENT_3D('',#4187,#3454,#3455);
#3202=AXIS2_PLACEMENT_3D('',#4191,#3457,#3458);
#3203=AXIS2_PLACEMENT_3D('',#4195,#3460,#3461);
#3204=AXIS2_PLACEMENT_3D('',#4203,#3465,#3466);
#3205=AXIS2_PLACEMENT_3D('',#4211,#3470,#3471);
#3206=AXIS2_PLACEMENT_3D('',#4215,#3473,#3474);
#3207=AXIS2_PLACEMENT_3D('',#4220,#3477,#3478);
#3208=AXIS2_PLACEMENT_3D('',#4222,#3479,#3480);
#3209=AXIS2_PLACEMENT_3D('',#4224,#3481,#3482);
#3210=AXIS2_PLACEMENT_3D('',#4225,#3483,#3484);
#3211=AXIS2_PLACEMENT_3D('',#4228,#3485,#3486);
#3212=AXIS2_PLACEMENT_3D('',#4232,#3488,#3489);
#3213=AXIS2_PLACEMENT_3D('',#4234,#3491,#3492);
#3214=AXIS2_PLACEMENT_3D('',#4236,#3493,#3494);
#3215=AXIS2_PLACEMENT_3D('',#4238,#3495,#3496);
#3216=AXIS2_PLACEMENT_3D('',#4242,#3498,#3499);
#3217=AXIS2_PLACEMENT_3D('',#4244,#3501,#3502);
#3218=AXIS2_PLACEMENT_3D('',#4250,#3505,#3506);
#3219=AXIS2_PLACEMENT_3D('',#4258,#3510,#3511);
#3220=AXIS2_PLACEMENT_3D('',#4261,#3513,#3514);
#3221=AXIS2_PLACEMENT_3D('',#4352,#3517,#3518);
#3222=AXIS2_PLACEMENT_3D('',#4504,#3526,#3527);
#3223=AXIS2_PLACEMENT_3D('',#4518,#3535,#3536);
#3224=AXIS2_PLACEMENT_3D('',#4859,#3543,#3544);
#3225=AXIS2_PLACEMENT_3D('',#4871,#3549,#3550);
#3226=AXIS2_PLACEMENT_3D('',#4882,#3556,#3557);
#3227=AXIS2_PLACEMENT_3D('',#4888,#3560,#3561);
#3228=AXIS2_PLACEMENT_3D('',#4890,#3563,#3564);
#3229=AXIS2_PLACEMENT_3D('',#4899,#3567,#3568);
#3230=AXIS2_PLACEMENT_3D('',#4901,#3570,#3571);
#3231=AXIS2_PLACEMENT_3D('',#4907,#3573,#3574);
#3232=AXIS2_PLACEMENT_3D('',#4910,#3576,#3577);
#3233=AXIS2_PLACEMENT_3D('',#4911,#3578,#3579);
#3234=AXIS2_PLACEMENT_3D('',#4915,#3582,#3583);
#3235=AXIS2_PLACEMENT_3D('',#4922,#3587,#3588);
#3236=AXIS2_PLACEMENT_3D('',#4925,#3591,#3592);
#3237=AXIS2_PLACEMENT_3D('',#4931,#3596,#3597);
#3238=AXIS2_PLACEMENT_3D('',#4932,#3598,#3599);
#3239=AXIS2_PLACEMENT_3D('',#4933,#3600,#3601);
#3240=AXIS2_PLACEMENT_3D('',#4934,#3602,#3603);
#3241=AXIS2_PLACEMENT_3D('',#4939,#3607,#3608);
#3242=AXIS2_PLACEMENT_3D('',#4945,#3612,#3613);
#3243=AXIS2_PLACEMENT_3D('',#4958,#3618,#3619);
#3244=AXIS2_PLACEMENT_3D('',#4965,#3623,#3624);
#3245=AXIS2_PLACEMENT_3D('',#4971,#3628,#3629);
#3246=AXIS2_PLACEMENT_3D('',#4977,#3633,#3634);
#3247=AXIS2_PLACEMENT_3D('',#4979,#3635,#3636);
#3248=AXIS2_PLACEMENT_3D('',#4981,#3637,#3638);
#3249=AXIS2_PLACEMENT_3D('',#4990,#3639,#3640);
#3250=AXIS2_PLACEMENT_3D('',#4999,#3643,#3644);
#3251=AXIS2_PLACEMENT_3D('',#5001,#3645,#3646);
#3252=AXIS2_PLACEMENT_3D('',#5005,#3648,#3649);
#3253=AXIS2_PLACEMENT_3D('',#5009,#3650,#3651);
#3254=AXIS2_PLACEMENT_3D('',#5012,#3654,#3655);
#3255=AXIS2_PLACEMENT_3D('',#5015,#3658,#3659);
#3256=AXIS2_PLACEMENT_3D('',#5018,#3660,#3661);
#3257=AXIS2_PLACEMENT_3D('',#5021,#3664,#3665);
#3258=AXIS2_PLACEMENT_3D('',#5025,#3668,#3669);
#3259=AXIS2_PLACEMENT_3D('',#5026,#3670,#3671);
#3260=AXIS2_PLACEMENT_3D('',#5027,#3672,#3673);
#3261=AXIS2_PLACEMENT_3D('',#5033,#3677,#3678);
#3262=AXIS2_PLACEMENT_3D('',#5036,#3680,#3681);
#3263=AXIS2_PLACEMENT_3D('',#5037,#3682,#3683);
#3264=AXIS2_PLACEMENT_3D('',#5041,#3686,#3687);
#3265=AXIS2_PLACEMENT_3D('',#5043,#3689,#3690);
#3266=AXIS2_PLACEMENT_3D('',#5048,#3692,#3693);
#3267=AXIS2_PLACEMENT_3D('',#5050,#3695,#3696);
#3268=AXIS2_PLACEMENT_3D('',#5051,#3697,#3698);
#3269=AXIS2_PLACEMENT_3D('',#5055,#3701,#3702);
#3270=AXIS2_PLACEMENT_3D('',#5058,#3704,#3705);
#3271=AXIS2_PLACEMENT_3D('',#5059,#3706,#3707);
#3272=AXIS2_PLACEMENT_3D('',#5060,#3708,#3709);
#3273=AXIS2_PLACEMENT_3D('',#5064,#3712,#3713);
#3274=AXIS2_PLACEMENT_3D('',#5067,#3715,#3716);
#3275=AXIS2_PLACEMENT_3D('',#5068,#3717,#3718);
#3276=AXIS2_PLACEMENT_3D('',#5072,#3721,#3722);
#3277=AXIS2_PLACEMENT_3D('',#5076,#3724,#3725);
#3278=AXIS2_PLACEMENT_3D('',#5077,#3726,#3727);
#3279=AXIS2_PLACEMENT_3D('',#5078,#3728,#3729);
#3280=AXIS2_PLACEMENT_3D('',#5083,#3733,#3734);
#3281=AXIS2_PLACEMENT_3D('',#5087,#3736,#3737);
#3282=AXIS2_PLACEMENT_3D('',#5091,#3739,#3740);
#3283=AXIS2_PLACEMENT_3D('',#5095,#3742,#3743);
#3284=AXIS2_PLACEMENT_3D('',#5098,#3745,#3746);
#3285=AXIS2_PLACEMENT_3D('',#5100,#3747,#3748);
#3286=AXIS2_PLACEMENT_3D('',#5102,#3749,#3750);
#3287=AXIS2_PLACEMENT_3D('',#5104,#3751,#3752);
#3288=AXIS2_PLACEMENT_3D('',#5105,#3753,#3754);
#3289=AXIS2_PLACEMENT_3D('',#5106,#3755,#3756);
#3290=AXIS2_PLACEMENT_3D('',#5108,#3758,#3759);
#3291=AXIS2_PLACEMENT_3D('',#5110,#3761,#3762);
#3292=AXIS2_PLACEMENT_3D('',#5112,#3764,#3765);
#3293=AXIS2_PLACEMENT_3D('',#5117,#3769,#3770);
#3294=AXIS2_PLACEMENT_3D('',#5118,#3771,#3772);
#3295=AXIS2_PLACEMENT_3D('',#5126,#3777,#3778);
#3296=AXIS2_PLACEMENT_3D('',#5128,#3780,#3781);
#3297=AXIS2_PLACEMENT_3D('',#5132,#3784,#3785);
#3298=AXIS2_PLACEMENT_3D('',#5139,#3789,#3790);
#3299=AXIS2_PLACEMENT_3D('',#5143,#3792,#3793);
#3300=AXIS2_PLACEMENT_3D('',#5146,#3795,#3796);
#3301=AXIS2_PLACEMENT_3D('',#5147,#3797,#3798);
#3302=AXIS2_PLACEMENT_3D('',#5148,#3799,#3800);
#3303=AXIS2_PLACEMENT_3D('',#5149,#3801,#3802);
#3304=AXIS2_PLACEMENT_3D('',#5155,#3806,#3807);
#3305=AXIS2_PLACEMENT_3D('',#5161,#3811,#3812);
#3306=AXIS2_PLACEMENT_3D('',#5167,#3816,#3817);
#3307=AXIS2_PLACEMENT_3D('',#5173,#3821,#3822);
#3308=AXIS2_PLACEMENT_3D('',#5182,#3827,#3828);
#3309=AXIS2_PLACEMENT_3D('',#5185,#3830,#3831);
#3310=AXIS2_PLACEMENT_3D('',#5187,#3833,#3834);
#3311=AXIS2_PLACEMENT_3D('',#5190,#3837,#3838);
#3312=AXIS2_PLACEMENT_3D('',#5196,#3842,#3843);
#3313=AXIS2_PLACEMENT_3D('',#5201,#3847,#3848);
#3314=AXIS2_PLACEMENT_3D('',#5205,#3851,#3852);
#3315=AXIS2_PLACEMENT_3D('',#5209,#3855,#3856);
#3316=AXIS2_PLACEMENT_3D('',#5213,#3859,#3860);
#3317=AXIS2_PLACEMENT_3D('',#5219,#3864,#3865);
#3318=AXIS2_PLACEMENT_3D('',#5223,#3868,#3869);
#3319=AXIS2_PLACEMENT_3D('',#5225,#3871,#3872);
#3320=AXIS2_PLACEMENT_3D('',#5230,#3876,#3877);
#3321=AXIS2_PLACEMENT_3D('',#5231,#3878,#3879);
#3322=AXIS2_PLACEMENT_3D('',#5235,#3882,#3883);
#3323=AXIS2_PLACEMENT_3D('',#5237,#3884,#3885);
#3324=AXIS2_PLACEMENT_3D('',#5239,#3887,#3888);
#3325=AXIS2_PLACEMENT_3D('',#5243,#3891,#3892);
#3326=AXIS2_PLACEMENT_3D('',#5245,#3893,#3894);
#3327=AXIS2_PLACEMENT_3D('',#5247,#3896,#3897);
#3328=AXIS2_PLACEMENT_3D('',#5251,#3900,#3901);
#3329=AXIS2_PLACEMENT_3D('',#5252,#3902,#3903);
#3330=AXIS2_PLACEMENT_3D('',#5253,#3904,#3905);
#3331=AXIS2_PLACEMENT_3D('',#5256,#3908,#3909);
#3332=AXIS2_PLACEMENT_3D('',#5257,#3910,#3911);
#3333=AXIS2_PLACEMENT_3D('',#5318,#3913,#3914);
#3334=AXIS2_PLACEMENT_3D('',#5368,#3915,#3916);
#3335=AXIS2_PLACEMENT_3D('',#5407,#3917,#3918);
#3336=AXIS2_PLACEMENT_3D('',#5416,#3919,#3920);
#3337=AXIS2_PLACEMENT_3D('',#5418,#3921,#3922);
#3338=AXIS2_PLACEMENT_3D('',#5419,#3923,#3924);
#3339=AXIS2_PLACEMENT_3D('',#5420,#3925,#3926);
#3340=AXIS2_PLACEMENT_3D('',#5421,#3927,#3928);
#3341=AXIS2_PLACEMENT_3D('',#5423,#3929,#3930);
#3342=AXIS2_PLACEMENT_3D('',#5424,#3931,#3932);
#3343=AXIS2_PLACEMENT_3D('',#5425,#3933,#3934);
#3344=AXIS2_PLACEMENT_3D('',#5428,#3935,#3936);
#3345=AXIS2_PLACEMENT_3D('',#5429,#3937,#3938);
#3346=AXIS2_PLACEMENT_3D('',#5430,#3939,#3940);
#3347=AXIS2_PLACEMENT_3D('',#5453,#3941,#3942);
#3348=AXIS2_PLACEMENT_3D('',#5521,#3943,#3944);
#3349=AXIS2_PLACEMENT_3D('',#5587,#3945,#3946);
#3350=AXIS2_PLACEMENT_3D('',#5589,#3947,#3948);
#3351=AXIS2_PLACEMENT_3D('',#5591,#3950,#3951);
#3352=AXIS2_PLACEMENT_3D('',#6515,#3955,#3956);
#3353=AXIS2_PLACEMENT_3D('',#6557,#3957,#3958);
#3354=AXIS2_PLACEMENT_3D('',#6587,#3959,#3960);
#3355=AXIS2_PLACEMENT_3D('',#6592,#3961,#3962);
#3356=AXIS2_PLACEMENT_3D('',#6594,#3963,#3964);
#3357=AXIS2_PLACEMENT_3D('',#6595,#3965,#3966);
#3358=AXIS2_PLACEMENT_3D('',#6596,#3967,#3968);
#3359=AXIS2_PLACEMENT_3D('',#6597,#3969,#3970);
#3360=AXIS2_PLACEMENT_3D('',#6599,#3971,#3972);
#3361=AXIS2_PLACEMENT_3D('',#6600,#3973,#3974);
#3362=AXIS2_PLACEMENT_3D('',#6601,#3975,#3976);
#3363=AXIS2_PLACEMENT_3D('',#6603,#3977,#3978);
#3364=AXIS2_PLACEMENT_3D('',#6604,#3979,#3980);
#3365=AXIS2_PLACEMENT_3D('',#6626,#3981,#3982);
#3366=AXIS2_PLACEMENT_3D('',#6681,#3983,#3984);
#3367=AXIS2_PLACEMENT_3D('',#6739,#3985,#3986);
#3368=AXIS2_PLACEMENT_3D('',#6777,#3988,#3989);
#3369=AXIS2_PLACEMENT_3D('',#6786,#3990,#3991);
#3370=AXIS2_PLACEMENT_3D('',#6787,#3992,#3993);
#3371=AXIS2_PLACEMENT_3D('',#6789,#3994,#3995);
#3372=AXIS2_PLACEMENT_3D('',#6790,#3996,#3997);
#3373=AXIS2_PLACEMENT_3D('',#6840,#3998,#3999);
#3374=AXIS2_PLACEMENT_3D('',#6906,#4000,#4001);
#3375=AXIS2_PLACEMENT_3D('',#6987,#4002,#4003);
#3376=AXIS2_PLACEMENT_3D('',#7000,#4004,#4005);
#3377=AXIS2_PLACEMENT_3D('',#7013,#4006,#4007);
#3378=AXIS2_PLACEMENT_3D('',#7016,#4008,#4009);
#3379=AXIS2_PLACEMENT_3D('',#7055,#4010,#4011);
#3380=AXIS2_PLACEMENT_3D('',#7092,#4012,#4013);
#3381=AXIS2_PLACEMENT_3D('',#7101,#4014,#4015);
#3382=AXIS2_PLACEMENT_3D('',#7102,#4016,#4017);
#3383=AXIS2_PLACEMENT_3D('',#7104,#4018,#4019);
#3384=AXIS2_PLACEMENT_3D('',#7105,#4020,#4021);
#3385=AXIS2_PLACEMENT_3D('',#7155,#4022,#4023);
#3386=AXIS2_PLACEMENT_3D('',#7221,#4024,#4025);
#3387=AXIS2_PLACEMENT_3D('',#7302,#4026,#4027);
#3388=AXIS2_PLACEMENT_3D('',#7315,#4028,#4029);
#3389=AXIS2_PLACEMENT_3D('',#7327,#4030,#4031);
#3390=AXIS2_PLACEMENT_3D('',#7330,#4032,#4033);
#3391=AXIS2_PLACEMENT_3D('',#7369,#4034,#4035);
#3392=AXIS2_PLACEMENT_3D('',#7370,#4036,#4037);
#3393=AXIS2_PLACEMENT_3D('',#7372,#4038,#4039);
#3394=AXIS2_PLACEMENT_3D('',#7373,#4040,#4041);
#3395=AXIS2_PLACEMENT_3D('',#7430,#4042,#4043);
#3396=AXIS2_PLACEMENT_3D('',#7694,#4044,#4045);
#3397=AXIS2_PLACEMENT_3D('',#7696,#4046,#4047);
#3398=AXIS2_PLACEMENT_3D('',#7697,#4048,#4049);
#3399=AXIS2_PLACEMENT_3D('',#7749,#4050,#4051);
#3400=AXIS2_PLACEMENT_3D('',#8090,#4052,#4053);
#3401=AXIS2_PLACEMENT_3D('',#8170,#4055,#4056);
#3402=AXIS2_PLACEMENT_3D('',#8172,#4058,#4059);
#3403=AXIS2_PLACEMENT_3D('',#8174,#4061,#4062);
#3404=AXIS2_PLACEMENT_3D('',#8175,#4063,#4064);
#3405=AXIS2_PLACEMENT_3D('',#8176,#4065,#4066);
#3406=AXIS2_PLACEMENT_3D('',#8181,#4070,#4071);
#3407=AXIS2_PLACEMENT_3D('',#8183,#4073,#4074);
#3408=AXIS2_PLACEMENT_3D('',#8186,#4076,#4077);
#3409=AXIS2_PLACEMENT_3D('',#8187,#4078,#4079);
#3410=AXIS2_PLACEMENT_3D('',#8188,#4080,#4081);
#3411=AXIS2_PLACEMENT_3D('',#8191,#4083,#4084);
#3412=AXIS2_PLACEMENT_3D('',#8192,#4085,#4086);
#3413=AXIS2_PLACEMENT_3D('',#8193,#4087,#4088);
#3414=AXIS2_PLACEMENT_3D('',#8196,#4090,#4091);
#3415=AXIS2_PLACEMENT_3D('',#8197,#4092,#4093);
#3416=AXIS2_PLACEMENT_3D('',#8198,#4094,#4095);
#3417=AXIS2_PLACEMENT_3D('',#8201,#4097,#4098);
#3418=AXIS2_PLACEMENT_3D('',#8202,#4099,#4100);
#3419=AXIS2_PLACEMENT_3D('',#8203,#4101,#4102);
#3420=AXIS2_PLACEMENT_3D('',#8206,#4105,#4106);
#3421=AXIS2_PLACEMENT_3D('',#8208,#4108,#4109);
#3422=AXIS2_PLACEMENT_3D('',#8364,#4116,#4117);
#3423=AXIS2_PLACEMENT_3D('',#8421,#4121,#4122);
#3424=AXIS2_PLACEMENT_3D('',#8425,#4125,#4126);
#3425=AXIS2_PLACEMENT_3D('',#8428,#4129,#4130);
#3426=AXIS2_PLACEMENT_3D('',#9233,#4138,#4139);
#3427=AXIS2_PLACEMENT_3D('',#9277,#4143,#4144);
#3428=AXIS2_PLACEMENT_3D('',#9278,#4145,#4146);
#3429=AXIS2_PLACEMENT_3D('',#9279,#4147,#4148);
#3430=AXIS2_PLACEMENT_3D('',#9283,#4151,#4152);
#3431=AXIS2_PLACEMENT_3D('',#9285,#4154,#4155);
#3432=AXIS2_PLACEMENT_3D('',#9487,#4156,#4157);
#3433=AXIS2_PLACEMENT_3D('',#9488,#4158,#4159);
#3434=AXIS2_PLACEMENT_3D('',#9490,#4161,#4162);
#3435=AXIS2_PLACEMENT_3D('',#9491,#4163,#4164);
#3436=AXIS2_PLACEMENT_3D('',#9492,#4165,#4166);
#3437=AXIS2_PLACEMENT_3D('',#9493,#4167,#4168);
#3438=AXIS2_PLACEMENT_3D('',#9494,#4169,#4170);
#3439=DIRECTION('axis',(0.,0.,1.));
#3440=DIRECTION('refdir',(1.,0.,0.));
#3441=DIRECTION('center_axis',(1.,0.,0.));
#3442=DIRECTION('ref_axis',(0.,-0.983017558346013,0.183511525478489));
#3443=DIRECTION('center_axis',(0.707106781186548,0.707106781186548,-1.59562241736156E-16));
#3444=DIRECTION('ref_axis',(0.707106781186547,-0.707106781186547,1.66067471591553E-16));
#3445=DIRECTION('',(-1.,0.,0.));
#3446=DIRECTION('center_axis',(1.,-3.98834614358283E-51,-2.22044604925031E-16));
#3447=DIRECTION('ref_axis',(0.,-0.983017558346013,0.183511525478489));
#3448=DIRECTION('',(1.,-1.25263736220308E-32,-5.55111512312578E-17));
#3449=DIRECTION('center_axis',(1.,-3.98834614358283E-51,-2.22044604925031E-16));
#3450=DIRECTION('ref_axis',(-2.22044604925031E-16,0.,-1.));
#3451=DIRECTION('center_axis',(1.,-3.98834614358283E-51,-2.22044604925031E-16));
#3452=DIRECTION('ref_axis',(0.,-1.,2.21255947474014E-63));
#3453=DIRECTION('',(-4.59173984412694E-32,-1.,-2.06793578509924E-16));
#3454=DIRECTION('center_axis',(1.,-3.98834614358283E-51,-2.22044604925031E-16));
#3455=DIRECTION('ref_axis',(0.,0.707106781186547,0.707106781186547));
#3456=DIRECTION('',(-2.22044604925031E-16,-9.02620345223701E-17,-1.));
#3457=DIRECTION('center_axis',(1.,-3.98834614358283E-51,-2.22044604925031E-16));
#3458=DIRECTION('ref_axis',(0.,0.707106781186548,-0.707106781186547));
#3459=DIRECTION('',(5.73967480515868E-32,1.,2.58491973137406E-16));
#3460=DIRECTION('center_axis',(1.,-3.98834614358283E-51,-2.22044604925031E-16));
#3461=DIRECTION('ref_axis',(0.,-0.707106781186547,-0.707106781186547));
#3462=DIRECTION('',(-2.22044604925031E-16,0.,-1.));
#3463=DIRECTION('',(-1.57009245868377E-16,-0.707106781186547,-0.707106781186548));
#3464=DIRECTION('',(5.81142074022316E-32,1.,2.61723122801623E-16));
#3465=DIRECTION('center_axis',(1.,-3.98834614358283E-51,-2.22044604925031E-16));
#3466=DIRECTION('ref_axis',(0.,0.707106781186547,-0.707106781186548));
#3467=DIRECTION('',(3.98834614358283E-51,1.,0.));
#3468=DIRECTION('',(2.22044604925031E-16,9.02620345223703E-17,1.));
#3469=DIRECTION('',(-3.98834614358283E-51,-1.,0.));
#3470=DIRECTION('center_axis',(1.,-3.98834614358283E-51,-2.22044604925031E-16));
#3471=DIRECTION('ref_axis',(0.,0.70710678118655,0.707106781186545));
#3472=DIRECTION('',(-3.98834614358286E-51,-1.,-1.46563339818606E-49));
#3473=DIRECTION('center_axis',(1.,-3.98834614358283E-51,-2.22044604925031E-16));
#3474=DIRECTION('ref_axis',(0.,-0.707106781186546,0.707106781186549));
#3475=DIRECTION('',(-2.22044604925031E-16,-4.51310172611851E-17,-1.));
#3476=DIRECTION('',(-3.98834614358283E-51,-1.,2.2139768593903E-67));
#3477=DIRECTION('center_axis',(1.,-3.98834614358283E-51,-2.22044604925031E-16));
#3478=DIRECTION('ref_axis',(0.,0.,-1.));
#3479=DIRECTION('center_axis',(1.,-3.98834614358283E-51,-2.22044604925031E-16));
#3480=DIRECTION('ref_axis',(0.,0.,-1.));
#3481=DIRECTION('center_axis',(1.,-3.98834614358283E-51,-2.22044604925031E-16));
#3482=DIRECTION('ref_axis',(0.,0.,-1.));
#3483=DIRECTION('center_axis',(-1.,0.,0.));
#3484=DIRECTION('ref_axis',(0.,-0.982612202698064,-0.1856697581968));
#3485=DIRECTION('center_axis',(1.,-3.98834614358283E-51,-2.22044604925031E-16));
#3486=DIRECTION('ref_axis',(0.,-0.982612202698064,-0.1856697581968));
#3487=DIRECTION('',(1.,0.,0.));
#3488=DIRECTION('center_axis',(0.707106781186551,0.707106781186544,-1.59562241736155E-16));
#3489=DIRECTION('ref_axis',(0.707106781186544,-0.707106781186551,1.66067471591554E-16));
#3490=DIRECTION('',(-1.,4.90464133364061E-32,2.17351242284487E-16));
#3491=DIRECTION('center_axis',(-1.,0.,0.));
#3492=DIRECTION('ref_axis',(0.,2.15577286334982E-15,-1.));
#3493=DIRECTION('center_axis',(-0.707106781186551,-0.707106781186544,1.59562241736155E-16));
#3494=DIRECTION('ref_axis',(0.707106781186544,-0.707106781186551,-1.5243616103726E-15));
#3495=DIRECTION('center_axis',(1.,-3.98834614358283E-51,-2.22044604925031E-16));
#3496=DIRECTION('ref_axis',(0.,2.15577286334982E-15,-1.));
#3497=DIRECTION('',(-1.,0.,0.));
#3498=DIRECTION('center_axis',(1.,5.83407682299482E-62,-2.22044604925031E-16));
#3499=DIRECTION('ref_axis',(0.,2.15577286334982E-15,-1.));
#3500=DIRECTION('',(-1.,0.,0.));
#3501=DIRECTION('center_axis',(1.,-3.98834614358283E-51,-2.22044604925031E-16));
#3502=DIRECTION('ref_axis',(-2.22044604925031E-16,0.,-1.));
#3503=DIRECTION('',(3.98834614358283E-51,1.,-2.2139768593903E-67));
#3504=DIRECTION('',(-2.22044604925031E-16,-4.51310172611851E-17,-1.));
#3505=DIRECTION('center_axis',(1.,-3.98834614358283E-51,-2.22044604925031E-16));
#3506=DIRECTION('ref_axis',(0.,-0.707106781186547,-0.707106781186548));
#3507=DIRECTION('',(5.81142074022316E-32,1.,2.61723122801623E-16));
#3508=DIRECTION('',(1.57009245868377E-16,-0.707106781186547,0.707106781186548));
#3509=DIRECTION('',(2.22044604925031E-16,0.,1.));
#3510=DIRECTION('center_axis',(1.,-3.98834614358283E-51,-2.22044604925031E-16));
#3511=DIRECTION('ref_axis',(0.,0.707106781186548,-0.707106781186547));
#3512=DIRECTION('',(5.73967480515868E-32,1.,2.58491973137406E-16));
#3513=DIRECTION('center_axis',(1.,-3.98834614358283E-51,-2.22044604925031E-16));
#3514=DIRECTION('ref_axis',(0.,0.,-1.));
#3515=DIRECTION('',(0.,0.,1.));
#3516=DIRECTION('',(0.,0.,-1.));
#3517=DIRECTION('center_axis',(0.,-1.,0.));
#3518=DIRECTION('ref_axis',(0.,0.,1.));
#3519=DIRECTION('',(-1.,0.,0.));
#3520=DIRECTION('',(-2.22044604925031E-16,0.,-1.));
#3521=DIRECTION('',(1.,0.,0.));
#3522=DIRECTION('',(0.,1.,0.));
#3523=DIRECTION('',(0.,-1.,0.));
#3524=DIRECTION('',(0.,0.,1.));
#3525=DIRECTION('',(0.,0.,-1.));
#3526=DIRECTION('center_axis',(5.55111512312578E-17,0.,1.));
#3527=DIRECTION('ref_axis',(1.,0.,-5.55111512312578E-17));
#3528=DIRECTION('',(-1.,0.,5.55111512312578E-17));
#3529=DIRECTION('',(-3.98834614358283E-51,-1.,2.2139768593903E-67));
#3530=DIRECTION('',(1.,0.,-5.55111512312578E-17));
#3531=DIRECTION('',(0.,1.,0.));
#3532=DIRECTION('',(1.,0.,-5.55111512312578E-17));
#3533=DIRECTION('',(-1.24957035517688E-18,1.,6.93650889603205E-35));
#3534=DIRECTION('',(-1.,0.,5.55111512312578E-17));
#3535=DIRECTION('center_axis',(0.,1.,0.));
#3536=DIRECTION('ref_axis',(1.03517961302676E-50,0.,-1.));
#3537=DIRECTION('',(-1.,0.,0.));
#3538=DIRECTION('',(2.22044604925031E-16,0.,1.));
#3539=DIRECTION('',(-1.,0.,5.55111512312578E-17));
#3540=DIRECTION('',(0.,0.,1.));
#3541=DIRECTION('',(0.,0.,-1.));
#3542=DIRECTION('',(0.,-1.,0.));
#3543=DIRECTION('center_axis',(0.,1.,0.));
#3544=DIRECTION('ref_axis',(1.10933564796705E-31,0.,1.));
#3545=DIRECTION('',(0.,0.,1.));
#3546=DIRECTION('',(-1.,0.,0.));
#3547=DIRECTION('',(2.68475518852384E-18,0.,-1.));
#3548=DIRECTION('',(0.707106781186547,0.,0.707106781186548));
#3549=DIRECTION('center_axis',(-0.707106781186548,0.707106781186548,-1.89840859963097E-18));
#3550=DIRECTION('ref_axis',(-2.68475518852384E-18,0.,1.));
#3551=DIRECTION('',(-0.577350269189626,-0.577350269189626,-0.577350269189626));
#3552=DIRECTION('',(-2.68475518852384E-18,0.,1.));
#3553=DIRECTION('',(0.577350269189625,0.577350269189625,0.577350269189627));
#3554=DIRECTION('',(2.68475518852384E-18,0.,-1.));
#3555=DIRECTION('',(-0.577350269189577,-0.577350269189577,0.577350269189723));
#3556=DIRECTION('center_axis',(-1.,-1.24957035517688E-18,-2.68475518852384E-18));
#3557=DIRECTION('ref_axis',(2.68475518852384E-18,0.,-1.));
#3558=DIRECTION('',(1.24957035517688E-18,-1.,-6.93650889603205E-35));
#3559=DIRECTION('',(-2.68475518852384E-18,0.,1.));
#3560=DIRECTION('center_axis',(-1.,-1.24957035517688E-18,-2.68475518852384E-18));
#3561=DIRECTION('ref_axis',(-2.78198827134623E-18,0.707106781186547,0.707106781186547));
#3562=DIRECTION('',(-1.24957035517688E-18,1.,0.));
#3563=DIRECTION('center_axis',(-0.250326796409052,-0.774199921313219,-0.581335511420202));
#3564=DIRECTION('ref_axis',(-0.918466944573509,0.,0.395497751859352));
#3565=DIRECTION('',(0.596329377517339,-0.596329377517339,0.537384915139573));
#3566=DIRECTION('',(-0.730604681017636,-0.242927621860799,0.638124572957487));
#3567=DIRECTION('center_axis',(-0.707106781186548,-0.707106781186548,-1.89840859963097E-18));
#3568=DIRECTION('ref_axis',(-2.68475518852384E-18,0.,1.));
#3569=DIRECTION('',(-0.577350269189625,0.577350269189625,-0.577350269189627));
#3570=DIRECTION('center_axis',(0.,-0.934569296888838,-0.355781153678357));
#3571=DIRECTION('ref_axis',(0.,0.355781153678357,-0.934569296888838));
#3572=DIRECTION('',(1.,0.,0.));
#3573=DIRECTION('center_axis',(-1.,0.,0.));
#3574=DIRECTION('ref_axis',(-1.49996602648621E-18,0.707106781186548,0.707106781186548));
#3575=DIRECTION('',(-0.707106781186549,0.,0.707106781186546));
#3576=DIRECTION('center_axis',(1.,1.24957035517688E-18,2.68475518852384E-18));
#3577=DIRECTION('ref_axis',(0.,0.707106781186547,0.707106781186547));
#3578=DIRECTION('center_axis',(-0.707106781186637,-8.83579671715368E-19,
-0.707106781186458));
#3579=DIRECTION('ref_axis',(-0.707106781186458,0.,0.707106781186637));
#3580=DIRECTION('',(0.577350269189528,-0.577350269189675,-0.577350269189675));
#3581=DIRECTION('',(1.24957035517688E-18,-1.,0.));
#3582=DIRECTION('center_axis',(-0.301511344577822,-0.904534033733282,0.301511344577732));
#3583=DIRECTION('ref_axis',(0.,-0.31622776601681,-0.948683298050523));
#3584=DIRECTION('',(0.707106781186442,0.,0.707106781186653));
#3585=DIRECTION('',(-0.816496580927684,0.408248290463905,0.408248290463906));
#3586=DIRECTION('',(0.408248290463863,-0.408248290463864,-0.816496580927726));
#3587=DIRECTION('center_axis',(0.,-0.707106781186548,0.707106781186547));
#3588=DIRECTION('ref_axis',(1.,0.,0.));
#3589=DIRECTION('',(1.,0.,0.));
#3590=DIRECTION('',(-1.,0.,0.));
#3591=DIRECTION('center_axis',(-0.707106781186548,-0.707106781186547,0.));
#3592=DIRECTION('ref_axis',(0.,0.,1.));
#3593=DIRECTION('',(-0.707106781186546,0.707106781186549,0.));
#3594=DIRECTION('',(0.,0.,-1.));
#3595=DIRECTION('',(0.,0.,1.));
#3596=DIRECTION('center_axis',(-1.,0.,0.));
#3597=DIRECTION('ref_axis',(0.,0.707106781186547,0.707106781186547));
#3598=DIRECTION('center_axis',(-1.,0.,0.));
#3599=DIRECTION('ref_axis',(0.,0.707106781186548,0.707106781186548));
#3600=DIRECTION('center_axis',(1.,0.,0.));
#3601=DIRECTION('ref_axis',(0.,0.707106781186547,0.707106781186547));
#3602=DIRECTION('center_axis',(-0.707106781186653,-1.85066194926319E-16,
0.707106781186442));
#3603=DIRECTION('ref_axis',(0.707106781186442,0.,0.707106781186653));
#3604=DIRECTION('',(-0.707106781186442,0.,-0.707106781186653));
#3605=DIRECTION('',(0.,-1.,-2.61723122801623E-16));
#3606=DIRECTION('',(0.,1.,2.61723122801623E-16));
#3607=DIRECTION('center_axis',(0.,1.,0.));
#3608=DIRECTION('ref_axis',(0.,0.,-1.));
#3609=DIRECTION('',(-1.,0.,0.));
#3610=DIRECTION('',(-2.22044604925031E-16,0.,-1.));
#3611=DIRECTION('',(1.,0.,0.));
#3612=DIRECTION('center_axis',(0.,2.61723122801623E-16,-1.));
#3613=DIRECTION('ref_axis',(5.74541447996384E-32,1.,2.61723122801623E-16));
#3614=DIRECTION('',(1.,0.,0.));
#3615=DIRECTION('',(5.81142074022316E-32,1.,2.61723122801623E-16));
#3616=DIRECTION('',(5.81142074022316E-32,1.,2.61723122801623E-16));
#3617=DIRECTION('',(1.,0.,0.));
#3618=DIRECTION('center_axis',(-0.301511344577763,0.904534033733291,0.301511344577764));
#3619=DIRECTION('ref_axis',(0.,-0.316227766016839,0.948683298050514));
#3620=DIRECTION('',(-0.707106781186548,9.2358379922575E-16,-0.707106781186548));
#3621=DIRECTION('',(-0.408248290463862,-0.408248290463863,0.816496580927726));
#3622=DIRECTION('',(0.816496580927726,0.408248290463863,-0.408248290463864));
#3623=DIRECTION('center_axis',(0.,0.707106781186548,-0.707106781186548));
#3624=DIRECTION('ref_axis',(-1.,0.,0.));
#3625=DIRECTION('',(1.,0.,0.));
#3626=DIRECTION('',(-1.,0.,0.));
#3627=DIRECTION('',(-0.577350269189625,0.577350269189626,0.577350269189626));
#3628=DIRECTION('center_axis',(-0.707106781186549,0.,-0.707106781186546));
#3629=DIRECTION('ref_axis',(-0.707106781186546,0.,0.707106781186549));
#3630=DIRECTION('',(0.,-1.,0.));
#3631=DIRECTION('',(-0.707106781186545,0.,0.70710678118655));
#3632=DIRECTION('',(0.,1.,0.));
#3633=DIRECTION('center_axis',(-1.,0.,0.));
#3634=DIRECTION('ref_axis',(0.,-0.707106781186548,0.707106781186548));
#3635=DIRECTION('center_axis',(-1.,0.,0.));
#3636=DIRECTION('ref_axis',(0.,-0.707106781186548,0.707106781186548));
#3637=DIRECTION('center_axis',(1.,0.,0.));
#3638=DIRECTION('ref_axis',(0.,-0.707106781186547,0.707106781186547));
#3639=DIRECTION('center_axis',(0.,-0.580773723950556,-0.81406503522053));
#3640=DIRECTION('ref_axis',(-1.,0.,0.));
#3641=DIRECTION('',(-1.,0.,0.));
#3642=DIRECTION('',(1.,0.,0.));
#3643=DIRECTION('center_axis',(-1.,0.,0.));
#3644=DIRECTION('ref_axis',(0.,-0.707106781186548,0.707106781186548));
#3645=DIRECTION('center_axis',(1.,0.,0.));
#3646=DIRECTION('ref_axis',(0.,-0.707106781186547,0.707106781186547));
#3647=DIRECTION('',(-0.707106781186547,-0.707106781186548,0.));
#3648=DIRECTION('center_axis',(-1.,0.,0.));
#3649=DIRECTION('ref_axis',(0.,-0.707106781186548,0.707106781186548));
#3650=DIRECTION('center_axis',(-0.707106781186549,0.707106781186546,0.));
#3651=DIRECTION('ref_axis',(0.,0.,1.));
#3652=DIRECTION('',(0.,0.,-1.));
#3653=DIRECTION('',(0.,0.,1.));
#3654=DIRECTION('center_axis',(0.,0.707106781186548,0.707106781186547));
#3655=DIRECTION('ref_axis',(1.,0.,0.));
#3656=DIRECTION('',(1.,0.,0.));
#3657=DIRECTION('',(-1.,0.,0.));
#3658=DIRECTION('center_axis',(-0.707106781186548,-1.85066194926347E-16,
0.707106781186548));
#3659=DIRECTION('ref_axis',(0.707106781186548,0.,0.707106781186548));
#3660=DIRECTION('center_axis',(0.707106781186548,1.85066194926347E-16,-0.707106781186548));
#3661=DIRECTION('ref_axis',(-0.707106781186548,1.70662223769975E-16,-0.707106781186548));
#3662=DIRECTION('',(0.,1.,2.61723122801623E-16));
#3663=DIRECTION('',(0.,-1.,-2.61723122801623E-16));
#3664=DIRECTION('center_axis',(-1.,0.,0.));
#3665=DIRECTION('ref_axis',(0.,-0.707106781186547,-0.707106781186548));
#3666=DIRECTION('',(-1.,0.,0.));
#3667=DIRECTION('',(1.,0.,0.));
#3668=DIRECTION('center_axis',(-1.,0.,0.));
#3669=DIRECTION('ref_axis',(0.,-0.707106781186547,-0.707106781186548));
#3670=DIRECTION('center_axis',(0.,2.61723122801623E-16,-1.));
#3671=DIRECTION('ref_axis',(5.74541447996384E-32,1.,2.61723122801623E-16));
#3672=DIRECTION('center_axis',(0.,-1.,0.));
#3673=DIRECTION('ref_axis',(0.,0.,1.));
#3674=DIRECTION('',(-1.,0.,0.));
#3675=DIRECTION('',(2.22044604925031E-16,0.,1.));
#3676=DIRECTION('',(1.,0.,0.));
#3677=DIRECTION('center_axis',(1.,0.,0.));
#3678=DIRECTION('ref_axis',(0.,-0.707106781186547,0.707106781186547));
#3679=DIRECTION('',(1.,0.,0.));
#3680=DIRECTION('center_axis',(-1.,-5.83407682299482E-62,2.22044604925031E-16));
#3681=DIRECTION('ref_axis',(0.,-0.707106781186547,0.707106781186547));
#3682=DIRECTION('center_axis',(0.,0.,1.));
#3683=DIRECTION('ref_axis',(1.,0.,0.));
#3684=DIRECTION('',(-1.,0.,0.));
#3685=DIRECTION('',(-5.83407682299482E-62,1.,0.));
#3686=DIRECTION('center_axis',(-0.707106781186548,-8.83579671715257E-19,
0.707106781186547));
#3687=DIRECTION('ref_axis',(0.707106781186547,0.,0.707106781186548));
#3688=DIRECTION('',(0.707106781186547,0.,0.707106781186548));
#3689=DIRECTION('center_axis',(-1.,0.,0.));
#3690=DIRECTION('ref_axis',(-7.12118437545098E-17,-0.707106781186547,-0.707106781186547));
#3691=DIRECTION('',(-0.707106781186553,0.,-0.707106781186542));
#3692=DIRECTION('center_axis',(-1.,-5.83407682299482E-62,2.22044604925031E-16));
#3693=DIRECTION('ref_axis',(-1.57009245868377E-16,-0.707106781186548,-0.707106781186548));
#3694=DIRECTION('',(-0.707106781186544,-0.707106781186551,0.));
#3695=DIRECTION('center_axis',(1.,5.83407682299482E-62,-2.22044604925031E-16));
#3696=DIRECTION('ref_axis',(0.,-0.707106781186547,-0.707106781186547));
#3697=DIRECTION('center_axis',(0.707106781186546,-0.707106781186549,-1.57009245868377E-16));
#3698=DIRECTION('ref_axis',(-2.2204460492503E-16,0.,-1.));
#3699=DIRECTION('',(2.22044604925031E-16,0.,1.));
#3700=DIRECTION('',(-0.707106781186551,-0.707106781186544,0.));
#3701=DIRECTION('center_axis',(1.,0.,0.));
#3702=DIRECTION('ref_axis',(8.46547546847931E-17,0.707106781186548,0.707106781186548));
#3703=DIRECTION('',(-0.70710678118654,0.,-0.707106781186555));
#3704=DIRECTION('center_axis',(-1.,-5.83407682299482E-62,2.22044604925031E-16));
#3705=DIRECTION('ref_axis',(0.,0.707106781186547,0.707106781186547));
#3706=DIRECTION('center_axis',(1.,5.83407682299482E-62,-2.22044604925031E-16));
#3707=DIRECTION('ref_axis',(1.57009245868377E-16,0.707106781186548,0.707106781186548));
#3708=DIRECTION('center_axis',(0.707106781186547,4.1253152835029E-62,-0.707106781186548));
#3709=DIRECTION('ref_axis',(-0.707106781186548,0.,-0.707106781186547));
#3710=DIRECTION('',(5.83407682299482E-62,-1.,0.));
#3711=DIRECTION('',(-0.707106781186548,0.,-0.707106781186547));
#3712=DIRECTION('center_axis',(1.,0.,0.));
#3713=DIRECTION('ref_axis',(8.46547546847931E-17,-0.707106781186548,0.707106781186548));
#3714=DIRECTION('',(-0.70710678118654,0.707106781186555,0.));
#3715=DIRECTION('center_axis',(1.,5.83407682299482E-62,-2.22044604925031E-16));
#3716=DIRECTION('ref_axis',(1.57009245868377E-16,-0.707106781186548,0.707106781186548));
#3717=DIRECTION('center_axis',(0.707106781186546,0.707106781186549,-1.57009245868377E-16));
#3718=DIRECTION('ref_axis',(-2.2204460492503E-16,0.,-1.));
#3719=DIRECTION('',(-2.22044604925031E-16,0.,-1.));
#3720=DIRECTION('',(-0.707106781186548,0.707106781186547,9.23583799225747E-16));
#3721=DIRECTION('center_axis',(-1.,0.,0.));
#3722=DIRECTION('ref_axis',(-7.12118437545097E-17,0.707106781186548,-0.707106781186547));
#3723=DIRECTION('',(-0.707106781186553,0.,-0.707106781186542));
#3724=DIRECTION('center_axis',(1.,5.83407682299482E-62,-2.22044604925031E-16));
#3725=DIRECTION('ref_axis',(0.,0.707106781186548,-0.707106781186547));
#3726=DIRECTION('center_axis',(-1.,-5.83407682299482E-62,2.22044604925031E-16));
#3727=DIRECTION('ref_axis',(-1.57009245868377E-16,0.707106781186548,-0.707106781186547));
#3728=DIRECTION('center_axis',(0.707106781186542,1.82781427087752E-16,-0.707106781186553));
#3729=DIRECTION('ref_axis',(-0.707106781186553,0.,-0.707106781186542));
#3730=DIRECTION('',(-5.73967480515868E-32,-1.,-2.58491973137406E-16));
#3731=DIRECTION('',(0.707106781186548,-1.84716759845152E-15,0.707106781186547));
#3732=DIRECTION('',(5.73967480515868E-32,1.,2.58491973137406E-16));
#3733=DIRECTION('center_axis',(-1.,-5.83407682299482E-62,2.22044604925031E-16));
#3734=DIRECTION('ref_axis',(5.83407682299482E-62,-1.,-1.29542528326416E-77));
#3735=DIRECTION('',(-5.73967480515868E-32,-1.,-2.58491973137406E-16));
#3736=DIRECTION('center_axis',(-1.,-5.83407682299482E-62,2.22044604925031E-16));
#3737=DIRECTION('ref_axis',(-1.57009245868377E-16,0.707106781186548,-0.707106781186547));
#3738=DIRECTION('',(-2.22044604925031E-16,-9.02620345223701E-17,-1.));
#3739=DIRECTION('center_axis',(-1.,-5.83407682299482E-62,2.22044604925031E-16));
#3740=DIRECTION('ref_axis',(1.57009245868377E-16,0.707106781186547,0.707106781186547));
#3741=DIRECTION('',(4.59173984412694E-32,1.,2.06793578509924E-16));
#3742=DIRECTION('center_axis',(-1.,-5.83407682299482E-62,2.22044604925031E-16));
#3743=DIRECTION('ref_axis',(5.83407682299482E-62,-1.,2.21255947474013E-63));
#3744=DIRECTION('',(2.22044604925031E-16,2.25655086305926E-16,1.));
#3745=DIRECTION('center_axis',(-1.,-5.83407682299482E-62,2.22044604925031E-16));
#3746=DIRECTION('ref_axis',(-2.22044604925031E-16,2.15577286334982E-15,
-1.));
#3747=DIRECTION('center_axis',(1.,5.83407682299482E-62,-2.22044604925031E-16));
#3748=DIRECTION('ref_axis',(2.13205650059731E-32,-1.,9.60192886162292E-17));
#3749=DIRECTION('center_axis',(-1.,-5.83407682299482E-62,2.22044604925031E-16));
#3750=DIRECTION('ref_axis',(0.,0.,1.));
#3751=DIRECTION('center_axis',(-1.,-5.83407682299482E-62,2.22044604925031E-16));
#3752=DIRECTION('ref_axis',(0.,0.,1.));
#3753=DIRECTION('center_axis',(-1.,0.,0.));
#3754=DIRECTION('ref_axis',(0.,0.707106781186547,0.707106781186547));
#3755=DIRECTION('center_axis',(-1.,0.,0.));
#3756=DIRECTION('ref_axis',(0.,-0.707106781186547,-0.707106781186547));
#3757=DIRECTION('',(1.,0.,0.));
#3758=DIRECTION('center_axis',(1.,0.,0.));
#3759=DIRECTION('ref_axis',(0.,0.707106781186548,-0.707106781186547));
#3760=DIRECTION('',(-1.,0.,0.));
#3761=DIRECTION('center_axis',(0.,-1.,0.));
#3762=DIRECTION('ref_axis',(-1.10933564796705E-31,0.,-1.));
#3763=DIRECTION('',(0.,0.,-1.));
#3764=DIRECTION('center_axis',(1.,0.,0.));
#3765=DIRECTION('ref_axis',(0.,0.,-1.));
#3766=DIRECTION('',(0.,-1.,-1.46563339818606E-49));
#3767=DIRECTION('',(0.,4.44089209850063E-15,1.));
#3768=DIRECTION('',(0.,-1.,0.));
#3769=DIRECTION('center_axis',(1.,0.,0.));
#3770=DIRECTION('ref_axis',(0.,0.,-1.));
#3771=DIRECTION('center_axis',(0.,0.,1.));
#3772=DIRECTION('ref_axis',(0.,1.,0.));
#3773=DIRECTION('',(1.,0.,0.));
#3774=DIRECTION('',(0.,1.,0.));
#3775=DIRECTION('',(-1.,0.,0.));
#3776=DIRECTION('',(-3.98834614358283E-51,-1.,0.));
#3777=DIRECTION('center_axis',(0.,1.,-4.44089209850063E-15));
#3778=DIRECTION('ref_axis',(0.,4.44089209850063E-15,1.));
#3779=DIRECTION('',(0.,4.44089209850063E-15,1.));
#3780=DIRECTION('center_axis',(-1.,0.,0.));
#3781=DIRECTION('ref_axis',(0.,-1.,0.));
#3782=DIRECTION('',(0.,-4.51310172611851E-17,-1.));
#3783=DIRECTION('',(0.,-4.51310172611851E-17,-1.));
#3784=DIRECTION('center_axis',(-1.,3.98834614358283E-51,2.22044604925031E-16));
#3785=DIRECTION('ref_axis',(-3.98834614358283E-51,-1.,8.85590743756118E-67));
#3786=DIRECTION('',(2.22044604925031E-16,0.,1.));
#3787=DIRECTION('',(-3.98834614358286E-51,-1.,-1.46563339818606E-49));
#3788=DIRECTION('',(2.22044604925031E-16,0.,1.));
#3789=DIRECTION('center_axis',(-1.,3.98834614358283E-51,2.22044604925031E-16));
#3790=DIRECTION('ref_axis',(1.592581493086E-16,-0.696831427350709,0.717234941881929));
#3791=DIRECTION('',(2.22044604925031E-16,0.,1.));
#3792=DIRECTION('center_axis',(-1.,3.98834614358283E-51,2.22044604925031E-16));
#3793=DIRECTION('ref_axis',(1.59258149308604E-16,-0.696831427350693,0.717234941881944));
#3794=DIRECTION('',(2.22044604925031E-16,0.,1.));
#3795=DIRECTION('center_axis',(1.,-3.98834614358283E-51,-2.22044604925031E-16));
#3796=DIRECTION('ref_axis',(0.,-1.,0.));
#3797=DIRECTION('center_axis',(0.,1.,0.));
#3798=DIRECTION('ref_axis',(0.,0.,1.));
#3799=DIRECTION('center_axis',(0.,2.58491973137406E-16,-1.));
#3800=DIRECTION('ref_axis',(-5.53017667477039E-32,-1.,-2.58491973137406E-16));
#3801=DIRECTION('center_axis',(-0.707106781186551,-0.707106781186544,1.59562241736155E-16));
#3802=DIRECTION('ref_axis',(2.25655086305924E-16,0.,1.));
#3803=DIRECTION('',(0.,2.25655086305926E-16,1.));
#3804=DIRECTION('',(-0.577350269189633,0.577350269189617,0.577350269189628));
#3805=DIRECTION('',(0.,-2.25655086305926E-16,-1.));
#3806=DIRECTION('center_axis',(1.54277460726639E-16,-0.707106781186554,
0.707106781186541));
#3807=DIRECTION('ref_axis',(1.,0.,-2.18181277328098E-16));
#3808=DIRECTION('',(1.,-4.92337149658091E-32,-2.18181277328098E-16));
#3809=DIRECTION('',(-0.57735026918974,0.577350269189569,0.577350269189569));
#3810=DIRECTION('',(-1.,4.92337149658091E-32,2.18181277328098E-16));
#3811=DIRECTION('center_axis',(-0.707106781186443,-0.707106781186652,3.33899947057035E-15));
#3812=DIRECTION('ref_axis',(4.72205833603787E-15,0.,1.));
#3813=DIRECTION('',(4.49640324973188E-15,2.25655086305926E-16,1.));
#3814=DIRECTION('',(-0.577350269189754,0.577350269189551,0.577350269189572));
#3815=DIRECTION('',(-4.49640324973188E-15,-2.25655086305926E-16,-1.));
#3816=DIRECTION('center_axis',(3.92523114670944E-17,-0.707106781186548,
0.707106781186548));
#3817=DIRECTION('ref_axis',(1.,0.,-5.55111512312578E-17));
#3818=DIRECTION('',(1.,-1.25263736220308E-32,-5.55111512312578E-17));
#3819=DIRECTION('',(-0.577350269189626,0.577350269189626,0.577350269189626));
#3820=DIRECTION('',(-1.,1.25263736220308E-32,5.55111512312578E-17));
#3821=DIRECTION('center_axis',(-4.12195888351608E-16,-0.707106781186534,
-0.707106781186561));
#3822=DIRECTION('ref_axis',(-1.,0.,5.82933015661259E-16));
#3823=DIRECTION('',(-1.,1.31541799959615E-31,5.82933015661259E-16));
#3824=DIRECTION('',(-0.577350269189619,0.577350269189619,-0.57735026918964));
#3825=DIRECTION('',(1.,-1.31541799959615E-31,-5.82933015661259E-16));
#3826=DIRECTION('',(0.577350269189633,-0.577350269189633,0.577350269189612));
#3827=DIRECTION('center_axis',(-0.707106781186548,-0.707106781186548,1.59562241736156E-16));
#3828=DIRECTION('ref_axis',(2.25655086305926E-16,0.,1.));
#3829=DIRECTION('',(0.,2.25655086305926E-16,1.));
#3830=DIRECTION('center_axis',(-0.707106781186548,-0.707106781186548,1.59562241736156E-16));
#3831=DIRECTION('ref_axis',(0.707106781186547,-0.707106781186547,1.5645158083673E-63));
#3832=DIRECTION('',(0.,-2.25655086305926E-16,-1.));
#3833=DIRECTION('center_axis',(-0.707106781186548,-0.707106781186548,1.59562241736156E-16));
#3834=DIRECTION('ref_axis',(2.25655086305926E-16,0.,1.));
#3835=DIRECTION('',(0.,2.25655086305926E-16,1.));
#3836=DIRECTION('',(0.,-2.25655086305926E-16,-1.));
#3837=DIRECTION('center_axis',(1.,0.,0.));
#3838=DIRECTION('ref_axis',(0.,0.,-1.));
#3839=DIRECTION('',(0.,-1.,0.));
#3840=DIRECTION('',(0.,4.51310172611851E-17,1.));
#3841=DIRECTION('',(0.,1.,0.));
#3842=DIRECTION('center_axis',(-2.18181277328098E-16,0.,-1.));
#3843=DIRECTION('ref_axis',(1.,1.57771189639318E-48,-2.18181277328098E-16));
#3844=DIRECTION('',(0.,1.,0.));
#3845=DIRECTION('',(-1.,9.84674299316182E-33,2.18181277328098E-16));
#3846=DIRECTION('',(-1.,9.84674299316182E-33,2.18181277328098E-16));
#3847=DIRECTION('center_axis',(1.,0.,-4.49640324973188E-15));
#3848=DIRECTION('ref_axis',(4.49640324973188E-15,-1.0263416486754E-47,1.));
#3849=DIRECTION('',(0.,-1.,0.));
#3850=DIRECTION('',(3.70074341541718E-16,0.,1.));
#3851=DIRECTION('center_axis',(-5.55111512312578E-17,0.,-1.));
#3852=DIRECTION('ref_axis',(1.,8.68159481369372E-50,-5.55111512312578E-17));
#3853=DIRECTION('',(0.,-1.,0.));
#3854=DIRECTION('',(-1.,2.50527472440616E-33,5.55111512312578E-17));
#3855=DIRECTION('center_axis',(1.,0.,0.));
#3856=DIRECTION('ref_axis',(0.,0.,-1.));
#3857=DIRECTION('',(0.,1.,0.));
#3858=DIRECTION('',(-5.55111512312578E-16,4.51310172611851E-17,1.));
#3859=DIRECTION('center_axis',(5.82933015661259E-16,0.,1.));
#3860=DIRECTION('ref_axis',(-1.,-4.93126972949051E-49,5.82933015661259E-16));
#3861=DIRECTION('',(0.,1.,0.));
#3862=DIRECTION('',(1.,-2.6308359991923E-32,-5.82933015661259E-16));
#3863=DIRECTION('',(-1.,2.6308359991923E-32,5.82933015661259E-16));
#3864=DIRECTION('center_axis',(1.,0.,0.));
#3865=DIRECTION('ref_axis',(0.,0.,-1.));
#3866=DIRECTION('',(0.,-1.,0.));
#3867=DIRECTION('',(0.,4.51310172611851E-17,1.));
#3868=DIRECTION('center_axis',(5.55111512312578E-17,0.,1.));
#3869=DIRECTION('ref_axis',(-1.,-4.99706253558698E-49,5.55111512312578E-17));
#3870=DIRECTION('',(-1.,2.47752642840799E-33,5.48963125309116E-17));
#3871=DIRECTION('center_axis',(0.707106781186551,-0.707106781186544,2.55299586777715E-18));
#3872=DIRECTION('ref_axis',(3.61048138089289E-18,0.,-1.));
#3873=DIRECTION('',(0.707106781186546,0.707106781186549,-8.36997818048334E-16));
#3874=DIRECTION('',(-0.707106781186544,-0.707106781186551,0.));
#3875=DIRECTION('',(-2.22044604925031E-16,-2.25655086305926E-16,-1.));
#3876=DIRECTION('center_axis',(-1.,0.,2.04085114820803E-16));
#3877=DIRECTION('ref_axis',(-1.06244127419825E-16,2.15577286334982E-15,
-1.));
#3878=DIRECTION('center_axis',(0.707106781186542,1.82781427087752E-16,-0.707106781186553));
#3879=DIRECTION('ref_axis',(-0.707106781186553,0.,-0.707106781186542));
#3880=DIRECTION('',(5.73967480515868E-32,1.,2.58491973137406E-16));
#3881=DIRECTION('',(0.707106781186552,0.,0.707106781186543));
#3882=DIRECTION('center_axis',(-1.,0.,2.04085114820806E-16));
#3883=DIRECTION('ref_axis',(-7.51259429598056E-17,0.707106781186548,-0.707106781186547));
#3884=DIRECTION('center_axis',(1.,5.83407682299482E-62,-2.22044604925031E-16));
#3885=DIRECTION('ref_axis',(0.,0.707106781186548,-0.707106781186547));
#3886=DIRECTION('',(0.707106781186535,-0.70710678118656,-1.44309968629025E-16));
#3887=DIRECTION('center_axis',(0.707106781186544,0.707106781186551,-2.20834142562839E-16));
#3888=DIRECTION('ref_axis',(-3.12306639447402E-16,0.,-1.));
#3889=DIRECTION('',(0.707106781186551,-0.707106781186544,0.));
#3890=DIRECTION('',(2.22044604925031E-16,9.02620345223701E-17,1.));
#3891=DIRECTION('center_axis',(-1.,0.,0.));
#3892=DIRECTION('ref_axis',(7.51259429598057E-17,0.707106781186548,0.707106781186548));
#3893=DIRECTION('center_axis',(1.,5.83407682299482E-62,-2.22044604925031E-16));
#3894=DIRECTION('ref_axis',(0.,0.707106781186547,0.707106781186547));
#3895=DIRECTION('',(0.707106781186551,-7.38867039380589E-15,-0.707106781186544));
#3896=DIRECTION('center_axis',(0.707106781186562,-1.46225141670197E-16,
0.707106781186533));
#3897=DIRECTION('ref_axis',(0.707106781186533,0.,-0.707106781186562));
#3898=DIRECTION('',(0.70710678118654,0.,-0.707106781186555));
#3899=DIRECTION('',(-4.59173984412694E-32,-1.,-2.06793578509924E-16));
#3900=DIRECTION('center_axis',(-1.,0.,0.));
#3901=DIRECTION('ref_axis',(2.79149498619246E-62,-1.,2.21255947474014E-63));
#3902=DIRECTION('center_axis',(1.,5.83407682299482E-62,-2.22044604925031E-16));
#3903=DIRECTION('ref_axis',(0.,-1.,2.21255947474014E-63));
#3904=DIRECTION('center_axis',(-1.,0.,0.));
#3905=DIRECTION('ref_axis',(0.,0.707106781186548,-0.707106781186547));
#3906=DIRECTION('',(-1.,0.,0.));
#3907=DIRECTION('',(1.,0.,0.));
#3908=DIRECTION('center_axis',(0.,2.58491973137406E-16,-1.));
#3909=DIRECTION('ref_axis',(-5.53017667477039E-32,-1.,-2.58491973137406E-16));
#3910=DIRECTION('center_axis',(0.,-1.,2.25655086305926E-16));
#3911=DIRECTION('ref_axis',(2.22044604925031E-16,2.25655086305926E-16,1.));
#3912=DIRECTION('',(-1.,0.,0.));
#3913=DIRECTION('center_axis',(0.266817317569691,-0.842895606853567,-0.467263860138864));
#3914=DIRECTION('ref_axis',(0.760040381865066,0.482146853391923,-0.435744225089297));
#3915=DIRECTION('center_axis',(0.0347647572005395,-0.88164856381271,-0.470624289198692));
#3916=DIRECTION('ref_axis',(0.190231327033713,0.468137013219832,-0.862936717881797));
#3917=DIRECTION('center_axis',(-3.05491530558588E-15,-0.725800006480656,
-0.68790577159425));
#3918=DIRECTION('ref_axis',(0.166666666666666,0.678284238001047,-0.71564845748563));
#3919=DIRECTION('center_axis',(1.,-1.99417307179141E-51,-1.11022302462515E-16));
#3920=DIRECTION('ref_axis',(0.,0.,-1.));
#3921=DIRECTION('center_axis',(0.,-0.717234941881944,-0.696831427350693));
#3922=DIRECTION('ref_axis',(0.166666666666666,0.687085053262981,-0.707203189900067));
#3923=DIRECTION('center_axis',(-1.,3.98834614358283E-51,2.22044604925031E-16));
#3924=DIRECTION('ref_axis',(1.61159975693581E-16,-0.687905771594254,0.725800006480651));
#3925=DIRECTION('center_axis',(1.,-1.99417307179141E-51,-1.11022302462515E-16));
#3926=DIRECTION('ref_axis',(0.,-0.687905771594254,0.725800006480652));
#3927=DIRECTION('center_axis',(1.,-1.99417307179141E-51,-1.11022302462515E-16));
#3928=DIRECTION('ref_axis',(0.,0.,-1.));
#3929=DIRECTION('center_axis',(7.73638294927156E-16,0.717234941881943,-0.696831427350695));
#3930=DIRECTION('ref_axis',(0.166666666666666,0.687085053262982,0.707203189900065));
#3931=DIRECTION('center_axis',(1.,-1.99417307179141E-51,-1.11022302462515E-16));
#3932=DIRECTION('ref_axis',(0.,-0.696831427350693,0.717234941881944));
#3933=DIRECTION('center_axis',(1.,-1.99417307179141E-51,-1.11022302462515E-16));
#3934=DIRECTION('ref_axis',(0.,0.,-1.));
#3935=DIRECTION('center_axis',(-4.91894137495025E-15,0.725800006480645,
-0.687905771594261));
#3936=DIRECTION('ref_axis',(0.166666666666665,0.67828423800106,0.715648457485618));
#3937=DIRECTION('center_axis',(-1.,3.98834614358283E-51,2.22044604925031E-16));
#3938=DIRECTION('ref_axis',(-1.59258149308604E-16,-0.696831427350693,-0.717234941881944));
#3939=DIRECTION('center_axis',(1.,-1.99417307179141E-51,-1.11022302462515E-16));
#3940=DIRECTION('ref_axis',(0.,-0.696831427350693,-0.717234941881944));
#3941=DIRECTION('center_axis',(-0.034764757197462,0.881648563734416,-0.470624289345591));
#3942=DIRECTION('ref_axis',(0.190231327033716,0.468137013363048,0.862936717804102));
#3943=DIRECTION('center_axis',(0.266817792454907,-0.842896858370236,0.46726133135439));
#3944=DIRECTION('ref_axis',(0.953374624938934,0.301789371122555,-8.32667268468865E-16));
#3945=DIRECTION('center_axis',(-1.,3.98834614358283E-51,2.22044604925031E-16));
#3946=DIRECTION('ref_axis',(-3.98834614358283E-51,-1.,8.85590743756118E-67));
#3947=DIRECTION('center_axis',(-1.,3.98834614358283E-51,2.22044604925031E-16));
#3948=DIRECTION('ref_axis',(-1.592581493086E-16,-0.69683142735071,-0.717234941881928));
#3949=DIRECTION('',(2.22044604925031E-16,9.02620345223703E-17,1.));
#3950=DIRECTION('center_axis',(-1.,3.98834614358283E-51,2.22044604925031E-16));
#3951=DIRECTION('ref_axis',(-3.98834614358283E-51,-1.,8.85590743756118E-67));
#3952=DIRECTION('',(2.22044604925031E-16,9.02620345223703E-17,1.));
#3953=DIRECTION('',(2.22044604925031E-16,9.02620345223703E-17,1.));
#3954=DIRECTION('',(-2.22044604925031E-16,-9.02620345223703E-17,-1.));
#3955=DIRECTION('center_axis',(0.26681731756965,-0.842895606853463,-0.467263860139075));
#3956=DIRECTION('ref_axis',(0.760040381865032,0.482146853392019,-0.43574422508925));
#3957=DIRECTION('center_axis',(0.0347647572005566,-0.881648563812698,-0.470624289198714));
#3958=DIRECTION('ref_axis',(0.190231327033708,0.468137013219856,-0.862936717881785));
#3959=DIRECTION('center_axis',(-1.28927980554863E-14,-0.725800006480642,
-0.687905771594264));
#3960=DIRECTION('ref_axis',(0.166666666666658,0.678284238001061,-0.715648457485618));
#3961=DIRECTION('center_axis',(1.,-1.99417307179141E-51,-1.11022302462515E-16));
#3962=DIRECTION('ref_axis',(0.,0.,-1.));
#3963=DIRECTION('center_axis',(-1.23782127188345E-14,-0.717234941881937,
-0.6968314273507));
#3964=DIRECTION('ref_axis',(0.166666666666654,0.687085053262988,-0.707203189900062));
#3965=DIRECTION('center_axis',(-1.,3.98834614358283E-51,2.22044604925031E-16));
#3966=DIRECTION('ref_axis',(1.61159975693578E-16,-0.687905771594269,0.725800006480637));
#3967=DIRECTION('center_axis',(1.,-1.99417307179141E-51,-1.11022302462515E-16));
#3968=DIRECTION('ref_axis',(0.,-0.687905771594269,0.725800006480637));
#3969=DIRECTION('center_axis',(1.,-1.99417307179141E-51,-1.11022302462515E-16));
#3970=DIRECTION('ref_axis',(0.,0.,-1.));
#3971=DIRECTION('center_axis',(0.,0.71723494188193,-0.696831427350708));
#3972=DIRECTION('ref_axis',(0.166666666666663,0.687085053262995,0.707203189900053));
#3973=DIRECTION('center_axis',(1.,-1.99417307179141E-51,-1.11022302462515E-16));
#3974=DIRECTION('ref_axis',(0.,-0.696831427350708,0.717234941881929));
#3975=DIRECTION('center_axis',(1.,-1.99417307179141E-51,-1.11022302462515E-16));
#3976=DIRECTION('ref_axis',(0.,0.,-1.));
#3977=DIRECTION('center_axis',(6.1098306111719E-15,0.725800006480638,-0.687905771594269));
#3978=DIRECTION('ref_axis',(0.166666666666655,0.678284238001067,0.715648457485614));
#3979=DIRECTION('center_axis',(1.,-1.99417307179141E-51,-1.11022302462515E-16));
#3980=DIRECTION('ref_axis',(0.,-0.696831427350709,-0.717234941881928));
#3981=DIRECTION('center_axis',(-0.0347647571974622,0.881648563734422,-0.47062428934558));
#3982=DIRECTION('ref_axis',(0.190231327033711,0.468137013363037,0.862936717804109));
#3983=DIRECTION('center_axis',(0.26681779245486,-0.842896858370154,0.467261331354564));
#3984=DIRECTION('ref_axis',(0.953374624938939,0.301789371122538,8.88178419700124E-15));
#3985=DIRECTION('center_axis',(-1.,3.98834614358283E-51,2.22044604925031E-16));
#3986=DIRECTION('ref_axis',(-3.98834614358283E-51,-1.,8.85590743756118E-67));
#3987=DIRECTION('',(-3.98834614358286E-51,-1.,-1.46563339818606E-49));
#3988=DIRECTION('center_axis',(1.88170798299725E-13,-0.670503799099433,
-0.741906096074987));
#3989=DIRECTION('ref_axis',(-6.66133814775096E-14,-0.741906096074987,0.670503799099433));
#3990=DIRECTION('center_axis',(0.,0.8789876517411,0.476844532407227));
#3991=DIRECTION('ref_axis',(-1.,0.,0.));
#3992=DIRECTION('center_axis',(-1.,-4.05730086789214E-79,-1.53852542901592E-70));
#3993=DIRECTION('ref_axis',(0.,0.,1.));
#3994=DIRECTION('center_axis',(1.,4.05730086789214E-79,1.53852542901592E-70));
#3995=DIRECTION('ref_axis',(4.11338569539928E-79,-1.,-3.64536240021812E-11));
#3996=DIRECTION('center_axis',(0.,-0.878987652532445,0.476844530948506));
#3997=DIRECTION('ref_axis',(-1.,0.,0.));
#3998=DIRECTION('center_axis',(-1.02959970294563E-15,-0.670505261778206,
0.741904774164272));
#3999=DIRECTION('ref_axis',(-1.,0.,-1.38777878078144E-15));
#4000=DIRECTION('center_axis',(4.13534099775719E-15,-0.115772617079923,
-0.993275742749447));
#4001=DIRECTION('ref_axis',(0.932851511871922,0.357838607033711,-0.0417083698368069));
#4002=DIRECTION('center_axis',(0.,0.868520134870181,0.495653886623603));
#4003=DIRECTION('ref_axis',(1.,0.,0.));
#4004=DIRECTION('center_axis',(-1.,-4.05730086789214E-79,-1.53852542901592E-70));
#4005=DIRECTION('ref_axis',(-1.53852542901592E-70,0.,1.));
#4006=DIRECTION('center_axis',(1.,4.05730086789214E-79,1.53852542901592E-70));
#4007=DIRECTION('ref_axis',(-4.00120890763319E-79,1.,-3.6458260098328E-11));
#4008=DIRECTION('center_axis',(-1.,-5.83407682299482E-62,2.22044604925031E-16));
#4009=DIRECTION('ref_axis',(0.,0.,1.));
#4010=DIRECTION('center_axis',(-1.,-5.83407682299482E-62,2.22044604925031E-16));
#4011=DIRECTION('ref_axis',(0.,0.,1.));
#4012=DIRECTION('center_axis',(0.,-0.670503799099374,-0.74190609607504));
#4013=DIRECTION('ref_axis',(-4.44089209850069E-14,-0.74190609607504,0.670503799099374));
#4014=DIRECTION('center_axis',(0.,0.878987651741157,0.476844532407121));
#4015=DIRECTION('ref_axis',(-1.,0.,0.));
#4016=DIRECTION('center_axis',(-1.,-4.05730870838412E-79,-1.53852691556953E-70));
#4017=DIRECTION('ref_axis',(0.,0.,1.));
#4018=DIRECTION('center_axis',(1.,4.05730870838412E-79,1.53852691556953E-70));
#4019=DIRECTION('ref_axis',(4.11339171303976E-79,-1.,-3.64524039768794E-11));
#4020=DIRECTION('center_axis',(0.,-0.878987652532461,0.476844530948477));
#4021=DIRECTION('ref_axis',(-1.,0.,0.));
#4022=DIRECTION('center_axis',(0.,-0.670505261778219,0.741904774164261));
#4023=DIRECTION('ref_axis',(-1.,0.,0.));
#4024=DIRECTION('center_axis',(-5.14133700414201E-15,-0.115772617080219,
-0.993275742749413));
#4025=DIRECTION('ref_axis',(0.932851511871917,0.357838607033709,-0.0417083698369233));
#4026=DIRECTION('center_axis',(0.,0.868520134870185,0.495653886623596));
#4027=DIRECTION('ref_axis',(1.,0.,0.));
#4028=DIRECTION('center_axis',(-1.,-4.05730870838412E-79,-1.53852691556953E-70));
#4029=DIRECTION('ref_axis',(-1.53852691556953E-70,0.,1.));
#4030=DIRECTION('center_axis',(1.,4.05730870838412E-79,1.53852691556953E-70));
#4031=DIRECTION('ref_axis',(-4.00121969719483E-79,1.,-3.64563080578451E-11));
#4032=DIRECTION('center_axis',(-1.,-5.83407682299482E-62,2.22044604925031E-16));
#4033=DIRECTION('ref_axis',(0.,0.,1.));
#4034=DIRECTION('center_axis',(-1.,-5.83407682299482E-62,2.22044604925031E-16));
#4035=DIRECTION('ref_axis',(0.,0.,1.));
#4036=DIRECTION('center_axis',(-1.,-4.05730086789214E-79,-1.53852542901592E-70));
#4037=DIRECTION('ref_axis',(0.,0.,1.));
#4038=DIRECTION('center_axis',(0.,-0.868519941238157,0.495654225919308));
#4039=DIRECTION('ref_axis',(1.,0.,0.));
#4040=DIRECTION('center_axis',(-1.,-4.05730086789214E-79,-1.53852542901592E-70));
#4041=DIRECTION('ref_axis',(0.,1.,-3.6458260098328E-11));
#4042=DIRECTION('center_axis',(0.,-0.115771761354703,0.993275842489301));
#4043=DIRECTION('ref_axis',(1.,0.,0.));
#4044=DIRECTION('center_axis',(-1.,-4.05730870838412E-79,-1.53852691556953E-70));
#4045=DIRECTION('ref_axis',(0.,0.,1.));
#4046=DIRECTION('center_axis',(0.,-0.868519941238157,0.495654225919308));
#4047=DIRECTION('ref_axis',(1.,0.,0.));
#4048=DIRECTION('center_axis',(-1.,-4.05730870838412E-79,-1.53852691556953E-70));
#4049=DIRECTION('ref_axis',(0.,1.,-3.64563080578451E-11));
#4050=DIRECTION('center_axis',(0.,-0.115771761354778,0.993275842489292));
#4051=DIRECTION('ref_axis',(1.,0.,0.));
#4052=DIRECTION('center_axis',(-1.,0.,0.));
#4053=DIRECTION('ref_axis',(0.,0.,1.));
#4054=DIRECTION('',(-1.,0.,0.));
#4055=DIRECTION('center_axis',(-1.,0.,0.));
#4056=DIRECTION('ref_axis',(0.,0.,1.));
#4057=DIRECTION('',(-1.,0.,0.));
#4058=DIRECTION('center_axis',(0.,-1.,4.51310172611851E-17));
#4059=DIRECTION('ref_axis',(-2.22044604925031E-16,-4.51310172611851E-17,
-1.));
#4060=DIRECTION('',(-1.,9.80928266728123E-33,2.17351242284487E-16));
#4061=DIRECTION('center_axis',(-1.,0.,0.));
#4062=DIRECTION('ref_axis',(0.,0.,1.));
#4063=DIRECTION('center_axis',(-1.,0.,0.));
#4064=DIRECTION('ref_axis',(0.,0.,1.));
#4065=DIRECTION('center_axis',(0.,-1.46563339818606E-49,1.));
#4066=DIRECTION('ref_axis',(6.60062602593252E-34,-1.,-1.46563339818606E-49));
#4067=DIRECTION('',(-3.98834614358286E-51,-1.,-1.46563339818606E-49));
#4068=DIRECTION('',(1.,0.,0.));
#4069=DIRECTION('',(-1.,0.,0.));
#4070=DIRECTION('center_axis',(-1.,0.,0.));
#4071=DIRECTION('ref_axis',(0.,0.707106781186547,-0.707106781186548));
#4072=DIRECTION('',(-1.,0.,0.));
#4073=DIRECTION('center_axis',(1.,0.,0.));
#4074=DIRECTION('ref_axis',(0.,0.,-1.));
#4075=DIRECTION('',(1.,0.,0.));
#4076=DIRECTION('center_axis',(1.,0.,-1.10933564796705E-31));
#4077=DIRECTION('ref_axis',(-1.15555796663234E-31,0.,-1.));
#4078=DIRECTION('center_axis',(-1.,0.,1.10933564796705E-31));
#4079=DIRECTION('ref_axis',(-1.10933564796705E-31,0.,-1.));
#4080=DIRECTION('center_axis',(1.,0.,0.));
#4081=DIRECTION('ref_axis',(0.,0.,-1.));
#4082=DIRECTION('',(1.,0.,0.));
#4083=DIRECTION('center_axis',(1.,0.,-1.10933564796705E-31));
#4084=DIRECTION('ref_axis',(-1.15555796663234E-31,0.,-1.));
#4085=DIRECTION('center_axis',(-1.,0.,1.10933564796705E-31));
#4086=DIRECTION('ref_axis',(-1.10933564796705E-31,0.,-1.));
#4087=DIRECTION('center_axis',(1.,0.,0.));
#4088=DIRECTION('ref_axis',(0.,0.,-1.));
#4089=DIRECTION('',(1.,0.,0.));
#4090=DIRECTION('center_axis',(1.,0.,-1.10933564796705E-31));
#4091=DIRECTION('ref_axis',(-1.15555796663234E-31,0.,-1.));
#4092=DIRECTION('center_axis',(-1.,0.,1.10933564796705E-31));
#4093=DIRECTION('ref_axis',(-1.10933564796705E-31,0.,-1.));
#4094=DIRECTION('center_axis',(1.,0.,0.));
#4095=DIRECTION('ref_axis',(0.,0.,-1.));
#4096=DIRECTION('',(1.,0.,0.));
#4097=DIRECTION('center_axis',(1.,0.,-1.10933564796705E-31));
#4098=DIRECTION('ref_axis',(-1.15555796663234E-31,0.,-1.));
#4099=DIRECTION('center_axis',(-1.,0.,1.10933564796705E-31));
#4100=DIRECTION('ref_axis',(-1.10933564796705E-31,0.,-1.));
#4101=DIRECTION('center_axis',(0.,0.,1.));
#4102=DIRECTION('ref_axis',(1.,0.,0.));
#4103=DIRECTION('',(1.,0.,0.));
#4104=DIRECTION('',(1.,0.,0.));
#4105=DIRECTION('center_axis',(0.,0.,-1.));
#4106=DIRECTION('ref_axis',(-1.,0.,0.));
#4107=DIRECTION('',(-1.,0.,0.));
#4108=DIRECTION('center_axis',(0.,1.,-9.02620345223703E-17));
#4109=DIRECTION('ref_axis',(2.22044604925031E-16,9.02620345223703E-17,1.));
#4110=DIRECTION('',(2.17833163759023E-16,9.02620345223703E-17,1.));
#4111=DIRECTION('',(1.,0.,0.));
#4112=DIRECTION('',(-2.17833163759023E-16,-9.02620345223703E-17,-1.));
#4113=DIRECTION('',(-1.,0.,0.));
#4114=DIRECTION('',(0.,1.,0.));
#4115=DIRECTION('',(0.,-1.,0.));
#4116=DIRECTION('center_axis',(0.,0.,-1.));
#4117=DIRECTION('ref_axis',(-1.,0.,0.));
#4118=DIRECTION('',(0.,-1.,0.));
#4119=DIRECTION('',(1.,0.,0.));
#4120=DIRECTION('',(0.,1.,0.));
#4121=DIRECTION('center_axis',(1.,0.,-2.17833163759023E-16));
#4122=DIRECTION('ref_axis',(-2.17833163759023E-16,0.,-1.));
#4123=DIRECTION('',(0.,-1.,0.));
#4124=DIRECTION('',(2.17833163759023E-16,9.02620345223701E-17,1.));
#4125=DIRECTION('center_axis',(1.,0.,0.));
#4126=DIRECTION('ref_axis',(0.,0.707106781186547,0.707106781186547));
#4127=DIRECTION('',(-1.,0.,0.));
#4128=DIRECTION('',(1.,0.,0.));
#4129=DIRECTION('center_axis',(0.,1.,-9.02620345223701E-17));
#4130=DIRECTION('ref_axis',(-2.22044604925031E-16,-9.02620345223701E-17,
-1.));
#4131=DIRECTION('',(-1.,0.,0.));
#4132=DIRECTION('',(-2.17833163759023E-16,-9.02620345223701E-17,-1.));
#4133=DIRECTION('',(1.,0.,0.));
#4134=DIRECTION('',(2.17833163759023E-16,9.02620345223701E-17,1.));
#4135=DIRECTION('',(-1.,0.,0.));
#4136=DIRECTION('',(-2.17833163759023E-16,-9.02620345223701E-17,-1.));
#4137=DIRECTION('',(0.,1.,0.));
#4138=DIRECTION('center_axis',(0.,-2.06793578509924E-16,1.));
#4139=DIRECTION('ref_axis',(4.38224171373865E-32,1.,2.06793578509924E-16));
#4140=DIRECTION('',(1.,0.,-3.94745964311167E-16));
#4141=DIRECTION('',(0.,1.,0.));
#4142=DIRECTION('',(0.,-1.,0.));
#4143=DIRECTION('center_axis',(-1.,0.,2.17833163759023E-16));
#4144=DIRECTION('ref_axis',(2.17833163759023E-16,0.,1.));
#4145=DIRECTION('center_axis',(0.,0.,1.));
#4146=DIRECTION('ref_axis',(1.,0.,0.));
#4147=DIRECTION('center_axis',(0.,-1.,4.51310172611851E-17));
#4148=DIRECTION('ref_axis',(-2.22044604925031E-16,-4.51310172611851E-17,
-1.));
#4149=DIRECTION('',(-1.,0.,0.));
#4150=DIRECTION('',(-2.22044604925031E-16,-4.51310172611851E-17,-1.));
#4151=DIRECTION('center_axis',(0.,-1.,4.51310172611851E-17));
#4152=DIRECTION('ref_axis',(-2.22044604925031E-16,-4.51310172611851E-17,
-1.));
#4153=DIRECTION('',(-2.22044604925031E-16,-4.51310172611851E-17,-1.));
#4154=DIRECTION('center_axis',(-2.17351242284487E-16,0.,-1.));
#4155=DIRECTION('ref_axis',(1.,2.52932272624371E-48,-2.17351242284487E-16));
#4156=DIRECTION('center_axis',(-1.,-5.83407682299482E-62,2.22044604925031E-16));
#4157=DIRECTION('ref_axis',(0.,-1.,9.60192886162292E-17));
#4158=DIRECTION('center_axis',(1.,0.,0.));
#4159=DIRECTION('ref_axis',(0.,-1.,0.));
#4160=DIRECTION('',(1.,0.,0.));
#4161=DIRECTION('center_axis',(-1.,0.,0.));
#4162=DIRECTION('ref_axis',(0.,0.70710678118655,0.707106781186545));
#4163=DIRECTION('center_axis',(1.,0.,0.));
#4164=DIRECTION('ref_axis',(0.,-0.707106781186546,0.707106781186549));
#4165=DIRECTION('center_axis',(-1.,3.98834614358283E-51,2.22044604925031E-16));
#4166=DIRECTION('ref_axis',(0.,-0.707106781186546,0.707106781186549));
#4167=DIRECTION('center_axis',(-1.,3.98834614358283E-51,2.22044604925031E-16));
#4168=DIRECTION('ref_axis',(-3.98834614358283E-51,-1.,8.85590743756118E-67));
#4169=DIRECTION('center_axis',(-1.,0.,0.));
#4170=DIRECTION('ref_axis',(0.,-1.,2.21255947474014E-63));
#4171=CARTESIAN_POINT('',(0.,0.,0.));
#4172=CARTESIAN_POINT('Origin',(3.83500000000009,-19.9354667217148,98.8973437968183));
#4173=CARTESIAN_POINT('',(13.9150808509641,-26.3250808509639,100.090168712428));
#4174=CARTESIAN_POINT('',(13.9700000000002,-26.38,98.0500000000002));
#4175=CARTESIAN_POINT('Origin',(7.52546672171504,-19.9354667217148,98.8973437968183));
#4176=CARTESIAN_POINT('',(-4.9,-26.3250808509639,100.090168712428));
#4177=CARTESIAN_POINT('',(3.83500000000009,-26.3250808509639,100.090168712428));
#4178=CARTESIAN_POINT('',(-4.89999999999999,-26.38,98.0500000000002));
#4179=CARTESIAN_POINT('Origin',(-4.9,-19.9354667217148,98.8973437968183));
#4180=CARTESIAN_POINT('',(3.83500000000009,-26.38,98.0500000000002));
#4181=CARTESIAN_POINT('Origin',(-4.9,26.7543225131849,48.9999999999999));
#4182=CARTESIAN_POINT('',(-4.89999999999998,-16.2,108.5));
#4183=CARTESIAN_POINT('Origin',(-4.9,-16.2,98.2));
#4184=CARTESIAN_POINT('',(-4.89999999999998,78.7,108.5));
#4185=CARTESIAN_POINT('',(-4.89999999999998,5.27716125659243,108.5));
#4186=CARTESIAN_POINT('',(-4.89999999999999,89.,98.2));
#4187=CARTESIAN_POINT('Origin',(-4.9,78.7,98.2));
#4188=CARTESIAN_POINT('',(-4.90000000000001,89.,-0.200000000000173));
#4189=CARTESIAN_POINT('',(-4.89999999999999,89.,73.6));
#4190=CARTESIAN_POINT('',(-4.90000000000001,78.7,-10.5000000000002));
#4191=CARTESIAN_POINT('Origin',(-4.9,78.7,-0.200000000000173));
#4192=CARTESIAN_POINT('',(-4.90000000000001,61.5,-10.5000000000002));
#4193=CARTESIAN_POINT('',(-4.90000000000001,48.2271612565925,-10.5000000000002));
#4194=CARTESIAN_POINT('',(-4.90000000000001,56.5,-5.50000000000018));
#4195=CARTESIAN_POINT('Origin',(-4.9,61.5,-5.50000000000018));
#4196=CARTESIAN_POINT('',(-4.90000000000001,56.5,-3.55000000000018));
#4197=CARTESIAN_POINT('',(-4.9,56.5,27.3199999999999));
#4198=CARTESIAN_POINT('',(-4.90000000000001,57.35,-2.70000000000018));
#4199=CARTESIAN_POINT('',(-4.90000000000001,62.4135806282963,2.36358062829608));
#4200=CARTESIAN_POINT('',(-4.90000000000001,69.9,-2.70000000000018));
#4201=CARTESIAN_POINT('',(-4.90000000000001,5.27500000000001,-2.7000000000002));
#4202=CARTESIAN_POINT('',(-4.90000000000001,72.2,-0.400000000000169));
#4203=CARTESIAN_POINT('Origin',(-4.9,69.9,-0.400000000000169));
#4204=CARTESIAN_POINT('',(-4.90000000000001,82.2,-0.400000000000169));
#4205=CARTESIAN_POINT('',(-4.90000000000001,49.4771612565924,-0.400000000000169));
#4206=CARTESIAN_POINT('',(-4.89999999999999,82.2,98.4));
#4207=CARTESIAN_POINT('',(-4.9,82.2,24.3999999999999));
#4208=CARTESIAN_POINT('',(-4.89999999999999,72.2,98.4));
#4209=CARTESIAN_POINT('',(-4.89999999999999,49.4771612565924,98.4));
#4210=CARTESIAN_POINT('',(-4.89999999999999,69.9,100.7));
#4211=CARTESIAN_POINT('Origin',(-4.9,69.9,98.4));
#4212=CARTESIAN_POINT('',(-4.89999999999999,-16.4,100.7));
#4213=CARTESIAN_POINT('',(-4.89999999999999,48.225,100.7));
#4214=CARTESIAN_POINT('',(-4.89999999999999,-18.7,98.4));
#4215=CARTESIAN_POINT('Origin',(-4.9,-16.4,98.4));
#4216=CARTESIAN_POINT('',(-4.89999999999999,-18.7,98.0499999999999));
#4217=CARTESIAN_POINT('',(-4.89999999999999,-18.7,73.6));
#4218=CARTESIAN_POINT('',(-4.89999999999999,0.127161256592443,98.0500000000002));
#4219=CARTESIAN_POINT('',(-4.89999999999985,-19.9906700958606,104.976509955512));
#4220=CARTESIAN_POINT('Origin',(-4.9,-19.9906700958606,102.976509955512));
#4221=CARTESIAN_POINT('',(-4.89999999999985,81.5093299041394,104.976509955512));
#4222=CARTESIAN_POINT('Origin',(-4.9,81.5093299041394,102.976509955512));
#4223=CARTESIAN_POINT('',(-4.89999999999985,81.5093299041394,-3.2734900444877));
#4224=CARTESIAN_POINT('Origin',(-4.9,81.5093299041394,-5.27349004448771));
#4225=CARTESIAN_POINT('Origin',(-1.62689999999995,-19.9339263702527,-0.905545081148026));
#4226=CARTESIAN_POINT('',(-4.90000000000001,-26.38,-0.0700000000011602));
#4227=CARTESIAN_POINT('',(-4.9,-26.3209056877901,-2.11239850942723));
#4228=CARTESIAN_POINT('Origin',(-4.9,-19.9339263702527,-0.905545081148026));
#4229=CARTESIAN_POINT('',(7.6671056877902,-26.3209056877901,-2.11239850942723));
#4230=CARTESIAN_POINT('',(-1.62689999999995,-26.3209056877901,-2.11239850942723));
#4231=CARTESIAN_POINT('',(7.72620000000013,-26.38,-0.0700000000011602));
#4232=CARTESIAN_POINT('Origin',(1.28012637025284,-19.9339263702527,-0.905545081148026));
#4233=CARTESIAN_POINT('',(-1.62689999999995,-26.38,-0.0700000000011587));
#4234=CARTESIAN_POINT('Origin',(-4.90000000000001,-16.2,-0.200000000000181));
#4235=CARTESIAN_POINT('',(7.84620000000013,-26.5,-0.200000000000155));
#4236=CARTESIAN_POINT('Origin',(-2.45379999999978,-16.2,-0.200000000000181));
#4237=CARTESIAN_POINT('',(-4.90000000000001,-16.2,-10.5000000000002));
#4238=CARTESIAN_POINT('Origin',(-4.9,-16.2,-0.200000000000181));
#4239=CARTESIAN_POINT('',(39.25,-16.2,-10.5000000000002));
#4240=CARTESIAN_POINT('',(-4.90000000000001,-16.2,-10.5000000000002));
#4241=CARTESIAN_POINT('',(39.25,-26.5,-0.200000000000155));
#4242=CARTESIAN_POINT('Origin',(39.25,-16.2,-0.200000000000181));
#4243=CARTESIAN_POINT('',(-4.90000000000001,-26.5,-0.200000000000155));
#4244=CARTESIAN_POINT('Origin',(-4.9,26.7543225131849,48.9999999999999));
#4245=CARTESIAN_POINT('',(-4.90000000000001,-18.7,-0.0700000000011511));
#4246=CARTESIAN_POINT('',(-4.90000000000001,4.02716125659244,-0.0700000000011602));
#4247=CARTESIAN_POINT('',(-4.90000000000001,-18.7,-0.400000000000178));
#4248=CARTESIAN_POINT('',(-4.89999999999999,-18.7,73.6));
#4249=CARTESIAN_POINT('',(-4.90000000000001,-16.4,-2.7000000000002));
#4250=CARTESIAN_POINT('Origin',(-4.9,-16.4,-0.400000000000178));
#4251=CARTESIAN_POINT('',(-4.90000000000001,0.650000000000002,-2.7000000000002));
#4252=CARTESIAN_POINT('',(-4.90000000000001,5.27500000000001,-2.7000000000002));
#4253=CARTESIAN_POINT('',(-4.90000000000001,1.5,-3.55000000000019));
#4254=CARTESIAN_POINT('',(-4.90000000000001,-5.53641937170382,3.48641937170362));
#4255=CARTESIAN_POINT('',(-4.90000000000001,1.5,-5.50000000000019));
#4256=CARTESIAN_POINT('',(-4.9,1.5,24.6799999999999));
#4257=CARTESIAN_POINT('',(-4.90000000000001,-3.5,-10.5000000000002));
#4258=CARTESIAN_POINT('Origin',(-4.9,-3.5,-5.50000000000019));
#4259=CARTESIAN_POINT('',(-4.90000000000001,48.2271612565925,-10.5000000000002));
#4260=CARTESIAN_POINT('',(-4.89999999999985,-19.9906700958606,-3.2734900444877));
#4261=CARTESIAN_POINT('Origin',(-4.9,-19.9906700958606,-5.27349004448771));
#4262=CARTESIAN_POINT('Ctrl Pts',(12.6,20.41,100.7));
#4263=CARTESIAN_POINT('Ctrl Pts',(12.6,20.41,77.4428494810018));
#4264=CARTESIAN_POINT('Ctrl Pts',(12.6,20.41,54.1856989620037));
#4265=CARTESIAN_POINT('Ctrl Pts',(12.6,20.41,30.9285484430055));
#4266=CARTESIAN_POINT('Ctrl Pts',(12.6,20.3052802448803,100.7));
#4267=CARTESIAN_POINT('Ctrl Pts',(12.6,20.3052802448803,77.4428494810018));
#4268=CARTESIAN_POINT('Ctrl Pts',(12.6,20.3052802448803,54.1856989620037));
#4269=CARTESIAN_POINT('Ctrl Pts',(12.6,20.3052802448803,30.9285484430055));
#4270=CARTESIAN_POINT('Ctrl Pts',(12.6011875281095,20.0979981517377,100.7));
#4271=CARTESIAN_POINT('Ctrl Pts',(12.6011875281095,20.0979981517377,77.4428494810018));
#4272=CARTESIAN_POINT('Ctrl Pts',(12.6011875281095,20.0979981517377,54.1856989620037));
#4273=CARTESIAN_POINT('Ctrl Pts',(12.6011875281095,20.0979981517377,30.9285484430055));
#4274=CARTESIAN_POINT('Ctrl Pts',(12.6699177217496,19.7895688725034,100.7));
#4275=CARTESIAN_POINT('Ctrl Pts',(12.6699177217496,19.7895688725034,77.4428494810018));
#4276=CARTESIAN_POINT('Ctrl Pts',(12.6699177217496,19.7895688725034,54.1856989620037));
#4277=CARTESIAN_POINT('Ctrl Pts',(12.6699177217496,19.7895688725034,30.9285484430055));
#4278=CARTESIAN_POINT('Ctrl Pts',(12.834676303854,19.4952081172453,100.7));
#4279=CARTESIAN_POINT('Ctrl Pts',(12.834676303854,19.4952081172453,77.4428494810018));
#4280=CARTESIAN_POINT('Ctrl Pts',(12.834676303854,19.4952081172453,54.1856989620037));
#4281=CARTESIAN_POINT('Ctrl Pts',(12.834676303854,19.4952081172453,30.9285484430055));
#4282=CARTESIAN_POINT('Ctrl Pts',(13.0852421771585,19.2444939797983,100.7));
#4283=CARTESIAN_POINT('Ctrl Pts',(13.0852421771585,19.2444939797983,77.4428494810018));
#4284=CARTESIAN_POINT('Ctrl Pts',(13.0852421771585,19.2444939797983,54.1856989620037));
#4285=CARTESIAN_POINT('Ctrl Pts',(13.0852421771585,19.2444939797983,30.9285484430055));
#4286=CARTESIAN_POINT('Ctrl Pts',(13.3794815444153,19.0801571709642,100.7));
#4287=CARTESIAN_POINT('Ctrl Pts',(13.3794815444153,19.0801571709642,77.4428494810018));
#4288=CARTESIAN_POINT('Ctrl Pts',(13.3794815444153,19.0801571709642,54.1856989620037));
#4289=CARTESIAN_POINT('Ctrl Pts',(13.3794815444153,19.0801571709642,30.9285484430055));
#4290=CARTESIAN_POINT('Ctrl Pts',(13.688092906865,19.0109443984219,100.7));
#4291=CARTESIAN_POINT('Ctrl Pts',(13.688092906865,19.0109443984219,77.4428494810017));
#4292=CARTESIAN_POINT('Ctrl Pts',(13.688092906865,19.0109443984219,54.1856989620037));
#4293=CARTESIAN_POINT('Ctrl Pts',(13.688092906865,19.0109443984219,30.9285484430055));
#4294=CARTESIAN_POINT('Ctrl Pts',(13.8952802448803,19.01,100.7));
#4295=CARTESIAN_POINT('Ctrl Pts',(13.8952802448803,19.01,77.4428494810018));
#4296=CARTESIAN_POINT('Ctrl Pts',(13.8952802448803,19.01,54.1856989620037));
#4297=CARTESIAN_POINT('Ctrl Pts',(13.8952802448803,19.01,30.9285484430055));
#4298=CARTESIAN_POINT('Ctrl Pts',(14.,19.01,100.7));
#4299=CARTESIAN_POINT('Ctrl Pts',(14.,19.01,77.4428494810018));
#4300=CARTESIAN_POINT('Ctrl Pts',(14.,19.01,54.1856989620037));
#4301=CARTESIAN_POINT('Ctrl Pts',(14.,19.01,30.9285484430055));
#4302=CARTESIAN_POINT('',(12.6,20.41,30.9285484430055));
#4303=CARTESIAN_POINT('',(14.,19.01,30.9285484430055));
#4304=CARTESIAN_POINT('Ctrl Pts',(14.,19.01,30.9285484430055));
#4305=CARTESIAN_POINT('Ctrl Pts',(13.8952802448803,19.01,30.9285484430055));
#4306=CARTESIAN_POINT('Ctrl Pts',(13.7916865758727,19.010472199211,30.9285484430055));
#4307=CARTESIAN_POINT('Ctrl Pts',(13.6884545142939,19.0222437609068,30.9285484430055));
#4308=CARTESIAN_POINT('Ctrl Pts',(13.5852224527151,19.0340153226027,30.9285484430055));
#4309=CARTESIAN_POINT('Ctrl Pts',(13.4823519985652,19.0570862467835,30.9285484430055));
#4310=CARTESIAN_POINT('Ctrl Pts',(13.3818768769474,19.0960111770129,30.9285484430055));
#4311=CARTESIAN_POINT('Ctrl Pts',(13.2814017553297,19.1349361072423,30.9285484430055));
#4312=CARTESIAN_POINT('Ctrl Pts',(13.1833219662441,19.1897150435203,30.9285484430055));
#4313=CARTESIAN_POINT('Ctrl Pts',(13.0925210928172,19.2588902012338,30.9285484430055));
#4314=CARTESIAN_POINT('Ctrl Pts',(13.0017202193903,19.3280653589473,30.9285484430055));
#4315=CARTESIAN_POINT('Ctrl Pts',(12.9181982616222,19.4116367380963,30.9285484430055));
#4316=CARTESIAN_POINT('Ctrl Pts',(12.848977519054,19.5024825535472,30.9285484430055));
#4317=CARTESIAN_POINT('Ctrl Pts',(12.7797567764859,19.593328368998,30.9285484430055));
#4318=CARTESIAN_POINT('Ctrl Pts',(12.7248372491178,19.6914486207507,30.9285484430055));
#4319=CARTESIAN_POINT('Ctrl Pts',(12.6859224531604,19.7919136264994,30.9285484430055));
#4320=CARTESIAN_POINT('Ctrl Pts',(12.6470076572029,19.8923786322481,30.9285484430055));
#4321=CARTESIAN_POINT('Ctrl Pts',(12.6240975926562,19.9951883919929,30.9285484430055));
#4322=CARTESIAN_POINT('Ctrl Pts',(12.6123456783555,20.098413795151,30.9285484430055));
#4323=CARTESIAN_POINT('Ctrl Pts',(12.6005937640548,20.201639198309,30.9285484430055));
#4324=CARTESIAN_POINT('Ctrl Pts',(12.6,20.3052802448803,30.9285484430055));
#4325=CARTESIAN_POINT('Ctrl Pts',(12.6,20.41,30.9285484430055));
#4326=CARTESIAN_POINT('',(14.,19.01,100.7));
#4327=CARTESIAN_POINT('',(14.,19.01,23.2499999999999));
#4328=CARTESIAN_POINT('',(12.6,20.41,100.7));
#4329=CARTESIAN_POINT('Ctrl Pts',(12.6,20.41,100.7));
#4330=CARTESIAN_POINT('Ctrl Pts',(12.6,20.3052802448803,100.7));
#4331=CARTESIAN_POINT('Ctrl Pts',(12.6005937640548,20.201639198309,100.7));
#4332=CARTESIAN_POINT('Ctrl Pts',(12.6123456783555,20.098413795151,100.7));
#4333=CARTESIAN_POINT('Ctrl Pts',(12.6240975926562,19.9951883919929,100.7));
#4334=CARTESIAN_POINT('Ctrl Pts',(12.6470076572029,19.8923786322481,100.7));
#4335=CARTESIAN_POINT('Ctrl Pts',(12.6859224531604,19.7919136264994,100.7));
#4336=CARTESIAN_POINT('Ctrl Pts',(12.7248372491178,19.6914486207507,100.7));
#4337=CARTESIAN_POINT('Ctrl Pts',(12.7797567764859,19.593328368998,100.7));
#4338=CARTESIAN_POINT('Ctrl Pts',(12.848977519054,19.5024825535472,100.7));
#4339=CARTESIAN_POINT('Ctrl Pts',(12.9181982616222,19.4116367380963,100.7));
#4340=CARTESIAN_POINT('Ctrl Pts',(13.0017202193903,19.3280653589473,100.7));
#4341=CARTESIAN_POINT('Ctrl Pts',(13.0925210928172,19.2588902012338,100.7));
#4342=CARTESIAN_POINT('Ctrl Pts',(13.1833219662441,19.1897150435203,100.7));
#4343=CARTESIAN_POINT('Ctrl Pts',(13.2814017553297,19.1349361072423,100.7));
#4344=CARTESIAN_POINT('Ctrl Pts',(13.3818768769474,19.0960111770129,100.7));
#4345=CARTESIAN_POINT('Ctrl Pts',(13.4823519985652,19.0570862467835,100.7));
#4346=CARTESIAN_POINT('Ctrl Pts',(13.5852224527151,19.0340153226027,100.7));
#4347=CARTESIAN_POINT('Ctrl Pts',(13.6884545142939,19.0222437609068,100.7));
#4348=CARTESIAN_POINT('Ctrl Pts',(13.7916865758727,19.010472199211,100.7));
#4349=CARTESIAN_POINT('Ctrl Pts',(13.8952802448803,19.01,100.7));
#4350=CARTESIAN_POINT('Ctrl Pts',(14.,19.01,100.7));
#4351=CARTESIAN_POINT('',(12.6,20.41,23.2499999999999));
#4352=CARTESIAN_POINT('Origin',(30.1,19.01,-2.50000000000016));
#4353=CARTESIAN_POINT('',(19.1,19.01,30.9285484430055));
#4354=CARTESIAN_POINT('',(19.1,19.01,30.9285484430055));
#4355=CARTESIAN_POINT('',(19.1,19.01,100.7));
#4356=CARTESIAN_POINT('',(19.1,19.01,23.2499999999999));
#4357=CARTESIAN_POINT('',(12.6,19.01,100.7));
#4358=CARTESIAN_POINT('Ctrl Pts',(12.6,49.9380566420601,19.2399999999999));
#4359=CARTESIAN_POINT('Ctrl Pts',(12.6,40.1620377613734,19.2399999999999));
#4360=CARTESIAN_POINT('Ctrl Pts',(12.6,30.3860188806867,19.2399999999999));
#4361=CARTESIAN_POINT('Ctrl Pts',(12.6,20.61,19.2399999999999));
#4362=CARTESIAN_POINT('Ctrl Pts',(12.6,49.9380566420601,19.3447197551195));
#4363=CARTESIAN_POINT('Ctrl Pts',(12.6,40.1620377613734,19.3447197551195));
#4364=CARTESIAN_POINT('Ctrl Pts',(12.6,30.3860188806867,19.3447197551195));
#4365=CARTESIAN_POINT('Ctrl Pts',(12.6,20.61,19.3447197551195));
#4366=CARTESIAN_POINT('Ctrl Pts',(12.6010651953571,49.9380566420601,19.5519446324831));
#4367=CARTESIAN_POINT('Ctrl Pts',(12.6010651953571,40.1620377613734,19.5519446324831));
#4368=CARTESIAN_POINT('Ctrl Pts',(12.6010651953571,30.3860188806867,19.5519446324831));
#4369=CARTESIAN_POINT('Ctrl Pts',(12.6010651953571,20.61,19.5519446324831));
#4370=CARTESIAN_POINT('Ctrl Pts',(12.6699083903636,49.9380566420601,19.8604248890349));
#4371=CARTESIAN_POINT('Ctrl Pts',(12.6699083903636,40.1620377613734,19.8604248890349));
#4372=CARTESIAN_POINT('Ctrl Pts',(12.6699083903636,30.3860188806867,19.8604248890349));
#4373=CARTESIAN_POINT('Ctrl Pts',(12.6699083903636,20.61,19.8604248890349));
#4374=CARTESIAN_POINT('Ctrl Pts',(12.8346385066479,49.9380566420601,20.15477439452));
#4375=CARTESIAN_POINT('Ctrl Pts',(12.8346385066479,40.1620377613734,20.15477439452));
#4376=CARTESIAN_POINT('Ctrl Pts',(12.8346385066479,30.3860188806867,20.15477439452));
#4377=CARTESIAN_POINT('Ctrl Pts',(12.8346385066479,20.61,20.15477439452));
#4378=CARTESIAN_POINT('Ctrl Pts',(13.0852283943056,49.9380566420601,20.4054996713115));
#4379=CARTESIAN_POINT('Ctrl Pts',(13.0852283943056,40.1620377613733,20.4054996713115));
#4380=CARTESIAN_POINT('Ctrl Pts',(13.0852283943056,30.3860188806867,20.4054996713115));
#4381=CARTESIAN_POINT('Ctrl Pts',(13.0852283943056,20.61,20.4054996713115));
#4382=CARTESIAN_POINT('Ctrl Pts',(13.3794692414568,49.9380566420601,20.5698384269866));
#4383=CARTESIAN_POINT('Ctrl Pts',(13.3794692414568,40.1620377613734,20.5698384269866));
#4384=CARTESIAN_POINT('Ctrl Pts',(13.3794692414568,30.3860188806867,20.5698384269866));
#4385=CARTESIAN_POINT('Ctrl Pts',(13.3794692414568,20.61,20.5698384269866));
#4386=CARTESIAN_POINT('Ctrl Pts',(13.6880858526392,49.9380566420601,20.6390529608203));
#4387=CARTESIAN_POINT('Ctrl Pts',(13.6880858526392,40.1620377613734,20.6390529608203));
#4388=CARTESIAN_POINT('Ctrl Pts',(13.6880858526392,30.3860188806867,20.6390529608203));
#4389=CARTESIAN_POINT('Ctrl Pts',(13.6880858526392,20.61,20.6390529608203));
#4390=CARTESIAN_POINT('Ctrl Pts',(13.8952802448803,49.9380566420601,20.6399999999998));
#4391=CARTESIAN_POINT('Ctrl Pts',(13.8952802448803,40.1620377613734,20.6399999999998));
#4392=CARTESIAN_POINT('Ctrl Pts',(13.8952802448803,30.3860188806867,20.6399999999998));
#4393=CARTESIAN_POINT('Ctrl Pts',(13.8952802448803,20.61,20.6399999999998));
#4394=CARTESIAN_POINT('Ctrl Pts',(14.,49.9380566420601,20.6399999999998));
#4395=CARTESIAN_POINT('Ctrl Pts',(14.,40.1620377613734,20.6399999999998));
#4396=CARTESIAN_POINT('Ctrl Pts',(14.,30.3860188806867,20.6399999999998));
#4397=CARTESIAN_POINT('Ctrl Pts',(14.,20.61,20.6399999999998));
#4398=CARTESIAN_POINT('',(14.,22.01,20.6399999999999));
#4399=CARTESIAN_POINT('',(14.,49.9380566420601,20.6399999999999));
#4400=CARTESIAN_POINT('',(14.,21.26,20.6399999999999));
#4401=CARTESIAN_POINT('',(12.6,49.9380566420601,19.2399999999999));
#4402=CARTESIAN_POINT('Ctrl Pts',(14.,49.9380566420601,20.6399999999998));
#4403=CARTESIAN_POINT('Ctrl Pts',(13.8952802448803,49.9380566420601,20.6399999999998));
#4404=CARTESIAN_POINT('Ctrl Pts',(13.7916830487598,49.9380566420601,20.63952648041));
#4405=CARTESIAN_POINT('Ctrl Pts',(13.6884483488358,49.9380566420601,20.6277539649762));
#4406=CARTESIAN_POINT('Ctrl Pts',(13.5852136489118,49.9380566420601,20.6159814495424));
#4407=CARTESIAN_POINT('Ctrl Pts',(13.4823414451843,49.9380566420601,20.5929099382645));
#4408=CARTESIAN_POINT('Ctrl Pts',(13.3818652021287,49.9380566420601,20.5539843900131));
#4409=CARTESIAN_POINT('Ctrl Pts',(13.2813889590731,49.9380566420601,20.5150588417616));
#4410=CARTESIAN_POINT('Ctrl Pts',(13.1833086766894,49.9380566420601,20.4602792565366));
#4411=CARTESIAN_POINT('Ctrl Pts',(13.0925035542212,49.9380566420601,20.3911019177921));
#4412=CARTESIAN_POINT('Ctrl Pts',(13.0016984317531,49.9380566420601,20.3219245790477));
#4413=CARTESIAN_POINT('Ctrl Pts',(12.9181684692005,49.9380566420601,20.2383494867839));
#4414=CARTESIAN_POINT('Ctrl Pts',(12.8489484685435,49.9380566420601,20.1475036897378));
#4415=CARTESIAN_POINT('Ctrl Pts',(12.7797284678865,49.9380566420601,20.0566578926916));
#4416=CARTESIAN_POINT('Ctrl Pts',(12.7248184291251,49.9380566420601,19.9585413908633));
#4417=CARTESIAN_POINT('Ctrl Pts',(12.6858895439099,49.9380566420601,19.8580697638571));
#4418=CARTESIAN_POINT('Ctrl Pts',(12.6469606586948,49.9380566420601,19.7575981368509));
#4419=CARTESIAN_POINT('Ctrl Pts',(12.624012927026,49.9380566420601,19.654771384667));
#4420=CARTESIAN_POINT('Ctrl Pts',(12.6122727623523,49.9380566420601,19.5515517892341));
#4421=CARTESIAN_POINT('Ctrl Pts',(12.6005325976786,49.9380566420601,19.4483321938013));
#4422=CARTESIAN_POINT('Ctrl Pts',(12.6,49.9380566420601,19.3447197551195));
#4423=CARTESIAN_POINT('Ctrl Pts',(12.6,49.9380566420601,19.2399999999999));
#4424=CARTESIAN_POINT('',(12.6,20.61,19.2399999999999));
#4425=CARTESIAN_POINT('',(12.6,21.26,19.2399999999999));
#4426=CARTESIAN_POINT('Ctrl Pts',(12.6,20.61,19.2399999999999));
#4427=CARTESIAN_POINT('Ctrl Pts',(12.6,20.6134012398994,19.2434012399081));
#4428=CARTESIAN_POINT('Ctrl Pts',(12.6000000003758,20.61679699228,19.2467969922842));
#4429=CARTESIAN_POINT('Ctrl Pts',(12.6000341115051,20.8632730433838,19.4932730432596));
#4430=CARTESIAN_POINT('Ctrl Pts',(12.6024428905268,21.1821566551545,19.8121566551544));
#4431=CARTESIAN_POINT('Ctrl Pts',(12.9216251426176,21.6168082103551,20.2468082103549));
#4432=CARTESIAN_POINT('Ctrl Pts',(13.0312325401417,21.7232613044551,20.3532613031412));
#4433=CARTESIAN_POINT('Ctrl Pts',(13.2857935039338,21.8928229038318,20.5228229027206));
#4434=CARTESIAN_POINT('Ctrl Pts',(13.3999190242124,21.9338677858161,20.5638677874738));
#4435=CARTESIAN_POINT('Ctrl Pts',(13.6635074131387,22.0099999992264,20.6400000007734));
#4436=CARTESIAN_POINT('Ctrl Pts',(13.8368335229034,22.01,20.6399999999998));
#4437=CARTESIAN_POINT('Ctrl Pts',(14.,22.01,20.6399999999998));
#4438=CARTESIAN_POINT('Ctrl Pts',(12.6,20.61,19.2399999999998));
#4439=CARTESIAN_POINT('Ctrl Pts',(12.6,20.61,46.3933333333332));
#4440=CARTESIAN_POINT('Ctrl Pts',(12.6,20.61,73.5466666666666));
#4441=CARTESIAN_POINT('Ctrl Pts',(12.6,20.61,100.7));
#4442=CARTESIAN_POINT('Ctrl Pts',(12.6,20.7147197551197,19.2399999999998));
#4443=CARTESIAN_POINT('Ctrl Pts',(12.6,20.7147197551197,46.3933333333332));
#4444=CARTESIAN_POINT('Ctrl Pts',(12.6,20.7147197551197,73.5466666666666));
#4445=CARTESIAN_POINT('Ctrl Pts',(12.6,20.7147197551197,100.7));
#4446=CARTESIAN_POINT('Ctrl Pts',(12.6011876603646,20.9220018911302,19.2399999999998));
#4447=CARTESIAN_POINT('Ctrl Pts',(12.6011876603646,20.9220018911302,46.3933333333332));
#4448=CARTESIAN_POINT('Ctrl Pts',(12.6011876603646,20.9220018911302,73.5466666666667));
#4449=CARTESIAN_POINT('Ctrl Pts',(12.6011876603646,20.9220018911302,100.7));
#4450=CARTESIAN_POINT('Ctrl Pts',(12.6699177960178,21.2304311292101,19.2399999999998));
#4451=CARTESIAN_POINT('Ctrl Pts',(12.6699177960178,21.2304311292101,46.3933333333332));
#4452=CARTESIAN_POINT('Ctrl Pts',(12.6699177960178,21.2304311292101,73.5466666666667));
#4453=CARTESIAN_POINT('Ctrl Pts',(12.6699177960178,21.2304311292101,100.7));
#4454=CARTESIAN_POINT('Ctrl Pts',(12.8346764381227,21.524791882689,19.2399999999998));
#4455=CARTESIAN_POINT('Ctrl Pts',(12.8346764381227,21.524791882689,46.3933333333332));
#4456=CARTESIAN_POINT('Ctrl Pts',(12.8346764381227,21.524791882689,73.5466666666667));
#4457=CARTESIAN_POINT('Ctrl Pts',(12.8346764381227,21.524791882689,100.7));
#4458=CARTESIAN_POINT('Ctrl Pts',(13.0852422488002,21.7755059843493,19.2399999999998));
#4459=CARTESIAN_POINT('Ctrl Pts',(13.0852422488002,21.7755059843493,46.3933333333333));
#4460=CARTESIAN_POINT('Ctrl Pts',(13.0852422488002,21.7755059843493,73.5466666666666));
#4461=CARTESIAN_POINT('Ctrl Pts',(13.0852422488002,21.7755059843493,100.7));
#4462=CARTESIAN_POINT('Ctrl Pts',(13.3794815690056,21.939842739909,19.2399999999999));
#4463=CARTESIAN_POINT('Ctrl Pts',(13.3794815690056,21.939842739909,46.3933333333332));
#4464=CARTESIAN_POINT('Ctrl Pts',(13.3794815690056,21.939842739909,73.5466666666667));
#4465=CARTESIAN_POINT('Ctrl Pts',(13.3794815690056,21.939842739909,100.7));
#4466=CARTESIAN_POINT('Ctrl Pts',(13.6880929290019,22.0090555475424,19.2399999999998));
#4467=CARTESIAN_POINT('Ctrl Pts',(13.6880929290019,22.0090555475424,46.3933333333332));
#4468=CARTESIAN_POINT('Ctrl Pts',(13.6880929290019,22.0090555475424,73.5466666666666));
#4469=CARTESIAN_POINT('Ctrl Pts',(13.6880929290019,22.0090555475424,100.7));
#4470=CARTESIAN_POINT('Ctrl Pts',(13.8952802448803,22.01,19.2399999999998));
#4471=CARTESIAN_POINT('Ctrl Pts',(13.8952802448803,22.01,46.3933333333332));
#4472=CARTESIAN_POINT('Ctrl Pts',(13.8952802448803,22.01,73.5466666666666));
#4473=CARTESIAN_POINT('Ctrl Pts',(13.8952802448803,22.01,100.7));
#4474=CARTESIAN_POINT('Ctrl Pts',(14.,22.01,19.2399999999998));
#4475=CARTESIAN_POINT('Ctrl Pts',(14.,22.01,46.3933333333332));
#4476=CARTESIAN_POINT('Ctrl Pts',(14.,22.01,73.5466666666666));
#4477=CARTESIAN_POINT('Ctrl Pts',(14.,22.01,100.7));
#4478=CARTESIAN_POINT('',(12.6,20.61,100.7));
#4479=CARTESIAN_POINT('',(12.6,20.61,74.75));
#4480=CARTESIAN_POINT('',(14.,22.01,100.7));
#4481=CARTESIAN_POINT('Ctrl Pts',(14.,22.01,100.7));
#4482=CARTESIAN_POINT('Ctrl Pts',(13.8952802448803,22.01,100.7));
#4483=CARTESIAN_POINT('Ctrl Pts',(13.7916865869411,22.0095277737712,100.7));
#4484=CARTESIAN_POINT('Ctrl Pts',(13.6884545313055,21.9977561927179,100.7));
#4485=CARTESIAN_POINT('Ctrl Pts',(13.5852224756698,21.9859846116646,100.7));
#4486=CARTESIAN_POINT('Ctrl Pts',(13.4823520223377,21.9629136757868,100.7));
#4487=CARTESIAN_POINT('Ctrl Pts',(13.3818769089707,21.9239887485879,100.7));
#4488=CARTESIAN_POINT('Ctrl Pts',(13.2814017956038,21.8850638213891,100.7));
#4489=CARTESIAN_POINT('Ctrl Pts',(13.183322022202,21.8302849028692,100.7));
#4490=CARTESIAN_POINT('Ctrl Pts',(13.0925211670548,21.7611097599992,100.7));
#4491=CARTESIAN_POINT('Ctrl Pts',(13.0017203119077,21.6919346171292,100.7));
#4492=CARTESIAN_POINT('Ctrl Pts',(12.9181983750152,21.6083632499091,100.7));
#4493=CARTESIAN_POINT('Ctrl Pts',(12.8489776328848,21.5175174407192,100.7));
#4494=CARTESIAN_POINT('Ctrl Pts',(12.7797568907544,21.4266716315294,100.7));
#4495=CARTESIAN_POINT('Ctrl Pts',(12.7248373433861,21.3285513803697,100.7));
#4496=CARTESIAN_POINT('Ctrl Pts',(12.6859225470931,21.2280863817766,100.7));
#4497=CARTESIAN_POINT('Ctrl Pts',(12.6470077508,21.1276213831834,100.7));
#4498=CARTESIAN_POINT('Ctrl Pts',(12.6240977055823,21.0248116371568,100.7));
#4499=CARTESIAN_POINT('Ctrl Pts',(12.6123457678823,20.9215862301409,100.7));
#4500=CARTESIAN_POINT('Ctrl Pts',(12.6005938301823,20.8183608231249,100.7));
#4501=CARTESIAN_POINT('Ctrl Pts',(12.6,20.7147197551197,100.7));
#4502=CARTESIAN_POINT('Ctrl Pts',(12.6,20.61,100.7));
#4503=CARTESIAN_POINT('',(14.,22.01,74.75));
#4504=CARTESIAN_POINT('Origin',(11.6000000000001,22.01,20.6399999999999));
#4505=CARTESIAN_POINT('',(30.1000000000002,22.01,20.6399999999999));
#4506=CARTESIAN_POINT('',(20.8500000000001,22.01,20.6399999999999));
#4507=CARTESIAN_POINT('',(30.1,58.11,20.6399999999999));
#4508=CARTESIAN_POINT('',(30.1,24.38,20.6399999999999));
#4509=CARTESIAN_POINT('',(14.,58.11,20.6399999999999));
#4510=CARTESIAN_POINT('',(16.2250000000001,58.11,20.6399999999999));
#4511=CARTESIAN_POINT('',(14.,54.9380566420601,20.6399999999999));
#4512=CARTESIAN_POINT('',(14.,21.26,20.6399999999999));
#4513=CARTESIAN_POINT('',(18.4500000000002,54.9380566420601,20.6399999999999));
#4514=CARTESIAN_POINT('',(12.1000000000002,54.9380566420601,20.6399999999999));
#4515=CARTESIAN_POINT('',(18.4500000000002,49.9380566420601,20.6399999999999));
#4516=CARTESIAN_POINT('',(18.4500000000002,37.2240283210301,20.6399999999999));
#4517=CARTESIAN_POINT('',(12.1000000000002,49.9380566420601,20.6399999999999));
#4518=CARTESIAN_POINT('Origin',(30.1,22.01,100.5));
#4519=CARTESIAN_POINT('',(30.1,22.01,100.7));
#4520=CARTESIAN_POINT('',(12.6,22.01,100.7));
#4521=CARTESIAN_POINT('',(30.1,22.01,74.75));
#4522=CARTESIAN_POINT('Ctrl Pts',(14.,58.11,20.6399999999999));
#4523=CARTESIAN_POINT('Ctrl Pts',(13.9083702142703,58.11,20.6399999999999));
#4524=CARTESIAN_POINT('Ctrl Pts',(13.7269391817823,58.11,20.6394393581835));
#4525=CARTESIAN_POINT('Ctrl Pts',(13.4563452022306,58.11,20.591944060954));
#4526=CARTESIAN_POINT('Ctrl Pts',(13.1937231604411,58.11,20.4749054778909));
#4527=CARTESIAN_POINT('Ctrl Pts',(12.9541680035765,58.11,20.2858319964234));
#4528=CARTESIAN_POINT('Ctrl Pts',(12.765094522109,58.11,20.0462768395588));
#4529=CARTESIAN_POINT('Ctrl Pts',(12.6480559390458,58.11,19.7836547977693));
#4530=CARTESIAN_POINT('Ctrl Pts',(12.6005606418164,58.11,19.5130608182176));
#4531=CARTESIAN_POINT('Ctrl Pts',(12.6,58.11,19.3316297857296));
#4532=CARTESIAN_POINT('Ctrl Pts',(12.6,58.11,19.2399999999999));
#4533=CARTESIAN_POINT('Ctrl Pts',(14.,58.2016297857297,20.6399999999999));
#4534=CARTESIAN_POINT('Ctrl Pts',(13.9097430553284,58.2016427913032,20.6400159434216));
#4535=CARTESIAN_POINT('Ctrl Pts',(13.731336791441,58.2016580630707,20.6395172577249));
#4536=CARTESIAN_POINT('Ctrl Pts',(13.4628099375268,58.2016711582312,20.593947835492));
#4537=CARTESIAN_POINT('Ctrl Pts',(13.197605764679,58.2016760327079,20.4777859602519));
#4538=CARTESIAN_POINT('Ctrl Pts',(12.9538099715742,58.2016776452754,20.2861900284257));
#4539=CARTESIAN_POINT('Ctrl Pts',(12.762214039748,58.2016760327079,20.0423942353209));
#4540=CARTESIAN_POINT('Ctrl Pts',(12.6460521645078,58.2016711582312,19.777190062473));
#4541=CARTESIAN_POINT('Ctrl Pts',(12.6004827422749,58.2016580630707,19.5086632085589));
#4542=CARTESIAN_POINT('Ctrl Pts',(12.5999840565782,58.2016427913032,19.3302569446715));
#4543=CARTESIAN_POINT('Ctrl Pts',(12.6,58.2016297857297,19.2399999999999));
#4544=CARTESIAN_POINT('Ctrl Pts',(14.,58.3830608182178,20.6394393581835));
#4545=CARTESIAN_POINT('Ctrl Pts',(13.9126301611886,58.382998589519,20.6394124210196));
#4546=CARTESIAN_POINT('Ctrl Pts',(13.7406424363089,58.3829130168514,20.638896634137));
#4547=CARTESIAN_POINT('Ctrl Pts',(13.4767802372564,58.3828535923697,20.5970611117256));
#4548=CARTESIAN_POINT('Ctrl Pts',(13.2064643333396,58.3828310892079,20.482770170261));
#4549=CARTESIAN_POINT('Ctrl Pts',(12.9539566953293,58.3828257101121,20.2860433046706));
#4550=CARTESIAN_POINT('Ctrl Pts',(12.7572298297389,58.3828310892079,20.0335356666603));
#4551=CARTESIAN_POINT('Ctrl Pts',(12.6429388882742,58.3828535923697,19.7632197627435));
#4552=CARTESIAN_POINT('Ctrl Pts',(12.6011033658629,58.3829130168514,19.4993575636909));
#4553=CARTESIAN_POINT('Ctrl Pts',(12.6005875789803,58.382998589519,19.3273698388113));
#4554=CARTESIAN_POINT('Ctrl Pts',(12.6005606418164,58.3830608182178,19.2399999999999));
#4555=CARTESIAN_POINT('Ctrl Pts',(14.,58.6536547977695,20.591944060954));
#4556=CARTESIAN_POINT('Ctrl Pts',(13.920610610649,58.6541130006579,20.5919496689953));
#4557=CARTESIAN_POINT('Ctrl Pts',(13.763571204628,58.6547278012075,20.591479685829));
#4558=CARTESIAN_POINT('Ctrl Pts',(13.5141393566449,58.6551235311413,20.5538726189413));
#4559=CARTESIAN_POINT('Ctrl Pts',(13.2469432980554,58.655254780017,20.4439426118507));
#4560=CARTESIAN_POINT('Ctrl Pts',(12.9927655961968,58.6552811105896,20.247234403803));
#4561=CARTESIAN_POINT('Ctrl Pts',(12.7960573881492,58.6552547800169,19.9930567019445));
#4562=CARTESIAN_POINT('Ctrl Pts',(12.6861273810586,58.6551235311412,19.725860643355));
#4563=CARTESIAN_POINT('Ctrl Pts',(12.6485203141709,58.6547278012075,19.4764287953719));
#4564=CARTESIAN_POINT('Ctrl Pts',(12.6480503310046,58.6541130006579,19.3193893893509));
#4565=CARTESIAN_POINT('Ctrl Pts',(12.6480559390459,58.6536547977695,19.2399999999999));
#4566=CARTESIAN_POINT('Ctrl Pts',(14.,58.916276839559,20.4749054778909));
#4567=CARTESIAN_POINT('Ctrl Pts',(13.9329050938153,58.9194120268804,20.473398893027));
#4568=CARTESIAN_POINT('Ctrl Pts',(13.7971625607588,58.9235709410216,20.4708815843606));
#4569=CARTESIAN_POINT('Ctrl Pts',(13.5728739145758,58.9261321783562,20.4355505976911));
#4570=CARTESIAN_POINT('Ctrl Pts',(13.325946275619,58.9269105741927,20.3339597907022));
#4571=CARTESIAN_POINT('Ctrl Pts',(13.0890787172713,58.9270437748057,20.1509212827286));
#4572=CARTESIAN_POINT('Ctrl Pts',(12.9060402092977,58.9269105741927,19.9140537243809));
#4573=CARTESIAN_POINT('Ctrl Pts',(12.8044494023088,58.9261321783562,19.667126085424));
#4574=CARTESIAN_POINT('Ctrl Pts',(12.7691184156393,58.9235709410216,19.442837439241));
#4575=CARTESIAN_POINT('Ctrl Pts',(12.7666011069729,58.9194120268804,19.3070949061846));
#4576=CARTESIAN_POINT('Ctrl Pts',(12.765094522109,58.916276839559,19.2399999999999));
#4577=CARTESIAN_POINT('Ctrl Pts',(14.,59.1558319964236,20.2858319964234));
#4578=CARTESIAN_POINT('Ctrl Pts',(13.948259433445,59.1621596413352,20.2800901468621));
#4579=CARTESIAN_POINT('Ctrl Pts',(13.8389070029975,59.1704357172514,20.2719416209162));
#4580=CARTESIAN_POINT('Ctrl Pts',(13.6508445338426,59.1753094107734,20.2376991249073));
#4581=CARTESIAN_POINT('Ctrl Pts',(13.4423853953161,59.176635532731,20.1505547629874));
#4582=CARTESIAN_POINT('Ctrl Pts',(13.2432452613977,59.1768114012949,19.9967547386021));
#4583=CARTESIAN_POINT('Ctrl Pts',(13.0894452370125,59.176635532731,19.7976146046837));
#4584=CARTESIAN_POINT('Ctrl Pts',(13.0023008750926,59.1753094107734,19.5891554661573));
#4585=CARTESIAN_POINT('Ctrl Pts',(12.9680583790836,59.1704357172514,19.4010929970023));
#4586=CARTESIAN_POINT('Ctrl Pts',(12.9599098531378,59.1621596413352,19.2917405665549));
#4587=CARTESIAN_POINT('Ctrl Pts',(12.9541680035765,59.1558319964236,19.2399999999999));
#4588=CARTESIAN_POINT('Ctrl Pts',(14.,59.344905477891,20.0462768395588));
#4589=CARTESIAN_POINT('Ctrl Pts',(13.9644631538406,59.3521481324113,20.0350830331691));
#4590=CARTESIAN_POINT('Ctrl Pts',(13.8840749583152,59.3612770032259,20.0197961749836));
#4591=CARTESIAN_POINT('Ctrl Pts',(13.740241223678,59.3659922142686,19.9871603002346));
#4592=CARTESIAN_POINT('Ctrl Pts',(13.5827359405292,59.3667950877379,19.9194127062587));
#4593=CARTESIAN_POINT('Ctrl Pts',(13.4347588217159,59.3667249844405,19.8052411782839));
#4594=CARTESIAN_POINT('Ctrl Pts',(13.3205872937411,59.3667950877379,19.6572640594706));
#4595=CARTESIAN_POINT('Ctrl Pts',(13.2528396997653,59.3659922142686,19.4997587763219));
#4596=CARTESIAN_POINT('Ctrl Pts',(13.2202038250162,59.3612770032259,19.3559250416846));
#4597=CARTESIAN_POINT('Ctrl Pts',(13.2049169668308,59.3521481324113,19.2755368461592));
#4598=CARTESIAN_POINT('Ctrl Pts',(13.1937231604411,59.344905477891,19.2399999999999));
#4599=CARTESIAN_POINT('Ctrl Pts',(14.,59.4619440609542,19.7836547977693));
#4600=CARTESIAN_POINT('Ctrl Pts',(13.9792159322349,59.4659587235547,19.769797773097));
#4601=CARTESIAN_POINT('Ctrl Pts',(13.9276279146874,59.4705736451589,19.7514673368986));
#4602=CARTESIAN_POINT('Ctrl Pts',(13.8313154613538,59.4720806540234,19.7243065370724));
#4603=CARTESIAN_POINT('Ctrl Pts',(13.7283146958111,59.4716081891024,19.6785358293208));
#4604=CARTESIAN_POINT('Ctrl Pts',(13.634030037514,59.4712216855401,19.6059699624859));
#4605=CARTESIAN_POINT('Ctrl Pts',(13.561464170679,59.4716081891024,19.5116853041887));
#4606=CARTESIAN_POINT('Ctrl Pts',(13.5156934629275,59.4720806540234,19.4086845386461));
#4607=CARTESIAN_POINT('Ctrl Pts',(13.4885326631013,59.4705736451588,19.3123720853124));
#4608=CARTESIAN_POINT('Ctrl Pts',(13.4702022269029,59.4659587235547,19.260784067765));
#4609=CARTESIAN_POINT('Ctrl Pts',(13.4563452022306,59.4619440609542,19.2399999999999));
#4610=CARTESIAN_POINT('Ctrl Pts',(14.,59.5094393581836,19.5130608182176));
#4611=CARTESIAN_POINT('Ctrl Pts',(13.9909974364296,59.5095517767296,19.5038193720145));
#4612=CARTESIAN_POINT('Ctrl Pts',(13.9661463382458,59.5095975060149,19.4920495543162));
#4613=CARTESIAN_POINT('Ctrl Pts',(13.9175243200767,59.5094260475506,19.4768393357586));
#4614=CARTESIAN_POINT('Ctrl Pts',(13.8665901327061,59.5092361410391,19.4537902748328));
#4615=CARTESIAN_POINT('Ctrl Pts',(13.8210987829862,59.509158019005,19.4189012170136));
#4616=CARTESIAN_POINT('Ctrl Pts',(13.786209725167,59.5092361410391,19.3734098672938));
#4617=CARTESIAN_POINT('Ctrl Pts',(13.7631606642413,59.5094260475505,19.3224756799232));
#4618=CARTESIAN_POINT('Ctrl Pts',(13.7479504456837,59.5095975060149,19.273853661754));
#4619=CARTESIAN_POINT('Ctrl Pts',(13.7361806279854,59.5095517767296,19.2490025635702));
#4620=CARTESIAN_POINT('Ctrl Pts',(13.7269391817822,59.5094393581836,19.2399999999998));
#4621=CARTESIAN_POINT('Ctrl Pts',(14.,59.51,19.3316297857296));
#4622=CARTESIAN_POINT('Ctrl Pts',(13.997015244785,59.5099991987871,19.3286515953057));
#4623=CARTESIAN_POINT('Ctrl Pts',(13.9886490543376,59.5100139882924,19.3249561726583));
#4624=CARTESIAN_POINT('Ctrl Pts',(13.9721335392412,59.510065090791,19.3200763424896));
#4625=CARTESIAN_POINT('Ctrl Pts',(13.9548227322327,59.5101067148807,19.3123899434213));
#4626=CARTESIAN_POINT('Ctrl Pts',(13.9393924197564,59.5101232355989,19.3006075802435));
#4627=CARTESIAN_POINT('Ctrl Pts',(13.9276100565786,59.5101067148806,19.2851772677671));
#4628=CARTESIAN_POINT('Ctrl Pts',(13.9199236575103,59.5100650907909,19.2678664607586));
#4629=CARTESIAN_POINT('Ctrl Pts',(13.9150438273416,59.5100139882924,19.2513509456623));
#4630=CARTESIAN_POINT('Ctrl Pts',(13.9113484046941,59.5099991987871,19.2429847552148));
#4631=CARTESIAN_POINT('Ctrl Pts',(13.9083702142703,59.51,19.2399999999998));
#4632=CARTESIAN_POINT('Ctrl Pts',(14.,59.51,19.2399999999999));
#4633=CARTESIAN_POINT('Ctrl Pts',(14.,59.51,19.2399999999999));
#4634=CARTESIAN_POINT('Ctrl Pts',(14.,59.51,19.2399999999999));
#4635=CARTESIAN_POINT('Ctrl Pts',(14.,59.51,19.2399999999999));
#4636=CARTESIAN_POINT('Ctrl Pts',(14.,59.51,19.2399999999999));
#4637=CARTESIAN_POINT('Ctrl Pts',(14.,59.51,19.2399999999999));
#4638=CARTESIAN_POINT('Ctrl Pts',(14.,59.51,19.2399999999999));
#4639=CARTESIAN_POINT('Ctrl Pts',(14.,59.51,19.2399999999999));
#4640=CARTESIAN_POINT('Ctrl Pts',(14.,59.51,19.2399999999998));
#4641=CARTESIAN_POINT('Ctrl Pts',(14.,59.51,19.2399999999998));
#4642=CARTESIAN_POINT('Ctrl Pts',(14.,59.51,19.2399999999998));
#4643=CARTESIAN_POINT('',(12.6,58.11,19.2399999999999));
#4644=CARTESIAN_POINT('Ctrl Pts',(12.6,58.11,19.2399999999999));
#4645=CARTESIAN_POINT('Ctrl Pts',(12.6,58.11,19.3447197551195));
#4646=CARTESIAN_POINT('Ctrl Pts',(12.601065339421,58.11,19.5519445192869));
#4647=CARTESIAN_POINT('Ctrl Pts',(12.6699083834693,58.11,19.8604246365125));
#4648=CARTESIAN_POINT('Ctrl Pts',(12.8346386219881,58.11,20.1547740605217));
#4649=CARTESIAN_POINT('Ctrl Pts',(13.0852283230509,58.11,20.4054992237394));
#4650=CARTESIAN_POINT('Ctrl Pts',(13.3794689941371,58.11,20.5698377380842));
#4651=CARTESIAN_POINT('Ctrl Pts',(13.6880856991536,58.11,20.6390525196967));
#4652=CARTESIAN_POINT('Ctrl Pts',(13.8952802448803,58.11,20.6399999999998));
#4653=CARTESIAN_POINT('Ctrl Pts',(14.,58.11,20.6399999999998));
#4654=CARTESIAN_POINT('',(14.,59.51,19.2399999999999));
#4655=CARTESIAN_POINT('Ctrl Pts',(14.,58.11,20.6399999999999));
#4656=CARTESIAN_POINT('Ctrl Pts',(14.,58.2147197551197,20.6399999999999));
#4657=CARTESIAN_POINT('Ctrl Pts',(14.,58.422001417879,20.6388137831469));
#4658=CARTESIAN_POINT('Ctrl Pts',(14.,58.730431106776,20.5700830044492));
#4659=CARTESIAN_POINT('Ctrl Pts',(14.,59.024791875256,20.4053250110318));
#4660=CARTESIAN_POINT('Ctrl Pts',(14.,59.2755063691031,20.1547585164224));
#4661=CARTESIAN_POINT('Ctrl Pts',(14.,59.4398437101102,19.8605186812729));
#4662=CARTESIAN_POINT('Ctrl Pts',(14.,59.5090561341212,19.5519073002636));
#4663=CARTESIAN_POINT('Ctrl Pts',(14.,59.51,19.3447197551195));
#4664=CARTESIAN_POINT('Ctrl Pts',(14.,59.51,19.2399999999999));
#4665=CARTESIAN_POINT('Ctrl Pts',(14.,59.51,19.2399999999999));
#4666=CARTESIAN_POINT('Ctrl Pts',(13.8952802448803,59.51,19.2399999999999));
#4667=CARTESIAN_POINT('Ctrl Pts',(13.6880856991536,59.5090525196968,19.2399999999999));
#4668=CARTESIAN_POINT('Ctrl Pts',(13.3794689941371,59.4398377380843,19.2399999999998));
#4669=CARTESIAN_POINT('Ctrl Pts',(13.0852283230509,59.2754992237396,19.2399999999999));
#4670=CARTESIAN_POINT('Ctrl Pts',(12.8346386219881,59.0247740605218,19.2399999999999));
#4671=CARTESIAN_POINT('Ctrl Pts',(12.6699083834693,58.7304246365127,19.2399999999999));
#4672=CARTESIAN_POINT('Ctrl Pts',(12.601065339421,58.4219445192871,19.2399999999999));
#4673=CARTESIAN_POINT('Ctrl Pts',(12.6,58.2147197551197,19.2399999999999));
#4674=CARTESIAN_POINT('Ctrl Pts',(12.6,58.11,19.2399999999999));
#4675=CARTESIAN_POINT('Ctrl Pts',(14.,58.11,20.6399999999999));
#4676=CARTESIAN_POINT('Ctrl Pts',(19.3666666666667,58.11,20.6399999999999));
#4677=CARTESIAN_POINT('Ctrl Pts',(24.7333333333333,58.11,20.6399999999999));
#4678=CARTESIAN_POINT('Ctrl Pts',(30.1,58.11,20.6399999999999));
#4679=CARTESIAN_POINT('Ctrl Pts',(14.,58.2147197551197,20.6399999999999));
#4680=CARTESIAN_POINT('Ctrl Pts',(19.3666666666667,58.2147197551197,20.6399999999999));
#4681=CARTESIAN_POINT('Ctrl Pts',(24.7333333333333,58.2147197551197,20.6399999999999));
#4682=CARTESIAN_POINT('Ctrl Pts',(30.1,58.2147197551197,20.6399999999999));
#4683=CARTESIAN_POINT('Ctrl Pts',(14.,58.422001417879,20.6388137831469));
#4684=CARTESIAN_POINT('Ctrl Pts',(19.3666666666667,58.422001417879,20.6388137831469));
#4685=CARTESIAN_POINT('Ctrl Pts',(24.7333333333333,58.422001417879,20.6388137831469));
#4686=CARTESIAN_POINT('Ctrl Pts',(30.1,58.422001417879,20.6388137831469));
#4687=CARTESIAN_POINT('Ctrl Pts',(14.,58.730431106776,20.5700830044492));
#4688=CARTESIAN_POINT('Ctrl Pts',(19.3666666666667,58.730431106776,20.5700830044492));
#4689=CARTESIAN_POINT('Ctrl Pts',(24.7333333333333,58.730431106776,20.5700830044492));
#4690=CARTESIAN_POINT('Ctrl Pts',(30.1,58.730431106776,20.5700830044492));
#4691=CARTESIAN_POINT('Ctrl Pts',(14.,59.024791875256,20.4053250110318));
#4692=CARTESIAN_POINT('Ctrl Pts',(19.3666666666667,59.024791875256,20.4053250110318));
#4693=CARTESIAN_POINT('Ctrl Pts',(24.7333333333333,59.024791875256,20.4053250110318));
#4694=CARTESIAN_POINT('Ctrl Pts',(30.1,59.024791875256,20.4053250110318));
#4695=CARTESIAN_POINT('Ctrl Pts',(14.,59.2755063691031,20.1547585164224));
#4696=CARTESIAN_POINT('Ctrl Pts',(19.3666666666667,59.2755063691031,20.1547585164224));
#4697=CARTESIAN_POINT('Ctrl Pts',(24.7333333333333,59.2755063691031,20.1547585164224));
#4698=CARTESIAN_POINT('Ctrl Pts',(30.1,59.2755063691031,20.1547585164224));
#4699=CARTESIAN_POINT('Ctrl Pts',(14.,59.4398437101102,19.8605186812729));
#4700=CARTESIAN_POINT('Ctrl Pts',(19.3666666666667,59.4398437101102,19.8605186812729));
#4701=CARTESIAN_POINT('Ctrl Pts',(24.7333333333333,59.4398437101102,19.8605186812729));
#4702=CARTESIAN_POINT('Ctrl Pts',(30.1,59.4398437101102,19.8605186812729));
#4703=CARTESIAN_POINT('Ctrl Pts',(14.,59.5090561341212,19.5519073002636));
#4704=CARTESIAN_POINT('Ctrl Pts',(19.3666666666667,59.5090561341212,19.5519073002636));
#4705=CARTESIAN_POINT('Ctrl Pts',(24.7333333333333,59.5090561341212,19.5519073002636));
#4706=CARTESIAN_POINT('Ctrl Pts',(30.1,59.5090561341212,19.5519073002636));
#4707=CARTESIAN_POINT('Ctrl Pts',(14.,59.51,19.3447197551195));
#4708=CARTESIAN_POINT('Ctrl Pts',(19.3666666666667,59.51,19.3447197551195));
#4709=CARTESIAN_POINT('Ctrl Pts',(24.7333333333333,59.51,19.3447197551195));
#4710=CARTESIAN_POINT('Ctrl Pts',(30.1,59.51,19.3447197551195));
#4711=CARTESIAN_POINT('Ctrl Pts',(14.,59.51,19.2399999999999));
#4712=CARTESIAN_POINT('Ctrl Pts',(19.3666666666667,59.51,19.2399999999999));
#4713=CARTESIAN_POINT('Ctrl Pts',(24.7333333333333,59.51,19.2399999999999));
#4714=CARTESIAN_POINT('Ctrl Pts',(30.1,59.51,19.2399999999999));
#4715=CARTESIAN_POINT('',(30.1,59.51,19.2399999999999));
#4716=CARTESIAN_POINT('Ctrl Pts',(30.1,59.51,19.2399999999999));
#4717=CARTESIAN_POINT('Ctrl Pts',(30.1,59.51,19.3447197551195));
#4718=CARTESIAN_POINT('Ctrl Pts',(30.1,59.5095280670606,19.4483135276915));
#4719=CARTESIAN_POINT('Ctrl Pts',(30.1,59.4977566965891,19.5515456441458));
#4720=CARTESIAN_POINT('Ctrl Pts',(30.1,59.4859853261175,19.6547777606));
#4721=CARTESIAN_POINT('Ctrl Pts',(30.1,59.4629145181138,19.7576482209364));
#4722=CARTESIAN_POINT('Ctrl Pts',(30.1,59.4239895572775,19.8581234236296));
#4723=CARTESIAN_POINT('Ctrl Pts',(30.1,59.3850645964412,19.9585986263227));
#4724=CARTESIAN_POINT('Ctrl Pts',(30.1,59.3302854827721,20.0566785713725));
#4725=CARTESIAN_POINT('Ctrl Pts',(30.1,59.2611101769631,20.1474796263324));
#4726=CARTESIAN_POINT('Ctrl Pts',(30.1,59.191934871154,20.2382806812922));
#4727=CARTESIAN_POINT('Ctrl Pts',(30.1,59.108363373205,20.321802846162));
#4728=CARTESIAN_POINT('Ctrl Pts',(30.1,59.0175174961505,20.3910235941665));
#4729=CARTESIAN_POINT('Ctrl Pts',(30.1,58.926671619096,20.4602443421709));
#4730=CARTESIAN_POINT('Ctrl Pts',(30.1,58.828551362936,20.5151636733101));
#4731=CARTESIAN_POINT('Ctrl Pts',(30.1,58.7280862867065,20.5540784686626));
#4732=CARTESIAN_POINT('Ctrl Pts',(30.1,58.627621210477,20.5929932640151));
#4733=CARTESIAN_POINT('Ctrl Pts',(30.1,58.524811314178,20.615903523581));
#4734=CARTESIAN_POINT('Ctrl Pts',(30.1,58.4215859503387,20.6276552075772));
#4735=CARTESIAN_POINT('Ctrl Pts',(30.1,58.3183605864993,20.6394068915734));
#4736=CARTESIAN_POINT('Ctrl Pts',(30.1,58.2147197551197,20.6399999999999));
#4737=CARTESIAN_POINT('Ctrl Pts',(30.1,58.11,20.6399999999999));
#4738=CARTESIAN_POINT('',(16.2250000000001,59.51,19.2399999999999));
#4739=CARTESIAN_POINT('Ctrl Pts',(12.6,58.11,-1.85002311465269));
#4740=CARTESIAN_POINT('Ctrl Pts',(12.6,58.11,5.17998459023149));
#4741=CARTESIAN_POINT('Ctrl Pts',(12.6,58.11,12.2099922951157));
#4742=CARTESIAN_POINT('Ctrl Pts',(12.6,58.11,19.2399999999999));
#4743=CARTESIAN_POINT('Ctrl Pts',(12.6,58.2147197551197,-1.85002311465269));
#4744=CARTESIAN_POINT('Ctrl Pts',(12.6,58.2147197551197,5.17998459023151));
#4745=CARTESIAN_POINT('Ctrl Pts',(12.6,58.2147197551197,12.2099922951157));
#4746=CARTESIAN_POINT('Ctrl Pts',(12.6,58.2147197551197,19.2399999999999));
#4747=CARTESIAN_POINT('Ctrl Pts',(12.601065339421,58.4219445192871,-1.85002311465269));
#4748=CARTESIAN_POINT('Ctrl Pts',(12.601065339421,58.4219445192871,5.17998459023148));
#4749=CARTESIAN_POINT('Ctrl Pts',(12.601065339421,58.4219445192871,12.2099922951157));
#4750=CARTESIAN_POINT('Ctrl Pts',(12.601065339421,58.4219445192871,19.2399999999999));
#4751=CARTESIAN_POINT('Ctrl Pts',(12.6699083834693,58.7304246365127,-1.85002311465269));
#4752=CARTESIAN_POINT('Ctrl Pts',(12.6699083834693,58.7304246365127,5.17998459023151));
#4753=CARTESIAN_POINT('Ctrl Pts',(12.6699083834693,58.7304246365127,12.2099922951157));
#4754=CARTESIAN_POINT('Ctrl Pts',(12.6699083834693,58.7304246365127,19.2399999999999));
#4755=CARTESIAN_POINT('Ctrl Pts',(12.8346386219881,59.0247740605218,-1.85002311465269));
#4756=CARTESIAN_POINT('Ctrl Pts',(12.8346386219881,59.0247740605218,5.17998459023148));
#4757=CARTESIAN_POINT('Ctrl Pts',(12.8346386219881,59.0247740605218,12.2099922951157));
#4758=CARTESIAN_POINT('Ctrl Pts',(12.8346386219881,59.0247740605218,19.2399999999999));
#4759=CARTESIAN_POINT('Ctrl Pts',(13.0852283230509,59.2754992237396,-1.85002311465268));
#4760=CARTESIAN_POINT('Ctrl Pts',(13.0852283230509,59.2754992237396,5.17998459023151));
#4761=CARTESIAN_POINT('Ctrl Pts',(13.0852283230509,59.2754992237396,12.2099922951157));
#4762=CARTESIAN_POINT('Ctrl Pts',(13.0852283230509,59.2754992237396,19.2399999999999));
#4763=CARTESIAN_POINT('Ctrl Pts',(13.3794689941371,59.4398377380843,-1.85002311465268));
#4764=CARTESIAN_POINT('Ctrl Pts',(13.3794689941371,59.4398377380843,5.17998459023149));
#4765=CARTESIAN_POINT('Ctrl Pts',(13.3794689941371,59.4398377380843,12.2099922951157));
#4766=CARTESIAN_POINT('Ctrl Pts',(13.3794689941371,59.4398377380843,19.2399999999998));
#4767=CARTESIAN_POINT('Ctrl Pts',(13.6880856991536,59.5090525196968,-1.85002311465268));
#4768=CARTESIAN_POINT('Ctrl Pts',(13.6880856991536,59.5090525196968,5.1799845902315));
#4769=CARTESIAN_POINT('Ctrl Pts',(13.6880856991536,59.5090525196968,12.2099922951157));
#4770=CARTESIAN_POINT('Ctrl Pts',(13.6880856991536,59.5090525196968,19.2399999999999));
#4771=CARTESIAN_POINT('Ctrl Pts',(13.8952802448803,59.51,-1.85002311465268));
#4772=CARTESIAN_POINT('Ctrl Pts',(13.8952802448803,59.51,5.17998459023149));
#4773=CARTESIAN_POINT('Ctrl Pts',(13.8952802448803,59.51,12.2099922951157));
#4774=CARTESIAN_POINT('Ctrl Pts',(13.8952802448803,59.51,19.2399999999999));
#4775=CARTESIAN_POINT('Ctrl Pts',(14.,59.51,-1.85002311465268));
#4776=CARTESIAN_POINT('Ctrl Pts',(14.,59.51,5.1799845902315));
#4777=CARTESIAN_POINT('Ctrl Pts',(14.,59.51,12.2099922951157));
#4778=CARTESIAN_POINT('Ctrl Pts',(14.,59.51,19.2399999999999));
#4779=CARTESIAN_POINT('',(14.,59.51,-0.449999999999755));
#4780=CARTESIAN_POINT('',(12.6,58.11,-1.85000000000018));
#4781=CARTESIAN_POINT('Ctrl Pts',(12.6,58.11,-1.85000000000018));
#4782=CARTESIAN_POINT('Ctrl Pts',(12.6,58.2731763540881,-1.85000000000018));
#4783=CARTESIAN_POINT('Ctrl Pts',(12.6,58.4465143247994,-1.85000000000018));
#4784=CARTESIAN_POINT('Ctrl Pts',(12.6761384959241,58.7100935967685,-1.77386150407608));
#4785=CARTESIAN_POINT('Ctrl Pts',(12.7171749653974,58.8241946509193,-1.73282503460277));
#4786=CARTESIAN_POINT('Ctrl Pts',(12.8866883918267,59.0787003110105,-1.56331160817342));
#4787=CARTESIAN_POINT('Ctrl Pts',(12.9930918207221,59.1882711997272,-1.45690817927797));
#4788=CARTESIAN_POINT('Ctrl Pts',(13.2764539394264,59.3964286976298,-1.17354606057357));
#4789=CARTESIAN_POINT('Ctrl Pts',(13.4336964400863,59.4483409716833,-1.01630355991357));
#4790=CARTESIAN_POINT('Ctrl Pts',(13.7048244272647,59.51,-0.745175572735104));
#4791=CARTESIAN_POINT('Ctrl Pts',(13.8558838189205,59.51,-0.594116181079259));
#4792=CARTESIAN_POINT('Ctrl Pts',(14.,59.51,-0.44999999999976));
#4793=CARTESIAN_POINT('',(12.6,58.11,32.3199999999999));
#4794=CARTESIAN_POINT('',(14.,59.51,32.3199999999999));
#4795=CARTESIAN_POINT('Ctrl Pts',(12.6,58.11,19.2399999999999));
#4796=CARTESIAN_POINT('Ctrl Pts',(12.6,57.0526855473534,19.2399999999999));
#4797=CARTESIAN_POINT('Ctrl Pts',(12.6,55.9953710947067,19.2399999999999));
#4798=CARTESIAN_POINT('Ctrl Pts',(12.6,54.9380566420601,19.2399999999999));
#4799=CARTESIAN_POINT('Ctrl Pts',(12.6,58.11,19.3447197551195));
#4800=CARTESIAN_POINT('Ctrl Pts',(12.6,57.0526855473534,19.3447197551195));
#4801=CARTESIAN_POINT('Ctrl Pts',(12.6,55.9953710947067,19.3447197551195));
#4802=CARTESIAN_POINT('Ctrl Pts',(12.6,54.9380566420601,19.3447197551195));
#4803=CARTESIAN_POINT('Ctrl Pts',(12.601065339421,58.11,19.5519445192869));
#4804=CARTESIAN_POINT('Ctrl Pts',(12.601065339421,57.0526855473534,19.5519445192869));
#4805=CARTESIAN_POINT('Ctrl Pts',(12.601065339421,55.9953710947067,19.5519445192869));
#4806=CARTESIAN_POINT('Ctrl Pts',(12.601065339421,54.9380566420601,19.5519445192869));
#4807=CARTESIAN_POINT('Ctrl Pts',(12.6699083834693,58.11,19.8604246365125));
#4808=CARTESIAN_POINT('Ctrl Pts',(12.6699083834693,57.0526855473534,19.8604246365125));
#4809=CARTESIAN_POINT('Ctrl Pts',(12.6699083834693,55.9953710947067,19.8604246365125));
#4810=CARTESIAN_POINT('Ctrl Pts',(12.6699083834693,54.9380566420601,19.8604246365125));
#4811=CARTESIAN_POINT('Ctrl Pts',(12.8346386219881,58.11,20.1547740605217));
#4812=CARTESIAN_POINT('Ctrl Pts',(12.8346386219881,57.0526855473534,20.1547740605217));
#4813=CARTESIAN_POINT('Ctrl Pts',(12.8346386219881,55.9953710947067,20.1547740605217));
#4814=CARTESIAN_POINT('Ctrl Pts',(12.8346386219881,54.9380566420601,20.1547740605217));
#4815=CARTESIAN_POINT('Ctrl Pts',(13.0852283230509,58.11,20.4054992237394));
#4816=CARTESIAN_POINT('Ctrl Pts',(13.0852283230509,57.0526855473534,20.4054992237394));
#4817=CARTESIAN_POINT('Ctrl Pts',(13.0852283230509,55.9953710947067,20.4054992237394));
#4818=CARTESIAN_POINT('Ctrl Pts',(13.0852283230509,54.9380566420601,20.4054992237394));
#4819=CARTESIAN_POINT('Ctrl Pts',(13.3794689941371,58.11,20.5698377380842));
#4820=CARTESIAN_POINT('Ctrl Pts',(13.3794689941371,57.0526855473534,20.5698377380842));
#4821=CARTESIAN_POINT('Ctrl Pts',(13.3794689941371,55.9953710947067,20.5698377380842));
#4822=CARTESIAN_POINT('Ctrl Pts',(13.3794689941371,54.9380566420601,20.5698377380842));
#4823=CARTESIAN_POINT('Ctrl Pts',(13.6880856991536,58.11,20.6390525196967));
#4824=CARTESIAN_POINT('Ctrl Pts',(13.6880856991536,57.0526855473534,20.6390525196967));
#4825=CARTESIAN_POINT('Ctrl Pts',(13.6880856991536,55.9953710947067,20.6390525196967));
#4826=CARTESIAN_POINT('Ctrl Pts',(13.6880856991536,54.9380566420601,20.6390525196967));
#4827=CARTESIAN_POINT('Ctrl Pts',(13.8952802448803,58.11,20.6399999999998));
#4828=CARTESIAN_POINT('Ctrl Pts',(13.8952802448803,57.0526855473534,20.6399999999998));
#4829=CARTESIAN_POINT('Ctrl Pts',(13.8952802448803,55.9953710947067,20.6399999999998));
#4830=CARTESIAN_POINT('Ctrl Pts',(13.8952802448803,54.9380566420601,20.6399999999998));
#4831=CARTESIAN_POINT('Ctrl Pts',(14.,58.11,20.6399999999998));
#4832=CARTESIAN_POINT('Ctrl Pts',(14.,57.0526855473534,20.6399999999998));
#4833=CARTESIAN_POINT('Ctrl Pts',(14.,55.9953710947067,20.6399999999998));
#4834=CARTESIAN_POINT('Ctrl Pts',(14.,54.9380566420601,20.6399999999998));
#4835=CARTESIAN_POINT('',(12.6,54.9380566420601,19.2399999999999));
#4836=CARTESIAN_POINT('Ctrl Pts',(12.6,54.9380566420601,19.2399999999999));
#4837=CARTESIAN_POINT('Ctrl Pts',(12.6,54.9380566420601,19.3447197551195));
#4838=CARTESIAN_POINT('Ctrl Pts',(12.6005326697105,54.9380566420601,19.4483321372032));
#4839=CARTESIAN_POINT('Ctrl Pts',(12.6122728452405,54.9380566420601,19.551551681116));
#4840=CARTESIAN_POINT('Ctrl Pts',(12.6240130207704,54.9380566420601,19.6547712250288));
#4841=CARTESIAN_POINT('Ctrl Pts',(12.6469607021199,54.9380566420601,19.7575979307706));
#4842=CARTESIAN_POINT('Ctrl Pts',(12.6858895825477,54.9380566420601,19.8580695209764));
#4843=CARTESIAN_POINT('Ctrl Pts',(12.7248184629756,54.9380566420601,19.9585411111822));
#4844=CARTESIAN_POINT('Ctrl Pts',(12.7797285424819,54.9380566420601,20.0566575858519));
#4845=CARTESIAN_POINT('Ctrl Pts',(12.8489485324121,54.9380566420601,20.1475033503898));
#4846=CARTESIAN_POINT('Ctrl Pts',(12.9181685223424,54.9380566420601,20.2383491149276));
#4847=CARTESIAN_POINT('Ctrl Pts',(13.0016984226967,54.9380566420601,20.3219241693335));
#4848=CARTESIAN_POINT('Ctrl Pts',(13.0925034847215,54.9380566420601,20.3911014489273));
#4849=CARTESIAN_POINT('Ctrl Pts',(13.1833085467463,54.9380566420601,20.460278728521));
#4850=CARTESIAN_POINT('Ctrl Pts',(13.2813887704417,54.9380566420601,20.5150582333026));
#4851=CARTESIAN_POINT('Ctrl Pts',(13.3818649997921,54.9380566420601,20.5539837826288));
#4852=CARTESIAN_POINT('Ctrl Pts',(13.4823412291426,54.9380566420601,20.592909331955));
#4853=CARTESIAN_POINT('Ctrl Pts',(13.5852134641481,54.9380566420601,20.6159809258258));
#4854=CARTESIAN_POINT('Ctrl Pts',(13.6884482180826,54.9380566420601,20.6277535928371));
#4855=CARTESIAN_POINT('Ctrl Pts',(13.791682972017,54.9380566420601,20.6395262598483));
#4856=CARTESIAN_POINT('Ctrl Pts',(13.8952802448803,54.9380566420601,20.6399999999998));
#4857=CARTESIAN_POINT('Ctrl Pts',(14.,54.9380566420601,20.6399999999998));
#4858=CARTESIAN_POINT('',(12.6,21.26,19.2399999999999));
#4859=CARTESIAN_POINT('Origin',(12.6000000000002,54.9380566420601,13.6399999999999));
#4860=CARTESIAN_POINT('',(12.6,54.9380566420601,13.3731032659329));
#4861=CARTESIAN_POINT('',(12.6,54.9380566420601,31.3199999999999));
#4862=CARTESIAN_POINT('',(12.8025075308955,54.9380566420601,13.1203948168189));
#4863=CARTESIAN_POINT('Ctrl Pts',(12.8025075308955,54.9380566420601,13.1203948168189));
#4864=CARTESIAN_POINT('Ctrl Pts',(12.7040309605807,54.9380566420601,13.2445235402849));
#4865=CARTESIAN_POINT('Ctrl Pts',(12.6,54.9380566420601,13.3731032659329));
#4866=CARTESIAN_POINT('',(16.7500000000002,54.9380566420601,13.1203948168189));
#4867=CARTESIAN_POINT('',(40.1,54.9380566420601,13.1203948168189));
#4868=CARTESIAN_POINT('',(16.7500000000002,54.9380566420601,18.9399999999999));
#4869=CARTESIAN_POINT('',(16.7500000000002,54.9380566420601,15.3899999999999));
#4870=CARTESIAN_POINT('',(15.0250000000002,54.9380566420601,17.2149999999999));
#4871=CARTESIAN_POINT('Origin',(17.1750000000002,50.3630566420601,18.8899999999999));
#4872=CARTESIAN_POINT('',(17.1750000000003,50.3630566420602,14.9149999999999));
#4873=CARTESIAN_POINT('',(16.7500000000002,49.9380566420601,14.4899999999998));
#4874=CARTESIAN_POINT('',(19.0833333333335,52.2713899753934,16.8233333333331));
#4875=CARTESIAN_POINT('',(16.7500000000002,49.9380566420601,18.9399999999999));
#4876=CARTESIAN_POINT('',(16.7500000000002,49.9380566420601,18.8899999999999));
#4877=CARTESIAN_POINT('',(17.6000000000002,50.7880566420601,19.7899999999999));
#4878=CARTESIAN_POINT('',(15.1893286131619,48.3773852552218,17.3793286131615));
#4879=CARTESIAN_POINT('',(17.6000000000002,50.7880566420601,14.4899999999998));
#4880=CARTESIAN_POINT('',(17.6000000000002,50.7880566420601,18.8899999999999));
#4881=CARTESIAN_POINT('',(13.0634952798291,46.251551921889,19.0265047201721));
#4882=CARTESIAN_POINT('Origin',(17.6000000000002,52.4380566420601,17.1399999999999));
#4883=CARTESIAN_POINT('',(17.6000000000002,54.0880566420601,19.7899999999999));
#4884=CARTESIAN_POINT('',(17.6000000000002,37.2240283210301,19.7899999999999));
#4885=CARTESIAN_POINT('',(17.6000000000002,54.0880566420601,13.8863761605023));
#4886=CARTESIAN_POINT('',(17.6000000000002,54.0880566420601,15.3899999999999));
#4887=CARTESIAN_POINT('',(17.6000000000002,51.5,14.4899999999998));
#4888=CARTESIAN_POINT('Origin',(17.6000000000002,51.5,8.63999999999983));
#4889=CARTESIAN_POINT('',(17.6000000000002,27.9690283210301,14.4899999999998));
#4890=CARTESIAN_POINT('Origin',(17.6000000000002,54.0880566420601,13.8863761605023));
#4891=CARTESIAN_POINT('',(18.4500000000002,55.5033102845472,11.6355812066505));
#4892=CARTESIAN_POINT('Ctrl Pts',(18.4500000000002,55.5033102845472,11.6355812066505));
#4893=CARTESIAN_POINT('Ctrl Pts',(18.4500094119134,55.5008003431997,11.6389197956434));
#4894=CARTESIAN_POINT('Ctrl Pts',(18.4500094119134,55.498292353794,11.6422598379467));
#4895=CARTESIAN_POINT('Ctrl Pts',(18.4500094119134,54.781935871925,12.5962754124303));
#4896=CARTESIAN_POINT('Ctrl Pts',(17.6000000000002,54.0880566420601,13.8863761605023));
#4897=CARTESIAN_POINT('',(16.7500000000002,54.9380566420601,13.1203948168189));
#4898=CARTESIAN_POINT('',(18.4500000000002,55.5033102845472,11.6355812066505));
#4899=CARTESIAN_POINT('Origin',(17.1750000000002,54.5130566420601,15.3899999999999));
#4900=CARTESIAN_POINT('',(19.6773380535052,52.0107185885551,21.8673380535049));
#4901=CARTESIAN_POINT('Origin',(40.1,55.2206834633037,12.3779880117347));
#4902=CARTESIAN_POINT('',(13.45,55.5033102845472,11.6355812066505));
#4903=CARTESIAN_POINT('Ctrl Pts',(12.8025075308955,54.9380566420601,13.1203948168189));
#4904=CARTESIAN_POINT('Ctrl Pts',(13.2447879247631,55.2378704900945,12.3328409673299));
#4905=CARTESIAN_POINT('Ctrl Pts',(13.45,55.5033102845472,11.6355812066504));
#4906=CARTESIAN_POINT('',(40.1,55.5033102845472,11.6355812066505));
#4907=CARTESIAN_POINT('Origin',(18.0250000000002,51.5,8.63999999999983));
#4908=CARTESIAN_POINT('',(18.4500000000002,51.5,13.6399999999998));
#4909=CARTESIAN_POINT('',(18.4500000000002,51.5,13.6399999999998));
#4910=CARTESIAN_POINT('Origin',(18.4500000000002,51.5,8.63999999999983));
#4911=CARTESIAN_POINT('Origin',(18.0250000000001,27.9690283210301,14.0649999999998));
#4912=CARTESIAN_POINT('',(18.45,49.0880566420601,13.6399999999998));
#4913=CARTESIAN_POINT('',(23.0031713868377,44.5348852552213,9.086828613161));
#4914=CARTESIAN_POINT('',(18.45,27.9690283210301,13.6399999999998));
#4915=CARTESIAN_POINT('Origin',(13.45,56.5,-3.55000000000018));
#4916=CARTESIAN_POINT('',(11.7500000000003,57.35,-2.70000000000018));
#4917=CARTESIAN_POINT('',(12.6,57.35,-1.85000000000018));
#4918=CARTESIAN_POINT('',(11.7500000000003,57.35,-2.70000000000018));
#4919=CARTESIAN_POINT('',(13.45,56.5,-3.55000000000018));
#4920=CARTESIAN_POINT('',(13.45,56.5,-3.55000000000018));
#4921=CARTESIAN_POINT('',(12.6,57.35,-1.85000000000018));
#4922=CARTESIAN_POINT('Origin',(17.6,56.925,-3.12500000000018));
#4923=CARTESIAN_POINT('',(17.6,56.5,-3.55000000000018));
#4924=CARTESIAN_POINT('',(17.6,57.35,-2.70000000000018));
#4925=CARTESIAN_POINT('Origin',(13.025,56.925,27.3199999999999));
#4926=CARTESIAN_POINT('',(13.45,56.5,8.63999999999983));
#4927=CARTESIAN_POINT('',(12.6,57.35,8.63999999999983));
#4928=CARTESIAN_POINT('',(13.45,56.5,8.63999999999983));
#4929=CARTESIAN_POINT('',(12.6,57.35,27.3199999999999));
#4930=CARTESIAN_POINT('',(13.45,56.5,27.3199999999999));
#4931=CARTESIAN_POINT('Origin',(13.025,51.5,8.63999999999983));
#4932=CARTESIAN_POINT('Origin',(12.6,51.5,8.63999999999983));
#4933=CARTESIAN_POINT('Origin',(13.45,51.5,8.63999999999983));
#4934=CARTESIAN_POINT('Origin',(12.1750000000001,2.15500000000001,-2.27500000000019));
#4935=CARTESIAN_POINT('',(11.7500000000003,59.51,-2.70000000000018));
#4936=CARTESIAN_POINT('',(18.8224999999995,59.51,4.37250000000117));
#4937=CARTESIAN_POINT('',(11.7500000000003,2.15500000000001,-2.70000000000019));
#4938=CARTESIAN_POINT('',(12.6,2.15500000000001,-1.8500000000002));
#4939=CARTESIAN_POINT('Origin',(40.1,56.5,5.63999999999983));
#4940=CARTESIAN_POINT('',(39.25,56.5,-5.50000000000018));
#4941=CARTESIAN_POINT('',(17.6,56.5,-5.50000000000018));
#4942=CARTESIAN_POINT('',(39.25,56.5,8.63999999999983));
#4943=CARTESIAN_POINT('',(39.25,56.5,27.3199999999999));
#4944=CARTESIAN_POINT('',(40.1,56.5,8.63999999999983));
#4945=CARTESIAN_POINT('Origin',(-4.90000000000001,-16.2,-2.7000000000002));
#4946=CARTESIAN_POINT('',(30.1000000000003,59.51,-2.70000000000018));
#4947=CARTESIAN_POINT('',(3.35000000000013,59.51,-2.70000000000018));
#4948=CARTESIAN_POINT('',(30.1,65.0100006854534,-2.70000000000017));
#4949=CARTESIAN_POINT('',(30.1,5.27500000000001,-2.7000000000002));
#4950=CARTESIAN_POINT('',(30.1,65.1,-2.70000000000018));
#4951=CARTESIAN_POINT('',(30.1,5.27500000000001,-2.7000000000002));
#4952=CARTESIAN_POINT('',(29.8075491814458,69.9,-2.70000000000017));
#4953=CARTESIAN_POINT('Ctrl Pts',(30.1,65.1,-2.70000000000017));
#4954=CARTESIAN_POINT('Ctrl Pts',(30.1,66.6300430305492,-2.70000000000017));
#4955=CARTESIAN_POINT('Ctrl Pts',(30.1000311128226,68.2216978961314,-2.70000000000017));
#4956=CARTESIAN_POINT('Ctrl Pts',(29.8075491814458,69.9,-2.70000000000017));
#4957=CARTESIAN_POINT('',(-4.90000000000001,69.9,-2.70000000000017));
#4958=CARTESIAN_POINT('Origin',(16.45,1.5,-3.55000000000019));
#4959=CARTESIAN_POINT('',(15.6,0.650000000000001,-1.85000000000019));
#4960=CARTESIAN_POINT('',(14.75,0.650000000000002,-2.70000000000019));
#4961=CARTESIAN_POINT('',(15.6,0.650000000000001,-1.85000000000019));
#4962=CARTESIAN_POINT('',(16.45,1.5,-3.55000000000019));
#4963=CARTESIAN_POINT('',(16.45,1.5,-3.55000000000019));
#4964=CARTESIAN_POINT('',(14.75,0.650000000000001,-2.70000000000019));
#4965=CARTESIAN_POINT('Origin',(26.3500000000001,49.5130566420601,14.0649999999998));
#4966=CARTESIAN_POINT('',(12.6,49.9380566420601,14.4899999999998));
#4967=CARTESIAN_POINT('',(26.3500000000001,49.9380566420601,14.4899999999998));
#4968=CARTESIAN_POINT('',(13.45,49.0880566420601,13.6399999999998));
#4969=CARTESIAN_POINT('',(26.3500000000001,49.0880566420601,13.6399999999998));
#4970=CARTESIAN_POINT('',(13.45,49.0880566420601,13.6399999999998));
#4971=CARTESIAN_POINT('Origin',(13.025,12.005,14.0649999999998));
#4972=CARTESIAN_POINT('',(13.45,6.5,13.6399999999998));
#4973=CARTESIAN_POINT('',(13.45,12.005,13.6399999999998));
#4974=CARTESIAN_POINT('',(12.6,6.5,14.4899999999998));
#4975=CARTESIAN_POINT('',(13.45,6.5,13.6399999999998));
#4976=CARTESIAN_POINT('',(12.6,12.005,14.4899999999998));
#4977=CARTESIAN_POINT('Origin',(13.025,6.5,8.63999999999983));
#4978=CARTESIAN_POINT('',(12.6,4.47699999999987,14.1290774270361));
#4979=CARTESIAN_POINT('Origin',(12.6,6.5,8.63999999999983));
#4980=CARTESIAN_POINT('',(13.45,5.28073888947291,13.4890620066519));
#4981=CARTESIAN_POINT('Origin',(13.45,6.5,8.63999999999983));
#4982=CARTESIAN_POINT('',(12.6624532854088,4.47699999999987,14.0624688079852));
#4983=CARTESIAN_POINT('Ctrl Pts',(13.45,5.28073888947291,13.4890620066519));
#4984=CARTESIAN_POINT('Ctrl Pts',(13.1967116872302,5.01005649674396,13.682173385266));
#4985=CARTESIAN_POINT('Ctrl Pts',(12.9285943283535,4.73844416851212,13.8759482024038));
#4986=CARTESIAN_POINT('Ctrl Pts',(12.6624532854088,4.47699999999987,14.0624688079852));
#4987=CARTESIAN_POINT('Ctrl Pts',(12.6624532854088,4.47699999999987,14.0624688079852));
#4988=CARTESIAN_POINT('Ctrl Pts',(12.6314172631264,4.47699999999987,14.0955943888148));
#4989=CARTESIAN_POINT('Ctrl Pts',(12.6,4.47699999999987,14.1290774270361));
#4990=CARTESIAN_POINT('Origin',(40.1,4.87886944473639,13.7757654073186));
#4991=CARTESIAN_POINT('',(15.6624532854088,4.47699999999987,14.0624688079852));
#4992=CARTESIAN_POINT('',(40.1,4.47699999999987,14.0624688079852));
#4993=CARTESIAN_POINT('',(16.45,5.28073888947291,13.4890620066519));
#4994=CARTESIAN_POINT('',(40.1,5.28073888947291,13.4890620066519));
#4995=CARTESIAN_POINT('Ctrl Pts',(16.45,5.28073888947291,13.4890620066519));
#4996=CARTESIAN_POINT('Ctrl Pts',(16.1967116872302,5.01005649674395,13.6821733852661));
#4997=CARTESIAN_POINT('Ctrl Pts',(15.9285943283534,4.73844416851208,13.8759482024038));
#4998=CARTESIAN_POINT('Ctrl Pts',(15.6624532854088,4.47699999999987,14.0624688079852));
#4999=CARTESIAN_POINT('Origin',(16.025,6.5,8.63999999999983));
#5000=CARTESIAN_POINT('',(16.45,1.5,8.63999999999983));
#5001=CARTESIAN_POINT('Origin',(16.45,6.5,8.63999999999983));
#5002=CARTESIAN_POINT('',(15.6,0.650000000000001,8.63999999999983));
#5003=CARTESIAN_POINT('',(16.45,1.5,8.63999999999983));
#5004=CARTESIAN_POINT('',(15.6,4.47699999999987,14.1290774270361));
#5005=CARTESIAN_POINT('Origin',(15.6,6.5,8.63999999999983));
#5006=CARTESIAN_POINT('Ctrl Pts',(15.6,4.47699999999987,14.1290774270361));
#5007=CARTESIAN_POINT('Ctrl Pts',(15.6314172631264,4.47699999999987,14.0955943888148));
#5008=CARTESIAN_POINT('Ctrl Pts',(15.6624532854088,4.47699999999987,14.0624688079852));
#5009=CARTESIAN_POINT('Origin',(16.025,1.075,7.28713711075124));
#5010=CARTESIAN_POINT('',(16.45,1.5,7.28713711075124));
#5011=CARTESIAN_POINT('',(15.6,0.650000000000001,7.28713711075124));
#5012=CARTESIAN_POINT('Origin',(17.6,1.075,-3.12500000000019));
#5013=CARTESIAN_POINT('',(17.6,0.650000000000001,-2.70000000000019));
#5014=CARTESIAN_POINT('',(17.6,1.5,-3.55000000000019));
#5015=CARTESIAN_POINT('Origin',(15.175,-7.9725,-2.27500000000019));
#5016=CARTESIAN_POINT('',(15.6,-18.1853571071357,-1.8500000000002));
#5017=CARTESIAN_POINT('',(14.75,-16.4,-2.7000000000002));
#5018=CARTESIAN_POINT('Origin',(17.05,-16.4,-0.400000000000178));
#5019=CARTESIAN_POINT('',(15.6,-7.9725,-1.85000000000019));
#5020=CARTESIAN_POINT('',(14.75,-7.9725,-2.70000000000019));
#5021=CARTESIAN_POINT('Origin',(-4.9,-16.4,-0.400000000000178));
#5022=CARTESIAN_POINT('',(-4.9,-16.4,-2.7000000000002));
#5023=CARTESIAN_POINT('',(15.6,-18.7,-0.400000000000178));
#5024=CARTESIAN_POINT('',(-4.9,-18.7,-0.400000000000178));
#5025=CARTESIAN_POINT('Origin',(15.6,-16.4,-0.400000000000178));
#5026=CARTESIAN_POINT('Origin',(-4.90000000000001,-16.2,-2.7000000000002));
#5027=CARTESIAN_POINT('Origin',(40.1,1.5,0.359999999999825));
#5028=CARTESIAN_POINT('',(39.25,1.5,8.63999999999983));
#5029=CARTESIAN_POINT('',(40.1,1.5,8.63999999999983));
#5030=CARTESIAN_POINT('',(39.25,1.5,-5.50000000000019));
#5031=CARTESIAN_POINT('',(39.25,1.5,24.6799999999999));
#5032=CARTESIAN_POINT('',(17.6,1.5,-5.50000000000019));
#5033=CARTESIAN_POINT('Origin',(40.1,6.5,8.63999999999983));
#5034=CARTESIAN_POINT('',(39.25,6.5,13.6399999999998));
#5035=CARTESIAN_POINT('',(40.1,6.5,13.6399999999998));
#5036=CARTESIAN_POINT('Origin',(39.25,6.5,8.63999999999983));
#5037=CARTESIAN_POINT('Origin',(40.1,3.50000000000001,13.6399999999998));
#5038=CARTESIAN_POINT('',(39.25,51.5,13.6399999999998));
#5039=CARTESIAN_POINT('',(40.1,51.5,13.6399999999998));
#5040=CARTESIAN_POINT('',(39.25,15.125,13.6399999999998));
#5041=CARTESIAN_POINT('Origin',(18.0250000000002,37.2240283210301,20.2149999999999));
#5042=CARTESIAN_POINT('',(16.7750000000002,49.9380566420601,18.9649999999999));
#5043=CARTESIAN_POINT('Origin',(39.675,61.5,-5.50000000000018));
#5044=CARTESIAN_POINT('',(40.1,61.5,-9.65000000000019));
#5045=CARTESIAN_POINT('',(39.25,61.5,-10.5000000000002));
#5046=CARTESIAN_POINT('',(39.6750000000001,61.5,-10.0750000000001));
#5047=CARTESIAN_POINT('',(40.1,57.35,-5.50000000000018));
#5048=CARTESIAN_POINT('Origin',(40.1,61.5,-5.50000000000018));
#5049=CARTESIAN_POINT('',(40.1,57.35,-5.50000000000018));
#5050=CARTESIAN_POINT('Origin',(39.25,61.5,-5.50000000000018));
#5051=CARTESIAN_POINT('Origin',(39.675,56.925,27.3199999999999));
#5052=CARTESIAN_POINT('',(40.1,57.35,8.63999999999983));
#5053=CARTESIAN_POINT('',(40.1,57.35,27.3199999999999));
#5054=CARTESIAN_POINT('',(40.1,57.35,8.63999999999983));
#5055=CARTESIAN_POINT('Origin',(39.675,51.5,8.63999999999983));
#5056=CARTESIAN_POINT('',(40.1,51.5,14.4899999999998));
#5057=CARTESIAN_POINT('',(40.1,51.5,14.4899999999998));
#5058=CARTESIAN_POINT('Origin',(39.25,51.5,8.63999999999983));
#5059=CARTESIAN_POINT('Origin',(40.1,51.5,8.63999999999983));
#5060=CARTESIAN_POINT('Origin',(39.675,15.125,14.0649999999998));
#5061=CARTESIAN_POINT('',(40.1,6.5,14.4899999999998));
#5062=CARTESIAN_POINT('',(40.1,15.125,14.4899999999998));
#5063=CARTESIAN_POINT('',(40.1,6.5,14.4899999999998));
#5064=CARTESIAN_POINT('Origin',(39.675,6.5,8.63999999999983));
#5065=CARTESIAN_POINT('',(40.1,0.650000000000002,8.63999999999983));
#5066=CARTESIAN_POINT('',(40.1,0.650000000000002,8.63999999999983));
#5067=CARTESIAN_POINT('Origin',(40.1,6.5,8.63999999999983));
#5068=CARTESIAN_POINT('Origin',(39.675,1.075,24.6799999999999));
#5069=CARTESIAN_POINT('',(40.1,0.649999999999999,-5.50000000000019));
#5070=CARTESIAN_POINT('',(40.1,0.649999999999999,24.6799999999999));
#5071=CARTESIAN_POINT('',(40.1,0.649999999999999,-5.50000000000019));
#5072=CARTESIAN_POINT('Origin',(39.675,-3.5,-5.50000000000019));
#5073=CARTESIAN_POINT('',(40.1,-3.5,-9.65000000000021));
#5074=CARTESIAN_POINT('',(39.25,-3.5,-10.5000000000002));
#5075=CARTESIAN_POINT('',(39.6750000000001,-3.5,-10.0750000000001));
#5076=CARTESIAN_POINT('Origin',(39.25,-3.5,-5.50000000000019));
#5077=CARTESIAN_POINT('Origin',(40.1,-3.5,-5.50000000000019));
#5078=CARTESIAN_POINT('Origin',(39.675,48.225,-10.0750000000002));
#5079=CARTESIAN_POINT('',(40.1,-16.2,-9.65000000000021));
#5080=CARTESIAN_POINT('',(40.1,48.225,-9.65000000000019));
#5081=CARTESIAN_POINT('',(39.25,-16.2,-10.5000000000002));
#5082=CARTESIAN_POINT('',(39.25,48.225,-10.5000000000002));
#5083=CARTESIAN_POINT('Origin',(40.1,26.75,48.9999999999999));
#5084=CARTESIAN_POINT('',(40.1,78.7,-9.65000000000019));
#5085=CARTESIAN_POINT('',(40.1,48.225,-9.65000000000019));
#5086=CARTESIAN_POINT('',(40.1,88.15,-0.200000000000174));
#5087=CARTESIAN_POINT('Origin',(40.1,78.7,-0.200000000000174));
#5088=CARTESIAN_POINT('',(40.1,88.15,98.2));
#5089=CARTESIAN_POINT('',(40.1,88.15,73.6));
#5090=CARTESIAN_POINT('',(40.1,78.7,107.65));
#5091=CARTESIAN_POINT('Origin',(40.1,78.7,98.2));
#5092=CARTESIAN_POINT('',(40.1,-16.2,107.65));
#5093=CARTESIAN_POINT('',(40.1,5.275,107.65));
#5094=CARTESIAN_POINT('',(40.1,-25.65,98.2));
#5095=CARTESIAN_POINT('Origin',(40.1,-16.2,98.2));
#5096=CARTESIAN_POINT('',(40.1,-25.65,-0.200000000000156));
#5097=CARTESIAN_POINT('',(40.1,-25.65,24.3999999999999));
#5098=CARTESIAN_POINT('Origin',(40.1,-16.2,-0.200000000000181));
#5099=CARTESIAN_POINT('',(40.1,68.51,50.9999999999999));
#5100=CARTESIAN_POINT('Origin',(40.1,42.01,50.9999999999999));
#5101=CARTESIAN_POINT('',(40.1000000000003,73.,6.89999999999982));
#5102=CARTESIAN_POINT('Origin',(40.1,73.,12.9999999999998));
#5103=CARTESIAN_POINT('',(40.1000000000003,73.,78.9000000000003));
#5104=CARTESIAN_POINT('Origin',(40.1,73.,85.0000000000003));
#5105=CARTESIAN_POINT('Origin',(40.1,51.5,8.63999999999983));
#5106=CARTESIAN_POINT('Origin',(17.6,61.5,-5.50000000000018));
#5107=CARTESIAN_POINT('',(17.6,61.5,-10.5000000000002));
#5108=CARTESIAN_POINT('Origin',(17.6,-3.5,-5.50000000000019));
#5109=CARTESIAN_POINT('',(17.6,-3.5,-10.5000000000002));
#5110=CARTESIAN_POINT('Origin',(12.6000000000002,49.9380566420601,20.6399999999999));
#5111=CARTESIAN_POINT('',(12.6,49.9380566420601,34.8199999999999));
#5112=CARTESIAN_POINT('Origin',(12.6,20.51,48.9999999999999));
#5113=CARTESIAN_POINT('',(12.6,45.105,100.7));
#5114=CARTESIAN_POINT('',(12.6,4.47699999999994,30.9285484430055));
#5115=CARTESIAN_POINT('',(12.6,4.47699999999991,23.1499999999999));
#5116=CARTESIAN_POINT('',(12.6,1.005,30.9285484430055));
#5117=CARTESIAN_POINT('Origin',(12.6,20.51,48.9999999999999));
#5118=CARTESIAN_POINT('Origin',(19.1,-18.5,30.9285484430055));
#5119=CARTESIAN_POINT('',(15.6,4.47699999999994,30.9285484430055));
#5120=CARTESIAN_POINT('',(17.35,4.47699999999994,30.9285484430055));
#5121=CARTESIAN_POINT('',(15.6,-18.7,30.9285484430055));
#5122=CARTESIAN_POINT('',(15.6,-18.5,30.9285484430055));
#5123=CARTESIAN_POINT('',(19.1,-18.7,30.9285484430055));
#5124=CARTESIAN_POINT('',(7.10000000000001,-18.7,30.9285484430055));
#5125=CARTESIAN_POINT('',(19.1,4.125,30.9285484430055));
#5126=CARTESIAN_POINT('Origin',(15.6,4.47699999999979,-2.7000000000002));
#5127=CARTESIAN_POINT('',(15.6,4.47699999999983,5.75713711075122));
#5128=CARTESIAN_POINT('Origin',(15.6,0.254999999999987,14.2142742215027));
#5129=CARTESIAN_POINT('',(15.6,-18.7,13.5729999999999));
#5130=CARTESIAN_POINT('',(15.6,-18.7,56.2071371107513));
#5131=CARTESIAN_POINT('',(15.6,-18.7,56.2071371107513));
#5132=CARTESIAN_POINT('Origin',(30.1,26.75,48.9999999999999));
#5133=CARTESIAN_POINT('',(30.1,59.51,29.8199999999999));
#5134=CARTESIAN_POINT('',(30.1,65.0100006854534,100.7));
#5135=CARTESIAN_POINT('',(30.1,48.225,100.7));
#5136=CARTESIAN_POINT('',(30.1,65.0100006854534,92.2320348106297));
#5137=CARTESIAN_POINT('',(30.1,65.0100006854534,74.75));
#5138=CARTESIAN_POINT('',(30.1,65.0100006854534,77.7679651893712));
#5139=CARTESIAN_POINT('Origin',(30.1,72.0363024527903,85.0000000000004));
#5140=CARTESIAN_POINT('',(30.1,65.0100006854534,20.2320348106292));
#5141=CARTESIAN_POINT('',(30.1,65.0100006854534,74.75));
#5142=CARTESIAN_POINT('',(30.1,65.0100006854534,5.76796518937046));
#5143=CARTESIAN_POINT('Origin',(30.1,72.0363024527902,12.9999999999998));
#5144=CARTESIAN_POINT('',(30.1,65.0100006854534,74.75));
#5145=CARTESIAN_POINT('',(30.1,60.51,50.9999999999999));
#5146=CARTESIAN_POINT('Origin',(30.1,42.01,50.9999999999999));
#5147=CARTESIAN_POINT('Origin',(20.8500000000001,59.51,15.6399999999999));
#5148=CARTESIAN_POINT('Origin',(-4.90000000000001,69.7,-10.5000000000002));
#5149=CARTESIAN_POINT('Origin',(7.78620000000013,-26.44,1.18999999999934));
#5150=CARTESIAN_POINT('',(7.84620000000013,-26.5,13.4529999999999));
#5151=CARTESIAN_POINT('',(7.84620000000013,-26.5,0.494999999999594));
#5152=CARTESIAN_POINT('',(7.72620000000013,-26.38,13.5729999999999));
#5153=CARTESIAN_POINT('',(7.84620000000013,-26.5,13.4529999999999));
#5154=CARTESIAN_POINT('',(7.72620000000013,-26.38,1.18999999999934));
#5155=CARTESIAN_POINT('Origin',(-1.66499999999994,-26.44,13.5129999999999));
#5156=CARTESIAN_POINT('',(15.7399927954101,-26.5,13.4529999999999));
#5157=CARTESIAN_POINT('',(-1.66499999999994,-26.5,13.4529999999999));
#5158=CARTESIAN_POINT('',(15.6199927954101,-26.38,13.5729999999999));
#5159=CARTESIAN_POINT('',(15.7399927954101,-26.5,13.4529999999999));
#5160=CARTESIAN_POINT('',(-1.66499999999994,-26.38,13.5729999999999));
#5161=CARTESIAN_POINT('Origin',(15.6799927954101,-26.44,6.88649999999981));
#5162=CARTESIAN_POINT('',(15.7399927954102,-26.5,30.3549999999999));
#5163=CARTESIAN_POINT('',(15.7399927954101,-26.5,6.88649999999981));
#5164=CARTESIAN_POINT('',(15.6199927954102,-26.38,30.4749999999999));
#5165=CARTESIAN_POINT('',(15.7399927954102,-26.5,30.3549999999999));
#5166=CARTESIAN_POINT('',(15.6199927954101,-26.38,6.88649999999981));
#5167=CARTESIAN_POINT('Origin',(-1.62689999999994,-26.44,30.4149999999999));
#5168=CARTESIAN_POINT('',(20.5062000000002,-26.5,30.3549999999999));
#5169=CARTESIAN_POINT('',(-1.62689999999994,-26.5,30.3549999999999));
#5170=CARTESIAN_POINT('',(20.3862000000002,-26.38,30.4749999999999));
#5171=CARTESIAN_POINT('',(20.5062000000002,-26.5,30.3549999999999));
#5172=CARTESIAN_POINT('',(-1.62689999999994,-26.38,30.4749999999999));
#5173=CARTESIAN_POINT('Origin',(6.79310000000011,-26.44,65.385));
#5174=CARTESIAN_POINT('',(20.5062000000002,-26.5,65.445));
#5175=CARTESIAN_POINT('',(14.0900000000002,-26.5,65.445));
#5176=CARTESIAN_POINT('',(6.79310000000011,-26.5,65.445));
#5177=CARTESIAN_POINT('',(13.9700000000002,-26.38,65.325));
#5178=CARTESIAN_POINT('',(14.0900000000002,-26.5,65.445));
#5179=CARTESIAN_POINT('',(20.3862000000002,-26.38,65.325));
#5180=CARTESIAN_POINT('',(6.79310000000011,-26.38,65.325));
#5181=CARTESIAN_POINT('',(20.3862000000002,-26.38,65.325));
#5182=CARTESIAN_POINT('Origin',(14.0300000000002,-26.44,44.075));
#5183=CARTESIAN_POINT('',(14.0900000000002,-26.5,98.2));
#5184=CARTESIAN_POINT('',(14.0900000000002,-26.5,21.9374999999999));
#5185=CARTESIAN_POINT('Origin',(3.79000000000021,-16.2,98.2));
#5186=CARTESIAN_POINT('',(13.9700000000002,-26.38,44.075));
#5187=CARTESIAN_POINT('Origin',(20.4462000000002,-26.44,24.5874999999999));
#5188=CARTESIAN_POINT('',(20.5062000000002,-26.5,24.5874999999999));
#5189=CARTESIAN_POINT('',(20.3862000000002,-26.38,24.5874999999999));
#5190=CARTESIAN_POINT('Origin',(7.72620000000013,-18.7,2.57999999999884));
#5191=CARTESIAN_POINT('',(7.72620000000013,-18.7,13.5729999999999));
#5192=CARTESIAN_POINT('',(7.72620000000013,-18.7,13.5729999999999));
#5193=CARTESIAN_POINT('',(7.72620000000012,-18.7,-0.0700000000011602));
#5194=CARTESIAN_POINT('',(7.72620000000013,-18.7,50.3899999999994));
#5195=CARTESIAN_POINT('',(7.72620000000013,-18.7,-0.0700000000011602));
#5196=CARTESIAN_POINT('Origin',(1.57000000000012,-18.7,13.5729999999999));
#5197=CARTESIAN_POINT('',(15.6199927954101,-18.7,13.5729999999999));
#5198=CARTESIAN_POINT('',(15.6199927954101,-18.7,13.5729999999999));
#5199=CARTESIAN_POINT('',(-1.66499999999994,-18.7,13.5729999999999));
#5200=CARTESIAN_POINT('',(-1.66499999999994,-18.7,13.5729999999999));
#5201=CARTESIAN_POINT('Origin',(15.6199927954101,-18.7,13.9729999999999));
#5202=CARTESIAN_POINT('',(15.6199927954102,-18.7,30.4749999999999));
#5203=CARTESIAN_POINT('',(15.6199927954102,-18.7,30.4749999999999));
#5204=CARTESIAN_POINT('',(15.6199927954102,-18.7,30.5269999999999));
#5205=CARTESIAN_POINT('Origin',(1.64620000000013,-18.7,30.4749999999999));
#5206=CARTESIAN_POINT('',(20.3862000000002,-18.7,30.4749999999999));
#5207=CARTESIAN_POINT('',(20.3862000000002,-18.7,30.4749999999999));
#5208=CARTESIAN_POINT('',(-1.62689999999993,-18.7,30.4749999999999));
#5209=CARTESIAN_POINT('Origin',(20.3862000000002,-18.7,49.375));
#5210=CARTESIAN_POINT('',(20.3862000000002,-18.7,65.325));
#5211=CARTESIAN_POINT('',(20.3862000000002,-18.7,65.325));
#5212=CARTESIAN_POINT('',(20.3862000000002,-18.7,73.5875));
#5213=CARTESIAN_POINT('Origin',(18.4862000000002,-18.7,65.325));
#5214=CARTESIAN_POINT('',(13.9700000000002,-18.7,65.325));
#5215=CARTESIAN_POINT('',(13.9700000000002,-18.7,65.325));
#5216=CARTESIAN_POINT('',(19.1,-18.7,65.325));
#5217=CARTESIAN_POINT('',(6.79310000000009,-18.7,65.325));
#5218=CARTESIAN_POINT('',(18.6862000000002,-18.7,65.325));
#5219=CARTESIAN_POINT('Origin',(13.9700000000002,-18.7,88.3500000000002));
#5220=CARTESIAN_POINT('',(13.9700000000002,-18.7,98.0500000000002));
#5221=CARTESIAN_POINT('',(13.9700000000002,-18.7,98.0500000000002));
#5222=CARTESIAN_POINT('',(13.9700000000002,-18.7,93.2750000000001));
#5223=CARTESIAN_POINT('Origin',(12.5700000000002,-18.7,98.0500000000002));
#5224=CARTESIAN_POINT('',(-3.95189999999993,-18.7,98.0500000000002));
#5225=CARTESIAN_POINT('Origin',(39.675,-26.075,24.3999999999999));
#5226=CARTESIAN_POINT('',(39.25,-26.5,-0.200000000000155));
#5227=CARTESIAN_POINT('',(39.25,-26.5,98.2));
#5228=CARTESIAN_POINT('',(40.1,-25.65,98.2));
#5229=CARTESIAN_POINT('',(39.25,-26.5,24.3999999999999));
#5230=CARTESIAN_POINT('Origin',(39.675,-16.2,-0.200000000000181));
#5231=CARTESIAN_POINT('Origin',(39.675,48.225,-10.0750000000002));
#5232=CARTESIAN_POINT('',(39.25,78.7,-10.5000000000002));
#5233=CARTESIAN_POINT('',(39.25,48.225,-10.5000000000002));
#5234=CARTESIAN_POINT('',(39.25,78.7,-10.5000000000002));
#5235=CARTESIAN_POINT('Origin',(39.675,78.7,-0.200000000000173));
#5236=CARTESIAN_POINT('',(39.25,89.,-0.200000000000174));
#5237=CARTESIAN_POINT('Origin',(39.25,78.7,-0.200000000000173));
#5238=CARTESIAN_POINT('',(39.25,89.,-0.200000000000174));
#5239=CARTESIAN_POINT('Origin',(39.675,88.575,73.6));
#5240=CARTESIAN_POINT('',(39.25,89.,98.2));
#5241=CARTESIAN_POINT('',(39.25,89.,98.2));
#5242=CARTESIAN_POINT('',(39.25,89.,73.6));
#5243=CARTESIAN_POINT('Origin',(39.675,78.7,98.2));
#5244=CARTESIAN_POINT('',(39.25,78.7,108.5));
#5245=CARTESIAN_POINT('Origin',(39.25,78.7,98.2));
#5246=CARTESIAN_POINT('',(39.25,78.7,108.5));
#5247=CARTESIAN_POINT('Origin',(39.675,5.275,108.075));
#5248=CARTESIAN_POINT('',(39.25,-16.2,108.5));
#5249=CARTESIAN_POINT('',(39.25,-16.2,108.5));
#5250=CARTESIAN_POINT('',(39.25,5.275,108.5));
#5251=CARTESIAN_POINT('Origin',(39.675,-16.2,98.2));
#5252=CARTESIAN_POINT('Origin',(39.25,-16.2,98.2));
#5253=CARTESIAN_POINT('Origin',(-4.9,78.7,-0.200000000000173));
#5254=CARTESIAN_POINT('',(-4.9,78.7,-10.5000000000002));
#5255=CARTESIAN_POINT('',(-4.9,89.,-0.200000000000174));
#5256=CARTESIAN_POINT('Origin',(-4.90000000000001,69.7,-10.5000000000002));
#5257=CARTESIAN_POINT('Origin',(-4.90000000000001,-26.5,-0.200000000000155));
#5258=CARTESIAN_POINT('',(-4.89999999999999,-26.5,98.2));
#5259=CARTESIAN_POINT('Ctrl Pts',(29.0311398625758,72.6976248253314,24.0048450514275));
#5260=CARTESIAN_POINT('Ctrl Pts',(29.0311398625758,72.6976248253314,24.0651257015345));
#5261=CARTESIAN_POINT('Ctrl Pts',(29.0354115898061,72.6866726941256,24.1857642714546));
#5262=CARTESIAN_POINT('Ctrl Pts',(29.0513739771258,72.6458751894152,24.3612841071049));
#5263=CARTESIAN_POINT('Ctrl Pts',(29.1041343111669,72.5084159891232,24.508380324988));
#5264=CARTESIAN_POINT('Ctrl Pts',(29.1992321854725,72.2491038934777,24.4597188473407));
#5265=CARTESIAN_POINT('Ctrl Pts',(29.269610254348,72.0426816017971,24.3465560358489));
#5266=CARTESIAN_POINT('Ctrl Pts',(29.3240105451046,71.8750475800171,24.2651303338024));
#5267=CARTESIAN_POINT('Ctrl Pts',(29.3413261923185,71.820346171955,24.2369633645418));
#5268=CARTESIAN_POINT('Ctrl Pts',(29.0765123612312,72.5817692844773,24.0048450514275));
#5269=CARTESIAN_POINT('Ctrl Pts',(29.0736104268181,72.5891396532167,24.0593394155724));
#5270=CARTESIAN_POINT('Ctrl Pts',(29.0710963011683,72.5951791332741,24.1686646861725));
#5271=CARTESIAN_POINT('Ctrl Pts',(29.0752306074304,72.5837034293791,24.3292181955619));
#5272=CARTESIAN_POINT('Ctrl Pts',(29.1087077077798,72.4952332651715,24.4589521373024));
#5273=CARTESIAN_POINT('Ctrl Pts',(29.1853184664134,72.287028429993,24.3733925879964));
#5274=CARTESIAN_POINT('Ctrl Pts',(29.2502560058913,72.099922708778,24.2245044402101));
#5275=CARTESIAN_POINT('Ctrl Pts',(29.3007776174716,71.9472256373575,24.1204016783098));
#5276=CARTESIAN_POINT('Ctrl Pts',(29.3171011447231,71.896874885983,24.08508048824));
#5277=CARTESIAN_POINT('Ctrl Pts',(29.1,72.4573859254997,24.0048450514275));
#5278=CARTESIAN_POINT('Ctrl Pts',(29.0970297463082,72.473220814376,24.0535552540771));
#5279=CARTESIAN_POINT('Ctrl Pts',(29.0931646812088,72.4983728142582,24.151564073246));
#5280=CARTESIAN_POINT('Ctrl Pts',(29.0925740582777,72.5190315342562,24.2971469378894));
#5281=CARTESIAN_POINT('Ctrl Pts',(29.1111108405951,72.4812271866792,24.409514587507));
#5282=CARTESIAN_POINT('Ctrl Pts',(29.1607834269146,72.3210923569478,24.2870556125453));
#5283=CARTESIAN_POINT('Ctrl Pts',(29.2049596187609,72.148332185846,24.1024729995085));
#5284=CARTESIAN_POINT('Ctrl Pts',(29.2388455595292,72.0068892148173,23.9758006813425));
#5285=CARTESIAN_POINT('Ctrl Pts',(29.2497908479244,71.9596672775795,23.9333739474514));
#5286=CARTESIAN_POINT('Ctrl Pts',(29.1,72.3329625756781,24.0048450514275));
#5287=CARTESIAN_POINT('Ctrl Pts',(29.1,72.3567171799671,24.0481683795868));
#5288=CARTESIAN_POINT('Ctrl Pts',(29.1006607409206,72.4002567052738,24.1353026446452));
#5289=CARTESIAN_POINT('Ctrl Pts',(29.1031298055916,72.4528624719892,24.2658627987489));
#5290=CARTESIAN_POINT('Ctrl Pts',(29.1112907181322,72.4665762031392,24.3603781744678));
#5291=CARTESIAN_POINT('Ctrl Pts',(29.1260014631658,72.3508628916536,24.2029700009114));
#5292=CARTESIAN_POINT('Ctrl Pts',(29.1368910201581,72.1842175533939,23.9894866355956));
#5293=CARTESIAN_POINT('Ctrl Pts',(29.1453112700666,72.0471760568832,23.8479646327117));
#5294=CARTESIAN_POINT('Ctrl Pts',(29.147991923627,72.0007037351524,23.8012191394525));
#5295=CARTESIAN_POINT('',(29.1,72.5181512263951,24.4710428158184));
#5296=CARTESIAN_POINT('',(29.1,72.3329625756781,24.0048450514275));
#5297=CARTESIAN_POINT('Ctrl Pts',(29.1,72.5181512263951,24.4710428158186));
#5298=CARTESIAN_POINT('Ctrl Pts',(29.1,72.5181512263951,24.4603471588903));
#5299=CARTESIAN_POINT('Ctrl Pts',(29.1000000000132,72.5177380448399,24.4496674391505));
#5300=CARTESIAN_POINT('Ctrl Pts',(29.1000000000132,72.5135527441935,24.3955641175473));
#5301=CARTESIAN_POINT('Ctrl Pts',(29.1,72.5008257916478,24.3195058564387));
#5302=CARTESIAN_POINT('Ctrl Pts',(29.1,72.4038378717815,24.1244216813907));
#5303=CARTESIAN_POINT('Ctrl Pts',(29.1,72.3741401664269,24.0717060629677));
#5304=CARTESIAN_POINT('Ctrl Pts',(29.1,72.3396093699924,24.0155160812768));
#5305=CARTESIAN_POINT('Ctrl Pts',(29.1,72.3362963750431,24.0101737570993));
#5306=CARTESIAN_POINT('Ctrl Pts',(29.1,72.3329625756781,24.0048450514275));
#5307=CARTESIAN_POINT('',(29.147991923627,72.0007037351524,23.8012191394525));
#5308=CARTESIAN_POINT('Ctrl Pts',(29.1,72.3329625756781,24.0048450514275));
#5309=CARTESIAN_POINT('Ctrl Pts',(29.1,72.3567171799671,24.0481683795868));
#5310=CARTESIAN_POINT('Ctrl Pts',(29.1006607409206,72.4002567052738,24.1353026446452));
#5311=CARTESIAN_POINT('Ctrl Pts',(29.1031298055916,72.4528624719892,24.2658627987489));
#5312=CARTESIAN_POINT('Ctrl Pts',(29.1112907181322,72.4665762031392,24.3603781744678));
#5313=CARTESIAN_POINT('Ctrl Pts',(29.1260014631658,72.3508628916536,24.2029700009114));
#5314=CARTESIAN_POINT('Ctrl Pts',(29.1368910201581,72.1842175533939,23.9894866355956));
#5315=CARTESIAN_POINT('Ctrl Pts',(29.1453112700666,72.0471760568832,23.8479646327117));
#5316=CARTESIAN_POINT('Ctrl Pts',(29.147991923627,72.0007037351524,23.8012191394525));
#5317=CARTESIAN_POINT('',(29.3413261923185,71.820346171955,24.2369633645418));
#5318=CARTESIAN_POINT('Origin',(28.3879515417619,71.5185568817605,24.2369633645418));
#5319=CARTESIAN_POINT('Ctrl Pts',(29.3413261923185,71.820346171955,24.2369633645418));
#5320=CARTESIAN_POINT('Ctrl Pts',(29.3240105451046,71.8750475800171,24.2651303338024));
#5321=CARTESIAN_POINT('Ctrl Pts',(29.269610254348,72.0426816017971,24.3465560358489));
#5322=CARTESIAN_POINT('Ctrl Pts',(29.1992321854725,72.2491038934777,24.4597188473407));
#5323=CARTESIAN_POINT('Ctrl Pts',(29.1251479458853,72.4511161840987,24.4976276712236));
#5324=CARTESIAN_POINT('Ctrl Pts',(29.1024667617338,72.5116327592331,24.4730877900007));
#5325=CARTESIAN_POINT('Ctrl Pts',(29.1001534055439,72.5177906231575,24.4701624347627));
#5326=CARTESIAN_POINT('Ctrl Pts',(29.3413261923185,71.820346171955,24.2369633645418));
#5327=CARTESIAN_POINT('Ctrl Pts',(29.431210431907,71.5363952224265,24.0907507175507));
#5328=CARTESIAN_POINT('Ctrl Pts',(29.6305498763185,70.8280545269291,23.7104218401147));
#5329=CARTESIAN_POINT('Ctrl Pts',(29.7725397732869,70.1249254728176,23.3053115639115));
#5330=CARTESIAN_POINT('Ctrl Pts',(29.9180065660821,69.2234308253779,22.8040359387635));
#5331=CARTESIAN_POINT('Ctrl Pts',(30.0120571353201,68.41310842751,22.3917527309524));
#5332=CARTESIAN_POINT('Ctrl Pts',(30.0583727045579,67.5888837890649,22.0227892864538));
#5333=CARTESIAN_POINT('Ctrl Pts',(30.0709458899454,67.2700226281635,21.8585141689036));
#5334=CARTESIAN_POINT('Ctrl Pts',(29.3292136685208,71.858610528969,24.1610219263909));
#5335=CARTESIAN_POINT('Ctrl Pts',(29.4165613259508,71.5854311743359,23.9962567007743));
#5336=CARTESIAN_POINT('Ctrl Pts',(29.6126745076927,70.9000679854685,23.5837087348149));
#5337=CARTESIAN_POINT('Ctrl Pts',(29.7560146755245,70.2116457506749,23.158196109943));
#5338=CARTESIAN_POINT('Ctrl Pts',(29.9052131931152,69.3205544339498,22.6315613591962));
#5339=CARTESIAN_POINT('Ctrl Pts',(30.0042507547006,68.5062364683752,22.1970258848055));
#5340=CARTESIAN_POINT('Ctrl Pts',(30.0533398579531,67.6862509972134,21.8206560206121));
#5341=CARTESIAN_POINT('Ctrl Pts',(30.06674055964,67.3766715370775,21.6584117585799));
#5342=CARTESIAN_POINT('Ctrl Pts',(29.2837652246812,71.9284171378405,24.0091460338298));
#5343=CARTESIAN_POINT('Ctrl Pts',(29.3548855688741,71.6752291903151,23.8071727877707));
#5344=CARTESIAN_POINT('Ctrl Pts',(29.5157952498789,71.0282815635017,23.3300785575019));
#5345=CARTESIAN_POINT('Ctrl Pts',(29.634630410626,70.3693401969471,22.8642675283606));
#5346=CARTESIAN_POINT('Ctrl Pts',(29.7598384531841,69.4990539165223,22.2872420174754));
#5347=CARTESIAN_POINT('Ctrl Pts',(29.8444588365674,68.6791405009749,21.8080535102578));
#5348=CARTESIAN_POINT('Ctrl Pts',(29.8863307392343,67.8740454643774,21.4176872270614));
#5349=CARTESIAN_POINT('Ctrl Pts',(29.8978106460563,67.5831118701825,21.2591960043969));
#5350=CARTESIAN_POINT('Ctrl Pts',(29.1988913857757,71.980185506366,23.867296543452));
#5351=CARTESIAN_POINT('Ctrl Pts',(29.234298901556,71.7374391605831,23.6357251631266));
#5352=CARTESIAN_POINT('Ctrl Pts',(29.3127456118997,71.1036949392041,23.1197765276434));
#5353=CARTESIAN_POINT('Ctrl Pts',(29.367915901734,70.4531759298551,22.6452826337599));
#5354=CARTESIAN_POINT('Ctrl Pts',(29.4247837154571,69.5847756537518,22.0590997180717));
#5355=CARTESIAN_POINT('Ctrl Pts',(29.4617447209983,68.7567379922893,21.5749993413143));
#5356=CARTESIAN_POINT('Ctrl Pts',(29.4795958886562,67.9649049169657,21.1902824639414));
#5357=CARTESIAN_POINT('Ctrl Pts',(29.4844604665247,67.6852585765779,21.0373045339038));
#5358=CARTESIAN_POINT('Ctrl Pts',(29.147991923627,72.0007037351524,23.8012191394525));
#5359=CARTESIAN_POINT('Ctrl Pts',(29.1619069973119,71.7594693620383,23.558566753209));
#5360=CARTESIAN_POINT('Ctrl Pts',(29.1927978576376,71.1248883360968,23.0348801703109));
#5361=CARTESIAN_POINT('Ctrl Pts',(29.2149171245661,70.4706815397161,22.568667150208));
#5362=CARTESIAN_POINT('Ctrl Pts',(29.2376763703567,69.5967472028932,21.9934843949232));
#5363=CARTESIAN_POINT('Ctrl Pts',(29.252513993425,68.7637852456733,21.5212585520417));
#5364=CARTESIAN_POINT('Ctrl Pts',(29.2599312491753,67.9757013831443,21.1453710179466));
#5365=CARTESIAN_POINT('Ctrl Pts',(29.2619537345933,67.698758724676,20.9955774510995));
#5366=CARTESIAN_POINT('',(29.2619537345933,67.6987587245328,20.9955774510218));
#5367=CARTESIAN_POINT('',(30.0709458899454,67.2700226281635,21.8585141689036));
#5368=CARTESIAN_POINT('Origin',(29.0717224075595,67.2306217113129,21.8585141689036));
#5369=CARTESIAN_POINT('Ctrl Pts',(30.0709458899454,67.2700226281635,21.8585141689036));
#5370=CARTESIAN_POINT('Ctrl Pts',(30.0583727045579,67.5888837890649,22.0227892864538));
#5371=CARTESIAN_POINT('Ctrl Pts',(30.0120571353201,68.41310842751,22.3917527309524));
#5372=CARTESIAN_POINT('Ctrl Pts',(29.9180065660821,69.2234308253779,22.8040359387635));
#5373=CARTESIAN_POINT('Ctrl Pts',(29.7725397732869,70.1249254728176,23.3053115639115));
#5374=CARTESIAN_POINT('Ctrl Pts',(29.6305498763185,70.8280545269291,23.7104218401147));
#5375=CARTESIAN_POINT('Ctrl Pts',(29.431210431907,71.5363952224265,24.0907507175507));
#5376=CARTESIAN_POINT('Ctrl Pts',(29.3413261923185,71.820346171955,24.2369633645418));
#5377=CARTESIAN_POINT('Ctrl Pts',(29.147991923627,72.0007037351524,23.8012191394525));
#5378=CARTESIAN_POINT('Ctrl Pts',(29.1619069973119,71.7594693620383,23.558566753209));
#5379=CARTESIAN_POINT('Ctrl Pts',(29.1927978576376,71.1248883360968,23.0348801703109));
#5380=CARTESIAN_POINT('Ctrl Pts',(29.2149171245661,70.4706815397161,22.568667150208));
#5381=CARTESIAN_POINT('Ctrl Pts',(29.2376763703567,69.5967472028932,21.9934843949232));
#5382=CARTESIAN_POINT('Ctrl Pts',(29.252513993425,68.7637852456733,21.5212585520417));
#5383=CARTESIAN_POINT('Ctrl Pts',(29.2599312491753,67.9757013831443,21.1453710179466));
#5384=CARTESIAN_POINT('Ctrl Pts',(29.2619537345933,67.698758724676,20.9955774510995));
#5385=CARTESIAN_POINT('Ctrl Pts',(30.0709458899487,67.270022628081,21.8585141688611));
#5386=CARTESIAN_POINT('Ctrl Pts',(30.1026096833154,66.4670157844657,21.4448104639043));
#5387=CARTESIAN_POINT('Ctrl Pts',(30.1,65.7380166908743,20.9231038557469));
#5388=CARTESIAN_POINT('Ctrl Pts',(30.1,65.1,20.3183982066604));
#5389=CARTESIAN_POINT('Ctrl Pts',(30.0661397981713,67.3919070954139,21.6298256999204));
#5390=CARTESIAN_POINT('Ctrl Pts',(30.1004424343136,66.6137159232239,21.2214366357299));
#5391=CARTESIAN_POINT('Ctrl Pts',(30.1,65.9049365614676,20.7130194187489));
#5392=CARTESIAN_POINT('Ctrl Pts',(30.1,65.2838802588693,20.1243886510062));
#5393=CARTESIAN_POINT('Ctrl Pts',(29.8722701369233,67.5965626418387,21.2321112077032));
#5394=CARTESIAN_POINT('Ctrl Pts',(29.9000708923347,66.8660313497371,20.8333672526405));
#5395=CARTESIAN_POINT('Ctrl Pts',(29.9019327006087,66.1951321569413,20.3480924345919));
#5396=CARTESIAN_POINT('Ctrl Pts',(29.9019327006087,65.6034064585498,19.7872609114593));
#5397=CARTESIAN_POINT('Ctrl Pts',(29.4526737905357,67.6871871690911,21.0313435220352));
#5398=CARTESIAN_POINT('Ctrl Pts',(29.4639354156231,66.9840966019242,20.6471936983965));
#5399=CARTESIAN_POINT('Ctrl Pts',(29.4643409570507,66.3330080153447,20.1745474040154));
#5400=CARTESIAN_POINT('Ctrl Pts',(29.4643409570507,65.7552992056424,19.6270009436316));
#5401=CARTESIAN_POINT('Ctrl Pts',(29.2619537345938,67.6987587246043,20.9955774510608));
#5402=CARTESIAN_POINT('Ctrl Pts',(29.2670470787534,67.0013177148226,20.6183434882588));
#5403=CARTESIAN_POINT('Ctrl Pts',(29.2666666666667,66.3539108200317,20.148322695615));
#5404=CARTESIAN_POINT('Ctrl Pts',(29.2666666666667,65.7782842380011,19.6027497491748));
#5405=CARTESIAN_POINT('',(29.2666666666667,65.7782842380011,19.6027497491748));
#5406=CARTESIAN_POINT('',(30.1,65.1,20.3183982066604));
#5407=CARTESIAN_POINT('Origin',(29.1,65.1,20.3183982066604));
#5408=CARTESIAN_POINT('Ctrl Pts',(30.1,65.1,20.3183982066604));
#5409=CARTESIAN_POINT('Ctrl Pts',(30.1,65.7380166908743,20.9231038557469));
#5410=CARTESIAN_POINT('Ctrl Pts',(30.1026096833154,66.4670157844657,21.4448104639043));
#5411=CARTESIAN_POINT('Ctrl Pts',(30.0709458899487,67.270022628081,21.8585141688611));
#5412=CARTESIAN_POINT('Ctrl Pts',(29.2619537345938,67.6987587246043,20.9955774510608));
#5413=CARTESIAN_POINT('Ctrl Pts',(29.2670470787534,67.0013177148226,20.6183434882588));
#5414=CARTESIAN_POINT('Ctrl Pts',(29.2666666666667,66.3539108200317,20.148322695615));
#5415=CARTESIAN_POINT('Ctrl Pts',(29.2666666666667,65.7782842380011,19.6027497491748));
#5416=CARTESIAN_POINT('Origin',(29.1,72.0363024527902,12.9999999999998));
#5417=CARTESIAN_POINT('',(29.2666666666667,65.6970857387164,19.5248316207292));
#5418=CARTESIAN_POINT('Origin',(29.1,65.0100006854534,20.2320348106292));
#5419=CARTESIAN_POINT('Origin',(30.1,72.0363024527902,12.9999999999998));
#5420=CARTESIAN_POINT('Origin',(29.2666666666667,72.0363024527902,12.9999999999998));
#5421=CARTESIAN_POINT('Origin',(29.1,72.0363024527902,12.9999999999998));
#5422=CARTESIAN_POINT('',(29.2666666666667,65.6970857387164,6.47516837927052));
#5423=CARTESIAN_POINT('Origin',(29.1,65.0100006854534,5.76796518937046));
#5424=CARTESIAN_POINT('Origin',(29.2666666666667,72.0363024527902,12.9999999999998));
#5425=CARTESIAN_POINT('Origin',(29.1,72.0363024527902,12.9999999999998));
#5426=CARTESIAN_POINT('',(29.2666666666667,65.7782842380011,6.39725025082493));
#5427=CARTESIAN_POINT('',(30.1,65.1,5.6816017933393));
#5428=CARTESIAN_POINT('Origin',(29.1,65.1,5.6816017933393));
#5429=CARTESIAN_POINT('Origin',(30.1,72.0363024527902,12.9999999999998));
#5430=CARTESIAN_POINT('Origin',(29.2666666666667,72.0363024527902,12.9999999999998));
#5431=CARTESIAN_POINT('Ctrl Pts',(30.1,65.1,5.68160179333931));
#5432=CARTESIAN_POINT('Ctrl Pts',(30.1,65.7380693619591,5.07684622314101));
#5433=CARTESIAN_POINT('Ctrl Pts',(30.1026176818851,66.4668129375009,4.55529404147233));
#5434=CARTESIAN_POINT('Ctrl Pts',(30.0709458899454,67.2700226281634,4.14148583109612));
#5435=CARTESIAN_POINT('Ctrl Pts',(30.1,65.2838802588693,5.87561134899353));
#5436=CARTESIAN_POINT('Ctrl Pts',(30.1,65.9049878323978,5.28693198719124));
#5437=CARTESIAN_POINT('Ctrl Pts',(30.1004510994795,66.6135193449276,4.7786665271198));
#5438=CARTESIAN_POINT('Ctrl Pts',(30.0661397981678,67.3919070954938,4.37017430003741));
#5439=CARTESIAN_POINT('Ctrl Pts',(29.9019414576361,65.6034124373867,6.21274539672975));
#5440=CARTESIAN_POINT('Ctrl Pts',(29.9019414576361,66.195186985338,5.65186757448747));
#5441=CARTESIAN_POINT('Ctrl Pts',(29.9000857300206,66.8658506660293,5.16674011877073));
#5442=CARTESIAN_POINT('Ctrl Pts',(29.8722779518763,67.5965664971749,4.76789543725998));
#5443=CARTESIAN_POINT('Ctrl Pts',(29.4643409570507,65.7552992056424,6.37299905636815));
#5444=CARTESIAN_POINT('Ctrl Pts',(29.4643409570507,66.3330557077487,5.82540739361498));
#5445=CARTESIAN_POINT('Ctrl Pts',(29.4639382604146,66.9839189947367,5.35290334139761));
#5446=CARTESIAN_POINT('Ctrl Pts',(29.4526737905345,67.6871871691633,4.96865647792511));
#5447=CARTESIAN_POINT('Ctrl Pts',(29.2666666666667,65.7782842380011,6.39725025082493));
#5448=CARTESIAN_POINT('Ctrl Pts',(29.2666666666667,66.3539583405386,5.85163226493768));
#5449=CARTESIAN_POINT('Ctrl Pts',(29.2670483653797,67.0011415347658,5.38175180452462));
#5450=CARTESIAN_POINT('Ctrl Pts',(29.2619537345933,67.6987587246759,5.00442254890023));
#5451=CARTESIAN_POINT('',(29.2619537345933,67.6987587246759,5.00442254890022));
#5452=CARTESIAN_POINT('',(30.0709458899454,67.2700226281634,4.14148583109612));
#5453=CARTESIAN_POINT('Origin',(29.0717224075595,67.2306217113128,4.14148583109612));
#5454=CARTESIAN_POINT('Ctrl Pts',(30.0709458899454,67.2700226281634,4.14148583109612));
#5455=CARTESIAN_POINT('Ctrl Pts',(30.1026176818851,66.4668129375009,4.55529404147233));
#5456=CARTESIAN_POINT('Ctrl Pts',(30.1,65.7380693619591,5.07684622314101));
#5457=CARTESIAN_POINT('Ctrl Pts',(30.1,65.1,5.68160179333931));
#5458=CARTESIAN_POINT('Ctrl Pts',(29.2666666666667,65.7782842380011,6.39725025082493));
#5459=CARTESIAN_POINT('Ctrl Pts',(29.2666666666667,66.3539583405386,5.85163226493768));
#5460=CARTESIAN_POINT('Ctrl Pts',(29.2670483653797,67.0011415347658,5.38175180452462));
#5461=CARTESIAN_POINT('Ctrl Pts',(29.2619537345933,67.6987587246759,5.00442254890023));
#5462=CARTESIAN_POINT('Ctrl Pts',(29.1,72.332962575678,1.99516270668301));
#5463=CARTESIAN_POINT('Ctrl Pts',(29.1,72.356717092831,1.95183974331979));
#5464=CARTESIAN_POINT('Ctrl Pts',(29.1006607088088,72.4002576726302,1.86470399146948));
#5465=CARTESIAN_POINT('Ctrl Pts',(29.1031297381157,72.4528622673203,1.73414718550414));
#5466=CARTESIAN_POINT('Ctrl Pts',(29.111290590991,72.4665761512776,1.63963246377577));
#5467=CARTESIAN_POINT('Ctrl Pts',(29.1260012377441,72.3508636135157,1.79703822568489));
#5468=CARTESIAN_POINT('Ctrl Pts',(29.1368910158379,72.1842160269825,2.01052263475968));
#5469=CARTESIAN_POINT('Ctrl Pts',(29.1453112242825,72.0471757846525,2.15204234842229));
#5470=CARTESIAN_POINT('Ctrl Pts',(29.1479918678743,72.0007036909607,2.19878740909232));
#5471=CARTESIAN_POINT('Ctrl Pts',(29.1,72.4573859254996,1.99516270668301));
#5472=CARTESIAN_POINT('Ctrl Pts',(29.0970297572036,72.4732207562909,1.94645285823818));
#5473=CARTESIAN_POINT('Ctrl Pts',(29.0931645389971,72.4983736637602,1.84844233109089));
#5474=CARTESIAN_POINT('Ctrl Pts',(29.0925739893232,72.5190318195651,1.70286301043951));
#5475=CARTESIAN_POINT('Ctrl Pts',(29.1111106295944,72.4812279386353,1.59049586879996));
#5476=CARTESIAN_POINT('Ctrl Pts',(29.1607828706179,72.3210941967227,1.7129525136974));
#5477=CARTESIAN_POINT('Ctrl Pts',(29.2049598229088,72.1483312605726,1.89753576266497));
#5478=CARTESIAN_POINT('Ctrl Pts',(29.2388454697924,72.0068893268382,2.02420604907362));
#5479=CARTESIAN_POINT('Ctrl Pts',(29.2497907128291,71.9596676027038,2.06663238402793));
#5480=CARTESIAN_POINT('Ctrl Pts',(29.0765123612312,72.5817692844773,1.99516270668301));
#5481=CARTESIAN_POINT('Ctrl Pts',(29.0736104374629,72.5891396261809,1.94066868537044));
#5482=CARTESIAN_POINT('Ctrl Pts',(29.0710961057841,72.5951798226953,1.83134145303202));
#5483=CARTESIAN_POINT('Ctrl Pts',(29.0752304168228,72.5837041691757,1.67079168729735));
#5484=CARTESIAN_POINT('Ctrl Pts',(29.1087072711537,72.4952347373704,1.54105808063929));
#5485=CARTESIAN_POINT('Ctrl Pts',(29.185317500975,72.2870313569342,1.62661540277722));
#5486=CARTESIAN_POINT('Ctrl Pts',(29.2502562139598,72.0999222908882,1.77550367578409));
#5487=CARTESIAN_POINT('Ctrl Pts',(29.3007774435806,71.9472261598226,1.87960474914777));
#5488=CARTESIAN_POINT('Ctrl Pts',(29.3171009047199,71.8968756215925,1.91492558600515));
#5489=CARTESIAN_POINT('Ctrl Pts',(29.0311398625758,72.6976248253314,1.99516270668301));
#5490=CARTESIAN_POINT('Ctrl Pts',(29.0311398625758,72.6976248253314,1.93488238803179));
#5491=CARTESIAN_POINT('Ctrl Pts',(29.0354113821958,72.6866732430001,1.81424159701644));
#5492=CARTESIAN_POINT('Ctrl Pts',(29.0513735409001,72.6458763387709,1.63872570311398));
#5493=CARTESIAN_POINT('Ctrl Pts',(29.1041334891685,72.5084181266435,1.49162964359836));
#5494=CARTESIAN_POINT('Ctrl Pts',(29.1992307282687,72.2491078774152,1.54028899824603));
#5495=CARTESIAN_POINT('Ctrl Pts',(29.2696102263543,72.0426816102562,1.65345142485371));
#5496=CARTESIAN_POINT('Ctrl Pts',(29.3240102493232,71.8750484982737,1.73487579009292));
#5497=CARTESIAN_POINT('Ctrl Pts',(29.3413258321848,71.8203473096437,1.76304245204057));
#5498=CARTESIAN_POINT('',(29.1,72.332962575678,1.99516270668301));
#5499=CARTESIAN_POINT('',(29.1,72.5181512263951,1.52896680672169));
#5500=CARTESIAN_POINT('Ctrl Pts',(29.1,72.3329625756781,1.99516270668296));
#5501=CARTESIAN_POINT('Ctrl Pts',(29.1,72.3362963986935,1.98983399088193));
#5502=CARTESIAN_POINT('Ctrl Pts',(29.1,72.3396094170999,1.98449165650117));
#5503=CARTESIAN_POINT('Ctrl Pts',(29.1,72.3673513224285,1.93934907941719));
#5504=CARTESIAN_POINT('Ctrl Pts',(29.1,72.3907772789231,1.89854014637699));
#5505=CARTESIAN_POINT('Ctrl Pts',(29.1,72.4411002308431,1.8027208973033));
#5506=CARTESIAN_POINT('Ctrl Pts',(29.1,72.4787884013622,1.72454287146997));
#5507=CARTESIAN_POINT('Ctrl Pts',(29.1,72.5059314063005,1.63178219884051));
#5508=CARTESIAN_POINT('Ctrl Pts',(29.1,72.5108976242508,1.60975856062705));
#5509=CARTESIAN_POINT('Ctrl Pts',(29.1,72.5167933211474,1.56765623304059));
#5510=CARTESIAN_POINT('Ctrl Pts',(29.1,72.5181512263951,1.54837484490036));
#5511=CARTESIAN_POINT('Ctrl Pts',(29.1,72.5181512263951,1.52896680672168));
#5512=CARTESIAN_POINT('',(29.3413258321848,71.8203473096437,1.76304245204057));
#5513=CARTESIAN_POINT('Ctrl Pts',(29.100153282389,72.5177909228158,1.52984647266113));
#5514=CARTESIAN_POINT('Ctrl Pts',(29.1024664097119,72.5116336661345,1.52692144943608));
#5515=CARTESIAN_POINT('Ctrl Pts',(29.1251472478779,72.4511180087881,1.50238196351004));
#5516=CARTESIAN_POINT('Ctrl Pts',(29.1992307282687,72.2491078774152,1.54028899824603));
#5517=CARTESIAN_POINT('Ctrl Pts',(29.2696102263543,72.0426816102562,1.65345142485371));
#5518=CARTESIAN_POINT('Ctrl Pts',(29.3240102493232,71.8750484982737,1.73487579009292));
#5519=CARTESIAN_POINT('Ctrl Pts',(29.3413258321848,71.8203473096437,1.76304245204057));
#5520=CARTESIAN_POINT('',(29.1479918678743,72.0007036909607,2.19878740909233));
#5521=CARTESIAN_POINT('Origin',(28.3879512072459,71.5185579385212,1.76304245204057));
#5522=CARTESIAN_POINT('Ctrl Pts',(29.1479918678743,72.0007036909607,2.19878740909232));
#5523=CARTESIAN_POINT('Ctrl Pts',(29.1453112242825,72.0471757846525,2.15204234842229));
#5524=CARTESIAN_POINT('Ctrl Pts',(29.1368910158379,72.1842160269825,2.01052263475968));
#5525=CARTESIAN_POINT('Ctrl Pts',(29.1260012377441,72.3508636135157,1.79703822568489));
#5526=CARTESIAN_POINT('Ctrl Pts',(29.111290590991,72.4665761512776,1.63963246377577));
#5527=CARTESIAN_POINT('Ctrl Pts',(29.1031297381157,72.4528622673203,1.73414718550414));
#5528=CARTESIAN_POINT('Ctrl Pts',(29.1006607088088,72.4002576726302,1.86470399146948));
#5529=CARTESIAN_POINT('Ctrl Pts',(29.1,72.356717092831,1.95183974331979));
#5530=CARTESIAN_POINT('Ctrl Pts',(29.1,72.332962575678,1.99516270668301));
#5531=CARTESIAN_POINT('Ctrl Pts',(30.0709458899454,67.2700226281634,4.14148583109611));
#5532=CARTESIAN_POINT('Ctrl Pts',(30.0491867376084,67.8218436950292,3.85719134264285));
#5533=CARTESIAN_POINT('Ctrl Pts',(29.9786073328671,68.8324722227929,3.42119899666113));
#5534=CARTESIAN_POINT('Ctrl Pts',(29.7686188952478,70.1994176072281,2.64524967318156));
#5535=CARTESIAN_POINT('Ctrl Pts',(29.5764914501614,71.016372503602,2.18820923071903));
#5536=CARTESIAN_POINT('Ctrl Pts',(29.4222588484321,71.5579217445419,1.89964062215711));
#5537=CARTESIAN_POINT('Ctrl Pts',(29.3828932419025,71.6890328319273,1.83065872501934));
#5538=CARTESIAN_POINT('Ctrl Pts',(29.3413258321848,71.8203473096437,1.76304245204057));
#5539=CARTESIAN_POINT('Ctrl Pts',(30.0661397981678,67.3919070954937,4.3701743000374));
#5540=CARTESIAN_POINT('Ctrl Pts',(30.0430365504339,67.9259661485248,4.08984466369686));
#5541=CARTESIAN_POINT('Ctrl Pts',(29.9666820958811,68.9463760894255,3.63174519999492));
#5542=CARTESIAN_POINT('Ctrl Pts',(29.7484419962624,70.3003628592137,2.81118635910681));
#5543=CARTESIAN_POINT('Ctrl Pts',(29.5571800604668,71.0908871485403,2.32402194574027));
#5544=CARTESIAN_POINT('Ctrl Pts',(29.4059803285763,71.612912933796,2.0046106452285));
#5545=CARTESIAN_POINT('Ctrl Pts',(29.3676755280096,71.7385805077287,1.92726207523425));
#5546=CARTESIAN_POINT('Ctrl Pts',(29.3274830164906,71.8640777736144,1.84983281430605));
#5547=CARTESIAN_POINT('Ctrl Pts',(29.8722773172608,67.5965661841074,4.76789489765068));
#5548=CARTESIAN_POINT('Ctrl Pts',(29.8536948221849,68.0989982607194,4.49436939500219));
#5549=CARTESIAN_POINT('Ctrl Pts',(29.7911058781414,69.127551901042,3.99885688623557));
#5550=CARTESIAN_POINT('Ctrl Pts',(29.6144925188487,70.4572250562314,3.10119888663104));
#5551=CARTESIAN_POINT('Ctrl Pts',(29.4621155292821,71.2065457121226,2.56194218061807));
#5552=CARTESIAN_POINT('Ctrl Pts',(29.3413627045569,71.6980180570722,2.18816260954516));
#5553=CARTESIAN_POINT('Ctrl Pts',(29.3108855484953,71.8164068484673,2.09636555181562));
#5554=CARTESIAN_POINT('Ctrl Pts',(29.2789549732629,71.9329021609854,2.00169645141624));
#5555=CARTESIAN_POINT('Ctrl Pts',(29.4526737905345,67.6871871691633,4.9686564779251));
#5556=CARTESIAN_POINT('Ctrl Pts',(29.4451307895382,68.1708883007032,4.70494642062145));
#5557=CARTESIAN_POINT('Ctrl Pts',(29.4198169415589,69.2009697417943,4.21364222084638));
#5558=CARTESIAN_POINT('Ctrl Pts',(29.344637955087,70.5356588842772,3.31223352652252));
#5559=CARTESIAN_POINT('Ctrl Pts',(29.2762900697582,71.2739811293101,2.75809171281972));
#5560=CARTESIAN_POINT('Ctrl Pts',(29.2206852041058,71.7552226257033,2.35185362671298));
#5561=CARTESIAN_POINT('Ctrl Pts',(29.2065510764501,71.8708446984621,2.24998755094528));
#5562=CARTESIAN_POINT('Ctrl Pts',(29.1916199442835,71.9831167959935,2.14214954120759));
#5563=CARTESIAN_POINT('Ctrl Pts',(29.2619537345933,67.6987587246759,5.00442254890022));
#5564=CARTESIAN_POINT('Ctrl Pts',(29.258453621698,68.1780356388806,4.74518982945113));
#5565=CARTESIAN_POINT('Ctrl Pts',(29.2471774789711,69.2082198059317,4.26482871440858));
#5566=CARTESIAN_POINT('Ctrl Pts',(29.2142696312801,70.5516812202422,3.37977675340365));
#5567=CARTESIAN_POINT('Ctrl Pts',(29.1844244530699,71.2922204441099,2.82950150066105));
#5568=CARTESIAN_POINT('Ctrl Pts',(29.1605237840861,71.7738034535883,2.41592341140928));
#5569=CARTESIAN_POINT('Ctrl Pts',(29.1544269622849,71.8891437986731,2.31100257994092));
#5570=CARTESIAN_POINT('Ctrl Pts',(29.1479918678743,72.0007036909607,2.19878740909233));
#5571=CARTESIAN_POINT('Ctrl Pts',(29.3413258321848,71.8203473096437,1.76304245204057));
#5572=CARTESIAN_POINT('Ctrl Pts',(29.3828932419025,71.6890328319273,1.83065872501934));
#5573=CARTESIAN_POINT('Ctrl Pts',(29.4222588484321,71.5579217445419,1.89964062215711));
#5574=CARTESIAN_POINT('Ctrl Pts',(29.5764914501614,71.016372503602,2.18820923071903));
#5575=CARTESIAN_POINT('Ctrl Pts',(29.7686188952478,70.1994176072281,2.64524967318156));
#5576=CARTESIAN_POINT('Ctrl Pts',(29.9786073328671,68.8324722227929,3.42119899666113));
#5577=CARTESIAN_POINT('Ctrl Pts',(30.0491867376084,67.8218436950292,3.85719134264285));
#5578=CARTESIAN_POINT('Ctrl Pts',(30.0709458899454,67.2700226281634,4.14148583109611));
#5579=CARTESIAN_POINT('Ctrl Pts',(29.2619537345933,67.6987587246759,5.00442254890022));
#5580=CARTESIAN_POINT('Ctrl Pts',(29.258453621698,68.1780356388806,4.74518982945113));
#5581=CARTESIAN_POINT('Ctrl Pts',(29.2471774789711,69.2082198059317,4.26482871440858));
#5582=CARTESIAN_POINT('Ctrl Pts',(29.2142696312801,70.5516812202422,3.37977675340365));
#5583=CARTESIAN_POINT('Ctrl Pts',(29.1844244530699,71.2922204441099,2.82950150066105));
#5584=CARTESIAN_POINT('Ctrl Pts',(29.1605237840861,71.7738034535883,2.41592341140928));
#5585=CARTESIAN_POINT('Ctrl Pts',(29.1544269622849,71.8891437986731,2.31100257994092));
#5586=CARTESIAN_POINT('Ctrl Pts',(29.1479918678743,72.0007036909607,2.19878740909233));
#5587=CARTESIAN_POINT('Origin',(30.1,26.75,48.9999999999999));
#5588=CARTESIAN_POINT('',(30.1,65.1,77.68160179334));
#5589=CARTESIAN_POINT('Origin',(30.1,72.0363024527903,85.0000000000004));
#5590=CARTESIAN_POINT('',(30.1,65.1,24.3999999999999));
#5591=CARTESIAN_POINT('Origin',(30.1,26.75,48.9999999999999));
#5592=CARTESIAN_POINT('',(30.1,65.1,24.3999999999999));
#5593=CARTESIAN_POINT('Ctrl Pts',(30.1,65.1,100.7));
#5594=CARTESIAN_POINT('Ctrl Pts',(30.1,65.1,66.2333312239966));
#5595=CARTESIAN_POINT('Ctrl Pts',(30.1,65.1,31.7666624479933));
#5596=CARTESIAN_POINT('Ctrl Pts',(30.1,65.1,-2.70000632801013));
#5597=CARTESIAN_POINT('Ctrl Pts',(30.1,66.3790770089616,100.7));
#5598=CARTESIAN_POINT('Ctrl Pts',(30.1,66.3790770089616,66.2333312239966));
#5599=CARTESIAN_POINT('Ctrl Pts',(30.1,66.3790770089616,31.7666624479933));
#5600=CARTESIAN_POINT('Ctrl Pts',(30.1,66.3790770089616,-2.70000632801013));
#5601=CARTESIAN_POINT('Ctrl Pts',(30.0870037973994,68.9101889545652,100.7));
#5602=CARTESIAN_POINT('Ctrl Pts',(30.0870037973994,68.9101889545652,66.2333312239967));
#5603=CARTESIAN_POINT('Ctrl Pts',(30.0870037973994,68.9101889545652,31.7666624479932));
#5604=CARTESIAN_POINT('Ctrl Pts',(30.0870037973994,68.9101889545652,-2.70000632801013));
#5605=CARTESIAN_POINT('Ctrl Pts',(29.2461182784609,72.6780679216055,100.7));
#5606=CARTESIAN_POINT('Ctrl Pts',(29.2461182784609,72.6780679216055,66.2333312239966));
#5607=CARTESIAN_POINT('Ctrl Pts',(29.2461182784609,72.6780679216055,31.7666624479933));
#5608=CARTESIAN_POINT('Ctrl Pts',(29.2461182784609,72.6780679216055,-2.70000632801013));
#5609=CARTESIAN_POINT('Ctrl Pts',(27.234070202568,76.2733426678745,100.7));
#5610=CARTESIAN_POINT('Ctrl Pts',(27.234070202568,76.2733426678745,66.2333312239967));
#5611=CARTESIAN_POINT('Ctrl Pts',(27.234070202568,76.2733426678745,31.7666624479932));
#5612=CARTESIAN_POINT('Ctrl Pts',(27.234070202568,76.2733426678745,-2.70000632801013));
#5613=CARTESIAN_POINT('Ctrl Pts',(24.1732753681883,79.3357844266933,100.7));
#5614=CARTESIAN_POINT('Ctrl Pts',(24.1732753681883,79.3357844266933,66.2333312239967));
#5615=CARTESIAN_POINT('Ctrl Pts',(24.1732753681883,79.3357844266933,31.7666624479933));
#5616=CARTESIAN_POINT('Ctrl Pts',(24.1732753681883,79.3357844266933,-2.70000632801013));
#5617=CARTESIAN_POINT('Ctrl Pts',(20.5793162709491,81.3430893316078,100.7));
#5618=CARTESIAN_POINT('Ctrl Pts',(20.5793162709491,81.3430893316078,66.2333312239967));
#5619=CARTESIAN_POINT('Ctrl Pts',(20.5793162709491,81.3430893316078,31.7666624479932));
#5620=CARTESIAN_POINT('Ctrl Pts',(20.5793162709491,81.3430893316078,-2.70000632801013));
#5621=CARTESIAN_POINT('Ctrl Pts',(16.8097939416414,82.1884722150102,100.7));
#5622=CARTESIAN_POINT('Ctrl Pts',(16.8097939416414,82.1884722150102,66.2333312239967));
#5623=CARTESIAN_POINT('Ctrl Pts',(16.8097939416414,82.1884722150102,31.7666624479933));
#5624=CARTESIAN_POINT('Ctrl Pts',(16.8097939416414,82.1884722150102,-2.70000632801013));
#5625=CARTESIAN_POINT('Ctrl Pts',(14.2790770089616,82.2,100.7));
#5626=CARTESIAN_POINT('Ctrl Pts',(14.2790770089616,82.2,66.2333312239967));
#5627=CARTESIAN_POINT('Ctrl Pts',(14.2790770089616,82.2,31.7666624479932));
#5628=CARTESIAN_POINT('Ctrl Pts',(14.2790770089615,82.2,-2.70000632801013));
#5629=CARTESIAN_POINT('Ctrl Pts',(13.,82.2,100.7));
#5630=CARTESIAN_POINT('Ctrl Pts',(13.,82.2,66.2333312239966));
#5631=CARTESIAN_POINT('Ctrl Pts',(13.,82.2,31.7666624479933));
#5632=CARTESIAN_POINT('Ctrl Pts',(13.,82.2,-2.70000632801013));
#5633=CARTESIAN_POINT('',(30.0709458899454,67.2700226281637,76.1414858310967));
#5634=CARTESIAN_POINT('Ctrl Pts',(30.0709458899454,67.2700226281637,76.1414858310967));
#5635=CARTESIAN_POINT('Ctrl Pts',(30.1026176818865,66.4668129374653,76.5552940414913));
#5636=CARTESIAN_POINT('Ctrl Pts',(30.1,65.7380693619625,77.0768462231385));
#5637=CARTESIAN_POINT('Ctrl Pts',(30.1,65.1,77.68160179334));
#5638=CARTESIAN_POINT('',(29.3413258321849,71.8203473096436,73.7630424520412));
#5639=CARTESIAN_POINT('Ctrl Pts',(29.3413258321849,71.8203473096436,73.7630424520411));
#5640=CARTESIAN_POINT('Ctrl Pts',(29.3828932404041,71.6890328366609,73.8306587225825));
#5641=CARTESIAN_POINT('Ctrl Pts',(29.4222587800308,71.5579213432323,73.8996396383454));
#5642=CARTESIAN_POINT('Ctrl Pts',(29.5764882115516,71.01635728258,74.1881707619547));
#5643=CARTESIAN_POINT('Ctrl Pts',(29.7686116178345,70.1993815645221,74.645159763931));
#5644=CARTESIAN_POINT('Ctrl Pts',(29.9785960946927,68.832410604586,75.4210494830615));
#5645=CARTESIAN_POINT('Ctrl Pts',(30.0491867375332,67.8218436969355,75.8571913416613));
#5646=CARTESIAN_POINT('Ctrl Pts',(30.0709458899454,67.2700226281637,76.1414858310965));
#5647=CARTESIAN_POINT('',(29.1,72.5181512263951,73.5289668067223));
#5648=CARTESIAN_POINT('Ctrl Pts',(29.1000879435869,72.5179477439601,73.5294686565005));
#5649=CARTESIAN_POINT('Ctrl Pts',(29.1023262103614,72.5119888074292,73.5266602859773));
#5650=CARTESIAN_POINT('Ctrl Pts',(29.12497531964,72.4515540454634,73.5022320197501));
#5651=CARTESIAN_POINT('Ctrl Pts',(29.1758189816107,72.3129859439298,73.5269561339501));
#5652=CARTESIAN_POINT('Ctrl Pts',(29.2523121361938,72.0944848007935,73.6221322341003));
#5653=CARTESIAN_POINT('Ctrl Pts',(29.3066946664618,71.9297496869031,73.7067091281461));
#5654=CARTESIAN_POINT('Ctrl Pts',(29.3413258321849,71.8203473096436,73.7630424520412));
#5655=CARTESIAN_POINT('',(29.1,72.5181512263952,73.1876243516365));
#5656=CARTESIAN_POINT('Ctrl Pts',(29.1,72.5181512263952,73.5289668067223));
#5657=CARTESIAN_POINT('Ctrl Pts',(29.1,72.5181512263952,73.4151859883603));
#5658=CARTESIAN_POINT('Ctrl Pts',(29.1,72.5181512263952,73.3014051699984));
#5659=CARTESIAN_POINT('Ctrl Pts',(29.1,72.5181512263952,73.1876243516365));
#5660=CARTESIAN_POINT('',(29.0987727792302,72.5214158665639,73.0596887640521));
#5661=CARTESIAN_POINT('Ctrl Pts',(29.1011897121132,72.5175356935935,73.1876243516365));
#5662=CARTESIAN_POINT('Ctrl Pts',(29.1011897121132,72.5175356935935,73.1448731328663));
#5663=CARTESIAN_POINT('Ctrl Pts',(29.1007428823516,72.5187259177981,73.1024327206186));
#5664=CARTESIAN_POINT('Ctrl Pts',(29.0999634298642,72.5207999300406,73.0596887640522));
#5665=CARTESIAN_POINT('',(29.0999999999999,72.5181512263952,72.6186012220512));
#5666=CARTESIAN_POINT('Ctrl Pts',(29.0999634298643,72.5207999300404,73.0596887640523));
#5667=CARTESIAN_POINT('Ctrl Pts',(29.0986328559636,72.5243403980022,72.9867221702728));
#5668=CARTESIAN_POINT('Ctrl Pts',(29.0986863867562,72.5241968388943,72.9147431146241));
#5669=CARTESIAN_POINT('Ctrl Pts',(29.0992391612358,72.5227266620106,72.8411675598625));
#5670=CARTESIAN_POINT('Ctrl Pts',(29.0996271420879,72.5216947755882,72.78952641599));
#5671=CARTESIAN_POINT('Ctrl Pts',(29.1002620553848,72.5200054253581,72.7376153929749));
#5672=CARTESIAN_POINT('Ctrl Pts',(29.1007111257799,72.5188099441059,72.6902020804905));
#5673=CARTESIAN_POINT('Ctrl Pts',(29.1008594457971,72.5184150977703,72.6745423010858));
#5674=CARTESIAN_POINT('Ctrl Pts',(29.1010022003355,72.5180350029378,72.6578213909714));
#5675=CARTESIAN_POINT('Ctrl Pts',(29.1010951109195,72.5177876029174,72.6422203869198));
#5676=CARTESIAN_POINT('Ctrl Pts',(29.1011256483644,72.5177062885594,72.637092717053));
#5677=CARTESIAN_POINT('Ctrl Pts',(29.1011535283936,72.5176320477002,72.6316245428284));
#5678=CARTESIAN_POINT('Ctrl Pts',(29.1011720697598,72.5175826737856,72.6262890678932));
#5679=CARTESIAN_POINT('Ctrl Pts',(29.1011731041602,72.5175799192748,72.6259914082093));
#5680=CARTESIAN_POINT('Ctrl Pts',(29.101174114704,72.5175772282889,72.6256930341545));
#5681=CARTESIAN_POINT('Ctrl Pts',(29.1011750953109,72.5175746170198,72.6253953426914));
#5682=CARTESIAN_POINT('Ctrl Pts',(29.1011759278137,72.517572400139,72.6251426125114));
#5683=CARTESIAN_POINT('Ctrl Pts',(29.1011767419296,72.5175702322188,72.6248894067098));
#5684=CARTESIAN_POINT('Ctrl Pts',(29.1011775328891,72.5175681259607,72.6246367560725));
#5685=CARTESIAN_POINT('Ctrl Pts',(29.1011790001214,72.5175642188454,72.6241680883825));
#5686=CARTESIAN_POINT('Ctrl Pts',(29.101180409476,72.5175604658482,72.6236943563021));
#5687=CARTESIAN_POINT('Ctrl Pts',(29.1011817123211,72.5175569964728,72.6232257852875));
#5688=CARTESIAN_POINT('Ctrl Pts',(29.1011833388847,72.5175526650604,72.6226407882722));
#5689=CARTESIAN_POINT('Ctrl Pts',(29.1011848678729,72.5175485934764,72.6220392072046));
#5690=CARTESIAN_POINT('Ctrl Pts',(29.1011861333669,72.5175452235548,72.6214530980075));
#5691=CARTESIAN_POINT('Ctrl Pts',(29.1011871771938,72.5175424439169,72.6209696531299));
#5692=CARTESIAN_POINT('Ctrl Pts',(29.1011880898611,72.5175400135451,72.6204746236517));
#5693=CARTESIAN_POINT('Ctrl Pts',(29.1011887286131,72.5175383125906,72.6199896029183));
#5694=CARTESIAN_POINT('Ctrl Pts',(29.1011889749285,72.5175376566688,72.6198025692925));
#5695=CARTESIAN_POINT('Ctrl Pts',(29.1011891832953,72.5175371018017,72.6196150302636));
#5696=CARTESIAN_POINT('Ctrl Pts',(29.1011893440267,72.5175366737843,72.6194279193789));
#5697=CARTESIAN_POINT('Ctrl Pts',(29.1011894070214,72.5175365060336,72.6193545859588));
#5698=CARTESIAN_POINT('Ctrl Pts',(29.1011894634058,72.5175363558854,72.6192805000188));
#5699=CARTESIAN_POINT('Ctrl Pts',(29.1011895116815,72.5175362273304,72.6192064671818));
#5700=CARTESIAN_POINT('Ctrl Pts',(29.1011895341561,72.5175361674819,72.6191720013526));
#5701=CARTESIAN_POINT('Ctrl Pts',(29.101189553787,72.5175361152062,72.6191392461045));
#5702=CARTESIAN_POINT('Ctrl Pts',(29.1011895719354,72.5175360668782,72.6191064509845));
#5703=CARTESIAN_POINT('Ctrl Pts',(29.1011895806664,72.517536043628,72.6190906735539));
#5704=CARTESIAN_POINT('Ctrl Pts',(29.1011895890444,72.5175360213179,72.6190748584797));
#5705=CARTESIAN_POINT('Ctrl Pts',(29.1011895970406,72.5175360000245,72.619059043182));
#5706=CARTESIAN_POINT('Ctrl Pts',(29.1011896009409,72.5175359896383,72.6190513290074));
#5707=CARTESIAN_POINT('Ctrl Pts',(29.1011896047562,72.5175359794784,72.6190436037983));
#5708=CARTESIAN_POINT('Ctrl Pts',(29.1011896084801,72.517535969562,72.6190358783817));
#5709=CARTESIAN_POINT('Ctrl Pts',(29.101189610338,72.5175359646146,72.6190320240705));
#5710=CARTESIAN_POINT('Ctrl Pts',(29.101189612185,72.5175359596961,72.6190281451058));
#5711=CARTESIAN_POINT('Ctrl Pts',(29.1011896140087,72.5175359548395,72.6190242660364));
#5712=CARTESIAN_POINT('Ctrl Pts',(29.1011896159942,72.5175359495524,72.619020043106));
#5713=CARTESIAN_POINT('Ctrl Pts',(29.1011896194041,72.517535940472,72.6190124707756));
#5714=CARTESIAN_POINT('Ctrl Pts',(29.1011896197891,72.5175359394467,72.619011628257));
#5715=CARTESIAN_POINT('Ctrl Pts',(29.1011896302722,72.5175359115309,72.6189886891741));
#5716=CARTESIAN_POINT('Ctrl Pts',(29.1011896397029,72.5175358864176,72.6189662783945));
#5717=CARTESIAN_POINT('Ctrl Pts',(29.1011896483819,72.5175358633061,72.618943844987));
#5718=CARTESIAN_POINT('Ctrl Pts',(29.1011896489587,72.5175358617701,72.6189423540346));
#5719=CARTESIAN_POINT('Ctrl Pts',(29.1011896541739,72.5175358478824,72.6189289077825));
#5720=CARTESIAN_POINT('Ctrl Pts',(29.1011896568772,72.5175358406836,72.6189214807009));
#5721=CARTESIAN_POINT('Ctrl Pts',(29.1011896583359,72.5175358367992,72.6189174730595));
#5722=CARTESIAN_POINT('Ctrl Pts',(29.101189660763,72.5175358303361,72.6189103311758));
#5723=CARTESIAN_POINT('Ctrl Pts',(29.1011896610427,72.5175358295912,72.6189095347811));
#5724=CARTESIAN_POINT('Ctrl Pts',(29.1011896613069,72.5175358288875,72.6189087823058));
#5725=CARTESIAN_POINT('Ctrl Pts',(29.1011896637895,72.5175358222767,72.6189019670478));
#5726=CARTESIAN_POINT('Ctrl Pts',(29.1011896650537,72.5175358189101,72.6188982476515));
#5727=CARTESIAN_POINT('Ctrl Pts',(29.1011896670506,72.5175358135926,72.6188923729236));
#5728=CARTESIAN_POINT('Ctrl Pts',(29.1011896689936,72.5175358084185,72.6188864990425));
#5729=CARTESIAN_POINT('Ctrl Pts',(29.1011896708834,72.5175358033859,72.6188806246625));
#5730=CARTESIAN_POINT('Ctrl Pts',(29.1011896727087,72.5175357985254,72.6188749511126));
#5731=CARTESIAN_POINT('Ctrl Pts',(29.101189674482,72.517535793803,72.6188692771492));
#5732=CARTESIAN_POINT('Ctrl Pts',(29.1011896761488,72.5175357893644,72.618863802354));
#5733=CARTESIAN_POINT('Ctrl Pts',(29.1011896778428,72.5175357848537,72.6188582385326));
#5734=CARTESIAN_POINT('Ctrl Pts',(29.1011896794886,72.517535780471,72.6188526765595));
#5735=CARTESIAN_POINT('Ctrl Pts',(29.101189681086,72.5175357762171,72.6188471204237));
#5736=CARTESIAN_POINT('Ctrl Pts',(29.1011896844653,72.5175357672181,72.6188353664779));
#5737=CARTESIAN_POINT('Ctrl Pts',(29.1011896876159,72.5175357588285,72.6188235593919));
#5738=CARTESIAN_POINT('Ctrl Pts',(29.1011896902185,72.5175357518979,72.6188133136869));
#5739=CARTESIAN_POINT('Ctrl Pts',(29.1011896915545,72.5175357483402,72.618808054248));
#5740=CARTESIAN_POINT('Ctrl Pts',(29.1011896928497,72.5175357448912,72.6188027817418));
#5741=CARTESIAN_POINT('Ctrl Pts',(29.1011896940063,72.5175357418112,72.6187979531572));
#5742=CARTESIAN_POINT('Ctrl Pts',(29.1011896951635,72.5175357387296,72.6187931222051));
#5743=CARTESIAN_POINT('Ctrl Pts',(29.1011896962866,72.5175357357389,72.6187882975919));
#5744=CARTESIAN_POINT('Ctrl Pts',(29.1011896973724,72.5175357328475,72.6187835058923));
#5745=CARTESIAN_POINT('Ctrl Pts',(29.101189698406,72.5175357300952,72.6187789447298));
#5746=CARTESIAN_POINT('Ctrl Pts',(29.1011896994122,72.5175357274156,72.6187743749731));
#5747=CARTESIAN_POINT('Ctrl Pts',(29.1011897003332,72.5175357249632,72.6187701003912));
#5748=CARTESIAN_POINT('Ctrl Pts',(29.1011897013773,72.5175357221828,72.6187652541411));
#5749=CARTESIAN_POINT('Ctrl Pts',(29.1011897023881,72.5175357194911,72.6187604348685));
#5750=CARTESIAN_POINT('Ctrl Pts',(29.1011897033913,72.5175357168196,72.6187555345455));
#5751=CARTESIAN_POINT('Ctrl Pts',(29.1011897041392,72.5175357148279,72.6187518811755));
#5752=CARTESIAN_POINT('Ctrl Pts',(29.1011897048684,72.5175357128862,72.6187482556702));
#5753=CARTESIAN_POINT('Ctrl Pts',(29.1011897056068,72.5175357109197,72.6187445266972));
#5754=CARTESIAN_POINT('Ctrl Pts',(29.101189706462,72.5175357086424,72.6187402081282));
#5755=CARTESIAN_POINT('Ctrl Pts',(29.1011897073022,72.5175357064049,72.6187358895592));
#5756=CARTESIAN_POINT('Ctrl Pts',(29.1011897081666,72.5175357041031,72.6187315709902));
#5757=CARTESIAN_POINT('',(29.1,72.5181512263952,97.3813987779492));
#5758=CARTESIAN_POINT('Ctrl Pts',(29.0999999999999,72.5181512263952,97.3813987779492));
#5759=CARTESIAN_POINT('Ctrl Pts',(28.922386783238,72.990816006167,97.3493304106772));
#5760=CARTESIAN_POINT('Ctrl Pts',(28.7192447777307,73.4515236784731,97.275978528258));
#5761=CARTESIAN_POINT('Ctrl Pts',(28.494146369933,73.8975636650446,97.167945658938));
#5762=CARTESIAN_POINT('Ctrl Pts',(28.2997860190883,74.2826951687674,97.074665095165));
#5763=CARTESIAN_POINT('Ctrl Pts',(28.0890554965099,74.6568911033962,96.9555269245199));
#5764=CARTESIAN_POINT('Ctrl Pts',(27.8642396837991,75.0183925629339,96.814758341357));
#5765=CARTESIAN_POINT('Ctrl Pts',(27.864222232248,75.0184206248443,96.8147474140557));
#5766=CARTESIAN_POINT('Ctrl Pts',(27.8642047806126,75.0184486866774,96.8147364866247));
#5767=CARTESIAN_POINT('Ctrl Pts',(27.8641873288927,75.0184767484332,96.814725559064));
#5768=CARTESIAN_POINT('Ctrl Pts',(27.609683387926,75.4277101934434,96.655365491581));
#5769=CARTESIAN_POINT('Ctrl Pts',(27.3372286112936,75.8205177358298,96.4684241178469));
#5770=CARTESIAN_POINT('Ctrl Pts',(27.0505530234898,76.1959826131958,96.2580964634557));
#5771=CARTESIAN_POINT('Ctrl Pts',(26.7298495163903,76.6160145520381,96.022803263501));
#5772=CARTESIAN_POINT('Ctrl Pts',(26.3913481231241,77.0143428665092,95.7582415581258));
#5773=CARTESIAN_POINT('Ctrl Pts',(26.0402449849449,77.3896395207253,95.4702397562549));
#5774=CARTESIAN_POINT('Ctrl Pts',(25.8163312140939,77.6289825510071,95.2865684572651));
#5775=CARTESIAN_POINT('Ctrl Pts',(25.5872916078406,77.8589573152329,95.093362812479));
#5776=CARTESIAN_POINT('Ctrl Pts',(25.3544718610629,78.0792099277059,94.8921298028962));
#5777=CARTESIAN_POINT('Ctrl Pts',(25.1257408264679,78.2955945283271,94.6944307884717));
#5778=CARTESIAN_POINT('Ctrl Pts',(24.8933613141702,78.5025953439846,94.488983858914));
#5779=CARTESIAN_POINT('Ctrl Pts',(24.6579212762537,78.7003055136174,94.2766561739041));
#5780=CARTESIAN_POINT('Ctrl Pts',(24.3749843999198,78.937901031824,94.0214942545996));
#5781=CARTESIAN_POINT('Ctrl Pts',(24.087884368635,79.161865865771,93.7564500726923));
#5782=CARTESIAN_POINT('Ctrl Pts',(23.7976305378818,79.3724406943697,93.4831651888656));
#5783=CARTESIAN_POINT('Ctrl Pts',(23.4989006958217,79.5891647428548,93.2018998220275));
#5784=CARTESIAN_POINT('Ctrl Pts',(23.196829287649,79.7917060010268,92.9119052075623));
#5785=CARTESIAN_POINT('Ctrl Pts',(22.8925013575343,79.9803029765858,92.614924582428));
#5786=CARTESIAN_POINT('Ctrl Pts',(22.8525872925961,80.0050383727973,92.5759741517116));
#5787=CARTESIAN_POINT('Ctrl Pts',(22.8126344020849,80.0295338651397,92.5369034900696));
#5788=CARTESIAN_POINT('Ctrl Pts',(22.7726451276902,80.0537899544466,92.4977164768742));
#5789=CARTESIAN_POINT('Ctrl Pts',(22.4603695357147,80.2432053605021,92.1917057295284));
#5790=CARTESIAN_POINT('Ctrl Pts',(22.1458745761816,80.4180247063095,91.8786030849486));
#5791=CARTESIAN_POINT('Ctrl Pts',(21.8287674068108,80.5790417302776,91.5598474409613));
#5792=CARTESIAN_POINT('Ctrl Pts',(21.5007542097603,80.7455964912946,91.2301290745503));
#5793=CARTESIAN_POINT('Ctrl Pts',(21.1699452866475,80.8973829833558,90.8943618883638));
#5794=CARTESIAN_POINT('Ctrl Pts',(20.8359213892311,81.0352443025179,90.5540984814298));
#5795=CARTESIAN_POINT('Ctrl Pts',(20.7863701057435,81.0556955497508,90.5036215884055));
#5796=CARTESIAN_POINT('Ctrl Pts',(20.736748109737,81.0758402942881,90.4530456840691));
#5797=CARTESIAN_POINT('Ctrl Pts',(20.6870540750088,81.0956812338934,90.4023757721229));
#5798=CARTESIAN_POINT('Ctrl Pts',(20.3345909989636,81.2364063459345,90.0429911271614));
#5799=CARTESIAN_POINT('Ctrl Pts',(19.9785011017122,81.3618501672795,89.6788804376778));
#5800=CARTESIAN_POINT('Ctrl Pts',(19.6195770036764,81.4725774501773,89.311082555702));
#5801=CARTESIAN_POINT('Ctrl Pts',(19.4237687863277,81.5329838480612,89.1104333153517));
#5802=CARTESIAN_POINT('Ctrl Pts',(19.2271176948002,81.5890099329972,88.9086860476129));
#5803=CARTESIAN_POINT('Ctrl Pts',(19.0297565777072,81.6407455417411,88.7060048857163));
#5804=CARTESIAN_POINT('Ctrl Pts',(19.0297372374833,81.6407506115252,88.7059850241595));
#5805=CARTESIAN_POINT('Ctrl Pts',(19.0297178972527,81.6407556812681,88.7059651625938));
#5806=CARTESIAN_POINT('Ctrl Pts',(19.0296985570152,81.6407607509698,88.7059453010191));
#5807=CARTESIAN_POINT('Ctrl Pts',(18.9032177863732,81.6739154513046,88.5760551027055));
#5808=CARTESIAN_POINT('Ctrl Pts',(18.7766710121669,81.7052501707598,88.4456498062827));
#5809=CARTESIAN_POINT('Ctrl Pts',(18.6498643876352,81.7348635437094,88.3146881464514));
#5810=CARTESIAN_POINT('Ctrl Pts',(18.5220670628936,81.7647082766127,88.1827033244285));
#5811=CARTESIAN_POINT('Ctrl Pts',(18.3940056836096,81.7928043890485,88.0501534213443));
#5812=CARTESIAN_POINT('Ctrl Pts',(18.2655086410603,81.8192337098592,87.9169545340162));
#5813=CARTESIAN_POINT('Ctrl Pts',(18.1691830871883,81.8390459865859,87.817104324685));
#5814=CARTESIAN_POINT('Ctrl Pts',(18.0726132789918,81.8579211874984,87.7168885690608));
#5815=CARTESIAN_POINT('Ctrl Pts',(17.9757370915531,81.8758882595951,87.6162566143411));
#5816=CARTESIAN_POINT('Ctrl Pts',(17.8482208561545,81.8995379660449,87.4837967357484));
#5817=CARTESIAN_POINT('Ctrl Pts',(17.7201727514937,81.9216144149547,87.3506173188821));
#5818=CARTESIAN_POINT('Ctrl Pts',(17.5927212506466,81.9420961635365,87.2155724799525));
#5819=CARTESIAN_POINT('Ctrl Pts',(17.4698571286108,81.9618407098191,87.0853883278612));
#5820=CARTESIAN_POINT('Ctrl Pts',(17.3475476730591,81.9801030257329,86.953470864518));
#5821=CARTESIAN_POINT('Ctrl Pts',(17.2268276196921,81.9968581879005,86.8187529975991));
#5822=CARTESIAN_POINT('Ctrl Pts',(17.124850101542,82.0110120074723,86.7049509130596));
#5823=CARTESIAN_POINT('Ctrl Pts',(17.0240072737071,82.024090177691,86.5891500351134));
#5824=CARTESIAN_POINT('Ctrl Pts',(16.9249344493612,82.0360762158486,86.4706804746571));
#5825=CARTESIAN_POINT('Ctrl Pts',(16.9248535192386,82.0360860069446,86.4705836998238));
#5826=CARTESIAN_POINT('Ctrl Pts',(16.9247725902976,82.0360957973119,86.4704869232083));
#5827=CARTESIAN_POINT('Ctrl Pts',(16.9246916625394,82.0361055869503,86.4703901448089));
#5828=CARTESIAN_POINT('Ctrl Pts',(16.8735044085611,82.0422975873123,86.4091772727806));
#5829=CARTESIAN_POINT('Ctrl Pts',(16.8230309956756,82.0481694076121,86.3471991083742));
#5830=CARTESIAN_POINT('Ctrl Pts',(16.7734086336312,82.0537354565341,86.2841273722349));
#5831=CARTESIAN_POINT('Ctrl Pts',(16.72991466692,82.058614094643,86.2288450382419));
#5832=CARTESIAN_POINT('Ctrl Pts',(16.6870748122102,82.0632576440023,86.1727222733428));
#5833=CARTESIAN_POINT('Ctrl Pts',(16.6449977212781,82.0676710028179,86.1155096823084));
#5834=CARTESIAN_POINT('Ctrl Pts',(16.5999421814591,82.0723967635454,86.0542472680968));
#5835=CARTESIAN_POINT('Ctrl Pts',(16.5557604187578,82.0768586077698,85.9917363344207));
#5836=CARTESIAN_POINT('Ctrl Pts',(16.5134755622411,82.0810048728377,85.9274866192311));
#5837=CARTESIAN_POINT('Ctrl Pts',(16.4746153997449,82.0848153276332,85.8684405545577));
#5838=CARTESIAN_POINT('Ctrl Pts',(16.4373571655324,82.0883591762771,85.8079260330705));
#5839=CARTESIAN_POINT('Ctrl Pts',(16.4025204183213,82.0915929983139,85.7455222921892));
#5840=CARTESIAN_POINT('Ctrl Pts',(16.3994503024956,82.0918779907144,85.7400227341707));
#5841=CARTESIAN_POINT('Ctrl Pts',(16.3963990118119,82.0921605733507,85.7345084747835));
#5842=CARTESIAN_POINT('Ctrl Pts',(16.3933671181023,82.0924407154269,85.7289792090469));
#5843=CARTESIAN_POINT('Ctrl Pts',(16.3578734426012,82.0957202736496,85.664249379241));
#5844=CARTESIAN_POINT('Ctrl Pts',(16.3253362978729,82.0986380707097,85.5975894264848));
#5845=CARTESIAN_POINT('Ctrl Pts',(16.2965849745666,82.1011561650521,85.5285626093263));
#5846=CARTESIAN_POINT('Ctrl Pts',(16.288948124179,82.1018250146055,85.5102278888769));
#5847=CARTESIAN_POINT('Ctrl Pts',(16.2815785554985,82.1024656342302,85.491725977112));
#5848=CARTESIAN_POINT('Ctrl Pts',(16.2744922696477,82.1030772461688,85.4730482136947));
#5849=CARTESIAN_POINT('Ctrl Pts',(16.2514467538762,82.1050662870958,85.412305717488));
#5850=CARTESIAN_POINT('Ctrl Pts',(16.2313943336948,82.1067488246659,85.3497051702836));
#5851=CARTESIAN_POINT('Ctrl Pts',(16.2158425289548,82.1080376983238,85.2857283948869));
#5852=CARTESIAN_POINT('Ctrl Pts',(16.2104343806281,82.1084859048203,85.2634804373927));
#5853=CARTESIAN_POINT('Ctrl Pts',(16.2055708713128,82.1088864697295,85.2410658486111));
#5854=CARTESIAN_POINT('Ctrl Pts',(16.2013168570031,82.1092356010662,85.2185043200454));
#5855=CARTESIAN_POINT('Ctrl Pts',(16.193898157815,82.109844461351,85.1791586146803));
#5856=CARTESIAN_POINT('Ctrl Pts',(16.1883288978734,82.1102972359515,85.1393226771393));
#5857=CARTESIAN_POINT('Ctrl Pts',(16.1849751044422,82.110572051222,85.0992299965843));
#5858=CARTESIAN_POINT('Ctrl Pts',(16.1825352157154,82.1107719796596,85.0700625235946));
#5859=CARTESIAN_POINT('Ctrl Pts',(16.1812665990985,82.1108778255551,85.040766879245));
#5860=CARTESIAN_POINT('Ctrl Pts',(16.1810982534971,82.1108939744692,85.0114699182088));
#5861=CARTESIAN_POINT('Ctrl Pts',(16.1808969261448,82.1109132872289,84.9764331869172));
#5862=CARTESIAN_POINT('Ctrl Pts',(16.1822679629492,82.1108044166103,84.9413943429527));
#5863=CARTESIAN_POINT('Ctrl Pts',(16.18509429408,82.1105745439148,84.9065207105666));
#5864=CARTESIAN_POINT('Ctrl Pts',(16.1855928031538,82.1105339989046,84.9003696895518));
#5865=CARTESIAN_POINT('Ctrl Pts',(16.1861366239889,82.110489686512,84.8942237049101));
#5866=CARTESIAN_POINT('Ctrl Pts',(16.1867251632388,82.110441642177,84.8880836038383));
#5867=CARTESIAN_POINT('Ctrl Pts',(16.1905449166293,82.1101298235321,84.8482329534522));
#5868=CARTESIAN_POINT('Ctrl Pts',(16.1962447303539,82.1096611268995,84.8086303698779));
#5869=CARTESIAN_POINT('Ctrl Pts',(16.2037332892256,82.1090393004454,84.7694826137574));
#5870=CARTESIAN_POINT('Ctrl Pts',(16.2055888975427,82.1088852165476,84.7597820955273));
#5871=CARTESIAN_POINT('Ctrl Pts',(16.2075545280131,82.1087217127431,84.7501096627226));
#5872=CARTESIAN_POINT('Ctrl Pts',(16.209629157825,82.1085488113859,84.7404688034903));
#5873=CARTESIAN_POINT('Ctrl Pts',(16.2116010814275,82.1083844696487,84.731305222711));
#5874=CARTESIAN_POINT('Ctrl Pts',(16.2136658177287,82.1082121076819,84.7221732261866));
#5875=CARTESIAN_POINT('Ctrl Pts',(16.2158214079534,82.1080318385338,84.7130768632204));
#5876=CARTESIAN_POINT('Ctrl Pts',(16.232081437786,82.1066720338303,84.6444612555306));
#5877=CARTESIAN_POINT('Ctrl Pts',(16.2535160960392,82.1048618904405,84.5778716030624));
#5878=CARTESIAN_POINT('Ctrl Pts',(16.2788288712829,82.1026731039576,84.5131518728447));
#5879=CARTESIAN_POINT('Ctrl Pts',(16.3108252460722,82.0999063890492,84.4313435083182));
#5880=CARTESIAN_POINT('Ctrl Pts',(16.3490142833723,82.0965349692943,84.3525213051233));
#5881=CARTESIAN_POINT('Ctrl Pts',(16.3907015397619,82.0927101543843,84.2764154827869));
#5882=CARTESIAN_POINT('Ctrl Pts',(16.4117186332929,82.0907818314467,84.2380458867802));
#5883=CARTESIAN_POINT('Ctrl Pts',(16.4336242819216,82.0887383216817,84.2003675339648));
#5884=CARTESIAN_POINT('Ctrl Pts',(16.4560747783742,82.0865989392269,84.1633508899342));
#5885=CARTESIAN_POINT('Ctrl Pts',(16.4561678885167,82.0865900664519,84.1631973688302));
#5886=CARTESIAN_POINT('Ctrl Pts',(16.456261008757,82.0865811919587,84.1630438572812));
#5887=CARTESIAN_POINT('Ctrl Pts',(16.4563541390703,82.0865723157488,84.1628903552842));
#5888=CARTESIAN_POINT('Ctrl Pts',(16.501570557633,82.0822627584445,84.0883624137458));
#5889=CARTESIAN_POINT('Ctrl Pts',(16.5491643148944,82.0775481382334,84.0160902021751));
#5890=CARTESIAN_POINT('Ctrl Pts',(16.5985909653609,82.0724498186746,83.9456864523325));
#5891=CARTESIAN_POINT('Ctrl Pts',(16.6510269534977,82.0670410883363,83.8709961757975));
#5892=CARTESIAN_POINT('Ctrl Pts',(16.705525498128,82.0612004285111,83.7984082823025));
#5893=CARTESIAN_POINT('Ctrl Pts',(16.7614005992521,82.0549592473843,83.7274095145443));
#5894=CARTESIAN_POINT('Ctrl Pts',(16.8254308160995,82.0478071497077,83.6460482927476));
#5895=CARTESIAN_POINT('Ctrl Pts',(16.8912682586828,82.0401288172056,83.5667734962583));
#5896=CARTESIAN_POINT('Ctrl Pts',(16.9578401679937,82.0319820455131,83.488754674162));
#5897=CARTESIAN_POINT('Ctrl Pts',(16.9821860644257,82.0290027038969,83.4602225472911));
#5898=CARTESIAN_POINT('Ctrl Pts',(17.0066298876083,82.0259608242403,83.4318579371776));
#5899=CARTESIAN_POINT('Ctrl Pts',(17.0311183816476,82.0228596279868,83.4036189061944));
#5900=CARTESIAN_POINT('Ctrl Pts',(17.0312332496489,82.0228450812281,83.4034864455766));
#5901=CARTESIAN_POINT('Ctrl Pts',(17.0313481186327,82.0228305331646,83.403353987721));
#5902=CARTESIAN_POINT('Ctrl Pts',(17.0314629885971,82.0228159837965,83.4032215326268));
#5903=CARTESIAN_POINT('Ctrl Pts',(17.229616529393,81.9977179626689,83.1747332062271));
#5904=CARTESIAN_POINT('Ctrl Pts',(17.4327334877022,81.9684791195461,82.9541720891595));
#5905=CARTESIAN_POINT('Ctrl Pts',(17.6364009223937,81.935127161869,82.7376051232123));
#5906=CARTESIAN_POINT('Ctrl Pts',(17.8813356829038,81.8950173928303,82.4771571138434));
#5907=CARTESIAN_POINT('Ctrl Pts',(18.1270687020997,81.848958557628,82.2224866659531));
#5908=CARTESIAN_POINT('Ctrl Pts',(18.3717143273348,81.7967975417421,81.970451211841));
#5909=CARTESIAN_POINT('Ctrl Pts',(18.4288884538327,81.7846074176896,81.9115500689266));
#5910=CARTESIAN_POINT('Ctrl Pts',(18.4860030779446,81.7720840082865,81.8527926477139));
#5911=CARTESIAN_POINT('Ctrl Pts',(18.5430339079651,81.7592253634841,81.7941384839794));
#5912=CARTESIAN_POINT('Ctrl Pts',(18.7832412637885,81.7050662171707,81.5470938315758));
#5913=CARTESIAN_POINT('Ctrl Pts',(19.0219644512125,81.6449593811583,81.3018842184943));
#5914=CARTESIAN_POINT('Ctrl Pts',(19.2594190787062,81.5785643577398,81.0581359994669));
#5915=CARTESIAN_POINT('Ctrl Pts',(19.3795589263254,81.5449718854415,80.9348119177233));
#5916=CARTESIAN_POINT('Ctrl Pts',(19.4993735630765,81.509769859837,80.8118612751585));
#5917=CARTESIAN_POINT('Ctrl Pts',(19.6188881279116,81.4729152750867,80.6892315458567));
#5918=CARTESIAN_POINT('Ctrl Pts',(19.6189460600039,81.4728974106263,80.6891721037561));
#5919=CARTESIAN_POINT('Ctrl Pts',(19.6190039920256,81.4728795457777,80.6891126617307));
#5920=CARTESIAN_POINT('Ctrl Pts',(19.6190619239768,81.4728616805408,80.6890532197807));
#5921=CARTESIAN_POINT('Ctrl Pts',(20.0959873827403,81.3257859110647,80.1996966786709));
#5922=CARTESIAN_POINT('Ctrl Pts',(20.5679623771589,81.1524492619546,79.7158014405839));
#5923=CARTESIAN_POINT('Ctrl Pts',(21.0343914357382,80.9513307203177,79.2415097890185));
#5924=CARTESIAN_POINT('Ctrl Pts',(21.5513120899681,80.7284408162509,78.7158754051537));
#5925=CARTESIAN_POINT('Ctrl Pts',(22.0614214298286,80.4714298748039,78.202035165396));
#5926=CARTESIAN_POINT('Ctrl Pts',(22.5650131031543,80.1773919205869,77.7057396002523));
#5927=CARTESIAN_POINT('Ctrl Pts',(22.6523119300837,80.1264197345172,77.6197055712121));
#5928=CARTESIAN_POINT('Ctrl Pts',(22.7394148971439,80.0743347379045,77.5341988416844));
#5929=CARTESIAN_POINT('Ctrl Pts',(22.8263235345084,80.0211216498231,77.4492494570861));
#5930=CARTESIAN_POINT('Ctrl Pts',(23.2843929711078,79.7406513764833,77.0015066558814));
#5931=CARTESIAN_POINT('Ctrl Pts',(23.7370647124666,79.4288451078619,76.5692444352197));
#5932=CARTESIAN_POINT('Ctrl Pts',(24.1811307056428,79.0848442600256,76.1584398835926));
#5933=CARTESIAN_POINT('Ctrl Pts',(24.4315779188496,78.8908324351949,75.9267516734871));
#5934=CARTESIAN_POINT('Ctrl Pts',(24.6792876471454,78.686579512974,75.701889297187));
#5935=CARTESIAN_POINT('Ctrl Pts',(24.9236821503182,78.4719268822573,75.4849304526615));
#5936=CARTESIAN_POINT('Ctrl Pts',(24.9236941933768,78.4719163047927,75.4849197615533));
#5937=CARTESIAN_POINT('Ctrl Pts',(24.9237062364274,78.4719057273028,75.4849090704643));
#5938=CARTESIAN_POINT('Ctrl Pts',(24.9237182794699,78.4718951497877,75.4848983793944));
#5939=CARTESIAN_POINT('Ctrl Pts',(25.2909483654487,78.1493535836009,75.1588941748951));
#5940=CARTESIAN_POINT('Ctrl Pts',(25.6504740561726,77.8035267395166,74.8510296108615));
#5941=CARTESIAN_POINT('Ctrl Pts',(25.9977743013195,77.4351748382534,74.5655745309017));
#5942=CARTESIAN_POINT('Ctrl Pts',(26.1925458374789,77.2285971964037,74.405486753236));
#5943=CARTESIAN_POINT('Ctrl Pts',(26.383472226016,77.0149342872711,74.2524469491736));
#5944=CARTESIAN_POINT('Ctrl Pts',(26.5697545165428,76.7943130958644,74.1072092770301));
#5945=CARTESIAN_POINT('Ctrl Pts',(26.8416695081981,76.4722738443033,73.8952068354816));
#5946=CARTESIAN_POINT('Ctrl Pts',(27.1036899359875,76.1354101102324,73.6998271635539));
#5947=CARTESIAN_POINT('Ctrl Pts',(27.3531092722784,75.7847693857081,73.524816598101));
#5948=CARTESIAN_POINT('Ctrl Pts',(27.5790631294629,75.4671170923037,73.36627110239));
#5949=CARTESIAN_POINT('Ctrl Pts',(27.7946757005427,75.1381583017282,73.2244416025183));
#5950=CARTESIAN_POINT('Ctrl Pts',(27.9979228042255,74.7986452262979,73.1021363526982));
#5951=CARTESIAN_POINT('Ctrl Pts',(28.249694849193,74.3780739131259,72.9506309078504));
#5952=CARTESIAN_POINT('Ctrl Pts',(28.4823581978052,73.9415206641997,72.8293869236609));
#5953=CARTESIAN_POINT('Ctrl Pts',(28.6920133566029,73.490610938962,72.7438277303482));
#5954=CARTESIAN_POINT('Ctrl Pts',(28.8396974759366,73.1729836215489,72.6835585998973));
#5955=CARTESIAN_POINT('Ctrl Pts',(28.975965172538,72.8482330495568,72.6409959203405));
#5956=CARTESIAN_POINT('Ctrl Pts',(29.1,72.5181512263952,72.6186012220513));
#5957=CARTESIAN_POINT('',(29.0987727762889,72.5214158743851,96.9403249664523));
#5958=CARTESIAN_POINT('Ctrl Pts',(29.1000000000001,72.5181512263953,97.3813987802067));
#5959=CARTESIAN_POINT('Ctrl Pts',(29.1000000000001,72.5181512263953,97.3813607745462));
#5960=CARTESIAN_POINT('Ctrl Pts',(29.1000000098135,72.5181512076564,97.3813227702065));
#5961=CARTESIAN_POINT('Ctrl Pts',(29.099999994649,72.5181512360894,97.3812847708345));
#5962=CARTESIAN_POINT('Ctrl Pts',(29.0999997028554,72.5181517831923,97.3805535935074));
#5963=CARTESIAN_POINT('Ctrl Pts',(29.0999979088257,72.5181555534836,97.3798223090452));
#5964=CARTESIAN_POINT('Ctrl Pts',(29.0999968993928,72.5181580472364,97.3790910169585));
#5965=CARTESIAN_POINT('Ctrl Pts',(29.0999967292228,72.5181584676327,97.3789677359021));
#5966=CARTESIAN_POINT('Ctrl Pts',(29.0999965409796,72.5181589374172,97.3788444567714));
#5967=CARTESIAN_POINT('Ctrl Pts',(29.0999962989639,72.5181595475188,97.3787211840249));
#5968=CARTESIAN_POINT('Ctrl Pts',(29.099993373217,72.5181669230856,97.3772309300993));
#5969=CARTESIAN_POINT('Ctrl Pts',(29.0999893204528,72.5181787363737,97.3756056761704));
#5970=CARTESIAN_POINT('Ctrl Pts',(29.0999848580666,72.5181917218999,97.3741383374053));
#5971=CARTESIAN_POINT('Ctrl Pts',(29.0999816977128,72.518200918517,97.3730991378731));
#5972=CARTESIAN_POINT('Ctrl Pts',(29.0999780518506,72.5182115032288,97.3720387792035));
#5973=CARTESIAN_POINT('Ctrl Pts',(29.0999738868828,72.5182231947022,97.3709984044502));
#5974=CARTESIAN_POINT('Ctrl Pts',(29.0999727398991,72.5182264143982,97.3707118973233));
#5975=CARTESIAN_POINT('Ctrl Pts',(29.0999715468422,72.5182297373821,97.3704251154629));
#5976=CARTESIAN_POINT('Ctrl Pts',(29.0999703053238,72.5182331629617,97.3701386171364));
#5977=CARTESIAN_POINT('Ctrl Pts',(29.0999689927393,72.5182367846258,97.36983571929));
#5978=CARTESIAN_POINT('Ctrl Pts',(29.0999676234705,72.5182405279074,97.3695325571207));
#5979=CARTESIAN_POINT('Ctrl Pts',(29.0999661941329,72.5182443937072,97.3692296932605));
#5980=CARTESIAN_POINT('Ctrl Pts',(29.0999630468276,72.5182529059381,97.368562807419));
#5981=CARTESIAN_POINT('Ctrl Pts',(29.0999596198809,72.5182619822614,97.3679003736117));
#5982=CARTESIAN_POINT('Ctrl Pts',(29.0999558258138,72.5182717729013,97.3672357828942));
#5983=CARTESIAN_POINT('Ctrl Pts',(29.0999529084724,72.5182793011388,97.3667247645345));
#5984=CARTESIAN_POINT('Ctrl Pts',(29.0999499616714,72.5182869056132,97.3662125127668));
#5985=CARTESIAN_POINT('Ctrl Pts',(29.0999469600575,72.5182946524284,97.365696050092));
#5986=CARTESIAN_POINT('Ctrl Pts',(29.0998868536081,72.5184497801611,97.3553540344285));
#5987=CARTESIAN_POINT('Ctrl Pts',(29.0998117353272,72.5186438688482,97.3443773990781));
#5988=CARTESIAN_POINT('Ctrl Pts',(29.0997319048198,72.5188502996885,97.3339200970746));
#5989=CARTESIAN_POINT('Ctrl Pts',(29.0995391151203,72.5193488276446,97.3086658405629));
#5990=CARTESIAN_POINT('Ctrl Pts',(29.0992987553282,72.5199711163831,97.2833077184518));
#5991=CARTESIAN_POINT('Ctrl Pts',(29.0990333669573,72.5206597764671,97.2561768228898));
#5992=CARTESIAN_POINT('Ctrl Pts',(29.09896752878,72.5208306208962,97.2494461258877));
#5993=CARTESIAN_POINT('Ctrl Pts',(29.0989001973528,72.521005435579,97.242606480286));
#5994=CARTESIAN_POINT('Ctrl Pts',(29.098831940209,72.5211827845825,97.23563282234));
#5995=CARTESIAN_POINT('Ctrl Pts',(29.0985237964689,72.5219834185118,97.2041505638914));
#5996=CARTESIAN_POINT('Ctrl Pts',(29.0982186281902,72.5227790883823,97.1722640663228));
#5997=CARTESIAN_POINT('Ctrl Pts',(29.0980063886718,72.5233372862073,97.1400246266204));
#5998=CARTESIAN_POINT('Ctrl Pts',(29.0977914567787,72.5239025650777,97.1073762119567));
#5999=CARTESIAN_POINT('Ctrl Pts',(29.0976718131843,72.5242246706006,97.074365620586));
#6000=CARTESIAN_POINT('Ctrl Pts',(29.0977585148838,72.5240109201187,97.0410581279358));
#6001=CARTESIAN_POINT('Ctrl Pts',(29.0978452165832,72.5237971696368,97.0077506352857));
#6002=CARTESIAN_POINT('Ctrl Pts',(29.0981383067631,72.5230478322458,96.9741460114205));
#6003=CARTESIAN_POINT('Ctrl Pts',(29.0987660903109,72.5214147372974,96.9403248339185));
#6004=CARTESIAN_POINT('',(29.1,72.5181512263952,96.812388352633));
#6005=CARTESIAN_POINT('Ctrl Pts',(29.0999634269252,72.520799937861,96.9403249664524));
#6006=CARTESIAN_POINT('Ctrl Pts',(29.1007428812878,72.5187259206326,96.8975806660865));
#6007=CARTESIAN_POINT('Ctrl Pts',(29.1011897121132,72.5175356935935,96.8551399140704));
#6008=CARTESIAN_POINT('Ctrl Pts',(29.1011897121132,72.5175356935935,96.812388352633));
#6009=CARTESIAN_POINT('',(29.1,72.5181512263952,96.471042815819));
#6010=CARTESIAN_POINT('Ctrl Pts',(29.1,72.5181512263952,96.812388352633));
#6011=CARTESIAN_POINT('Ctrl Pts',(29.1,72.5181512263952,96.6986065070283));
#6012=CARTESIAN_POINT('Ctrl Pts',(29.1,72.5181512263952,96.5848246614237));
#6013=CARTESIAN_POINT('Ctrl Pts',(29.1,72.5181512263952,96.471042815819));
#6014=CARTESIAN_POINT('',(29.3413261923185,71.820346171955,96.236963364542));
#6015=CARTESIAN_POINT('Ctrl Pts',(29.3413261923185,71.820346171955,96.236963364542));
#6016=CARTESIAN_POINT('Ctrl Pts',(29.3240105451046,71.8750475800171,96.2651303338027));
#6017=CARTESIAN_POINT('Ctrl Pts',(29.2696108893491,72.0426799422009,96.3465559454428));
#6018=CARTESIAN_POINT('Ctrl Pts',(29.1992331283388,72.2491014306972,96.4597187575703));
#6019=CARTESIAN_POINT('Ctrl Pts',(29.1251486241849,72.4511144454807,96.4976277050351));
#6020=CARTESIAN_POINT('Ctrl Pts',(29.1024671728111,72.5116317131078,96.4730871590454));
#6021=CARTESIAN_POINT('Ctrl Pts',(29.1001535814441,72.517790199614,96.470161428116));
#6022=CARTESIAN_POINT('',(30.0709458899454,67.2700226281637,93.858514168904));
#6023=CARTESIAN_POINT('Ctrl Pts',(30.0709458899454,67.2700226281637,93.858514168904));
#6024=CARTESIAN_POINT('Ctrl Pts',(30.0583727042663,67.5888837964617,94.0227892902649));
#6025=CARTESIAN_POINT('Ctrl Pts',(30.0120567086857,68.4131069166021,94.3917547435217));
#6026=CARTESIAN_POINT('Ctrl Pts',(29.9180063563657,69.2234300565694,94.8040368440305));
#6027=CARTESIAN_POINT('Ctrl Pts',(29.7725396201095,70.1249255128788,95.3053111836801));
#6028=CARTESIAN_POINT('Ctrl Pts',(29.6305498865122,70.8280542639821,95.7104222314009));
#6029=CARTESIAN_POINT('Ctrl Pts',(29.4312104295811,71.5363952297743,96.0907507213344));
#6030=CARTESIAN_POINT('Ctrl Pts',(29.3413261923185,71.8203461719549,96.236963364542));
#6031=CARTESIAN_POINT('',(30.1,65.1,92.3183982066608));
#6032=CARTESIAN_POINT('Ctrl Pts',(30.1,65.1,92.3183982066608));
#6033=CARTESIAN_POINT('Ctrl Pts',(30.1,65.7380166908743,92.9231038557474));
#6034=CARTESIAN_POINT('Ctrl Pts',(30.1026096833154,66.4670157844658,93.4448104639048));
#6035=CARTESIAN_POINT('Ctrl Pts',(30.0709458899487,67.2700226280811,93.8585141688617));
#6036=CARTESIAN_POINT('',(30.1,65.1,100.7));
#6037=CARTESIAN_POINT('',(30.1,65.1,24.3999999999999));
#6038=CARTESIAN_POINT('',(29.8075491814458,69.9,100.7));
#6039=CARTESIAN_POINT('Ctrl Pts',(29.8075491814458,69.9,100.7));
#6040=CARTESIAN_POINT('Ctrl Pts',(30.1000311128226,68.2216978961313,100.7));
#6041=CARTESIAN_POINT('Ctrl Pts',(30.1,66.6300430305492,100.7));
#6042=CARTESIAN_POINT('Ctrl Pts',(30.1,65.1,100.7));
#6043=CARTESIAN_POINT('',(29.2151586018959,72.2,98.4));
#6044=CARTESIAN_POINT('Ctrl Pts',(29.2161461507229,72.199475188395,98.4));
#6045=CARTESIAN_POINT('Ctrl Pts',(29.2161461495631,72.1994751917324,98.4357541139062));
#6046=CARTESIAN_POINT('Ctrl Pts',(29.2164358431288,72.1986418485917,98.4715014572324));
#6047=CARTESIAN_POINT('Ctrl Pts',(29.2170144156068,72.1969759561882,98.5072146517996));
#6048=CARTESIAN_POINT('Ctrl Pts',(29.2179020496514,72.1944201781858,98.5620051033795));
#6049=CARTESIAN_POINT('Ctrl Pts',(29.2194690527153,72.1899072510146,98.6166646981702));
#6050=CARTESIAN_POINT('Ctrl Pts',(29.2217043739373,72.1834493762845,98.6710951346403));
#6051=CARTESIAN_POINT('Ctrl Pts',(29.2257291582201,72.1718217173791,98.7690992886072));
#6052=CARTESIAN_POINT('Ctrl Pts',(29.2319112984075,72.1539243582548,98.8660709837393));
#6053=CARTESIAN_POINT('Ctrl Pts',(29.2401081911608,72.1299248580269,98.9614531546792));
#6054=CARTESIAN_POINT('Ctrl Pts',(29.2421253533207,72.1240188537429,98.9849256230575));
#6055=CARTESIAN_POINT('Ctrl Pts',(29.244264281273,72.1177432735036,99.0083018304596));
#6056=CARTESIAN_POINT('Ctrl Pts',(29.2465223793409,72.1111005530614,99.0315734749218));
#6057=CARTESIAN_POINT('Ctrl Pts',(29.2567917004623,72.0808909575128,99.1374076693711));
#6058=CARTESIAN_POINT('Ctrl Pts',(29.2694827862604,72.0432283149012,99.240592595484));
#6059=CARTESIAN_POINT('Ctrl Pts',(29.2842521251307,71.9985261882089,99.3404151292497));
#6060=CARTESIAN_POINT('Ctrl Pts',(29.2915001035846,71.9765888453154,99.3894025335133));
#6061=CARTESIAN_POINT('Ctrl Pts',(29.2992477052627,71.9529560752785,99.437580170793));
#6062=CARTESIAN_POINT('Ctrl Pts',(29.30744993411,71.927676286177,99.4848637595271));
#6063=CARTESIAN_POINT('Ctrl Pts',(29.3332423489586,71.8481824290889,99.6335499226258));
#6064=CARTESIAN_POINT('Ctrl Pts',(29.3633491260878,71.7529730950008,99.7723376663424));
#6065=CARTESIAN_POINT('Ctrl Pts',(29.396135453158,71.644126055431,99.8990630896926));
#6066=CARTESIAN_POINT('Ctrl Pts',(29.4093726628253,71.6001799592009,99.9502274362045));
#6067=CARTESIAN_POINT('Ctrl Pts',(29.4230460103253,71.5540108871666,99.9994255350489));
#6068=CARTESIAN_POINT('Ctrl Pts',(29.4370477873494,71.5057562860975,100.046514973622));
#6069=CARTESIAN_POINT('Ctrl Pts',(29.4617940348991,71.4204728037644,100.129739188798));
#6070=CARTESIAN_POINT('Ctrl Pts',(29.4874520266613,71.32905561844,100.20601033968));
#6071=CARTESIAN_POINT('Ctrl Pts',(29.5134446404402,71.2323851668884,100.274745767682));
#6072=CARTESIAN_POINT('Ctrl Pts',(29.5373334674435,71.1435390157051,100.337917896598));
#6073=CARTESIAN_POINT('Ctrl Pts',(29.5615045745044,71.0502555819541,100.394724787283));
#6074=CARTESIAN_POINT('Ctrl Pts',(29.585554532299,70.9532272310458,100.444714116638));
#6075=CARTESIAN_POINT('Ctrl Pts',(29.5939450170479,70.9193762403101,100.462154259741));
#6076=CARTESIAN_POINT('Ctrl Pts',(29.6023211999378,70.8850695176627,100.47876460076));
#6077=CARTESIAN_POINT('Ctrl Pts',(29.6106674593066,70.8503367329541,100.494525932367));
#6078=CARTESIAN_POINT('Ctrl Pts',(29.6328690979987,70.7579450754699,100.536452186296));
#6079=CARTESIAN_POINT('Ctrl Pts',(29.6547567818088,70.6629479260526,100.572185535543));
#6080=CARTESIAN_POINT('Ctrl Pts',(29.6760796963486,70.5659703518483,100.601519291032));
#6081=CARTESIAN_POINT('Ctrl Pts',(29.6972663102567,70.4696126790463,100.63066553888));
#6082=CARTESIAN_POINT('Ctrl Pts',(29.7178952736935,70.3712998733031,100.653493746623));
#6083=CARTESIAN_POINT('Ctrl Pts',(29.7377716797437,70.2716518657268,100.669801163504));
#6084=CARTESIAN_POINT('Ctrl Pts',(29.7548092022584,70.1862362645192,100.683779444164));
#6085=CARTESIAN_POINT('Ctrl Pts',(29.7712946337717,70.0998397677101,100.692966600542));
#6086=CARTESIAN_POINT('Ctrl Pts',(29.787135543462,70.0128562566249,100.697234939302));
#6087=CARTESIAN_POINT('Ctrl Pts',(29.7939797225568,69.9752744043328,100.699079105798));
#6088=CARTESIAN_POINT('Ctrl Pts',(29.8006873393581,69.9376741565834,100.699999615114));
#6089=CARTESIAN_POINT('Ctrl Pts',(29.8072541988586,69.9000895245992,100.7));
#6090=CARTESIAN_POINT('',(13.,82.2,98.4));
#6091=CARTESIAN_POINT('Ctrl Pts',(13.,82.2,98.4));
#6092=CARTESIAN_POINT('Ctrl Pts',(15.2138882264814,82.2,98.4));
#6093=CARTESIAN_POINT('Ctrl Pts',(17.6060459369582,82.2,98.4));
#6094=CARTESIAN_POINT('Ctrl Pts',(22.4039112812653,80.4982066002742,98.4));
#6095=CARTESIAN_POINT('Ctrl Pts',(23.9940029227862,79.2995517176424,98.4));
#6096=CARTESIAN_POINT('Ctrl Pts',(26.025503562179,77.4925289014448,98.4));
#6097=CARTESIAN_POINT('Ctrl Pts',(26.9491219726518,76.4300265409607,98.4));
#6098=CARTESIAN_POINT('Ctrl Pts',(28.3295902543734,74.3093706858709,98.4));
#6099=CARTESIAN_POINT('Ctrl Pts',(28.8371086128664,73.285451538439,98.4));
#6100=CARTESIAN_POINT('Ctrl Pts',(29.2151586018959,72.2,98.4));
#6101=CARTESIAN_POINT('',(13.,82.2,-0.400000000000169));
#6102=CARTESIAN_POINT('',(13.,82.2,24.3999999999999));
#6103=CARTESIAN_POINT('',(29.2151586018959,72.2,-0.400000000000169));
#6104=CARTESIAN_POINT('Ctrl Pts',(29.2151586018959,72.2,-0.400000000000169));
#6105=CARTESIAN_POINT('Ctrl Pts',(28.6515608471874,73.8181935396414,-0.400000000000169));
#6106=CARTESIAN_POINT('Ctrl Pts',(27.8062922552492,75.3058728195037,-0.400000000000178));
#6107=CARTESIAN_POINT('Ctrl Pts',(25.493470215245,78.0916697743607,-0.400000000000178));
#6108=CARTESIAN_POINT('Ctrl Pts',(23.9314897519093,79.474784704899,-0.400000000000177));
#6109=CARTESIAN_POINT('Ctrl Pts',(20.4048816913047,81.3293267392649,-0.400000000000177));
#6110=CARTESIAN_POINT('Ctrl Pts',(18.8854630391301,81.7366746972097,-0.400000000000176));
#6111=CARTESIAN_POINT('Ctrl Pts',(15.9726412362017,82.2,-0.400000000000176));
#6112=CARTESIAN_POINT('Ctrl Pts',(14.460800295898,82.2,-0.400000000000169));
#6113=CARTESIAN_POINT('Ctrl Pts',(13.,82.2,-0.400000000000169));
#6114=CARTESIAN_POINT('Ctrl Pts',(29.8072541988585,69.9000895245992,-2.70000000000017));
#6115=CARTESIAN_POINT('Ctrl Pts',(29.7895020390122,70.0016918802911,-2.70000230048927));
#6116=CARTESIAN_POINT('Ctrl Pts',(29.7708145444563,70.1028529178957,-2.69327725617376));
#6117=CARTESIAN_POINT('Ctrl Pts',(29.7513178293863,70.2029359252024,-2.67998751196012));
#6118=CARTESIAN_POINT('Ctrl Pts',(29.7318764906267,70.3027346678181,-2.6667355144643));
#6119=CARTESIAN_POINT('Ctrl Pts',(29.7116304780884,70.401461416014,-2.6469560554046));
#6120=CARTESIAN_POINT('Ctrl Pts',(29.690756574417,70.4984903018963,-2.62081039774435));
#6121=CARTESIAN_POINT('Ctrl Pts',(29.6749819471428,70.571816045548,-2.60105185085629));
#6122=CARTESIAN_POINT('Ctrl Pts',(29.6588498122683,70.6441722509395,-2.57765757880697));
#6123=CARTESIAN_POINT('Ctrl Pts',(29.6424560738042,70.7152912342726,-2.55069718026482));
#6124=CARTESIAN_POINT('Ctrl Pts',(29.6193833684118,70.8153847763185,-2.51275285571766));
#6125=CARTESIAN_POINT('Ctrl Pts',(29.5959165912645,70.9124812859068,-2.46795149470214));
#6126=CARTESIAN_POINT('Ctrl Pts',(29.5723909353901,71.0059197652582,-2.41669941664306));
#6127=CARTESIAN_POINT('Ctrl Pts',(29.5472193631678,71.1058954447417,-2.36186160930215));
#6128=CARTESIAN_POINT('Ctrl Pts',(29.521980479598,71.2016832670625,-2.2996388921248));
#6129=CARTESIAN_POINT('Ctrl Pts',(29.4971466107361,71.2924844634421,-2.23052897170271));
#6130=CARTESIAN_POINT('Ctrl Pts',(29.4788579854541,71.3593539900946,-2.17963374289658));
#6131=CARTESIAN_POINT('Ctrl Pts',(29.4607904677129,71.4235193122933,-2.12500329349214));
#6132=CARTESIAN_POINT('Ctrl Pts',(29.4431501666971,71.4846648929833,-2.06683640840571));
#6133=CARTESIAN_POINT('Ctrl Pts',(29.4015162465745,71.6289782026043,-1.92955329485211));
#6134=CARTESIAN_POINT('Ctrl Pts',(29.3626113901856,71.7552628979053,-1.77369479250874));
#6135=CARTESIAN_POINT('Ctrl Pts',(29.3292211718899,71.8599886030435,-1.60293293059881));
#6136=CARTESIAN_POINT('Ctrl Pts',(29.3201733412245,71.8883663883581,-1.55666116331089));
#6137=CARTESIAN_POINT('Ctrl Pts',(29.3115303560609,71.9151613490904,-1.50929510057966));
#6138=CARTESIAN_POINT('Ctrl Pts',(29.303346305286,71.9403034219261,-1.46090780275465));
#6139=CARTESIAN_POINT('Ctrl Pts',(29.2869958554112,71.9905333402094,-1.3642375706866));
#6140=CARTESIAN_POINT('Ctrl Pts',(29.2725786116228,72.03386599057,-1.26406695646025));
#6141=CARTESIAN_POINT('Ctrl Pts',(29.2604390372847,72.0699492378488,-1.16112408761191));
#6142=CARTESIAN_POINT('Ctrl Pts',(29.249141540202,72.1035295240692,-1.06532198383891));
#6143=CARTESIAN_POINT('Ctrl Pts',(29.2398169731342,72.1308313479185,-0.967118888280946));
#6144=CARTESIAN_POINT('Ctrl Pts',(29.2326969121633,72.1515654706129,-0.867101673482323));
#6145=CARTESIAN_POINT('Ctrl Pts',(29.2311331390318,72.1561192889169,-0.845134974906372));
#6146=CARTESIAN_POINT('Ctrl Pts',(29.229675508272,72.160356276301,-0.823080768705225));
#6147=CARTESIAN_POINT('Ctrl Pts',(29.2283261275423,72.164273323957,-0.800945272351696));
#6148=CARTESIAN_POINT('Ctrl Pts',(29.2238283789934,72.1773296060151,-0.727163355647526));
#6149=CARTESIAN_POINT('Ctrl Pts',(29.2205514584446,72.186782975347,-0.652740976397545));
#6150=CARTESIAN_POINT('Ctrl Pts',(29.2185384168363,72.1925854828622,-0.577927856467197));
#6151=CARTESIAN_POINT('Ctrl Pts',(29.2173390879574,72.1960424977618,-0.533355734913363));
#6152=CARTESIAN_POINT('Ctrl Pts',(29.2165891594785,72.1982003070781,-0.488686303392802));
#6153=CARTESIAN_POINT('Ctrl Pts',(29.2162921778165,72.1990549693834,-0.443973035177463));
#6154=CARTESIAN_POINT('Ctrl Pts',(29.2161948287472,72.1993351233141,-0.429316254633909));
#6155=CARTESIAN_POINT('Ctrl Pts',(29.2161461500734,72.199475190264,-0.414657947112569));
#6156=CARTESIAN_POINT('Ctrl Pts',(29.2161461497466,72.1994751912043,-0.40000000000016));
#6157=CARTESIAN_POINT('',(29.1,72.5181512263951,1.18762435163612));
#6158=CARTESIAN_POINT('Ctrl Pts',(29.1,72.5181512263951,1.52896680672169));
#6159=CARTESIAN_POINT('Ctrl Pts',(29.1,72.5181512263951,1.41518598835983));
#6160=CARTESIAN_POINT('Ctrl Pts',(29.1,72.5181512263951,1.30140516999798));
#6161=CARTESIAN_POINT('Ctrl Pts',(29.1,72.5181512263951,1.18762435163612));
#6162=CARTESIAN_POINT('',(29.0987727792301,72.5214158665639,1.05968876405133));
#6163=CARTESIAN_POINT('Ctrl Pts',(29.1011897121132,72.5175356935935,1.18762435163613));
#6164=CARTESIAN_POINT('Ctrl Pts',(29.1011897121132,72.5175356935935,1.14487313286585));
#6165=CARTESIAN_POINT('Ctrl Pts',(29.1007428823516,72.518725917798,1.10243272061827));
#6166=CARTESIAN_POINT('Ctrl Pts',(29.0999634298642,72.5207999300405,1.05968876405135));
#6167=CARTESIAN_POINT('',(29.1,72.5181512263952,0.618601222050833));
#6168=CARTESIAN_POINT('Ctrl Pts',(29.0999634298643,72.5207999300403,1.05968876405145));
#6169=CARTESIAN_POINT('Ctrl Pts',(29.0986323061681,72.52434186093,0.986692020342668));
#6170=CARTESIAN_POINT('Ctrl Pts',(29.0986864281986,72.5241967293037,0.914684956330352));
#6171=CARTESIAN_POINT('Ctrl Pts',(29.0992398358198,72.5227248678648,0.841077803277617));
#6172=CARTESIAN_POINT('Ctrl Pts',(29.0996276286832,72.5216934809807,0.789498591933187));
#6173=CARTESIAN_POINT('Ctrl Pts',(29.1002615622879,72.5200067374364,0.737649591264396));
#6174=CARTESIAN_POINT('Ctrl Pts',(29.1007103284457,72.518812066708,0.690286247932537));
#6175=CARTESIAN_POINT('Ctrl Pts',(29.1008589531117,72.5184164095602,0.674600214214352));
#6176=CARTESIAN_POINT('Ctrl Pts',(29.101002039552,72.5180354310676,0.657848227741805));
#6177=CARTESIAN_POINT('Ctrl Pts',(29.1010951078382,72.5177876111221,0.64222090361007));
#6178=CARTESIAN_POINT('Ctrl Pts',(29.1011256463121,72.5177062940244,0.637093113593966));
#6179=CARTESIAN_POINT('Ctrl Pts',(29.1011535273718,72.5176320504212,0.631624796218019));
#6180=CARTESIAN_POINT('Ctrl Pts',(29.1011720692591,72.5175826751189,0.626289206221745));
#6181=CARTESIAN_POINT('Ctrl Pts',(29.1011731039505,72.517579919833,0.625991464733236));
#6182=CARTESIAN_POINT('Ctrl Pts',(29.1011741146155,72.5175772285245,0.625693053553992));
#6183=CARTESIAN_POINT('Ctrl Pts',(29.1011750953463,72.5175746169256,0.625395323443857));
#6184=CARTESIAN_POINT('Ctrl Pts',(29.10117592772,72.5175724003883,0.625142631549484));
#6185=CARTESIAN_POINT('Ctrl Pts',(29.101176741892,72.517570232319,0.624889409579204));
#6186=CARTESIAN_POINT('Ctrl Pts',(29.10117753289,72.5175681259583,0.62463674566202));
#6187=CARTESIAN_POINT('Ctrl Pts',(29.1011790000678,72.5175642189883,0.624168093564046));
#6188=CARTESIAN_POINT('Ctrl Pts',(29.1011804093645,72.5175604661449,0.623694379162795));
#6189=CARTESIAN_POINT('Ctrl Pts',(29.1011817121582,72.5175569969067,0.623225825417183));
#6190=CARTESIAN_POINT('Ctrl Pts',(29.1011833383542,72.5175526664729,0.622640958975545));
#6191=CARTESIAN_POINT('Ctrl Pts',(29.1011848669803,72.5175485958534,0.622039528404872));
#6192=CARTESIAN_POINT('Ctrl Pts',(29.101186132262,72.5175452264968,0.621453559447179));
#6193=CARTESIAN_POINT('Ctrl Pts',(29.101187176817,72.5175424449203,0.620969812050452));
#6194=CARTESIAN_POINT('Ctrl Pts',(29.1011880901817,72.5175400126914,0.620474409441816));
#6195=CARTESIAN_POINT('Ctrl Pts',(29.1011887290637,72.5175383113905,0.619989073225671));
#6196=CARTESIAN_POINT('Ctrl Pts',(29.1011890385875,72.5175374871489,0.619753938884855));
#6197=CARTESIAN_POINT('Ctrl Pts',(29.1011892882962,72.517536822191,0.619517855306907));
#6198=CARTESIAN_POINT('Ctrl Pts',(29.1011894586184,72.517536368634,0.619282635246424));
#6199=CARTESIAN_POINT('Ctrl Pts',(29.1011896148607,72.5175359525709,0.619066860003533));
#6200=CARTESIAN_POINT('Ctrl Pts',(29.1011896623714,72.5175358260527,0.618851084419008));
#6201=CARTESIAN_POINT('Ctrl Pts',(29.1011897098822,72.5175356995346,0.618635308834488));
#6202=CARTESIAN_POINT('',(29.1,72.518151226395,25.3813987779488));
#6203=CARTESIAN_POINT('Ctrl Pts',(29.1,72.5181512263951,25.3813987779488));
#6204=CARTESIAN_POINT('Ctrl Pts',(28.9222077281036,72.9912925081822,25.3492980819689));
#6205=CARTESIAN_POINT('Ctrl Pts',(28.7188394885855,73.4524554582783,25.2758337341285));
#6206=CARTESIAN_POINT('Ctrl Pts',(28.4934749149392,73.8989190891705,25.1676241890006));
#6207=CARTESIAN_POINT('Ctrl Pts',(28.2993076734275,74.2835785333908,25.0743941460405));
#6208=CARTESIAN_POINT('Ctrl Pts',(28.0888116985514,74.6573263948313,24.9553711007638));
#6209=CARTESIAN_POINT('Ctrl Pts',(27.8642616921714,75.0184084497534,24.8147650187351));
#6210=CARTESIAN_POINT('Ctrl Pts',(27.8642447637987,75.0184356710022,24.8147544187258));
#6211=CARTESIAN_POINT('Ctrl Pts',(27.8642278353466,75.0184628921782,24.8147438185945));
#6212=CARTESIAN_POINT('Ctrl Pts',(27.8642109068151,75.0184901132816,24.8147332183411));
#6213=CARTESIAN_POINT('Ctrl Pts',(27.6100438523863,75.4271911071618,24.6555797101271));
#6214=CARTESIAN_POINT('Ctrl Pts',(27.337971227959,75.8195073512814,24.4689159556174));
#6215=CARTESIAN_POINT('Ctrl Pts',(27.0517092027789,76.1945265836865,24.2589211801713));
#6216=CARTESIAN_POINT('Ctrl Pts',(26.7312684824774,76.6143218145881,24.0238537552792));
#6217=CARTESIAN_POINT('Ctrl Pts',(26.3930470174703,77.012443515837,23.7595505200925));
#6218=CARTESIAN_POINT('Ctrl Pts',(26.0422313841805,77.3875672373862,23.4718287968155));
#6219=CARTESIAN_POINT('Ctrl Pts',(25.8176950918797,77.6276616961218,23.2876751764276));
#6220=CARTESIAN_POINT('Ctrl Pts',(25.5879990767792,77.8583340748304,23.0939272560859));
#6221=CARTESIAN_POINT('Ctrl Pts',(25.3545011253938,78.0792275568352,22.8921054840381));
#6222=CARTESIAN_POINT('Ctrl Pts',(25.1257709655879,78.295610617754,22.6944047080831));
#6223=CARTESIAN_POINT('Ctrl Pts',(24.8933926057866,78.5026099409353,22.4889564100532));
#6224=CARTESIAN_POINT('Ctrl Pts',(24.6579538105045,78.7003186897421,22.2766271678353));
#6225=CARTESIAN_POINT('Ctrl Pts',(24.3740354565273,78.9387379462664,22.0205768899722));
#6226=CARTESIAN_POINT('Ctrl Pts',(24.085924135058,79.1634325483162,21.7545794636227));
#6227=CARTESIAN_POINT('Ctrl Pts',(23.7946400355564,79.3746449647117,21.4802906841411));
#6228=CARTESIAN_POINT('Ctrl Pts',(23.4947927207082,79.5920666366368,21.1979383203792));
#6229=CARTESIAN_POINT('Ctrl Pts',(23.1915824569346,79.7952024299547,20.9067997060982));
#6230=CARTESIAN_POINT('Ctrl Pts',(22.8861067442506,79.9842927799149,20.6086347091848));
#6231=CARTESIAN_POINT('Ctrl Pts',(22.8483268662615,80.0076786336957,20.5717589880186));
#6232=CARTESIAN_POINT('Ctrl Pts',(22.8105123280343,80.0308496174011,20.5347757400541));
#6233=CARTESIAN_POINT('Ctrl Pts',(22.7726652004736,80.0538061547027,20.4976882499915));
#6234=CARTESIAN_POINT('Ctrl Pts',(22.4591420531797,80.2439766191379,20.1904578904087));
#6235=CARTESIAN_POINT('Ctrl Pts',(22.1433818469137,80.4194338109001,19.8760773107326));
#6236=CARTESIAN_POINT('Ctrl Pts',(21.8249872122811,80.5809811937355,19.5560033619963));
#6237=CARTESIAN_POINT('Ctrl Pts',(21.4954302250406,80.7481921420143,19.2247081868705));
#6238=CARTESIAN_POINT('Ctrl Pts',(21.1630501100518,80.9005006421874,18.8873131480465));
#6239=CARTESIAN_POINT('Ctrl Pts',(20.8274216457078,81.0387620797058,18.5453938969022));
#6240=CARTESIAN_POINT('Ctrl Pts',(20.7806966477737,81.0580103439883,18.497793118063));
#6241=CARTESIAN_POINT('Ctrl Pts',(20.7339087266121,81.0769863097027,18.45010459785));
#6242=CARTESIAN_POINT('Ctrl Pts',(20.6870567694741,81.0956922397877,18.4023325345922));
#6243=CARTESIAN_POINT('Ctrl Pts',(20.3327897504912,81.2371355111756,18.041108212817));
#6244=CARTESIAN_POINT('Ctrl Pts',(19.9748586311843,81.3631414186187,17.6751104139508));
#6245=CARTESIAN_POINT('Ctrl Pts',(19.6140695376891,81.4742825280299,17.305392065628));
#6246=CARTESIAN_POINT('Ctrl Pts',(19.420079354914,81.5340412195127,17.1066007738192));
#6247=CARTESIAN_POINT('Ctrl Pts',(19.2252635387758,81.5895020252956,16.9067332132103));
#6248=CARTESIAN_POINT('Ctrl Pts',(19.0297513447969,81.6407521398876,16.7059487452764));
#6249=CARTESIAN_POINT('Ctrl Pts',(19.0297413248481,81.6407547664425,16.7059384551249));
#6250=CARTESIAN_POINT('Ctrl Pts',(19.0297313048975,81.6407573929864,16.705928164971));
#6251=CARTESIAN_POINT('Ctrl Pts',(19.029721284945,81.6407600195193,16.7059178748147));
#6252=CARTESIAN_POINT('Ctrl Pts',(18.9032197424843,81.6739199030605,16.5760050187374));
#6253=CARTESIAN_POINT('Ctrl Pts',(18.7766517183154,81.7052592709361,16.44557726923));
#6254=CARTESIAN_POINT('Ctrl Pts',(18.649823049715,81.7348768147985,16.3145937303349));
#6255=CARTESIAN_POINT('Ctrl Pts',(18.5220023952801,81.7647260112068,16.1825857084381));
#6256=CARTESIAN_POINT('Ctrl Pts',(18.3939168752816,81.7928260716276,16.0500131787019));
#6257=CARTESIAN_POINT('Ctrl Pts',(18.2653945565007,81.819258892408,15.9167926134509));
#6258=CARTESIAN_POINT('Ctrl Pts',(18.1691018710371,81.8390631359157,15.8169798641271));
#6259=CARTESIAN_POINT('Ctrl Pts',(18.0725645573796,81.8579310595707,15.7168024929553));
#6260=CARTESIAN_POINT('Ctrl Pts',(17.9757204525098,81.8758915958504,15.6162100898062));
#6261=CARTESIAN_POINT('Ctrl Pts',(17.8481928532518,81.8995426386909,15.4837466043473));
#6262=CARTESIAN_POINT('Ctrl Pts',(17.720132221934,81.9216203866565,15.3505650001979));
#6263=CARTESIAN_POINT('Ctrl Pts',(17.5926681485395,81.9421033027626,15.2155177328046));
#6264=CARTESIAN_POINT('Ctrl Pts',(17.4697958611307,81.9618483390519,15.0853354295798));
#6265=CARTESIAN_POINT('Ctrl Pts',(17.3474781620142,81.9801111182955,14.9534197027457));
#6266=CARTESIAN_POINT('Ctrl Pts',(17.2267506902855,81.9968666426246,14.8187020744782));
#6267=CARTESIAN_POINT('Ctrl Pts',(17.1247823570867,82.011018623638,14.704917433665));
#6268=CARTESIAN_POINT('Ctrl Pts',(17.0239489592729,82.0240952092121,14.5891335359759));
#6269=CARTESIAN_POINT('Ctrl Pts',(16.9248860653476,82.036079882616,14.4706799636314));
#6270=CARTESIAN_POINT('Ctrl Pts',(16.9248125342976,82.0360887784355,14.4705920395338));
#6271=CARTESIAN_POINT('Ctrl Pts',(16.9247390042235,82.0360976736533,14.4705041139641));
#6272=CARTESIAN_POINT('Ctrl Pts',(16.9246654751261,82.0361065682695,14.4704161869211));
#6273=CARTESIAN_POINT('Ctrl Pts',(16.8737588126967,82.0422646096468,14.4095413433651));
#6274=CARTESIAN_POINT('Ctrl Pts',(16.8235610615949,82.0481056515641,14.3479064202811));
#6275=CARTESIAN_POINT('Ctrl Pts',(16.7742048306197,82.0536441894912,14.2851913696767));
#6276=CARTESIAN_POINT('Ctrl Pts',(16.7304250596542,82.0585569617418,14.2295621107707));
#6277=CARTESIAN_POINT('Ctrl Pts',(16.6873076649453,82.0632315493948,14.1730827629495));
#6278=CARTESIAN_POINT('Ctrl Pts',(16.6449621272259,82.0676730831956,14.1155004321428));
#6279=CARTESIAN_POINT('Ctrl Pts',(16.5999115476643,82.0723983431083,14.0542397299517));
#6280=CARTESIAN_POINT('Ctrl Pts',(16.5557338104491,82.0768598328903,13.9917316608013));
#6281=CARTESIAN_POINT('Ctrl Pts',(16.5134506991344,82.0810059792235,13.9274864328809));
#6282=CARTESIAN_POINT('Ctrl Pts',(16.4747289994108,82.0848029049541,13.8686524363548));
#6283=CARTESIAN_POINT('Ctrl Pts',(16.4375960784856,82.0883352929843,13.8083616409396));
#6284=CARTESIAN_POINT('Ctrl Pts',(16.4028620160939,82.0915602197807,13.7461974282911));
#6285=CARTESIAN_POINT('Ctrl Pts',(16.3996673657222,82.0918568310286,13.7404799017086));
#6286=CARTESIAN_POINT('Ctrl Pts',(16.3964930277797,82.0921508393182,13.7347464962451));
#6287=CARTESIAN_POINT('Ctrl Pts',(16.39333964483,82.0924422100359,13.7289968683241));
#6288=CARTESIAN_POINT('Ctrl Pts',(16.3579350221251,82.0957135762138,13.6644428923309));
#6289=CARTESIAN_POINT('Ctrl Pts',(16.3254732202913,82.0986248870682,13.5979668343238));
#6290=CARTESIAN_POINT('Ctrl Pts',(16.2967758816142,82.1011386254369,13.5291365330612));
#6291=CARTESIAN_POINT('Ctrl Pts',(16.28905467785,82.1018149629319,13.5106172972819));
#6292=CARTESIAN_POINT('Ctrl Pts',(16.2816061745898,82.1024624890626,13.4919274265021));
#6293=CARTESIAN_POINT('Ctrl Pts',(16.2744468528406,82.1030804036947,13.4730580067744));
#6294=CARTESIAN_POINT('Ctrl Pts',(16.2514282919229,82.1050671150199,13.4123892866506));
#6295=CARTESIAN_POINT('Ctrl Pts',(16.2313961326421,82.1067480108723,13.3498663164119));
#6296=CARTESIAN_POINT('Ctrl Pts',(16.215852221945,82.1080362750917,13.2859695496611));
#6297=CARTESIAN_POINT('Ctrl Pts',(16.2104215928899,82.1084863603525,13.2636457184961));
#6298=CARTESIAN_POINT('Ctrl Pts',(16.2055391872021,82.1088884843927,13.241153992517));
#6299=CARTESIAN_POINT('Ctrl Pts',(16.2012705293365,82.1092388165903,13.2185142751579));
#6300=CARTESIAN_POINT('Ctrl Pts',(16.1938522029355,82.1098476446278,13.1791696337538));
#6301=CARTESIAN_POINT('Ctrl Pts',(16.1882832855753,82.1103003913834,13.1393346998307));
#6302=CARTESIAN_POINT('Ctrl Pts',(16.1849298426239,82.1105751807021,13.0992430251609));
#6303=CARTESIAN_POINT('Ctrl Pts',(16.1824902024028,82.1107750907897,13.0700762066194));
#6304=CARTESIAN_POINT('Ctrl Pts',(16.1812218442092,82.1108809188766,13.0407812158618));
#6305=CARTESIAN_POINT('Ctrl Pts',(16.1810537521335,82.1108970514007,13.0114849428326));
#6306=CARTESIAN_POINT('Ctrl Pts',(16.1808527708005,82.1109163404491,12.9764564979626));
#6307=CARTESIAN_POINT('Ctrl Pts',(16.1822234769972,82.1108075027316,12.9414259888646));
#6308=CARTESIAN_POINT('Ctrl Pts',(16.1850488336306,82.1105777178859,12.9065606725589));
#6309=CARTESIAN_POINT('Ctrl Pts',(16.1855484946554,82.110537080704,12.9003947820402));
#6310=CARTESIAN_POINT('Ctrl Pts',(16.1860936883035,82.1104926578207,12.8942339540356));
#6311=CARTESIAN_POINT('Ctrl Pts',(16.186683816621,82.1104444849544,12.8880790420665));
#6312=CARTESIAN_POINT('Ctrl Pts',(16.1904882230136,82.110133926801,12.8483998981473));
#6313=CARTESIAN_POINT('Ctrl Pts',(16.1961565692811,82.1096678367579,12.8089667875691));
#6314=CARTESIAN_POINT('Ctrl Pts',(16.203601177326,82.1090497081533,12.7699846300877));
#6315=CARTESIAN_POINT('Ctrl Pts',(16.205486394123,82.108893177894,12.7601130804209));
#6316=CARTESIAN_POINT('Ctrl Pts',(16.2074857134119,82.1087268797849,12.7502706166836));
#6317=CARTESIAN_POINT('Ctrl Pts',(16.2095980996503,82.1085508336866,12.7404609387137));
#6318=CARTESIAN_POINT('Ctrl Pts',(16.211569555356,82.1083865327274,12.731305725877));
#6319=CARTESIAN_POINT('Ctrl Pts',(16.2136335669533,82.1082142330298,12.7221820568787));
#6320=CARTESIAN_POINT('Ctrl Pts',(16.2157881856484,82.108034046976,12.7130939642795));
#6321=CARTESIAN_POINT('Ctrl Pts',(16.2320026669464,82.106678065332,12.6447019523588));
#6322=CARTESIAN_POINT('Ctrl Pts',(16.2533534422651,82.1048750433013,12.5783229531269));
#6323=CARTESIAN_POINT('Ctrl Pts',(16.2785590684002,82.1026958041338,12.5138011820577));
#6324=CARTESIAN_POINT('Ctrl Pts',(16.3097704500648,82.0999973166996,12.4339057804625));
#6325=CARTESIAN_POINT('Ctrl Pts',(16.3468888258405,82.0967222646955,12.3568566373536));
#6326=CARTESIAN_POINT('Ctrl Pts',(16.3874115284542,82.0930110350841,12.2824043133678));
#6327=CARTESIAN_POINT('Ctrl Pts',(16.4094240650925,82.0909950397896,12.2419607001872));
#6328=CARTESIAN_POINT('Ctrl Pts',(16.4324404458423,82.0888503984015,12.2022842408034));
#6329=CARTESIAN_POINT('Ctrl Pts',(16.4560614220626,82.0865994993791,12.1633413853796));
#6330=CARTESIAN_POINT('Ctrl Pts',(16.4561488059893,82.0865911723568,12.1631973193769));
#6331=CARTESIAN_POINT('Ctrl Pts',(16.4562361988055,82.0865828438219,12.1630532617896));
#6332=CARTESIAN_POINT('Ctrl Pts',(16.4563236004905,82.0865745137753,12.162909212615));
#6333=CARTESIAN_POINT('Ctrl Pts',(16.5016518010807,82.0822543908881,12.0882025307565));
#6334=CARTESIAN_POINT('Ctrl Pts',(16.549368307051,82.0775273256814,12.0157626702938));
#6335=CARTESIAN_POINT('Ctrl Pts',(16.5989247821056,82.0724148452997,11.9451991594169));
#6336=CARTESIAN_POINT('Ctrl Pts',(16.6515280070688,82.0669880477855,11.8702973785141));
#6337=CARTESIAN_POINT('Ctrl Pts',(16.7062040707222,82.0611269025976,11.7975092264294));
#6338=CARTESIAN_POINT('Ctrl Pts',(16.762261097346,82.0548630808234,11.7263168460304));
#6339=CARTESIAN_POINT('Ctrl Pts',(16.8266080412681,82.0476729422678,11.6445962770826));
#6340=CARTESIAN_POINT('Ctrl Pts',(16.8927740985303,82.0399519515417,11.5649779210798));
#6341=CARTESIAN_POINT('Ctrl Pts',(16.9596722538111,82.0317586273347,11.4866203449779));
#6342=CARTESIAN_POINT('Ctrl Pts',(16.9834125420756,82.0288510452392,11.4588134280823));
#6343=CARTESIAN_POINT('Ctrl Pts',(17.0072447412901,82.0258840876834,11.4311648512759));
#6344=CARTESIAN_POINT('Ctrl Pts',(17.0311195644703,82.022860730154,11.4036358180907));
#6345=CARTESIAN_POINT('Ctrl Pts',(17.0312368444563,82.0228458785538,11.4035005875759));
#6346=CARTESIAN_POINT('Ctrl Pts',(17.0313541254705,82.0228310255931,11.4033653599449));
#6347=CARTESIAN_POINT('Ctrl Pts',(17.0314714075109,82.0228161712719,11.4032301351969));
#6348=CARTESIAN_POINT('Ctrl Pts',(17.2296357710798,81.9977177240407,11.1747490647854));
#6349=CARTESIAN_POINT('Ctrl Pts',(17.4327562515047,81.9684790565703,10.9541917046316));
#6350=CARTESIAN_POINT('Ctrl Pts',(17.6364269129362,81.9351275028168,10.7376254741221));
#6351=CARTESIAN_POINT('Ctrl Pts',(17.8856882844284,81.8943103621862,10.4725819216719));
#6352=CARTESIAN_POINT('Ctrl Pts',(18.1357758641099,81.847332709086,10.2135171900416));
#6353=CARTESIAN_POINT('Ctrl Pts',(18.3847001076564,81.7940335975166,9.95712045501413));
#6354=CARTESIAN_POINT('Ctrl Pts',(18.4375494449891,81.7827176136383,9.9026846260751));
#6355=CARTESIAN_POINT('Ctrl Pts',(18.4903462503892,81.7711166775699,9.84836889852244));
#6356=CARTESIAN_POINT('Ctrl Pts',(18.543071319936,81.7592292483334,9.79414132671317));
#6357=CARTESIAN_POINT('Ctrl Pts',(18.787749981053,81.7040638347125,9.5424900765586));
#6358=CARTESIAN_POINT('Ctrl Pts',(19.0308861386836,81.6427280360345,9.29274060692384));
#6359=CARTESIAN_POINT('Ctrl Pts',(19.2727123958376,81.5748604659943,9.0445029004451));
#6360=CARTESIAN_POINT('Ctrl Pts',(19.388407075241,81.5423912178238,8.92574085117521));
#6361=CARTESIAN_POINT('Ctrl Pts',(19.5038014910811,81.5084270437819,8.80732421578898));
#6362=CARTESIAN_POINT('Ctrl Pts',(19.6189187824262,81.4729292273085,8.68920685436245));
#6363=CARTESIAN_POINT('Ctrl Pts',(19.6189686935783,81.4729138365979,8.68915564247657));
#6364=CARTESIAN_POINT('Ctrl Pts',(19.6190186046782,81.472898445599,8.68910443064691));
#6365=CARTESIAN_POINT('Ctrl Pts',(19.619068515726,81.4728830543119,8.68905321887348));
#6366=CARTESIAN_POINT('Ctrl Pts',(20.0960041846977,81.3258083251471,8.19968818880124));
#6367=CARTESIAN_POINT('Ctrl Pts',(20.5679900042883,81.1524702139197,7.71578313854264));
#6368=CARTESIAN_POINT('Ctrl Pts',(21.0344293304903,80.9513498097688,7.24148363912408));
#6369=CARTESIAN_POINT('Ctrl Pts',(21.5537826469971,80.7274138270045,6.71337847259299));
#6370=CARTESIAN_POINT('Ctrl Pts',(22.0662599681044,80.4690359317875,6.19718062132957));
#6371=CARTESIAN_POINT('Ctrl Pts',(22.5721596777661,80.1732654981423,5.69871984623019));
#6372=CARTESIAN_POINT('Ctrl Pts',(22.6570786143844,80.1236182850117,5.61504958874839));
#6373=CARTESIAN_POINT('Ctrl Pts',(22.7418122226243,80.0729173946234,5.53187915234971));
#6374=CARTESIAN_POINT('Ctrl Pts',(22.8263619143057,80.0211487431278,5.44923618976466));
#6375=CARTESIAN_POINT('Ctrl Pts',(23.2859285697413,79.7397621933823,5.00003348830913));
#6376=CARTESIAN_POINT('Ctrl Pts',(23.7400623724667,79.4268321556083,4.56641197549763));
#6377=CARTESIAN_POINT('Ctrl Pts',(24.1855238959433,79.0814942941631,4.15440936496269));
#6378=CARTESIAN_POINT('Ctrl Pts',(24.4344867172414,78.8884893234634,3.92414630767231));
#6379=CARTESIAN_POINT('Ctrl Pts',(24.6807405489677,78.6853609900822,3.70063658424877));
#6380=CARTESIAN_POINT('Ctrl Pts',(24.9237177382461,78.471953948624,3.48493950174374));
#6381=CARTESIAN_POINT('Ctrl Pts',(24.9237290668249,78.471943998725,3.48492944507377));
#6382=CARTESIAN_POINT('Ctrl Pts',(24.9237403953966,78.4719340488037,3.48491938842078));
#6383=CARTESIAN_POINT('Ctrl Pts',(24.9237517239612,78.47192409886,3.48490933178478));
#6384=CARTESIAN_POINT('Ctrl Pts',(25.2906431142996,78.1496812722457,3.15921112551101));
#6385=CARTESIAN_POINT('Ctrl Pts',(25.6498445117236,77.8041980960359,2.85161693642085));
#6386=CARTESIAN_POINT('Ctrl Pts',(25.996845798509,77.4362305864405,2.56638479886155));
#6387=CARTESIAN_POINT('Ctrl Pts',(26.1919499342592,77.2293380310589,2.40601084116757));
#6388=CARTESIAN_POINT('Ctrl Pts',(26.3831971440471,77.0153366079109,2.25270616049985));
#6389=CARTESIAN_POINT('Ctrl Pts',(26.5697842643692,76.7943535416713,2.10722876302833));
#6390=CARTESIAN_POINT('Ctrl Pts',(26.8419324655864,76.4720368465384,1.89504149109176));
#6391=CARTESIAN_POINT('Ctrl Pts',(27.1041674744346,76.1348690030459,1.69950464187292));
#6392=CARTESIAN_POINT('Ctrl Pts',(27.3537765150778,75.7839005475219,1.52437570816579));
#6393=CARTESIAN_POINT('Ctrl Pts',(27.5794966357363,75.4665216500106,1.36600754992402));
#6394=CARTESIAN_POINT('Ctrl Pts',(27.7948921872731,75.1378574381162,1.22432723198824));
#6395=CARTESIAN_POINT('Ctrl Pts',(27.9979451002862,74.7986585896154,1.10213635688723));
#6396=CARTESIAN_POINT('Ctrl Pts',(28.2497107702134,74.3780853308323,0.950631672358003));
#6397=CARTESIAN_POINT('Ctrl Pts',(28.4823660357396,73.9415330216145,0.829392018600981));
#6398=CARTESIAN_POINT('Ctrl Pts',(28.6920156644194,73.4906227683954,0.743832225376908));
#6399=CARTESIAN_POINT('Ctrl Pts',(28.8396976938754,73.172991195579,0.683561935452046));
#6400=CARTESIAN_POINT('Ctrl Pts',(28.9759642823849,72.8482354184345,0.640996081058747));
#6401=CARTESIAN_POINT('Ctrl Pts',(29.0999999999999,72.5181512263952,0.618601222050833));
#6402=CARTESIAN_POINT('',(29.0987727762889,72.5214158743851,24.9403249664519));
#6403=CARTESIAN_POINT('Ctrl Pts',(29.1000000000001,72.5181512263951,25.3813987780836));
#6404=CARTESIAN_POINT('Ctrl Pts',(29.1000000000001,72.5181512263951,25.3813672552396));
#6405=CARTESIAN_POINT('Ctrl Pts',(29.1000000060062,72.5181512149259,25.3813357332836));
#6406=CARTESIAN_POINT('Ctrl Pts',(29.0999999955545,72.5181512344999,25.3813042157705));
#6407=CARTESIAN_POINT('Ctrl Pts',(29.0999997194409,72.5181517516057,25.3804715838707));
#6408=CARTESIAN_POINT('Ctrl Pts',(29.0999973619212,72.5181569395792,25.3800167254921));
#6409=CARTESIAN_POINT('Ctrl Pts',(29.0999968258612,72.5181582216955,25.3796945401032));
#6410=CARTESIAN_POINT('Ctrl Pts',(29.0999962002546,72.5181597179839,25.3793185350032));
#6411=CARTESIAN_POINT('Ctrl Pts',(29.0999970883518,72.5181575575332,25.3791233419518));
#6412=CARTESIAN_POINT('Ctrl Pts',(29.099996299122,72.5181595471,25.3787213211396));
#6413=CARTESIAN_POINT('Ctrl Pts',(29.0999933734754,72.5181669223531,25.3772310443385));
#6414=CARTESIAN_POINT('Ctrl Pts',(29.0999893206322,72.518178735818,25.375605742869));
#6415=CARTESIAN_POINT('Ctrl Pts',(29.099984858127,72.5181917216917,25.3741383590249));
#6416=CARTESIAN_POINT('Ctrl Pts',(29.0999816977264,72.5182009184457,25.3730991399037));
#6417=CARTESIAN_POINT('Ctrl Pts',(29.0999780517805,72.5182115034034,25.3720387584534));
#6418=CARTESIAN_POINT('Ctrl Pts',(29.0999738867557,72.5182231950406,25.3709983737106));
#6419=CARTESIAN_POINT('Ctrl Pts',(29.0999727397906,72.5182264146853,25.3707118724111));
#6420=CARTESIAN_POINT('Ctrl Pts',(29.0999715467534,72.5182297376165,25.3704250963586));
#6421=CARTESIAN_POINT('Ctrl Pts',(29.0999703052588,72.5182331631337,25.3701386044608));
#6422=CARTESIAN_POINT('Ctrl Pts',(29.0999689926598,72.5182367848412,25.3698357042679));
#6423=CARTESIAN_POINT('Ctrl Pts',(29.0999676233789,72.5182405281614,25.3695325399977));
#6424=CARTESIAN_POINT('Ctrl Pts',(29.0999661939518,72.5182443942064,25.3692296590219));
#6425=CARTESIAN_POINT('Ctrl Pts',(29.0999630466804,72.5182529063528,25.3685627844215));
#6426=CARTESIAN_POINT('Ctrl Pts',(29.0999596197759,72.518261982579,25.3679003619089));
#6427=CARTESIAN_POINT('Ctrl Pts',(29.0999558257487,72.5182717731407,25.3672357808914));
#6428=CARTESIAN_POINT('Ctrl Pts',(29.0999529084073,72.5182793013975,25.3667247646006));
#6429=CARTESIAN_POINT('Ctrl Pts',(29.0999499616006,72.5182869059052,25.36621251392));
#6430=CARTESIAN_POINT('Ctrl Pts',(29.0999469599694,72.5182946527843,25.3656960505026));
#6431=CARTESIAN_POINT('Ctrl Pts',(29.0998868532652,72.5184497815558,25.355354035989));
#6432=CARTESIAN_POINT('Ctrl Pts',(29.0998117347402,72.5186438712172,25.3443774001541));
#6433=CARTESIAN_POINT('Ctrl Pts',(29.0997319040386,72.5188503028346,25.3339200981801));
#6434=CARTESIAN_POINT('Ctrl Pts',(29.099539114008,72.5193488323103,25.3086658598167));
#6435=CARTESIAN_POINT('Ctrl Pts',(29.0992987541383,72.5199711216278,25.2833077555088));
#6436=CARTESIAN_POINT('Ctrl Pts',(29.0990333658579,72.5206597816371,25.2561768811874));
#6437=CARTESIAN_POINT('Ctrl Pts',(29.0989675274744,72.5208306266409,25.2494461660815));
#6438=CARTESIAN_POINT('Ctrl Pts',(29.098900195841,72.5210054418853,25.2426065018297));
#6439=CARTESIAN_POINT('Ctrl Pts',(29.0988319384956,72.5211827914258,25.2356328244821));
#6440=CARTESIAN_POINT('Ctrl Pts',(29.0985237945455,72.5219834259599,25.2041505500034));
#6441=CARTESIAN_POINT('Ctrl Pts',(29.0982186262604,72.5227790956314,25.1722640357232));
#6442=CARTESIAN_POINT('Ctrl Pts',(29.0980063869707,72.5233372925322,25.140024578861));
#6443=CARTESIAN_POINT('Ctrl Pts',(29.0977914554734,72.5239025700347,25.1073761717697));
#6444=CARTESIAN_POINT('Ctrl Pts',(29.0976718123725,72.5242246738116,25.0743655880661));
#6445=CARTESIAN_POINT('Ctrl Pts',(29.0977585144381,72.5240109219871,25.0410581033233));
#6446=CARTESIAN_POINT('Ctrl Pts',(29.0978452165037,72.5237971701626,25.0077506185806));
#6447=CARTESIAN_POINT('Ctrl Pts',(29.0981383069222,72.5230478318324,24.9741460028631));
#6448=CARTESIAN_POINT('Ctrl Pts',(29.0987660903109,72.5214147372974,24.9403248339181));
#6449=CARTESIAN_POINT('',(29.1,72.5181512263951,24.8123883526323));
#6450=CARTESIAN_POINT('Ctrl Pts',(29.0999634269252,72.5207999378609,24.940324966452));
#6451=CARTESIAN_POINT('Ctrl Pts',(29.1007428812878,72.5187259206326,24.8975806660867));
#6452=CARTESIAN_POINT('Ctrl Pts',(29.1011897121132,72.5175356935935,24.85513991407));
#6453=CARTESIAN_POINT('Ctrl Pts',(29.1011897121132,72.5175356935935,24.8123883526323));
#6454=CARTESIAN_POINT('Ctrl Pts',(29.1,72.5181512263951,24.8123883526323));
#6455=CARTESIAN_POINT('Ctrl Pts',(29.1,72.5181512263951,24.6986065070277));
#6456=CARTESIAN_POINT('Ctrl Pts',(29.1,72.5181512263951,24.5848246614231));
#6457=CARTESIAN_POINT('Ctrl Pts',(29.1,72.5181512263951,24.4710428158185));
#6458=CARTESIAN_POINT('Ctrl Pts',(29.0311398625758,72.6976248253315,96.004845051427));
#6459=CARTESIAN_POINT('Ctrl Pts',(29.0311398625758,72.6976248253315,96.0651257015336));
#6460=CARTESIAN_POINT('Ctrl Pts',(29.0354120021552,72.6866716165885,96.1857641989459));
#6461=CARTESIAN_POINT('Ctrl Pts',(29.0513746096152,72.6458735368679,96.361284022972));
#6462=CARTESIAN_POINT('Ctrl Pts',(29.104135277685,72.5084134653717,96.5083802079724));
#6463=CARTESIAN_POINT('Ctrl Pts',(29.1992331283388,72.2491014306972,96.4597187575703));
#6464=CARTESIAN_POINT('Ctrl Pts',(29.2696108893491,72.0426799422009,96.3465559454428));
#6465=CARTESIAN_POINT('Ctrl Pts',(29.3240105451046,71.8750475800171,96.2651303338027));
#6466=CARTESIAN_POINT('Ctrl Pts',(29.3413261923185,71.820346171955,96.236963364542));
#6467=CARTESIAN_POINT('Ctrl Pts',(29.0765123612312,72.5817692844773,96.0048450514271));
#6468=CARTESIAN_POINT('Ctrl Pts',(29.0736104268182,72.5891396532166,96.0593394155717));
#6469=CARTESIAN_POINT('Ctrl Pts',(29.0710965036418,72.5951782903535,96.1686645564832));
#6470=CARTESIAN_POINT('Ctrl Pts',(29.0752309495276,72.5837021511144,96.3292180265863));
#6471=CARTESIAN_POINT('Ctrl Pts',(29.1087082358433,72.4952313160919,96.4589518909059));
#6472=CARTESIAN_POINT('Ctrl Pts',(29.1853190032302,72.2870265393855,96.3733923801469));
#6473=CARTESIAN_POINT('Ctrl Pts',(29.2502563562034,72.099921424581,96.2245042715773));
#6474=CARTESIAN_POINT('Ctrl Pts',(29.3007776174716,71.9472256373577,96.1204016783101));
#6475=CARTESIAN_POINT('Ctrl Pts',(29.3171011447231,71.896874885983,96.0850804882403));
#6476=CARTESIAN_POINT('Ctrl Pts',(29.1,72.4573859254995,96.0048450514271));
#6477=CARTESIAN_POINT('Ctrl Pts',(29.0970297463082,72.4732208143758,96.0535552540765));
#6478=CARTESIAN_POINT('Ctrl Pts',(29.0931647718099,72.4983722381828,96.151563876967));
#6479=CARTESIAN_POINT('Ctrl Pts',(29.0925742282205,72.5190306691706,96.297146671899));
#6480=CARTESIAN_POINT('Ctrl Pts',(29.1111111057237,72.481225870214,96.4095141931824));
#6481=CARTESIAN_POINT('Ctrl Pts',(29.1607837067654,72.3210910879329,96.2870552699001));
#6482=CARTESIAN_POINT('Ctrl Pts',(29.2049597968623,72.148331315217,96.10247273867));
#6483=CARTESIAN_POINT('Ctrl Pts',(29.2388455595291,72.0068892148176,95.9758006813429));
#6484=CARTESIAN_POINT('Ctrl Pts',(29.2497908479244,71.9596672775796,95.9333739474517));
#6485=CARTESIAN_POINT('Ctrl Pts',(29.1,72.3329625756778,96.0048450514272));
#6486=CARTESIAN_POINT('Ctrl Pts',(29.1,72.3567171799667,96.0481683795863));
#6487=CARTESIAN_POINT('Ctrl Pts',(29.1006608047,72.4002564423745,96.1353023502211));
#6488=CARTESIAN_POINT('Ctrl Pts',(29.1031299034209,72.4528620824629,96.2658623940879));
#6489=CARTESIAN_POINT('Ctrl Pts',(29.1112908676267,72.4665756143364,96.3603775680643));
#6490=CARTESIAN_POINT('Ctrl Pts',(29.1260016090024,72.3508623317576,96.2029694658694));
#6491=CARTESIAN_POINT('Ctrl Pts',(29.1368911183763,72.1842171624402,95.9894862361959));
#6492=CARTESIAN_POINT('Ctrl Pts',(29.1453112700665,72.0471760568836,95.8479646327122));
#6493=CARTESIAN_POINT('Ctrl Pts',(29.147991923627,72.0007037351525,95.8012191394528));
#6494=CARTESIAN_POINT('',(29.1,72.3329625756778,96.0048450514273));
#6495=CARTESIAN_POINT('Ctrl Pts',(29.1,72.5181512263952,96.471042815819));
#6496=CARTESIAN_POINT('Ctrl Pts',(29.1,72.5181512263952,96.4603458274335));
#6497=CARTESIAN_POINT('Ctrl Pts',(29.1000000000133,72.5177379420063,96.4496647828352));
#6498=CARTESIAN_POINT('Ctrl Pts',(29.1000000000133,72.5135520837184,96.3955609844084));
#6499=CARTESIAN_POINT('Ctrl Pts',(29.1,72.5008248773972,96.3195055664911));
#6500=CARTESIAN_POINT('Ctrl Pts',(29.1,72.4038401575661,96.1244256993315));
#6501=CARTESIAN_POINT('Ctrl Pts',(29.1,72.3741410956536,96.0717075245084));
#6502=CARTESIAN_POINT('Ctrl Pts',(29.1,72.3396090079695,96.015515497501));
#6503=CARTESIAN_POINT('Ctrl Pts',(29.1,72.3362961929462,96.0101734660381));
#6504=CARTESIAN_POINT('Ctrl Pts',(29.1,72.3329625756781,96.0048450514278));
#6505=CARTESIAN_POINT('',(29.147991923627,72.0007037351524,95.8012191394527));
#6506=CARTESIAN_POINT('Ctrl Pts',(29.1,72.3329625756778,96.0048450514272));
#6507=CARTESIAN_POINT('Ctrl Pts',(29.1,72.3567171799667,96.0481683795863));
#6508=CARTESIAN_POINT('Ctrl Pts',(29.1006608047,72.4002564423745,96.1353023502211));
#6509=CARTESIAN_POINT('Ctrl Pts',(29.1031299034209,72.4528620824629,96.2658623940879));
#6510=CARTESIAN_POINT('Ctrl Pts',(29.1112908676267,72.4665756143364,96.3603775680643));
#6511=CARTESIAN_POINT('Ctrl Pts',(29.1260016090024,72.3508623317576,96.2029694658694));
#6512=CARTESIAN_POINT('Ctrl Pts',(29.1368911183763,72.1842171624402,95.9894862361959));
#6513=CARTESIAN_POINT('Ctrl Pts',(29.1453112700665,72.0471760568836,95.8479646327122));
#6514=CARTESIAN_POINT('Ctrl Pts',(29.147991923627,72.0007037351525,95.8012191394528));
#6515=CARTESIAN_POINT('Origin',(28.387951541762,71.5185568817604,96.236963364542));
#6516=CARTESIAN_POINT('Ctrl Pts',(29.3413261923185,71.8203461719549,96.236963364542));
#6517=CARTESIAN_POINT('Ctrl Pts',(29.4312104295811,71.5363952297743,96.0907507213344));
#6518=CARTESIAN_POINT('Ctrl Pts',(29.6305498865122,70.8280542639821,95.7104222314009));
#6519=CARTESIAN_POINT('Ctrl Pts',(29.7725396201095,70.1249255128788,95.3053111836801));
#6520=CARTESIAN_POINT('Ctrl Pts',(29.9180063563657,69.2234300565694,94.8040368440305));
#6521=CARTESIAN_POINT('Ctrl Pts',(30.0120567086857,68.4131069166021,94.3917547435217));
#6522=CARTESIAN_POINT('Ctrl Pts',(30.0583727042663,67.5888837964617,94.0227892902649));
#6523=CARTESIAN_POINT('Ctrl Pts',(30.0709458899454,67.2700226281637,93.858514168904));
#6524=CARTESIAN_POINT('Ctrl Pts',(29.3292136685208,71.8586105289689,96.1610219263911));
#6525=CARTESIAN_POINT('Ctrl Pts',(29.4165613236848,71.5854311814147,95.996256705027));
#6526=CARTESIAN_POINT('Ctrl Pts',(29.6126745179679,70.9000677217413,95.5837091270984));
#6527=CARTESIAN_POINT('Ctrl Pts',(29.7560145222442,70.2116457898612,95.1581957309955));
#6528=CARTESIAN_POINT('Ctrl Pts',(29.9052129831321,69.3205536651382,94.631562265671));
#6529=CARTESIAN_POINT('Ctrl Pts',(30.0042503279537,68.5062349576245,94.1970278977988));
#6530=CARTESIAN_POINT('Ctrl Pts',(30.0533398576464,67.6862510043615,93.8206560243644));
#6531=CARTESIAN_POINT('Ctrl Pts',(30.06674055964,67.3766715370777,93.6584117585804));
#6532=CARTESIAN_POINT('Ctrl Pts',(29.2837645205457,71.9284168156785,96.0091462129011));
#6533=CARTESIAN_POINT('Ctrl Pts',(29.3549017312678,71.6752283491275,95.8071617588663));
#6534=CARTESIAN_POINT('Ctrl Pts',(29.5157917197236,71.0282976676487,95.3300806290834));
#6535=CARTESIAN_POINT('Ctrl Pts',(29.6346299048274,70.3693241139386,94.8642587457552));
#6536=CARTESIAN_POINT('Ctrl Pts',(29.7598281178962,69.4990471932632,94.2872496916276));
#6537=CARTESIAN_POINT('Ctrl Pts',(29.8444374493764,68.6791522604379,93.8080738732064));
#6538=CARTESIAN_POINT('Ctrl Pts',(29.8863079117004,67.8739920531471,93.4176941039124));
#6539=CARTESIAN_POINT('Ctrl Pts',(29.8977829985817,67.5831000730618,93.2592160623439));
#6540=CARTESIAN_POINT('Ctrl Pts',(29.1988913857757,71.980185506366,95.8672965434522));
#6541=CARTESIAN_POINT('Ctrl Pts',(29.2342989006334,71.737439166843,95.6357251691381));
#6542=CARTESIAN_POINT('Ctrl Pts',(29.312745609559,71.1037168772456,95.1197741237537));
#6543=CARTESIAN_POINT('Ctrl Pts',(29.3679158718196,70.4531968739228,94.6452819428403));
#6544=CARTESIAN_POINT('Ctrl Pts',(29.4247836770761,69.5847950226334,94.0591008494865));
#6545=CARTESIAN_POINT('Ctrl Pts',(29.4617446486779,68.7567565159477,93.5750020393348));
#6546=CARTESIAN_POINT('Ctrl Pts',(29.4795958885472,67.964904923459,93.1902824674837));
#6547=CARTESIAN_POINT('Ctrl Pts',(29.4844604665247,67.6852585765781,93.0373045339042));
#6548=CARTESIAN_POINT('Ctrl Pts',(29.147991923627,72.0007037351524,95.8012191394527));
#6549=CARTESIAN_POINT('Ctrl Pts',(29.1619069969519,71.7594693682808,95.5585667594883));
#6550=CARTESIAN_POINT('Ctrl Pts',(29.1927978569102,71.1249102741908,95.0348777664627));
#6551=CARTESIAN_POINT('Ctrl Pts',(29.2149170966431,70.4707024840285,94.5686664588144));
#6552=CARTESIAN_POINT('Ctrl Pts',(29.2376763332821,69.5967665720602,93.9934855257008));
#6553=CARTESIAN_POINT('Ctrl Pts',(29.2525139214996,68.7638037692731,93.5212612497411));
#6554=CARTESIAN_POINT('Ctrl Pts',(29.2599312491284,67.9757013895679,93.1453710214214));
#6555=CARTESIAN_POINT('Ctrl Pts',(29.2619537345933,67.6987587246761,92.9955774510999));
#6556=CARTESIAN_POINT('',(29.2619537345933,67.6987587245329,92.9955774510222));
#6557=CARTESIAN_POINT('Origin',(29.0717224075595,67.230621711313,93.858514168904));
#6558=CARTESIAN_POINT('Ctrl Pts',(29.147991923627,72.0007037351524,95.8012191394527));
#6559=CARTESIAN_POINT('Ctrl Pts',(29.1619069969519,71.7594693682808,95.5585667594883));
#6560=CARTESIAN_POINT('Ctrl Pts',(29.1927978569102,71.1249102741908,95.0348777664627));
#6561=CARTESIAN_POINT('Ctrl Pts',(29.2149170966431,70.4707024840285,94.5686664588144));
#6562=CARTESIAN_POINT('Ctrl Pts',(29.2376763332821,69.5967665720602,93.9934855257008));
#6563=CARTESIAN_POINT('Ctrl Pts',(29.2525139214996,68.7638037692731,93.5212612497411));
#6564=CARTESIAN_POINT('Ctrl Pts',(29.2599312491284,67.9757013895679,93.1453710214214));
#6565=CARTESIAN_POINT('Ctrl Pts',(29.2619537345933,67.6987587246761,92.9955774510999));
#6566=CARTESIAN_POINT('Ctrl Pts',(30.0709458899487,67.2700226280811,93.8585141688617));
#6567=CARTESIAN_POINT('Ctrl Pts',(30.1026096833154,66.4670157844658,93.4448104639048));
#6568=CARTESIAN_POINT('Ctrl Pts',(30.1,65.7380166908743,92.9231038557474));
#6569=CARTESIAN_POINT('Ctrl Pts',(30.1,65.1,92.3183982066608));
#6570=CARTESIAN_POINT('Ctrl Pts',(30.0661397981713,67.391907095414,93.6298256999209));
#6571=CARTESIAN_POINT('Ctrl Pts',(30.1004424343137,66.613715923224,93.2214366357305));
#6572=CARTESIAN_POINT('Ctrl Pts',(30.1,65.9049365614676,92.7130194187493));
#6573=CARTESIAN_POINT('Ctrl Pts',(30.1,65.2838802588693,92.1243886510066));
#6574=CARTESIAN_POINT('Ctrl Pts',(29.8722516829939,67.5965535381766,93.2321268989558));
#6575=CARTESIAN_POINT('Ctrl Pts',(29.9000524384053,66.8660222460749,92.8333829438931));
#6576=CARTESIAN_POINT('Ctrl Pts',(29.9019120221084,66.1951180387511,92.3481073305026));
#6577=CARTESIAN_POINT('Ctrl Pts',(29.9019120221084,65.6033923403595,91.78727580737));
#6578=CARTESIAN_POINT('Ctrl Pts',(29.4526737905357,67.6871871690912,93.0313435220357));
#6579=CARTESIAN_POINT('Ctrl Pts',(29.4639354156231,66.9840966019242,92.647193698397));
#6580=CARTESIAN_POINT('Ctrl Pts',(29.4643409570507,66.3330080153448,92.1745474040159));
#6581=CARTESIAN_POINT('Ctrl Pts',(29.4643409570507,65.7552992056425,91.627000943632));
#6582=CARTESIAN_POINT('Ctrl Pts',(29.2619537345938,67.6987587246044,92.9955774510613));
#6583=CARTESIAN_POINT('Ctrl Pts',(29.2670470787534,67.0013177148226,92.6183434882593));
#6584=CARTESIAN_POINT('Ctrl Pts',(29.2666666666667,66.3539108200318,92.1483226956154));
#6585=CARTESIAN_POINT('Ctrl Pts',(29.2666666666667,65.7782842380011,91.6027497491752));
#6586=CARTESIAN_POINT('',(29.2666666666667,65.7782842380011,91.6027497491752));
#6587=CARTESIAN_POINT('Origin',(29.1,65.1000000000001,92.3183982066608));
#6588=CARTESIAN_POINT('Ctrl Pts',(29.2619537345938,67.6987587246044,92.9955774510613));
#6589=CARTESIAN_POINT('Ctrl Pts',(29.2670470787534,67.0013177148226,92.6183434882593));
#6590=CARTESIAN_POINT('Ctrl Pts',(29.2666666666667,66.3539108200318,92.1483226956154));
#6591=CARTESIAN_POINT('Ctrl Pts',(29.2666666666667,65.7782842380011,91.6027497491752));
#6592=CARTESIAN_POINT('Origin',(29.1,72.0363024527903,85.0000000000004));
#6593=CARTESIAN_POINT('',(29.2666666666667,65.6970857387164,91.5248316207296));
#6594=CARTESIAN_POINT('Origin',(29.1,65.0100006854534,92.2320348106297));
#6595=CARTESIAN_POINT('Origin',(30.1,72.0363024527903,85.0000000000004));
#6596=CARTESIAN_POINT('Origin',(29.2666666666667,72.0363024527903,85.0000000000004));
#6597=CARTESIAN_POINT('Origin',(29.1,72.0363024527903,85.0000000000004));
#6598=CARTESIAN_POINT('',(29.2666666666667,65.6970857387164,78.4751683792713));
#6599=CARTESIAN_POINT('Origin',(29.1,65.0100006854534,77.7679651893712));
#6600=CARTESIAN_POINT('Origin',(29.2666666666667,72.0363024527903,85.0000000000004));
#6601=CARTESIAN_POINT('Origin',(29.1,72.0363024527903,85.0000000000004));
#6602=CARTESIAN_POINT('',(29.2666666666667,65.7782842380011,78.3972502508256));
#6603=CARTESIAN_POINT('Origin',(29.1,65.1,77.68160179334));
#6604=CARTESIAN_POINT('Origin',(29.2666666666667,72.0363024527903,85.0000000000004));
#6605=CARTESIAN_POINT('Ctrl Pts',(30.1,65.1,77.68160179334));
#6606=CARTESIAN_POINT('Ctrl Pts',(30.1,65.7380693619625,77.0768462231385));
#6607=CARTESIAN_POINT('Ctrl Pts',(30.1026176818865,66.4668129374653,76.5552940414913));
#6608=CARTESIAN_POINT('Ctrl Pts',(30.0709458899454,67.2700226281637,76.1414858310967));
#6609=CARTESIAN_POINT('Ctrl Pts',(30.1,65.2838802588693,77.8756113489943));
#6610=CARTESIAN_POINT('Ctrl Pts',(30.1,65.9049878324011,77.2869319871888));
#6611=CARTESIAN_POINT('Ctrl Pts',(30.100451099481,66.6135193448932,76.7786665271385));
#6612=CARTESIAN_POINT('Ctrl Pts',(30.0661397981678,67.391907095494,76.370174300038));
#6613=CARTESIAN_POINT('Ctrl Pts',(29.9019154698074,65.6033946942667,78.2127266762064));
#6614=CARTESIAN_POINT('Ctrl Pts',(29.9019154698074,66.1951692422212,77.6518488539611));
#6615=CARTESIAN_POINT('Ctrl Pts',(29.9000625379357,66.8658392249152,77.1667203987143));
#6616=CARTESIAN_POINT('Ctrl Pts',(29.8722547597903,67.5965550560933,76.7678757171858));
#6617=CARTESIAN_POINT('Ctrl Pts',(29.4643409570507,65.7552992056424,78.3729990563689));
#6618=CARTESIAN_POINT('Ctrl Pts',(29.4643409570507,66.3330557077518,77.8254073936128));
#6619=CARTESIAN_POINT('Ctrl Pts',(29.4639382604151,66.9839189947056,77.3529033414153));
#6620=CARTESIAN_POINT('Ctrl Pts',(29.4526737905345,67.6871871691635,76.9686564779257));
#6621=CARTESIAN_POINT('Ctrl Pts',(29.2666666666667,65.7782842380011,78.3972502508256));
#6622=CARTESIAN_POINT('Ctrl Pts',(29.2666666666667,66.3539583405417,77.8516322649355));
#6623=CARTESIAN_POINT('Ctrl Pts',(29.2670483653799,67.001141534735,77.381751804542));
#6624=CARTESIAN_POINT('Ctrl Pts',(29.2619537345933,67.6987587246761,77.0044225489008));
#6625=CARTESIAN_POINT('',(29.2619537345933,67.6987587246761,77.0044225489008));
#6626=CARTESIAN_POINT('Origin',(29.0717224075595,67.2306217113131,76.1414858310967));
#6627=CARTESIAN_POINT('Ctrl Pts',(29.2666666666667,65.7782842380011,78.3972502508256));
#6628=CARTESIAN_POINT('Ctrl Pts',(29.2666666666667,66.3539583405417,77.8516322649355));
#6629=CARTESIAN_POINT('Ctrl Pts',(29.2670483653799,67.001141534735,77.381751804542));
#6630=CARTESIAN_POINT('Ctrl Pts',(29.2619537345933,67.6987587246761,77.0044225489008));
#6631=CARTESIAN_POINT('Ctrl Pts',(29.1,72.332962575678,73.9951627066836));
#6632=CARTESIAN_POINT('Ctrl Pts',(29.1,72.356717092831,73.9518397433205));
#6633=CARTESIAN_POINT('Ctrl Pts',(29.1006369773029,72.4003639348702,73.8646233926952));
#6634=CARTESIAN_POINT('Ctrl Pts',(29.1031315641615,72.4530272372163,73.7336736840339));
#6635=CARTESIAN_POINT('Ctrl Pts',(29.1112085441538,72.4668270667087,73.6396765872208));
#6636=CARTESIAN_POINT('Ctrl Pts',(29.1223796595609,72.3801214535871,73.7562655972309));
#6637=CARTESIAN_POINT('Ctrl Pts',(29.1342142765054,72.2301920555496,73.9548397341911));
#6638=CARTESIAN_POINT('Ctrl Pts',(29.1426305806906,72.0936478783442,74.105297287753));
#6639=CARTESIAN_POINT('Ctrl Pts',(29.1479918678743,72.0007036909606,74.198787409093));
#6640=CARTESIAN_POINT('Ctrl Pts',(29.1,72.4573859254996,73.9951627066836));
#6641=CARTESIAN_POINT('Ctrl Pts',(29.0970297572036,72.4732207562908,73.9464528582389));
#6642=CARTESIAN_POINT('Ctrl Pts',(29.0930907360709,72.4985786647551,73.848386388137));
#6643=CARTESIAN_POINT('Ctrl Pts',(29.0925557020876,72.5191215106355,73.7024319579683));
#6644=CARTESIAN_POINT('Ctrl Pts',(29.1108717155512,72.4818657879921,73.5905954295943));
#6645=CARTESIAN_POINT('Ctrl Pts',(29.1484586747124,72.3609968778348,73.6810076970817));
#6646=CARTESIAN_POINT('Ctrl Pts',(29.1936937551813,72.1942327796057,73.8485620454217));
#6647=CARTESIAN_POINT('Ctrl Pts',(29.2279002267559,72.0541110509722,73.9817797141201));
#6648=CARTESIAN_POINT('Ctrl Pts',(29.2497907128291,71.9596676027038,74.0666323840286));
#6649=CARTESIAN_POINT('Ctrl Pts',(29.0765123612312,72.5817692844773,73.9951627066836));
#6650=CARTESIAN_POINT('Ctrl Pts',(29.0736104374629,72.5891396261809,73.9406686853712));
#6651=CARTESIAN_POINT('Ctrl Pts',(29.0709798467008,72.5954809631289,73.8313093805589));
#6652=CARTESIAN_POINT('Ctrl Pts',(29.0752167329305,72.5837285168314,73.670399767786));
#6653=CARTESIAN_POINT('Ctrl Pts',(29.1083206760751,72.4962439489766,73.5412126128149));
#6654=CARTESIAN_POINT('Ctrl Pts',(29.1663636230024,72.3385298677668,73.6039764971994));
#6655=CARTESIAN_POINT('Ctrl Pts',(29.2338178124684,72.1480900137651,73.7353531375734));
#6656=CARTESIAN_POINT('Ctrl Pts',(29.2844539824414,71.9975766980523,73.8442839122912));
#6657=CARTESIAN_POINT('Ctrl Pts',(29.3171009047199,71.8968756215923,73.9149255860058));
#6658=CARTESIAN_POINT('Ctrl Pts',(29.0311398625758,72.6976248253314,73.9951627066837));
#6659=CARTESIAN_POINT('Ctrl Pts',(29.0311398625758,72.6976248253314,73.9348823880325));
#6660=CARTESIAN_POINT('Ctrl Pts',(29.0352579506274,72.6870731292076,73.8142334338277));
#6661=CARTESIAN_POINT('Ctrl Pts',(29.0513853366505,72.645844234636,73.6383730706533));
#6662=CARTESIAN_POINT('Ctrl Pts',(29.1036030377057,72.5098015520019,73.4918391660733));
#6663=CARTESIAN_POINT('Ctrl Pts',(29.1758189816107,72.3129859439298,73.5269561339501));
#6664=CARTESIAN_POINT('Ctrl Pts',(29.2523121361938,72.0944848007935,73.6221322341003));
#6665=CARTESIAN_POINT('Ctrl Pts',(29.3066946664618,71.9297496869031,73.7067091281461));
#6666=CARTESIAN_POINT('Ctrl Pts',(29.3413258321849,71.8203473096436,73.7630424520412));
#6667=CARTESIAN_POINT('',(29.1,72.332962575678,73.9951627066837));
#6668=CARTESIAN_POINT('Ctrl Pts',(29.1,72.3329625756781,73.9951627066834));
#6669=CARTESIAN_POINT('Ctrl Pts',(29.1,72.3362962165769,73.9898342819741));
#6670=CARTESIAN_POINT('Ctrl Pts',(29.1,72.3396090550975,73.9844922402408));
#6671=CARTESIAN_POINT('Ctrl Pts',(29.1,72.3673528539034,73.9393466269057));
#6672=CARTESIAN_POINT('Ctrl Pts',(29.1,72.3907807311678,73.8985341603092));
#6673=CARTESIAN_POINT('Ctrl Pts',(29.1,72.4411043463007,73.8027122845171));
#6674=CARTESIAN_POINT('Ctrl Pts',(29.1,72.4787895364708,73.7245389969869));
#6675=CARTESIAN_POINT('Ctrl Pts',(29.1,72.5059314079415,73.6317821917436));
#6676=CARTESIAN_POINT('Ctrl Pts',(29.1,72.5108976249588,73.6097585561737));
#6677=CARTESIAN_POINT('Ctrl Pts',(29.1,72.5167933212195,73.5676562320187));
#6678=CARTESIAN_POINT('Ctrl Pts',(29.1,72.5181512263951,73.5483748443835));
#6679=CARTESIAN_POINT('Ctrl Pts',(29.1,72.5181512263951,73.5289668067222));
#6680=CARTESIAN_POINT('',(29.1479918678743,72.0007036909606,74.198787409093));
#6681=CARTESIAN_POINT('Origin',(28.3879512072459,71.518557938521,73.7630424520412));
#6682=CARTESIAN_POINT('Ctrl Pts',(29.1479918678743,72.0007036909606,74.198787409093));
#6683=CARTESIAN_POINT('Ctrl Pts',(29.1426305806906,72.0936478783442,74.105297287753));
#6684=CARTESIAN_POINT('Ctrl Pts',(29.1342142765054,72.2301920555496,73.9548397341911));
#6685=CARTESIAN_POINT('Ctrl Pts',(29.1223796595609,72.3801214535871,73.7562655972309));
#6686=CARTESIAN_POINT('Ctrl Pts',(29.1112085441538,72.4668270667087,73.6396765872208));
#6687=CARTESIAN_POINT('Ctrl Pts',(29.1031315641615,72.4530272372163,73.7336736840339));
#6688=CARTESIAN_POINT('Ctrl Pts',(29.1006369773029,72.4003639348702,73.8646233926952));
#6689=CARTESIAN_POINT('Ctrl Pts',(29.1,72.356717092831,73.9518397433205));
#6690=CARTESIAN_POINT('Ctrl Pts',(29.1,72.332962575678,73.9951627066836));
#6691=CARTESIAN_POINT('Ctrl Pts',(30.0709458899454,67.2700226281637,76.1414858310965));
#6692=CARTESIAN_POINT('Ctrl Pts',(30.0491867375332,67.8218436969355,75.8571913416613));
#6693=CARTESIAN_POINT('Ctrl Pts',(29.9785960946927,68.832410604586,75.4210494830615));
#6694=CARTESIAN_POINT('Ctrl Pts',(29.7686116178345,70.1993815645221,74.645159763931));
#6695=CARTESIAN_POINT('Ctrl Pts',(29.5764882115516,71.01635728258,74.1881707619547));
#6696=CARTESIAN_POINT('Ctrl Pts',(29.4222587800308,71.5579213432323,73.8996396383454));
#6697=CARTESIAN_POINT('Ctrl Pts',(29.3828932404041,71.6890328366609,73.8306587225825));
#6698=CARTESIAN_POINT('Ctrl Pts',(29.3413258321849,71.8203473096436,73.7630424520411));
#6699=CARTESIAN_POINT('Ctrl Pts',(30.0661397981678,67.391907095494,76.3701743000378));
#6700=CARTESIAN_POINT('Ctrl Pts',(30.0430365503573,67.9259661503787,76.0898446627294));
#6701=CARTESIAN_POINT('Ctrl Pts',(29.9666708576645,68.9463144713076,75.6315956862354));
#6702=CARTESIAN_POINT('Ctrl Pts',(29.748434718807,70.3003268163059,74.8110964495399));
#6703=CARTESIAN_POINT('Ctrl Pts',(29.557176821884,71.09087192711,74.3239834764526));
#6704=CARTESIAN_POINT('Ctrl Pts',(29.4059802602475,71.6129125321076,74.0046096608129));
#6705=CARTESIAN_POINT('Ctrl Pts',(29.3676755265612,71.7385805122519,73.9272620724435));
#6706=CARTESIAN_POINT('Ctrl Pts',(29.3274830164906,71.8640777736143,73.8498328143066));
#6707=CARTESIAN_POINT('Ctrl Pts',(29.8722545216753,67.5965549386268,76.7678755147181));
#6708=CARTESIAN_POINT('Ctrl Pts',(29.8537117578507,68.0990025463372,76.4943867510703));
#6709=CARTESIAN_POINT('Ctrl Pts',(29.791088484112,69.1275408474732,75.9987073401748));
#6710=CARTESIAN_POINT('Ctrl Pts',(29.6144988247237,70.4572344838161,75.1011275728357));
#6711=CARTESIAN_POINT('Ctrl Pts',(29.4621266071159,71.2065500191091,74.5619343278024));
#6712=CARTESIAN_POINT('Ctrl Pts',(29.341357444452,71.6980172740351,74.1881530075928));
#6713=CARTESIAN_POINT('Ctrl Pts',(29.3108890214446,71.8164077181274,74.0963726873317));
#6714=CARTESIAN_POINT('Ctrl Pts',(29.2789543598649,71.9329018699109,74.0016962766104));
#6715=CARTESIAN_POINT('Ctrl Pts',(29.4526737905345,67.6871871691635,76.9686564779255));
#6716=CARTESIAN_POINT('Ctrl Pts',(29.4451307895142,68.1708883023794,76.704946419712));
#6717=CARTESIAN_POINT('Ctrl Pts',(29.4198151752968,69.2010007834962,76.2134989887589));
#6718=CARTESIAN_POINT('Ctrl Pts',(29.3446368160792,70.5356845743273,75.3121557980701));
#6719=CARTESIAN_POINT('Ctrl Pts',(29.2762895619485,71.2739936737494,74.7580577473634));
#6720=CARTESIAN_POINT('Ctrl Pts',(29.2206851928335,71.7552228809604,74.3518527982429));
#6721=CARTESIAN_POINT('Ctrl Pts',(29.2065510759125,71.8708447025099,74.2499875470607));
#6722=CARTESIAN_POINT('Ctrl Pts',(29.1916199442835,71.9831167959934,74.1421495412082));
#6723=CARTESIAN_POINT('Ctrl Pts',(29.2619537345933,67.6987587246761,77.0044225489006));
#6724=CARTESIAN_POINT('Ctrl Pts',(29.2584536216859,68.1780356405363,76.7451898285561));
#6725=CARTESIAN_POINT('Ctrl Pts',(29.247175712799,69.208250847655,76.264685482387));
#6726=CARTESIAN_POINT('Ctrl Pts',(29.2142684926274,70.5517069103498,75.3796990250613));
#6727=CARTESIAN_POINT('Ctrl Pts',(29.1844239458985,71.2922329885801,74.8294675352247));
#6728=CARTESIAN_POINT('Ctrl Pts',(29.160523773397,71.7738037088328,74.4159225827311));
#6729=CARTESIAN_POINT('Ctrl Pts',(29.154426962053,71.8891438026944,74.3110025758965));
#6730=CARTESIAN_POINT('Ctrl Pts',(29.1479918678743,72.0007036909606,74.1987874090929));
#6731=CARTESIAN_POINT('Ctrl Pts',(29.2619537345933,67.6987587246761,77.0044225489006));
#6732=CARTESIAN_POINT('Ctrl Pts',(29.2584536216859,68.1780356405363,76.7451898285561));
#6733=CARTESIAN_POINT('Ctrl Pts',(29.247175712799,69.208250847655,76.264685482387));
#6734=CARTESIAN_POINT('Ctrl Pts',(29.2142684926274,70.5517069103498,75.3796990250613));
#6735=CARTESIAN_POINT('Ctrl Pts',(29.1844239458985,71.2922329885801,74.8294675352247));
#6736=CARTESIAN_POINT('Ctrl Pts',(29.160523773397,71.7738037088328,74.4159225827311));
#6737=CARTESIAN_POINT('Ctrl Pts',(29.154426962053,71.8891438026944,74.3110025758965));
#6738=CARTESIAN_POINT('Ctrl Pts',(29.1479918678743,72.0007036909606,74.1987874090929));
#6739=CARTESIAN_POINT('Origin',(30.1,26.75,48.9999999999999));
#6740=CARTESIAN_POINT('',(30.1,48.225,100.7));
#6741=CARTESIAN_POINT('Ctrl Pts',(29.1,72.0971331058308,23.7140702944346));
#6742=CARTESIAN_POINT('Ctrl Pts',(29.1,71.8174243679429,23.4045752281231));
#6743=CARTESIAN_POINT('Ctrl Pts',(29.1,71.1805555375142,22.8639820396481));
#6744=CARTESIAN_POINT('Ctrl Pts',(29.1,70.1406199350864,22.1082112800077));
#6745=CARTESIAN_POINT('Ctrl Pts',(29.1,69.0069466693906,21.4254610287714));
#6746=CARTESIAN_POINT('Ctrl Pts',(29.1,68.1894251186033,21.0383809278848));
#6747=CARTESIAN_POINT('Ctrl Pts',(29.1,67.7923861273486,20.8229901075387));
#6748=CARTESIAN_POINT('Ctrl Pts',(29.1,72.0630202992476,23.7449000268401));
#6749=CARTESIAN_POINT('Ctrl Pts',(29.1,71.7864633462057,23.4387145942367));
#6750=CARTESIAN_POINT('Ctrl Pts',(29.1,71.1523698936383,22.9003256234245));
#6751=CARTESIAN_POINT('Ctrl Pts',(29.1,70.1148796725962,22.1463975363337));
#6752=CARTESIAN_POINT('Ctrl Pts',(29.1,68.9854704682745,21.4662086845758));
#6753=CARTESIAN_POINT('Ctrl Pts',(29.1,68.1695130964236,21.0798094532681));
#6754=CARTESIAN_POINT('Ctrl Pts',(29.1,67.7704608387702,20.8634059174888));
#6755=CARTESIAN_POINT('Ctrl Pts',(29.1331243101029,71.9950140452138,23.8063612440123));
#6756=CARTESIAN_POINT('Ctrl Pts',(29.1331243101029,71.7247686389635,23.5072103243487));
#6757=CARTESIAN_POINT('Ctrl Pts',(29.1331243101029,71.0962177965064,22.9729057884167));
#6758=CARTESIAN_POINT('Ctrl Pts',(29.1331243101029,70.0635632137927,22.2227760371094));
#6759=CARTESIAN_POINT('Ctrl Pts',(29.1331243101029,68.9427437624176,21.5475264230868));
#6760=CARTESIAN_POINT('Ctrl Pts',(29.1331243101029,68.1299036059318,21.1626281845441));
#6761=CARTESIAN_POINT('Ctrl Pts',(29.1331243101029,67.7267512500798,20.9439776473978));
#6762=CARTESIAN_POINT('Ctrl Pts',(29.2168134090953,71.9579507568381,23.8398574988543));
#6763=CARTESIAN_POINT('Ctrl Pts',(29.2168134090953,71.6911544048898,23.5446836856826));
#6764=CARTESIAN_POINT('Ctrl Pts',(29.2168134090953,71.0656274599967,23.0125034454597));
#6765=CARTESIAN_POINT('Ctrl Pts',(29.2168134090953,70.0355953569735,22.2644847645812));
#6766=CARTESIAN_POINT('Ctrl Pts',(29.2168134090953,68.9194865402948,21.59187217167));
#6767=CARTESIAN_POINT('Ctrl Pts',(29.2168134090953,68.1083449047413,21.2078391249836));
#6768=CARTESIAN_POINT('Ctrl Pts',(29.2168134090953,67.7029296014178,20.9878890979395));
#6769=CARTESIAN_POINT('Ctrl Pts',(29.2619537345933,71.951461432373,23.8457222797619));
#6770=CARTESIAN_POINT('Ctrl Pts',(29.2619537345933,71.6852646486384,23.5511780626024));
#6771=CARTESIAN_POINT('Ctrl Pts',(29.2619537345933,71.0602656675589,23.0194171336307));
#6772=CARTESIAN_POINT('Ctrl Pts',(29.2619537345933,70.0306987526818,22.2717489867966));
#6773=CARTESIAN_POINT('Ctrl Pts',(29.2619537345933,68.9154010940568,21.5996236523072));
#6774=CARTESIAN_POINT('Ctrl Pts',(29.2619537345933,68.1045570143381,21.2157201283443));
#6775=CARTESIAN_POINT('Ctrl Pts',(29.2619537345933,67.698758724676,20.9955774510995));
#6776=CARTESIAN_POINT('',(29.1,72.0971331058308,23.7140702944346));
#6777=CARTESIAN_POINT('Origin',(29.3,72.0971331058308,23.7140702944346));
#6778=CARTESIAN_POINT('',(29.1,67.7923861273486,20.8229901075387));
#6779=CARTESIAN_POINT('Ctrl Pts',(29.1,72.0971331058308,23.7140702944346));
#6780=CARTESIAN_POINT('Ctrl Pts',(29.1,71.8174243679429,23.4045752281231));
#6781=CARTESIAN_POINT('Ctrl Pts',(29.1,71.1805555375142,22.8639820396481));
#6782=CARTESIAN_POINT('Ctrl Pts',(29.1,70.1406199350864,22.1082112800077));
#6783=CARTESIAN_POINT('Ctrl Pts',(29.1,69.0069466693906,21.4254610287714));
#6784=CARTESIAN_POINT('Ctrl Pts',(29.1,68.1894251186033,21.0383809278848));
#6785=CARTESIAN_POINT('Ctrl Pts',(29.1,67.7923861273486,20.8229901075387));
#6786=CARTESIAN_POINT('Origin',(29.3,67.7923861273486,20.8229901075387));
#6787=CARTESIAN_POINT('Origin',(29.3,72.0363024527902,12.9999999999998));
#6788=CARTESIAN_POINT('',(29.1,67.7923861273485,5.17700989246105));
#6789=CARTESIAN_POINT('Origin',(29.1,72.0363024527902,12.9999999999998));
#6790=CARTESIAN_POINT('Origin',(29.3,67.7923861273485,5.17700989246105));
#6791=CARTESIAN_POINT('Ctrl Pts',(29.1,67.7923861273485,5.17700989246105));
#6792=CARTESIAN_POINT('Ctrl Pts',(29.1,68.1388848459567,4.98903680947981));
#6793=CARTESIAN_POINT('Ctrl Pts',(29.1,68.8523380554475,4.64965837928589));
#6794=CARTESIAN_POINT('Ctrl Pts',(29.1,69.8774553128458,4.06112917401614));
#6795=CARTESIAN_POINT('Ctrl Pts',(29.1,70.8510012908661,3.38438316245305));
#6796=CARTESIAN_POINT('Ctrl Pts',(29.1,71.5939498958438,2.79328916667627));
#6797=CARTESIAN_POINT('Ctrl Pts',(29.1,71.9898983816208,2.40458984326635));
#6798=CARTESIAN_POINT('Ctrl Pts',(29.1,72.0971328414486,2.2859364005027));
#6799=CARTESIAN_POINT('Ctrl Pts',(29.1,67.7735930228528,5.14236776964662));
#6800=CARTESIAN_POINT('Ctrl Pts',(29.1,68.1216168547343,4.9536176921206));
#6801=CARTESIAN_POINT('Ctrl Pts',(29.1,68.834357021569,4.61454080439646));
#6802=CARTESIAN_POINT('Ctrl Pts',(29.1,69.8561804056096,4.02788186966067));
#6803=CARTESIAN_POINT('Ctrl Pts',(29.1,70.8274461914015,3.35277403165703));
#6804=CARTESIAN_POINT('Ctrl Pts',(29.1,71.5685225834098,2.76309343080473));
#6805=CARTESIAN_POINT('Ctrl Pts',(29.1,71.9617114750054,2.37699137043453));
#6806=CARTESIAN_POINT('Ctrl Pts',(29.1,72.067893345047,2.25951085793755));
#6807=CARTESIAN_POINT('Ctrl Pts',(29.1279468434427,67.729699173498,5.06145638427713));
#6808=CARTESIAN_POINT('Ctrl Pts',(29.1279468434427,68.0813028122273,4.87078575144121));
#6809=CARTESIAN_POINT('Ctrl Pts',(29.1279468434427,68.7923880274105,4.53251064888884));
#6810=CARTESIAN_POINT('Ctrl Pts',(29.1279468434427,69.8064780854486,3.950167219925));
#6811=CARTESIAN_POINT('Ctrl Pts',(29.1279468434427,70.7724390571991,3.27890324723087));
#6812=CARTESIAN_POINT('Ctrl Pts',(29.1279468434427,71.5091639236792,2.69248588948753));
#6813=CARTESIAN_POINT('Ctrl Pts',(29.1279468434427,71.8958526567258,2.31257422119635));
#6814=CARTESIAN_POINT('Ctrl Pts',(29.1279468434427,71.9996005278306,2.19779041229567));
#6815=CARTESIAN_POINT('Ctrl Pts',(29.210364791167,67.7035254409523,5.0132092382259));
#6816=CARTESIAN_POINT('Ctrl Pts',(29.210364791167,68.057281628424,4.82128625459767));
#6817=CARTESIAN_POINT('Ctrl Pts',(29.210364791167,68.7673905923678,4.48358799139339));
#6818=CARTESIAN_POINT('Ctrl Pts',(29.210364791167,69.7768287490829,3.90376444213743));
#6819=CARTESIAN_POINT('Ctrl Pts',(29.210364791167,70.7396476324704,3.23481046590725));
#6820=CARTESIAN_POINT('Ctrl Pts',(29.210364791167,71.4737992554339,2.65030054972143));
#6821=CARTESIAN_POINT('Ctrl Pts',(29.210364791167,71.8565565178882,2.27420590630017));
#6822=CARTESIAN_POINT('Ctrl Pts',(29.210364791167,71.9588777851481,2.16098674935464));
#6823=CARTESIAN_POINT('Ctrl Pts',(29.2619537345933,67.6987587246759,5.00442254890023));
#6824=CARTESIAN_POINT('Ctrl Pts',(29.2619537345933,68.0529017445767,4.81230248700086));
#6825=CARTESIAN_POINT('Ctrl Pts',(29.2619537345933,68.7628298511195,4.47468070756216));
#6826=CARTESIAN_POINT('Ctrl Pts',(29.2619537345933,69.7714325439681,3.89533153703365));
#6827=CARTESIAN_POINT('Ctrl Pts',(29.2619537345933,70.7336730753644,3.22679307004364));
#6828=CARTESIAN_POINT('Ctrl Pts',(29.2619537345932,71.4673498269176,2.6426416498473));
#6829=CARTESIAN_POINT('Ctrl Pts',(29.2619537345933,71.849407141021,2.26720578081897));
#6830=CARTESIAN_POINT('Ctrl Pts',(29.2619537345933,71.9514614275451,2.15428412798163));
#6831=CARTESIAN_POINT('',(29.1,72.0971328414486,2.2859364005027));
#6832=CARTESIAN_POINT('Ctrl Pts',(29.1,67.7923861273485,5.17700989246105));
#6833=CARTESIAN_POINT('Ctrl Pts',(29.1,68.1388848459567,4.98903680947981));
#6834=CARTESIAN_POINT('Ctrl Pts',(29.1,68.8523380554475,4.64965837928589));
#6835=CARTESIAN_POINT('Ctrl Pts',(29.1,69.8774553128458,4.06112917401614));
#6836=CARTESIAN_POINT('Ctrl Pts',(29.1,70.8510012908661,3.38438316245305));
#6837=CARTESIAN_POINT('Ctrl Pts',(29.1,71.5939498958438,2.79328916667627));
#6838=CARTESIAN_POINT('Ctrl Pts',(29.1,71.9898983816208,2.40458984326635));
#6839=CARTESIAN_POINT('Ctrl Pts',(29.1,72.0971328414486,2.2859364005027));
#6840=CARTESIAN_POINT('Origin',(29.3,72.0971328414486,2.2859364005027));
#6841=CARTESIAN_POINT('Ctrl Pts',(29.1,72.5115259398676,24.2973150309417));
#6842=CARTESIAN_POINT('Ctrl Pts',(29.1,72.4033740069316,24.0837457562106));
#6843=CARTESIAN_POINT('Ctrl Pts',(29.1,72.2575321769596,23.8915503457558));
#6844=CARTESIAN_POINT('Ctrl Pts',(29.1,72.0971331058308,23.7140702944346));
#6845=CARTESIAN_POINT('Ctrl Pts',(29.1,72.469451792675,24.3186214681679));
#6846=CARTESIAN_POINT('Ctrl Pts',(29.1,72.3638753548301,24.1101380629514));
#6847=CARTESIAN_POINT('Ctrl Pts',(29.1,72.2206800061092,23.9211110356439));
#6848=CARTESIAN_POINT('Ctrl Pts',(29.1,72.0621437719014,23.7456921957126));
#6849=CARTESIAN_POINT('Ctrl Pts',(29.1173428655024,72.4275491245265,24.3398410680432));
#6850=CARTESIAN_POINT('Ctrl Pts',(29.1173428655024,72.3245361690813,24.1364198106962));
#6851=CARTESIAN_POINT('Ctrl Pts',(29.1173428655024,72.1839791278527,23.9505524600271));
#6852=CARTESIAN_POINT('Ctrl Pts',(29.1173428655024,72.0272970418733,23.7771852175298));
#6853=CARTESIAN_POINT('Ctrl Pts',(29.147991923627,72.3955710736276,24.3560348207288));
#6854=CARTESIAN_POINT('Ctrl Pts',(29.147991923627,72.2945105751101,24.1564691099141));
#6855=CARTESIAN_POINT('Ctrl Pts',(29.147991923627,72.1559736231958,23.9730237983239));
#6856=CARTESIAN_POINT('Ctrl Pts',(29.147991923627,72.0007037351524,23.8012191394525));
#6857=CARTESIAN_POINT('Ctrl Pts',(29.1,72.333008217103,24.0048125319425));
#6858=CARTESIAN_POINT('Ctrl Pts',(29.1,72.2605353543485,23.9032628162627));
#6859=CARTESIAN_POINT('Ctrl Pts',(29.1,72.1808153560207,23.8066639108057));
#6860=CARTESIAN_POINT('Ctrl Pts',(29.1,72.0971331058308,23.7140702944346));
#6861=CARTESIAN_POINT('Ctrl Pts',(29.1,72.0971328414486,2.28593640050269));
#6862=CARTESIAN_POINT('Ctrl Pts',(29.1,72.2575222885805,2.10846770139483));
#6863=CARTESIAN_POINT('Ctrl Pts',(29.1,72.4034512328384,1.91610856397606));
#6864=CARTESIAN_POINT('Ctrl Pts',(29.1,72.5115236976846,1.70269902642712));
#6865=CARTESIAN_POINT('Ctrl Pts',(29.1,72.0621435910782,2.25431444941687));
#6866=CARTESIAN_POINT('Ctrl Pts',(29.1,72.2206703236658,2.07890681812188));
#6867=CARTESIAN_POINT('Ctrl Pts',(29.1,72.3639508376159,1.88971982962686));
#6868=CARTESIAN_POINT('Ctrl Pts',(29.1,72.4694496890897,1.68139237880942));
#6869=CARTESIAN_POINT('Ctrl Pts',(29.1173428437094,72.027296943927,2.22282137768597));
#6870=CARTESIAN_POINT('Ctrl Pts',(29.1173428437094,72.1839696500709,2.04946520094074));
#6871=CARTESIAN_POINT('Ctrl Pts',(29.1173428437094,72.324609916576,1.86344163722248));
#6872=CARTESIAN_POINT('Ctrl Pts',(29.1173428437094,72.427547158563,1.6601725691921));
#6873=CARTESIAN_POINT('Ctrl Pts',(29.1479918678743,72.0007036909606,2.19878740909234));
#6874=CARTESIAN_POINT('Ctrl Pts',(29.1479918678743,72.1559642914137,2.02699370771224));
#6875=CARTESIAN_POINT('Ctrl Pts',(29.1479918678743,72.2945829904326,1.84339503840988));
#6876=CARTESIAN_POINT('Ctrl Pts',(29.1479918678743,72.3955692012753,1.64397865066097));
#6877=CARTESIAN_POINT('Ctrl Pts',(29.1,72.0971328414486,2.28593640050269));
#6878=CARTESIAN_POINT('Ctrl Pts',(29.1,72.1807965659106,2.19336364956237));
#6879=CARTESIAN_POINT('Ctrl Pts',(29.1,72.2605256394915,2.09673926385311));
#6880=CARTESIAN_POINT('Ctrl Pts',(29.1,72.3329993947146,1.99518893984506));
#6881=CARTESIAN_POINT('Ctrl Pts',(29.0999731036662,72.5027004902275,1.06187016041985));
#6882=CARTESIAN_POINT('Ctrl Pts',(29.0994497448449,72.5184529159175,0.921403403382576));
#6883=CARTESIAN_POINT('Ctrl Pts',(29.099894842731,72.5185049013547,0.774009337442027));
#6884=CARTESIAN_POINT('Ctrl Pts',(29.0999983125573,72.5181544227123,0.625132542919151));
#6885=CARTESIAN_POINT('Ctrl Pts',(29.0999995113742,72.5181525267275,0.621882790884967));
#6886=CARTESIAN_POINT('Ctrl Pts',(29.1000000000001,72.518151226395,0.618625309439045));
#6887=CARTESIAN_POINT('Ctrl Pts',(29.0995880996405,72.5260159910937,1.05915259022494));
#6888=CARTESIAN_POINT('Ctrl Pts',(29.0954829706894,72.5306561119498,0.91912545633581));
#6889=CARTESIAN_POINT('Ctrl Pts',(29.099142649395,72.5204020988367,0.773924954010924));
#6890=CARTESIAN_POINT('Ctrl Pts',(29.0999862214722,72.5181884248709,0.62513148986731));
#6891=CARTESIAN_POINT('Ctrl Pts',(29.0999960141106,72.5181618336551,0.621882696971553));
#6892=CARTESIAN_POINT('Ctrl Pts',(29.1000000000001,72.518151226395,0.618625309439045));
#6893=CARTESIAN_POINT('Ctrl Pts',(29.0950279715509,72.5492575309223,1.05644364066026));
#6894=CARTESIAN_POINT('Ctrl Pts',(29.0913311884536,72.5421835022073,0.916757645093415));
#6895=CARTESIAN_POINT('Ctrl Pts',(29.098403114591,72.5223592268733,0.773851539215299));
#6896=CARTESIAN_POINT('Ctrl Pts',(29.0999739011878,72.5182214727602,0.625130261217815));
#6897=CARTESIAN_POINT('Ctrl Pts',(29.0999925168469,72.5181711405827,0.621882603058138));
#6898=CARTESIAN_POINT('Ctrl Pts',(29.1000000000001,72.518151226395,0.618625309439045));
#6899=CARTESIAN_POINT('Ctrl Pts',(29.0865703023744,72.5710103565117,1.0539082102264));
#6900=CARTESIAN_POINT('Ctrl Pts',(29.0869905746745,72.5536415514701,0.914291692625068));
#6901=CARTESIAN_POINT('Ctrl Pts',(29.0976733245435,72.5243198962203,0.773787792656142));
#6902=CARTESIAN_POINT('Ctrl Pts',(29.0999614005651,72.5182544540555,0.625128879865318));
#6903=CARTESIAN_POINT('Ctrl Pts',(29.0999890195833,72.5181804475102,0.621882509144724));
#6904=CARTESIAN_POINT('Ctrl Pts',(29.1000000000001,72.518151226395,0.618625309439045));
#6905=CARTESIAN_POINT('',(29.0865703023744,72.5710103565119,1.05390821022634));
#6906=CARTESIAN_POINT('Origin',(28.9,72.4994426351051,1.0622498841937));
#6907=CARTESIAN_POINT('Ctrl Pts',(29.0865703023744,72.5710103565117,1.0539082102264));
#6908=CARTESIAN_POINT('Ctrl Pts',(29.0869905746745,72.5536415514701,0.914291692625068));
#6909=CARTESIAN_POINT('Ctrl Pts',(29.0976733245435,72.5243198962203,0.773787792656142));
#6910=CARTESIAN_POINT('Ctrl Pts',(29.0999614005651,72.5182544540555,0.625128879865318));
#6911=CARTESIAN_POINT('Ctrl Pts',(29.0999890195833,72.5181804475102,0.621882509144724));
#6912=CARTESIAN_POINT('Ctrl Pts',(29.1000000000001,72.518151226395,0.618625309439045));
#6913=CARTESIAN_POINT('Ctrl Pts',(29.0865703023744,72.5710103565119,1.05390821022634));
#6914=CARTESIAN_POINT('Ctrl Pts',(29.0861669195823,72.5876811603511,1.18791395052235));
#6915=CARTESIAN_POINT('Ctrl Pts',(29.0845674011002,72.6519295612847,1.44930841894731));
#6916=CARTESIAN_POINT('Ctrl Pts',(29.0762647692331,72.9164148990613,1.91855233896708));
#6917=CARTESIAN_POINT('Ctrl Pts',(29.0656947347512,73.2056804138928,2.21261150876215));
#6918=CARTESIAN_POINT('Ctrl Pts',(29.0527599289716,73.5464192885349,2.52753184930963));
#6919=CARTESIAN_POINT('Ctrl Pts',(29.0301012613163,74.1308687270209,3.01935095412784));
#6920=CARTESIAN_POINT('Ctrl Pts',(28.9916717006979,75.064252989153,3.6986400887394));
#6921=CARTESIAN_POINT('Ctrl Pts',(28.9344930927565,76.2010636730497,4.40103613289028));
#6922=CARTESIAN_POINT('Ctrl Pts',(28.9038973912172,76.9756255883018,4.80220174812743));
#6923=CARTESIAN_POINT('Ctrl Pts',(28.9,77.4153680799509,5.0422044661846));
#6924=CARTESIAN_POINT('Ctrl Pts',(28.9,77.5104503682748,5.09646677268118));
#6925=CARTESIAN_POINT('Ctrl Pts',(29.0916283375172,72.5580012692574,1.05542450224119));
#6926=CARTESIAN_POINT('Ctrl Pts',(29.0913774228062,72.5746047833841,1.1903276424164));
#6927=CARTESIAN_POINT('Ctrl Pts',(29.0903672194669,72.6386617432953,1.45412867521371));
#6928=CARTESIAN_POINT('Ctrl Pts',(29.0851461684944,72.9027200827414,1.92864792015605));
#6929=CARTESIAN_POINT('Ctrl Pts',(29.0783955751133,73.1917416516153,2.2254497410378));
#6930=CARTESIAN_POINT('Ctrl Pts',(29.0700301765787,73.5324336913541,2.54255918540413));
#6931=CARTESIAN_POINT('Ctrl Pts',(29.0551849634621,74.1169997671577,3.03662110248848));
#6932=CARTESIAN_POINT('Ctrl Pts',(29.0292785759695,75.0525695297528,3.71533487824185));
#6933=CARTESIAN_POINT('Ctrl Pts',(28.9874116131137,76.1963972174906,4.40992692068604));
#6934=CARTESIAN_POINT('Ctrl Pts',(28.9630237221816,76.9750758221337,4.80322300235993));
#6935=CARTESIAN_POINT('Ctrl Pts',(28.9598355270944,77.4153638264456,5.04220551054314));
#6936=CARTESIAN_POINT('Ctrl Pts',(28.9598398600684,77.5104503682748,5.09646677268118));
#6937=CARTESIAN_POINT('Ctrl Pts',(29.0980563925452,72.5343065978123,1.05818626718316));
#6938=CARTESIAN_POINT('Ctrl Pts',(29.0979982512948,72.5507570608962,1.1947094009143));
#6939=CARTESIAN_POINT('Ctrl Pts',(29.097761066995,72.6143487294937,1.46296497476007));
#6940=CARTESIAN_POINT('Ctrl Pts',(29.0965397048728,72.8769622102452,1.94746372622174));
#6941=CARTESIAN_POINT('Ctrl Pts',(29.0949388272126,73.1645667768436,2.25048443896313));
#6942=CARTESIAN_POINT('Ctrl Pts',(29.0929322915811,73.5037640086472,2.57323180313694));
#6943=CARTESIAN_POINT('Ctrl Pts',(29.0893253315186,74.0859989656442,3.07513159392663));
#6944=CARTESIAN_POINT('Ctrl Pts',(29.0828813867837,75.0197895088466,3.76087396445918));
#6945=CARTESIAN_POINT('Ctrl Pts',(29.0715705851794,76.1687969204728,4.45853214027175));
#6946=CARTESIAN_POINT('Ctrl Pts',(29.0643753092905,76.9519342508488,4.84870581725988));
#6947=CARTESIAN_POINT('Ctrl Pts',(29.0634031552583,77.3909621592021,5.0861198411833));
#6948=CARTESIAN_POINT('Ctrl Pts',(29.0634065269622,77.4855419157782,5.14011314186246));
#6949=CARTESIAN_POINT('Ctrl Pts',(29.1,72.5099017653276,1.06103080591954));
#6950=CARTESIAN_POINT('Ctrl Pts',(29.1,72.5261714824102,1.19922858717076));
#6951=CARTESIAN_POINT('Ctrl Pts',(29.1,72.5891985023277,1.47207524912181));
#6952=CARTESIAN_POINT('Ctrl Pts',(29.1,72.8498192065526,1.96719908046007));
#6953=CARTESIAN_POINT('Ctrl Pts',(29.1,73.1352068993799,2.27746313674847));
#6954=CARTESIAN_POINT('Ctrl Pts',(29.1,73.4717339282031,2.60746555353199));
#6955=CARTESIAN_POINT('Ctrl Pts',(29.1,74.0494379631707,3.12042291023075));
#6956=CARTESIAN_POINT('Ctrl Pts',(29.1,74.9763611905515,3.82035131694863));
#6957=CARTESIAN_POINT('Ctrl Pts',(29.1,76.1219883427942,4.5394834026112));
#6958=CARTESIAN_POINT('Ctrl Pts',(29.1,76.9048544373382,4.94093318378628));
#6959=CARTESIAN_POINT('Ctrl Pts',(29.1,77.3400898487437,5.1778366966654));
#6960=CARTESIAN_POINT('Ctrl Pts',(29.1,77.4335644853635,5.23119170715232));
#6961=CARTESIAN_POINT('Ctrl Pts',(29.1,72.4994426351051,1.0622498841937));
#6962=CARTESIAN_POINT('Ctrl Pts',(29.1,72.5156345232891,1.2011688286568));
#6963=CARTESIAN_POINT('Ctrl Pts',(29.1,72.5784206604196,1.47597326973547));
#6964=CARTESIAN_POINT('Ctrl Pts',(29.1,72.8381861443502,1.97566383752679));
#6965=CARTESIAN_POINT('Ctrl Pts',(29.1,73.1226259867647,2.28901157148391));
#6966=CARTESIAN_POINT('Ctrl Pts',(29.1,73.4580080066652,2.62214606022023));
#6967=CARTESIAN_POINT('Ctrl Pts',(29.1,74.0337733984211,3.13981390389603));
#6968=CARTESIAN_POINT('Ctrl Pts',(29.1,74.9577630884439,3.84582271475791));
#6969=CARTESIAN_POINT('Ctrl Pts',(29.1,76.1019448484951,4.5741374631135));
#6970=CARTESIAN_POINT('Ctrl Pts',(29.1,76.8846805252145,4.98037172249147));
#6971=CARTESIAN_POINT('Ctrl Pts',(29.1,77.3183270232487,5.21710107132339));
#6972=CARTESIAN_POINT('Ctrl Pts',(29.1,77.4113195909501,5.27017079965522));
#6973=CARTESIAN_POINT('',(29.1,77.4113195909501,5.27017079965522));
#6974=CARTESIAN_POINT('Ctrl Pts',(29.1,72.5183293354053,1.18764244620395));
#6975=CARTESIAN_POINT('Ctrl Pts',(29.1,72.5361394257736,1.28364129705805));
#6976=CARTESIAN_POINT('Ctrl Pts',(29.1,72.5980450835168,1.51372323932973));
#6977=CARTESIAN_POINT('Ctrl Pts',(29.1,72.8381861443502,1.97566383752679));
#6978=CARTESIAN_POINT('Ctrl Pts',(29.1,73.1226259867647,2.28901157148391));
#6979=CARTESIAN_POINT('Ctrl Pts',(29.1,73.4580080066652,2.62214606022023));
#6980=CARTESIAN_POINT('Ctrl Pts',(29.1,74.0337733984211,3.13981390389603));
#6981=CARTESIAN_POINT('Ctrl Pts',(29.1,74.9577630884439,3.84582271475791));
#6982=CARTESIAN_POINT('Ctrl Pts',(29.1,76.1019448484951,4.5741374631135));
#6983=CARTESIAN_POINT('Ctrl Pts',(29.1,76.8846805252145,4.98037172249147));
#6984=CARTESIAN_POINT('Ctrl Pts',(29.1,77.3183270232487,5.21710107132339));
#6985=CARTESIAN_POINT('Ctrl Pts',(29.1,77.4113195909501,5.27017079965522));
#6986=CARTESIAN_POINT('',(28.9,77.5104503682748,5.09646677268118));
#6987=CARTESIAN_POINT('Origin',(28.9,77.4113195909501,5.27017079965522));
#6988=CARTESIAN_POINT('Ctrl Pts',(28.9,77.5104503682748,5.09646677268118));
#6989=CARTESIAN_POINT('Ctrl Pts',(28.9,77.4153680799509,5.0422044661846));
#6990=CARTESIAN_POINT('Ctrl Pts',(28.9038973912172,76.9756255883018,4.80220174812743));
#6991=CARTESIAN_POINT('Ctrl Pts',(28.9344930927565,76.2010636730497,4.40103613289028));
#6992=CARTESIAN_POINT('Ctrl Pts',(28.9916717006979,75.064252989153,3.6986400887394));
#6993=CARTESIAN_POINT('Ctrl Pts',(29.0301012613163,74.1308687270209,3.01935095412784));
#6994=CARTESIAN_POINT('Ctrl Pts',(29.0527599289716,73.5464192885349,2.52753184930963));
#6995=CARTESIAN_POINT('Ctrl Pts',(29.0656947347512,73.2056804138928,2.21261150876215));
#6996=CARTESIAN_POINT('Ctrl Pts',(29.0762647692331,72.9164148990613,1.91855233896708));
#6997=CARTESIAN_POINT('Ctrl Pts',(29.0845674011002,72.6519295612847,1.44930841894731));
#6998=CARTESIAN_POINT('Ctrl Pts',(29.0861669195823,72.5876811603511,1.18791395052235));
#6999=CARTESIAN_POINT('Ctrl Pts',(29.0865703023744,72.5710103565119,1.05390821022634));
#7000=CARTESIAN_POINT('Origin',(29.1,79.1,12.9999999839133));
#7001=CARTESIAN_POINT('',(29.1,77.4113226106819,20.7298274770194));
#7002=CARTESIAN_POINT('Ctrl Pts',(29.1,77.4113196401061,20.7298291722917));
#7003=CARTESIAN_POINT('Ctrl Pts',(29.1,77.065786870565,20.9270205278317));
#7004=CARTESIAN_POINT('Ctrl Pts',(29.1,76.1774021065335,21.3759547236747));
#7005=CARTESIAN_POINT('Ctrl Pts',(29.1,75.3347857996327,21.9079428580106));
#7006=CARTESIAN_POINT('Ctrl Pts',(29.1,74.4545389194334,22.5424876791937));
#7007=CARTESIAN_POINT('Ctrl Pts',(29.1,73.875507946039,22.990964844095));
#7008=CARTESIAN_POINT('Ctrl Pts',(29.1,73.1601927755339,23.6548557298322));
#7009=CARTESIAN_POINT('Ctrl Pts',(29.1,72.8108422968214,24.0834153256834));
#7010=CARTESIAN_POINT('Ctrl Pts',(29.1,72.6048947616947,24.480253685816));
#7011=CARTESIAN_POINT('Ctrl Pts',(29.1,72.5444963966476,24.6741028403325));
#7012=CARTESIAN_POINT('Ctrl Pts',(29.1,72.5184939336026,24.8124417496476));
#7013=CARTESIAN_POINT('Origin',(29.1,73.,12.9999999999998));
#7014=CARTESIAN_POINT('',(29.0999999798902,72.5181512799114,19.0809392211193));
#7015=CARTESIAN_POINT('',(29.0999999798902,73.,6.89999999999982));
#7016=CARTESIAN_POINT('Origin',(29.1,73.,12.9999999999998));
#7017=CARTESIAN_POINT('',(29.0999999945601,72.5181512553483,6.91906078082672));
#7018=CARTESIAN_POINT('Ctrl Pts',(29.1000000000001,72.5181512799114,19.0809392211193));
#7019=CARTESIAN_POINT('Ctrl Pts',(29.1000000000001,72.1808261471945,19.0542098496286));
#7020=CARTESIAN_POINT('Ctrl Pts',(29.1000000000001,71.8412315560034,18.9991118529027));
#7021=CARTESIAN_POINT('Ctrl Pts',(29.1000000000001,71.5025137923843,18.9133353581544));
#7022=CARTESIAN_POINT('Ctrl Pts',(29.1000000000001,70.8367269251062,18.7447322618348));
#7023=CARTESIAN_POINT('Ctrl Pts',(29.1000000000001,70.1982773599259,18.4637584703476));
#7024=CARTESIAN_POINT('Ctrl Pts',(29.1000000000001,69.6146052500703,18.0743573373528));
#7025=CARTESIAN_POINT('Ctrl Pts',(29.1000000000001,69.0560465200341,17.7017107800691));
#7026=CARTESIAN_POINT('Ctrl Pts',(29.1000000000001,68.5621628740798,17.238782215244));
#7027=CARTESIAN_POINT('Ctrl Pts',(29.1000000000001,68.1539792720238,16.7048728863516));
#7028=CARTESIAN_POINT('Ctrl Pts',(29.1000000000001,67.7234887033524,16.1417857621848));
#7029=CARTESIAN_POINT('Ctrl Pts',(29.1000000000001,67.3953829156207,15.5091363577677));
#7030=CARTESIAN_POINT('Ctrl Pts',(29.1000000000001,67.1830275906725,14.8365271544744));
#7031=CARTESIAN_POINT('Ctrl Pts',(29.1000000000001,67.0783642353128,14.5050189331494));
#7032=CARTESIAN_POINT('Ctrl Pts',(29.1000000000001,67.0025749780217,14.1662604213885));
#7033=CARTESIAN_POINT('Ctrl Pts',(29.1000000000001,66.9559196843355,13.8240710757098));
#7034=CARTESIAN_POINT('Ctrl Pts',(29.1000000000001,66.9247507586128,13.5954651993795));
#7035=CARTESIAN_POINT('Ctrl Pts',(29.1000000000001,66.9066803507062,13.3660376383512));
#7036=CARTESIAN_POINT('Ctrl Pts',(29.1000000000001,66.9015365191298,13.1369057065915));
#7037=CARTESIAN_POINT('Ctrl Pts',(29.1000000000001,66.8966993455267,12.9214338515182));
#7038=CARTESIAN_POINT('Ctrl Pts',(29.1000000000001,66.9033009873552,12.7065772342278));
#7039=CARTESIAN_POINT('Ctrl Pts',(29.1000000000001,66.9210873889021,12.4932244415316));
#7040=CARTESIAN_POINT('Ctrl Pts',(29.1000000000001,66.9441299727526,12.2168222922554));
#7041=CARTESIAN_POINT('Ctrl Pts',(29.1000000000001,66.9859195066167,11.9432402810892));
#7042=CARTESIAN_POINT('Ctrl Pts',(29.1000000000001,67.0457945965789,11.674316020361));
#7043=CARTESIAN_POINT('Ctrl Pts',(29.1000000000001,67.1570193828561,11.1747586344245));
#7044=CARTESIAN_POINT('Ctrl Pts',(29.1000000000001,67.3302873421713,10.6929236414022));
#7045=CARTESIAN_POINT('Ctrl Pts',(29.1000000000001,67.5602370036709,10.2397502751075));
#7046=CARTESIAN_POINT('Ctrl Pts',(29.1000000000001,67.9021479819134,9.56592910932325));
#7047=CARTESIAN_POINT('Ctrl Pts',(29.1000000000001,68.3646746380072,8.96488524658986));
#7048=CARTESIAN_POINT('Ctrl Pts',(29.1000000000001,68.9202040031671,8.46510588610633));
#7049=CARTESIAN_POINT('Ctrl Pts',(29.1000000000001,69.4941921930476,7.9487201314468));
#7050=CARTESIAN_POINT('Ctrl Pts',(29.1000000000001,70.1533186147769,7.55281477182489));
#7051=CARTESIAN_POINT('Ctrl Pts',(29.1000000000001,70.8573501484316,7.28869090194062));
#7052=CARTESIAN_POINT('Ctrl Pts',(29.1000000000001,71.4055023954751,7.08304657231334));
#7053=CARTESIAN_POINT('Ctrl Pts',(29.1000000000001,71.9640054697848,6.96297084841668));
#7054=CARTESIAN_POINT('Ctrl Pts',(29.1000000000001,72.5181512535612,6.91906078096833));
#7055=CARTESIAN_POINT('Origin',(29.1,73.,12.9999999999998));
#7056=CARTESIAN_POINT('Ctrl Pts',(29.1,72.0971331058308,95.7140702944348));
#7057=CARTESIAN_POINT('Ctrl Pts',(29.1,71.8174243751893,95.4045752361412));
#7058=CARTESIAN_POINT('Ctrl Pts',(29.1,71.1805709468198,94.8639830015766));
#7059=CARTESIAN_POINT('Ctrl Pts',(29.1,70.1406262804908,94.1082165408387));
#7060=CARTESIAN_POINT('Ctrl Pts',(29.1,69.0069481495267,93.4254773639222));
#7061=CARTESIAN_POINT('Ctrl Pts',(29.1,68.1894251280922,93.0383809330328));
#7062=CARTESIAN_POINT('Ctrl Pts',(29.1,67.7923861273487,92.8229901075391));
#7063=CARTESIAN_POINT('Ctrl Pts',(29.1,72.0630202992477,95.7449000268403));
#7064=CARTESIAN_POINT('Ctrl Pts',(29.1,71.7864633533699,95.4387146021783));
#7065=CARTESIAN_POINT('Ctrl Pts',(29.1,71.1523853028788,94.9003265853034));
#7066=CARTESIAN_POINT('Ctrl Pts',(29.1,70.1148860178926,94.1464027970891));
#7067=CARTESIAN_POINT('Ctrl Pts',(29.1,68.9854719483016,93.4662250196748));
#7068=CARTESIAN_POINT('Ctrl Pts',(29.1,68.1695131059569,93.0798094584384));
#7069=CARTESIAN_POINT('Ctrl Pts',(29.1,67.7704608387704,92.8634059174892));
#7070=CARTESIAN_POINT('Ctrl Pts',(29.1331315937521,71.9950185024203,95.8063572157751));
#7071=CARTESIAN_POINT('Ctrl Pts',(29.1331315937521,71.7247720826814,95.5071964641159));
#7072=CARTESIAN_POINT('Ctrl Pts',(29.1331315937521,71.0962365371228,94.9729023636836));
#7073=CARTESIAN_POINT('Ctrl Pts',(29.1331315937521,70.0635733136637,94.2227728463842));
#7074=CARTESIAN_POINT('Ctrl Pts',(29.1331315937521,68.9427470492899,93.5475383723391));
#7075=CARTESIAN_POINT('Ctrl Pts',(29.1331315937521,68.1299043529338,93.16261786143));
#7076=CARTESIAN_POINT('Ctrl Pts',(29.1331315937521,67.7267541148557,92.9439723666362));
#7077=CARTESIAN_POINT('Ctrl Pts',(29.2168134090953,71.9579507568382,95.8398574988545));
#7078=CARTESIAN_POINT('Ctrl Pts',(29.2168134090953,71.6911544118017,95.5446836933278));
#7079=CARTESIAN_POINT('Ctrl Pts',(29.2168134090953,71.0656437621469,95.012510328172));
#7080=CARTESIAN_POINT('Ctrl Pts',(29.2168134090953,70.0356023915779,94.2644937755366));
#7081=CARTESIAN_POINT('Ctrl Pts',(29.2168134090953,68.9194897214107,93.5918937875532));
#7082=CARTESIAN_POINT('Ctrl Pts',(29.2168134090953,68.1083449144311,93.2078391302409));
#7083=CARTESIAN_POINT('Ctrl Pts',(29.2168134090953,67.702929601418,92.9878890979399));
#7084=CARTESIAN_POINT('Ctrl Pts',(29.2619537345933,71.951461432373,95.8457222797621));
#7085=CARTESIAN_POINT('Ctrl Pts',(29.2619537345933,71.6852646555347,95.5511780702332));
#7086=CARTESIAN_POINT('Ctrl Pts',(29.2619537345933,71.0602819696967,95.0194240163335));
#7087=CARTESIAN_POINT('Ctrl Pts',(29.2619537345933,70.0307057872656,94.2717579977376));
#7088=CARTESIAN_POINT('Ctrl Pts',(29.2619537345933,68.915404275152,93.5996452681805));
#7089=CARTESIAN_POINT('Ctrl Pts',(29.2619537345933,68.1045570240364,93.2157201336059));
#7090=CARTESIAN_POINT('Ctrl Pts',(29.2619537345933,67.6987587246761,92.9955774510999));
#7091=CARTESIAN_POINT('',(29.1,72.0971331058308,95.7140702944348));
#7092=CARTESIAN_POINT('Origin',(29.3,72.0971331058308,95.7140702944348));
#7093=CARTESIAN_POINT('',(29.1,67.7923861273487,92.8229901075391));
#7094=CARTESIAN_POINT('Ctrl Pts',(29.1,72.0971331058308,95.7140702944348));
#7095=CARTESIAN_POINT('Ctrl Pts',(29.1,71.8174243751893,95.4045752361412));
#7096=CARTESIAN_POINT('Ctrl Pts',(29.1,71.1805709468198,94.8639830015766));
#7097=CARTESIAN_POINT('Ctrl Pts',(29.1,70.1406262804908,94.1082165408387));
#7098=CARTESIAN_POINT('Ctrl Pts',(29.1,69.0069481495267,93.4254773639222));
#7099=CARTESIAN_POINT('Ctrl Pts',(29.1,68.1894251280922,93.0383809330328));
#7100=CARTESIAN_POINT('Ctrl Pts',(29.1,67.7923861273487,92.8229901075391));
#7101=CARTESIAN_POINT('Origin',(29.3,67.7923861273487,92.8229901075391));
#7102=CARTESIAN_POINT('Origin',(29.3,72.0363024527903,85.0000000000004));
#7103=CARTESIAN_POINT('',(29.1,67.7923861273487,77.1770098924616));
#7104=CARTESIAN_POINT('Origin',(29.1,72.0363024527903,85.0000000000004));
#7105=CARTESIAN_POINT('Origin',(29.3,67.7923861273487,77.1770098924616));
#7106=CARTESIAN_POINT('Ctrl Pts',(29.1,67.7923861273487,77.1770098924615));
#7107=CARTESIAN_POINT('Ctrl Pts',(29.1,68.1388848471998,76.989036808806));
#7108=CARTESIAN_POINT('Ctrl Pts',(29.1,68.852343000087,76.6496642404035));
#7109=CARTESIAN_POINT('Ctrl Pts',(29.1,69.8774616854342,76.0611380107471));
#7110=CARTESIAN_POINT('Ctrl Pts',(29.1,70.8510111066291,75.3843968452832));
#7111=CARTESIAN_POINT('Ctrl Pts',(29.1,71.5939515245477,74.79329147622));
#7112=CARTESIAN_POINT('Ctrl Pts',(29.1,71.989898385412,74.404589839072));
#7113=CARTESIAN_POINT('Ctrl Pts',(29.1,72.0971328414485,74.2859364005033));
#7114=CARTESIAN_POINT('Ctrl Pts',(29.1,67.7673286546877,77.1308203953756));
#7115=CARTESIAN_POINT('Ctrl Pts',(29.1,68.1158608589101,76.9418113189906));
#7116=CARTESIAN_POINT('Ctrl Pts',(29.1,68.8283682882367,76.6028408072229));
#7117=CARTESIAN_POINT('Ctrl Pts',(29.1,69.8490951424222,76.0168082716256));
#7118=CARTESIAN_POINT('Ctrl Pts',(29.1,70.819604307317,75.342251337575));
#7119=CARTESIAN_POINT('Ctrl Pts',(29.1,71.5600484412621,74.7530304950898));
#7120=CARTESIAN_POINT('Ctrl Pts',(29.1,71.9523158432089,74.3677918753487));
#7121=CARTESIAN_POINT('Ctrl Pts',(29.1,72.0581468462465,74.2507023437498));
#7122=CARTESIAN_POINT('Ctrl Pts',(29.1382125173911,67.7237684799955,77.0505240865967));
#7123=CARTESIAN_POINT('Ctrl Pts',(29.1382125173911,68.0758662063971,76.8595317805731));
#7124=CARTESIAN_POINT('Ctrl Pts',(29.1382125173911,68.7867395775928,76.5214251553613));
#7125=CARTESIAN_POINT('Ctrl Pts',(29.1382125173911,69.7997622472797,75.9396374170262));
#7126=CARTESIAN_POINT('Ctrl Pts',(29.1382125173911,70.7650224234437,75.2689070211454));
#7127=CARTESIAN_POINT('Ctrl Pts',(29.1382125173911,71.5011632168534,74.6828997896206));
#7128=CARTESIAN_POINT('Ctrl Pts',(29.1382125173911,71.8869397998712,74.3038957076042));
#7129=CARTESIAN_POINT('Ctrl Pts',(29.1382125173911,71.9903731810998,74.1894510879642));
#7130=CARTESIAN_POINT('Ctrl Pts',(29.2232620270236,67.7023337618834,77.0110125658949));
#7131=CARTESIAN_POINT('Ctrl Pts',(29.2232620270236,68.0561866587317,76.8190403120102));
#7132=CARTESIAN_POINT('Ctrl Pts',(29.2232620270236,68.7662563726481,76.4813624527202));
#7133=CARTESIAN_POINT('Ctrl Pts',(29.2232620270236,69.7754864886371,75.9016614484087));
#7134=CARTESIAN_POINT('Ctrl Pts',(29.2232620270236,70.7381645937611,75.2328146382433));
#7135=CARTESIAN_POINT('Ctrl Pts',(29.2232620270236,71.4721886426265,74.6483873422163));
#7136=CARTESIAN_POINT('Ctrl Pts',(29.2232620270236,71.8547691772865,74.2724558709307));
#7137=CARTESIAN_POINT('Ctrl Pts',(29.2232620270236,71.9570236957473,74.159311094012));
#7138=CARTESIAN_POINT('Ctrl Pts',(29.2619537345933,67.6987587246761,77.0044225489007));
#7139=CARTESIAN_POINT('Ctrl Pts',(29.2619537345933,68.0529017458473,76.8123024863121));
#7140=CARTESIAN_POINT('Ctrl Pts',(29.2619537345933,68.7628358167102,76.4746819898475));
#7141=CARTESIAN_POINT('Ctrl Pts',(29.2619537345933,69.7714393347967,75.8953367695836));
#7142=CARTESIAN_POINT('Ctrl Pts',(29.2619537345933,70.7336836759278,75.2268015913484));
#7143=CARTESIAN_POINT('Ctrl Pts',(29.2619537345933,71.4673515712335,74.6426431673153));
#7144=CARTESIAN_POINT('Ctrl Pts',(29.2619537345933,71.8494071446291,74.2672057768273));
#7145=CARTESIAN_POINT('Ctrl Pts',(29.2619537345933,71.951461427545,74.1542841279822));
#7146=CARTESIAN_POINT('',(29.1,72.0971328414485,74.2859364005033));
#7147=CARTESIAN_POINT('Ctrl Pts',(29.1,67.7923861273487,77.1770098924615));
#7148=CARTESIAN_POINT('Ctrl Pts',(29.1,68.1388848471998,76.989036808806));
#7149=CARTESIAN_POINT('Ctrl Pts',(29.1,68.852343000087,76.6496642404035));
#7150=CARTESIAN_POINT('Ctrl Pts',(29.1,69.8774616854342,76.0611380107471));
#7151=CARTESIAN_POINT('Ctrl Pts',(29.1,70.8510111066291,75.3843968452832));
#7152=CARTESIAN_POINT('Ctrl Pts',(29.1,71.5939515245477,74.79329147622));
#7153=CARTESIAN_POINT('Ctrl Pts',(29.1,71.989898385412,74.404589839072));
#7154=CARTESIAN_POINT('Ctrl Pts',(29.1,72.0971328414485,74.2859364005033));
#7155=CARTESIAN_POINT('Origin',(29.3,72.0971328414485,74.2859364005033));
#7156=CARTESIAN_POINT('Ctrl Pts',(29.1,72.511525939868,96.2973150309427));
#7157=CARTESIAN_POINT('Ctrl Pts',(29.1,72.4033740069319,96.0837457562113));
#7158=CARTESIAN_POINT('Ctrl Pts',(29.1,72.2575321769598,95.8915503457563));
#7159=CARTESIAN_POINT('Ctrl Pts',(29.1,72.0971331058308,95.7140702944349));
#7160=CARTESIAN_POINT('Ctrl Pts',(29.1,72.4694517926754,96.3186214681689));
#7161=CARTESIAN_POINT('Ctrl Pts',(29.1,72.3638753548304,96.1101380629521));
#7162=CARTESIAN_POINT('Ctrl Pts',(29.1,72.2206800061094,95.9211110356444));
#7163=CARTESIAN_POINT('Ctrl Pts',(29.1,72.0621437719014,95.7456921957129));
#7164=CARTESIAN_POINT('Ctrl Pts',(29.1173428655024,72.4275491245269,96.3398410680441));
#7165=CARTESIAN_POINT('Ctrl Pts',(29.1173428655024,72.3245361690816,96.1364198106969));
#7166=CARTESIAN_POINT('Ctrl Pts',(29.1173428655024,72.1839791278529,95.9505524600277));
#7167=CARTESIAN_POINT('Ctrl Pts',(29.1173428655024,72.0272970418733,95.7771852175301));
#7168=CARTESIAN_POINT('Ctrl Pts',(29.147991923627,72.395571073628,96.3560348207297));
#7169=CARTESIAN_POINT('Ctrl Pts',(29.147991923627,72.2945105751104,96.1564691099148));
#7170=CARTESIAN_POINT('Ctrl Pts',(29.147991923627,72.1559736231961,95.9730237983244));
#7171=CARTESIAN_POINT('Ctrl Pts',(29.147991923627,72.0007037351524,95.8012191394527));
#7172=CARTESIAN_POINT('Ctrl Pts',(29.1,72.3330082171027,96.0048125319423));
#7173=CARTESIAN_POINT('Ctrl Pts',(29.1,72.2605353543483,95.9032628162626));
#7174=CARTESIAN_POINT('Ctrl Pts',(29.1,72.1808153560206,95.8066639108058));
#7175=CARTESIAN_POINT('Ctrl Pts',(29.1,72.0971331058308,95.7140702944349));
#7176=CARTESIAN_POINT('Ctrl Pts',(29.1,72.0971328414485,74.2859364005033));
#7177=CARTESIAN_POINT('Ctrl Pts',(29.1,72.2575222885805,74.1084677013954));
#7178=CARTESIAN_POINT('Ctrl Pts',(29.1,72.4034512328386,73.9161085639765));
#7179=CARTESIAN_POINT('Ctrl Pts',(29.1,72.5115236976848,73.7026990264274));
#7180=CARTESIAN_POINT('Ctrl Pts',(29.1,72.0621435910782,74.2543144494175));
#7181=CARTESIAN_POINT('Ctrl Pts',(29.1,72.2206703236658,74.0789068181224));
#7182=CARTESIAN_POINT('Ctrl Pts',(29.1,72.363950837616,73.8897198296273));
#7183=CARTESIAN_POINT('Ctrl Pts',(29.1,72.4694496890899,73.6813923788097));
#7184=CARTESIAN_POINT('Ctrl Pts',(29.1173428437094,72.0272969439269,74.2228213776866));
#7185=CARTESIAN_POINT('Ctrl Pts',(29.1173428437094,72.183969650071,74.0494652009413));
#7186=CARTESIAN_POINT('Ctrl Pts',(29.1173428437094,72.3246099165761,73.8634416372229));
#7187=CARTESIAN_POINT('Ctrl Pts',(29.1173428437094,72.4275471585632,73.6601725691924));
#7188=CARTESIAN_POINT('Ctrl Pts',(29.1479918678743,72.0007036909606,74.1987874090929));
#7189=CARTESIAN_POINT('Ctrl Pts',(29.1479918678743,72.1559642914137,74.0269937077128));
#7190=CARTESIAN_POINT('Ctrl Pts',(29.1479918678743,72.2945829904327,73.8433950384103));
#7191=CARTESIAN_POINT('Ctrl Pts',(29.1479918678743,72.3955692012754,73.6439786506613));
#7192=CARTESIAN_POINT('Ctrl Pts',(29.1,72.0971328414485,74.2859364005033));
#7193=CARTESIAN_POINT('Ctrl Pts',(29.1,72.1807965659106,74.193363649563));
#7194=CARTESIAN_POINT('Ctrl Pts',(29.1,72.2605256394915,74.0967392638537));
#7195=CARTESIAN_POINT('Ctrl Pts',(29.1,72.3329993947145,73.9951889398457));
#7196=CARTESIAN_POINT('Ctrl Pts',(29.0999984398867,72.5002272870594,73.0621584280094));
#7197=CARTESIAN_POINT('Ctrl Pts',(29.099867760847,72.5171569341121,72.9216351448044));
#7198=CARTESIAN_POINT('Ctrl Pts',(29.099974631263,72.5183028424803,72.7740933254123));
#7199=CARTESIAN_POINT('Ctrl Pts',(29.0999995942807,72.5181508299066,72.6251316294922));
#7200=CARTESIAN_POINT('Ctrl Pts',(29.09999988232,72.5181515395657,72.6218828029658));
#7201=CARTESIAN_POINT('Ctrl Pts',(29.1000000000001,72.5181512263952,72.6186253086411));
#7202=CARTESIAN_POINT('Ctrl Pts',(29.0999024334867,72.5243701845839,73.0593444194618));
#7203=CARTESIAN_POINT('Ctrl Pts',(29.095776354507,72.529841192608,72.9192831371759));
#7204=CARTESIAN_POINT('Ctrl Pts',(29.0991938787608,72.5202659489611,72.7740046515128));
#7205=CARTESIAN_POINT('Ctrl Pts',(29.0999871076847,72.5181860550865,72.6251305598978));
#7206=CARTESIAN_POINT('Ctrl Pts',(29.0999962614119,72.5181611755363,72.6218827057323));
#7207=CARTESIAN_POINT('Ctrl Pts',(29.1000000000001,72.5181512263952,72.6186253086411));
#7208=CARTESIAN_POINT('Ctrl Pts',(29.0953269992108,72.5484884423715,73.0565332828324));
#7209=CARTESIAN_POINT('Ctrl Pts',(29.0914824501136,72.5417777065318,72.9168353458262));
#7210=CARTESIAN_POINT('Ctrl Pts',(29.0984272156235,72.5222953963347,72.7739277528635));
#7211=CARTESIAN_POINT('Ctrl Pts',(29.0999743675649,72.5182202243831,72.6251293017234));
#7212=CARTESIAN_POINT('Ctrl Pts',(29.0999926405038,72.5181708115069,72.6218826084988));
#7213=CARTESIAN_POINT('Ctrl Pts',(29.1000000000001,72.5181512263952,72.6186253086411));
#7214=CARTESIAN_POINT('Ctrl Pts',(29.0865703023744,72.5710103565118,73.0539082102272));
#7215=CARTESIAN_POINT('Ctrl Pts',(29.0869906033993,72.5536403643443,72.9142821500936));
#7216=CARTESIAN_POINT('Ctrl Pts',(29.0976704616051,72.5243285492343,72.7738612357447));
#7217=CARTESIAN_POINT('Ctrl Pts',(29.0999614431381,72.5182543238508,72.6251278795646));
#7218=CARTESIAN_POINT('Ctrl Pts',(29.0999890195956,72.5181804474776,72.6218825112653));
#7219=CARTESIAN_POINT('Ctrl Pts',(29.1000000000001,72.5181512263952,72.6186253086411));
#7220=CARTESIAN_POINT('',(29.0865703023744,72.571010356512,73.0539082102271));
#7221=CARTESIAN_POINT('Origin',(28.9,72.4994426351052,73.0622498841945));
#7222=CARTESIAN_POINT('Ctrl Pts',(29.0865703023744,72.5710103565118,73.0539082102272));
#7223=CARTESIAN_POINT('Ctrl Pts',(29.0869906033993,72.5536403643443,72.9142821500936));
#7224=CARTESIAN_POINT('Ctrl Pts',(29.0976704616051,72.5243285492343,72.7738612357447));
#7225=CARTESIAN_POINT('Ctrl Pts',(29.0999614431381,72.5182543238508,72.6251278795646));
#7226=CARTESIAN_POINT('Ctrl Pts',(29.0999890195956,72.5181804474776,72.6218825112653));
#7227=CARTESIAN_POINT('Ctrl Pts',(29.1000000000001,72.5181512263952,72.6186253086411));
#7228=CARTESIAN_POINT('Ctrl Pts',(29.0865703023744,72.571010356512,73.0539082102271));
#7229=CARTESIAN_POINT('Ctrl Pts',(29.0861669195863,72.5876811601864,73.187913949198));
#7230=CARTESIAN_POINT('Ctrl Pts',(29.0845674637034,72.6519329573322,73.4493085556603));
#7231=CARTESIAN_POINT('Ctrl Pts',(29.0762648784195,72.9164192076508,73.9185524280735));
#7232=CARTESIAN_POINT('Ctrl Pts',(29.0656949166778,73.2056878807768,74.2126112428037));
#7233=CARTESIAN_POINT('Ctrl Pts',(29.0527601913435,73.5464303563988,74.527530423566));
#7234=CARTESIAN_POINT('Ctrl Pts',(29.030101785321,74.1308853048882,75.0193486892739));
#7235=CARTESIAN_POINT('Ctrl Pts',(28.9916724291215,75.0642674236617,75.6986382780958));
#7236=CARTESIAN_POINT('Ctrl Pts',(28.9344926973159,76.2010758492804,76.4010309564629));
#7237=CARTESIAN_POINT('Ctrl Pts',(28.9038973888301,76.9756261536128,76.8022011659829));
#7238=CARTESIAN_POINT('Ctrl Pts',(28.9,77.4153680761692,77.0422044640268));
#7239=CARTESIAN_POINT('Ctrl Pts',(28.9,77.5104503682748,77.0964667726816));
#7240=CARTESIAN_POINT('Ctrl Pts',(29.0916283375172,72.5580012692574,73.055424502242));
#7241=CARTESIAN_POINT('Ctrl Pts',(29.0913774228086,72.57460478322,73.1903276410836));
#7242=CARTESIAN_POINT('Ctrl Pts',(29.0903672820595,72.638665139346,73.4541288118872));
#7243=CARTESIAN_POINT('Ctrl Pts',(29.0851462776114,72.9027243913379,73.9286480091764));
#7244=CARTESIAN_POINT('Ctrl Pts',(29.0783957569146,73.1917491185063,74.2254494749956));
#7245=CARTESIAN_POINT('Ctrl Pts',(29.0700304387849,73.532444759216,74.5425577596015));
#7246=CARTESIAN_POINT('Ctrl Pts',(29.0551854873041,74.1170163450103,75.036618837628));
#7247=CARTESIAN_POINT('Ctrl Pts',(29.0292793042214,75.0525839642061,75.7153330676349));
#7248=CARTESIAN_POINT('Ctrl Pts',(28.9874112175334,76.1964093936413,76.4099217443768));
#7249=CARTESIAN_POINT('Ctrl Pts',(28.9630237197632,76.975076387421,76.8032224202707));
#7250=CARTESIAN_POINT('Ctrl Pts',(28.9598355270933,77.415363822663,77.0422055083842));
#7251=CARTESIAN_POINT('Ctrl Pts',(28.9598398600684,77.5104503682748,77.0964667726816));
#7252=CARTESIAN_POINT('Ctrl Pts',(29.098056360143,72.5343065924809,73.0581862678054));
#7253=CARTESIAN_POINT('Ctrl Pts',(29.0979983065553,72.5507571248912,73.194709504754));
#7254=CARTESIAN_POINT('Ctrl Pts',(29.0977608786406,72.6143519840516,73.4629651009696));
#7255=CARTESIAN_POINT('Ctrl Pts',(29.0965399164185,72.8769666566181,73.9474644315826));
#7256=CARTESIAN_POINT('Ctrl Pts',(29.0949385591576,73.1645739002808,74.2504841014302));
#7257=CARTESIAN_POINT('Ctrl Pts',(29.0929321525287,73.5037752734312,74.5732320168988));
#7258=CARTESIAN_POINT('Ctrl Pts',(29.0893244848504,74.0860146689824,75.0751307714865));
#7259=CARTESIAN_POINT('Ctrl Pts',(29.0828802782702,75.0198040246942,75.7608735066854));
#7260=CARTESIAN_POINT('Ctrl Pts',(29.0715646308616,76.1688064154547,76.4585332451288));
#7261=CARTESIAN_POINT('Ctrl Pts',(29.0643686867951,76.9519356593773,76.8487148956613));
#7262=CARTESIAN_POINT('Ctrl Pts',(29.0633953558774,77.3909578121862,77.0861237832343));
#7263=CARTESIAN_POINT('Ctrl Pts',(29.0633989500264,77.4855387857957,77.140118626442));
#7264=CARTESIAN_POINT('Ctrl Pts',(29.1,72.5099017653277,73.0610308059203));
#7265=CARTESIAN_POINT('Ctrl Pts',(29.1,72.5261714822494,73.1992285858049));
#7266=CARTESIAN_POINT('Ctrl Pts',(29.1,72.5892018379073,73.4720757341156));
#7267=CARTESIAN_POINT('Ctrl Pts',(29.1,72.8498234275241,73.9671996593976));
#7268=CARTESIAN_POINT('Ctrl Pts',(29.1,73.1352142053911,74.2774637811659));
#7269=CARTESIAN_POINT('Ctrl Pts',(29.1,73.471744745854,74.6074654730342));
#7270=CARTESIAN_POINT('Ctrl Pts',(29.1,74.0494541082066,75.120423634196));
#7271=CARTESIAN_POINT('Ctrl Pts',(29.1,74.9763750045784,75.8203528684827));
#7272=CARTESIAN_POINT('Ctrl Pts',(29.1,76.1220010762895,76.5394817923961));
#7273=CARTESIAN_POINT('Ctrl Pts',(29.1,76.9048550636654,76.9409328279188));
#7274=CARTESIAN_POINT('Ctrl Pts',(29.1,77.3400898450254,77.1778366945443));
#7275=CARTESIAN_POINT('Ctrl Pts',(29.1,77.4335644853635,77.2311917071527));
#7276=CARTESIAN_POINT('Ctrl Pts',(29.1,72.4994426351052,73.0622498841945));
#7277=CARTESIAN_POINT('Ctrl Pts',(29.1,72.5156345231291,73.2011688272839));
#7278=CARTESIAN_POINT('Ctrl Pts',(29.1,72.5784239960032,73.4759737546976));
#7279=CARTESIAN_POINT('Ctrl Pts',(29.1,72.8381903653395,73.975664416385));
#7280=CARTESIAN_POINT('Ctrl Pts',(29.1,73.1226332928075,74.2890122158034));
#7281=CARTESIAN_POINT('Ctrl Pts',(29.1,73.4580188243571,74.6221459796183));
#7282=CARTESIAN_POINT('Ctrl Pts',(29.1,74.0337895434978,75.1398146277798));
#7283=CARTESIAN_POINT('Ctrl Pts',(29.1,74.957776902501,75.8458242662023));
#7284=CARTESIAN_POINT('Ctrl Pts',(29.1,76.1019575819933,76.5741358528028));
#7285=CARTESIAN_POINT('Ctrl Pts',(29.1,76.8846811515526,76.9803713666004));
#7286=CARTESIAN_POINT('Ctrl Pts',(29.1,77.3183270195501,77.2171010692131));
#7287=CARTESIAN_POINT('Ctrl Pts',(29.1,77.4113195909501,77.2701707996556));
#7288=CARTESIAN_POINT('',(29.1,77.4113195909501,77.2701707996556));
#7289=CARTESIAN_POINT('Ctrl Pts',(29.1,72.5183297264602,73.1876425034051));
#7290=CARTESIAN_POINT('Ctrl Pts',(29.1,72.5361403678032,73.2836414334278));
#7291=CARTESIAN_POINT('Ctrl Pts',(29.1,72.5980484861838,73.5137237317585));
#7292=CARTESIAN_POINT('Ctrl Pts',(29.1,72.8381903653395,73.975664416385));
#7293=CARTESIAN_POINT('Ctrl Pts',(29.1,73.1226332928075,74.2890122158034));
#7294=CARTESIAN_POINT('Ctrl Pts',(29.1,73.4580188243571,74.6221459796183));
#7295=CARTESIAN_POINT('Ctrl Pts',(29.1,74.0337895434978,75.1398146277798));
#7296=CARTESIAN_POINT('Ctrl Pts',(29.1,74.957776902501,75.8458242662023));
#7297=CARTESIAN_POINT('Ctrl Pts',(29.1,76.1019575819933,76.5741358528028));
#7298=CARTESIAN_POINT('Ctrl Pts',(29.1,76.8846811515526,76.9803713666004));
#7299=CARTESIAN_POINT('Ctrl Pts',(29.1,77.3183270195501,77.2171010692131));
#7300=CARTESIAN_POINT('Ctrl Pts',(29.1,77.4113195909501,77.2701707996556));
#7301=CARTESIAN_POINT('',(28.9,77.5104503682748,77.0964667726816));
#7302=CARTESIAN_POINT('Origin',(28.9,77.4113195909501,77.2701707996556));
#7303=CARTESIAN_POINT('Ctrl Pts',(28.9,77.5104503682748,77.0964667726816));
#7304=CARTESIAN_POINT('Ctrl Pts',(28.9,77.4153680761692,77.0422044640268));
#7305=CARTESIAN_POINT('Ctrl Pts',(28.9038973888301,76.9756261536128,76.8022011659829));
#7306=CARTESIAN_POINT('Ctrl Pts',(28.9344926973159,76.2010758492804,76.4010309564629));
#7307=CARTESIAN_POINT('Ctrl Pts',(28.9916724291215,75.0642674236617,75.6986382780958));
#7308=CARTESIAN_POINT('Ctrl Pts',(29.030101785321,74.1308853048882,75.0193486892739));
#7309=CARTESIAN_POINT('Ctrl Pts',(29.0527601913435,73.5464303563988,74.527530423566));
#7310=CARTESIAN_POINT('Ctrl Pts',(29.0656949166778,73.2056878807768,74.2126112428037));
#7311=CARTESIAN_POINT('Ctrl Pts',(29.0762648784195,72.9164192076508,73.9185524280735));
#7312=CARTESIAN_POINT('Ctrl Pts',(29.0845674637034,72.6519329573322,73.4493085556603));
#7313=CARTESIAN_POINT('Ctrl Pts',(29.0861669195863,72.5876811601864,73.187913949198));
#7314=CARTESIAN_POINT('Ctrl Pts',(29.0865703023744,72.571010356512,73.0539082102271));
#7315=CARTESIAN_POINT('Origin',(29.1,79.1,84.9999999839137));
#7316=CARTESIAN_POINT('',(29.1,77.4113226106819,92.7298274770198));
#7317=CARTESIAN_POINT('Ctrl Pts',(29.1,77.4113196401061,92.7298291722921));
#7318=CARTESIAN_POINT('Ctrl Pts',(29.1,77.0657868632307,92.9270205320177));
#7319=CARTESIAN_POINT('Ctrl Pts',(29.1,76.1777820454467,93.3759943944906));
#7320=CARTESIAN_POINT('Ctrl Pts',(29.1,75.3355963674768,93.9082946306636));
#7321=CARTESIAN_POINT('Ctrl Pts',(29.1,74.4559237618116,94.5424121303047));
#7322=CARTESIAN_POINT('Ctrl Pts',(29.1,73.8757821604054,94.9904966788285));
#7323=CARTESIAN_POINT('Ctrl Pts',(29.1,73.163557907239,95.6553378255062));
#7324=CARTESIAN_POINT('Ctrl Pts',(29.1,72.7191081489413,96.1921740408977));
#7325=CARTESIAN_POINT('Ctrl Pts',(29.1,72.5572587150441,96.6145569190734));
#7326=CARTESIAN_POINT('Ctrl Pts',(29.1,72.5188812561234,96.8125489908703));
#7327=CARTESIAN_POINT('Origin',(29.1,73.,85.0000000000003));
#7328=CARTESIAN_POINT('',(29.0999999798902,72.5181512799114,91.0809392211197));
#7329=CARTESIAN_POINT('',(29.0999999798902,73.,78.9000000000003));
#7330=CARTESIAN_POINT('Origin',(29.1,73.,85.0000000000003));
#7331=CARTESIAN_POINT('',(29.0999999945601,72.5181512553483,78.9190607808272));
#7332=CARTESIAN_POINT('Ctrl Pts',(29.1000000000001,72.5181512799114,91.0809392211197));
#7333=CARTESIAN_POINT('Ctrl Pts',(29.1000000000001,72.1808261471944,91.054209849629));
#7334=CARTESIAN_POINT('Ctrl Pts',(29.1000000000001,71.8412315560032,90.9991118529031));
#7335=CARTESIAN_POINT('Ctrl Pts',(29.1000000000001,71.502513792384,90.9133353581547));
#7336=CARTESIAN_POINT('Ctrl Pts',(29.1000000000001,70.8367269251059,90.7447322618351));
#7337=CARTESIAN_POINT('Ctrl Pts',(29.1000000000001,70.1982773599256,90.4637584703478));
#7338=CARTESIAN_POINT('Ctrl Pts',(29.1000000000001,69.61460525007,90.0743573373531));
#7339=CARTESIAN_POINT('Ctrl Pts',(29.1000000000001,69.0560465200339,89.7017107800693));
#7340=CARTESIAN_POINT('Ctrl Pts',(29.1000000000001,68.5621628740796,89.2387822152442));
#7341=CARTESIAN_POINT('Ctrl Pts',(29.1000000000001,68.1539792720236,88.7048728863518));
#7342=CARTESIAN_POINT('Ctrl Pts',(29.1000000000001,67.7234887033523,88.1417857621849));
#7343=CARTESIAN_POINT('Ctrl Pts',(29.1000000000001,67.3953829156207,87.5091363577679));
#7344=CARTESIAN_POINT('Ctrl Pts',(29.1000000000001,67.1830275906725,86.8365271544747));
#7345=CARTESIAN_POINT('Ctrl Pts',(29.1000000000001,67.0783642353128,86.5050189331497));
#7346=CARTESIAN_POINT('Ctrl Pts',(29.1000000000001,67.0025749780217,86.1662604213888));
#7347=CARTESIAN_POINT('Ctrl Pts',(29.1000000000001,66.9559196843356,85.8240710757101));
#7348=CARTESIAN_POINT('Ctrl Pts',(29.1000000000001,66.9247507586128,85.5954651993799));
#7349=CARTESIAN_POINT('Ctrl Pts',(29.1000000000001,66.9066803507062,85.3660376383516));
#7350=CARTESIAN_POINT('Ctrl Pts',(29.1000000000001,66.9015365191298,85.1369057065919));
#7351=CARTESIAN_POINT('Ctrl Pts',(29.1000000000001,66.8966993455267,84.9214338515186));
#7352=CARTESIAN_POINT('Ctrl Pts',(29.1000000000001,66.9033009873552,84.7065772342283));
#7353=CARTESIAN_POINT('Ctrl Pts',(29.1000000000001,66.9210873889021,84.493224441532));
#7354=CARTESIAN_POINT('Ctrl Pts',(29.1000000000001,66.9441299727526,84.2168222922556));
#7355=CARTESIAN_POINT('Ctrl Pts',(29.1000000000001,66.9859195066167,83.9432402810895));
#7356=CARTESIAN_POINT('Ctrl Pts',(29.1000000000001,67.045794596579,83.6743160203614));
#7357=CARTESIAN_POINT('Ctrl Pts',(29.1000000000001,67.1570193828562,83.174758634425));
#7358=CARTESIAN_POINT('Ctrl Pts',(29.1000000000001,67.3302873421714,82.6929236414026));
#7359=CARTESIAN_POINT('Ctrl Pts',(29.1000000000001,67.5602370036709,82.2397502751078));
#7360=CARTESIAN_POINT('Ctrl Pts',(29.1000000000001,67.9021479819135,81.5659291093235));
#7361=CARTESIAN_POINT('Ctrl Pts',(29.1000000000001,68.3646746380073,80.9648852465902));
#7362=CARTESIAN_POINT('Ctrl Pts',(29.1000000000001,68.9202040031671,80.4651058861067));
#7363=CARTESIAN_POINT('Ctrl Pts',(29.1000000000001,69.4941921930476,79.9487201314472));
#7364=CARTESIAN_POINT('Ctrl Pts',(29.1000000000001,70.153318614777,79.5528147718253));
#7365=CARTESIAN_POINT('Ctrl Pts',(29.1000000000001,70.8573501484316,79.288690901941));
#7366=CARTESIAN_POINT('Ctrl Pts',(29.1000000000001,71.4055023954751,79.0830465723138));
#7367=CARTESIAN_POINT('Ctrl Pts',(29.1000000000001,71.9640054429942,78.9629708530146));
#7368=CARTESIAN_POINT('Ctrl Pts',(29.1000000000001,72.5181512265758,78.9190607831071));
#7369=CARTESIAN_POINT('Origin',(29.1,73.,85.0000000000003));
#7370=CARTESIAN_POINT('Origin',(28.9,73.,12.9999999999998));
#7371=CARTESIAN_POINT('',(28.8999981664372,77.5104534558658,20.903531465267));
#7372=CARTESIAN_POINT('Origin',(28.9,77.4113226106819,20.7298274770194));
#7373=CARTESIAN_POINT('Origin',(28.9,73.,12.9999999999998));
#7374=CARTESIAN_POINT('Ctrl Pts',(28.9,77.5104504185354,20.9035331986353));
#7375=CARTESIAN_POINT('Ctrl Pts',(28.9000000000209,77.1571528676755,21.105155820581));
#7376=CARTESIAN_POINT('Ctrl Pts',(28.9281871092673,76.2746206862126,21.5519870108352));
#7377=CARTESIAN_POINT('Ctrl Pts',(28.9733413346747,75.4397057303359,22.064299018969));
#7378=CARTESIAN_POINT('Ctrl Pts',(29.0126633743043,74.555951036286,22.674570153285));
#7379=CARTESIAN_POINT('Ctrl Pts',(29.0364607161533,73.9705812262549,23.1057629952989));
#7380=CARTESIAN_POINT('Ctrl Pts',(29.0644419675574,73.243951557563,23.7350023620774));
#7381=CARTESIAN_POINT('Ctrl Pts',(29.0770810063903,72.8885746865353,24.1367459998187));
#7382=CARTESIAN_POINT('Ctrl Pts',(29.0843496601526,72.6590001924377,24.5451846593219));
#7383=CARTESIAN_POINT('Ctrl Pts',(29.0860422432572,72.5928318727206,24.770696065964));
#7384=CARTESIAN_POINT('Ctrl Pts',(29.0865702732091,72.5710104180748,24.9461054832338));
#7385=CARTESIAN_POINT('Ctrl Pts',(28.9598398600684,77.5104504185354,20.9035331986353));
#7386=CARTESIAN_POINT('Ctrl Pts',(28.9598366622022,77.1571453359659,21.1052828193426));
#7387=CARTESIAN_POINT('Ctrl Pts',(28.9827957220771,76.2707643637052,21.5440255813577));
#7388=CARTESIAN_POINT('Ctrl Pts',(29.0159686481588,75.430145324358,22.0497088986818));
#7389=CARTESIAN_POINT('Ctrl Pts',(29.0434364157454,74.543094407987,22.6577343091013));
#7390=CARTESIAN_POINT('Ctrl Pts',(29.0594351789928,73.9565632751228,23.0886495988821));
#7391=CARTESIAN_POINT('Ctrl Pts',(29.0776283547463,73.2299614120013,23.7215101103588));
#7392=CARTESIAN_POINT('Ctrl Pts',(29.0856409359552,72.8749278480538,24.1273184639954));
#7393=CARTESIAN_POINT('Ctrl Pts',(29.090234943995,72.6457266435148,24.5402501070706));
#7394=CARTESIAN_POINT('Ctrl Pts',(29.0912800322247,72.5797305038791,24.7679934048397));
#7395=CARTESIAN_POINT('Ctrl Pts',(29.0916283192087,72.5580013172596,24.9445892009982));
#7396=CARTESIAN_POINT('Ctrl Pts',(29.0634042169336,77.4855410115036,20.859885157494));
#7397=CARTESIAN_POINT('Ctrl Pts',(29.0634064493814,77.1341445230415,21.0604224291655));
#7398=CARTESIAN_POINT('Ctrl Pts',(29.0703293118114,76.244073740108,21.4950558134208));
#7399=CARTESIAN_POINT('Ctrl Pts',(29.0793149308078,75.3987851201863,22.00273107431));
#7400=CARTESIAN_POINT('Ctrl Pts',(29.0864043340965,74.5112149914166,22.6162684566538));
#7401=CARTESIAN_POINT('Ctrl Pts',(29.0903792670386,73.9260672510597,23.0517389687392));
#7402=CARTESIAN_POINT('Ctrl Pts',(29.0947650556885,73.2025448667123,23.6952740968574));
#7403=CARTESIAN_POINT('Ctrl Pts',(29.0966515246184,72.8493275649359,24.1097589165755));
#7404=CARTESIAN_POINT('Ctrl Pts',(29.0977314268433,72.6213694828489,24.5312035536253));
#7405=CARTESIAN_POINT('Ctrl Pts',(29.0979712578286,72.5558370906232,24.7631259881436));
#7406=CARTESIAN_POINT('Ctrl Pts',(29.09805637839,72.5343066173444,24.9418274534286));
#7407=CARTESIAN_POINT('Ctrl Pts',(29.1,77.4335645347674,20.7688082646531));
#7408=CARTESIAN_POINT('Ctrl Pts',(29.1,77.086258959038,20.9669637815023));
#7409=CARTESIAN_POINT('Ctrl Pts',(29.1,76.197408193382,21.4116509434677));
#7410=CARTESIAN_POINT('Ctrl Pts',(29.1,75.3539869717038,21.936350648407));
#7411=CARTESIAN_POINT('Ctrl Pts',(29.1,74.4715135698462,22.5646220085366));
#7412=CARTESIAN_POINT('Ctrl Pts',(29.1,73.8906783086052,23.0091925785426));
#7413=CARTESIAN_POINT('Ctrl Pts',(29.1,73.1728884578175,23.6669839437559));
#7414=CARTESIAN_POINT('Ctrl Pts',(29.1,72.8223888147867,24.0913257973316));
#7415=CARTESIAN_POINT('Ctrl Pts',(29.1,72.5961686878359,24.5218674055308));
#7416=CARTESIAN_POINT('Ctrl Pts',(29.1,72.5311978876296,24.7580922904865));
#7417=CARTESIAN_POINT('Ctrl Pts',(29.1,72.5099017572297,24.9389829327826));
#7418=CARTESIAN_POINT('Ctrl Pts',(29.1,77.4113196401061,20.7298291722917));
#7419=CARTESIAN_POINT('Ctrl Pts',(29.1,77.065786870565,20.9270205278317));
#7420=CARTESIAN_POINT('Ctrl Pts',(29.1,76.1774021065335,21.3759547236747));
#7421=CARTESIAN_POINT('Ctrl Pts',(29.1,75.3347857996327,21.9079428580106));
#7422=CARTESIAN_POINT('Ctrl Pts',(29.1,74.4545389194334,22.5424876791937));
#7423=CARTESIAN_POINT('Ctrl Pts',(29.1,73.875507946039,22.990964844095));
#7424=CARTESIAN_POINT('Ctrl Pts',(29.1,73.1601927755339,23.6548557298322));
#7425=CARTESIAN_POINT('Ctrl Pts',(29.1,72.8108422968214,24.0834153256834));
#7426=CARTESIAN_POINT('Ctrl Pts',(29.1,72.5853731043101,24.5178697830363));
#7427=CARTESIAN_POINT('Ctrl Pts',(29.1,72.5206371327954,24.7559232924254));
#7428=CARTESIAN_POINT('Ctrl Pts',(29.1,72.4994426144696,24.9377638621803));
#7429=CARTESIAN_POINT('',(29.0865702732091,72.5710104180748,24.9461054832338));
#7430=CARTESIAN_POINT('Origin',(28.9,72.4994426144696,24.9377638621803));
#7431=CARTESIAN_POINT('Ctrl Pts',(29.0865702732091,72.5710104180748,24.9461054832338));
#7432=CARTESIAN_POINT('Ctrl Pts',(29.0860422432572,72.5928318727206,24.770696065964));
#7433=CARTESIAN_POINT('Ctrl Pts',(29.0843496601526,72.6590001924377,24.5451846593219));
#7434=CARTESIAN_POINT('Ctrl Pts',(29.0770810063903,72.8885746865353,24.1367459998187));
#7435=CARTESIAN_POINT('Ctrl Pts',(29.0644419675574,73.243951557563,23.7350023620774));
#7436=CARTESIAN_POINT('Ctrl Pts',(29.0364607161533,73.9705812262549,23.1057629952989));
#7437=CARTESIAN_POINT('Ctrl Pts',(29.0126633743043,74.555951036286,22.674570153285));
#7438=CARTESIAN_POINT('Ctrl Pts',(28.9733413346747,75.4397057303359,22.064299018969));
#7439=CARTESIAN_POINT('Ctrl Pts',(28.9281871092673,76.2746206862126,21.5519870108352));
#7440=CARTESIAN_POINT('Ctrl Pts',(28.9000000000209,77.1571528676755,21.105155820581));
#7441=CARTESIAN_POINT('Ctrl Pts',(28.9,77.5104504185354,20.9035331986353));
#7442=CARTESIAN_POINT('Ctrl Pts',(29.1000000000001,72.5181512263951,25.3813987780836));
#7443=CARTESIAN_POINT('Ctrl Pts',(29.1000000000001,72.5181512263951,25.3766670981503));
#7444=CARTESIAN_POINT('Ctrl Pts',(29.1000000000001,72.5181490000527,25.3719515589015));
#7445=CARTESIAN_POINT('Ctrl Pts',(29.1000000000002,72.5182264244728,25.2230167809121));
#7446=CARTESIAN_POINT('Ctrl Pts',(29.1000000000001,72.5165697516011,25.0768849240862));
#7447=CARTESIAN_POINT('Ctrl Pts',(29.1000000000001,72.4994426144696,24.9377638621801));
#7448=CARTESIAN_POINT('Ctrl Pts',(29.1000000000001,72.5181512263951,25.3813987780836));
#7449=CARTESIAN_POINT('Ctrl Pts',(29.0999837738518,72.5181817042835,25.3766665657085));
#7450=CARTESIAN_POINT('Ctrl Pts',(29.0999871120127,72.5181978858034,25.3719544980003));
#7451=CARTESIAN_POINT('Ctrl Pts',(29.0988610280097,72.5209973436277,25.2231239618475));
#7452=CARTESIAN_POINT('Ctrl Pts',(29.0957810967555,72.5295471187335,25.0793026074353));
#7453=CARTESIAN_POINT('Ctrl Pts',(29.1000000000001,72.5238472809097,24.9406083602523));
#7454=CARTESIAN_POINT('Ctrl Pts',(29.1000000000001,72.5181512263951,25.3813987780836));
#7455=CARTESIAN_POINT('Ctrl Pts',(29.0999943708244,72.5181644070829,25.3766703851107));
#7456=CARTESIAN_POINT('Ctrl Pts',(29.0999462609297,72.5182969426331,25.3719536071324));
#7457=CARTESIAN_POINT('Ctrl Pts',(29.0983803842128,72.5224159806742,25.2233202553492));
#7458=CARTESIAN_POINT('Ctrl Pts',(29.0916398677606,72.5415161972802,25.0817856746075));
#7459=CARTESIAN_POINT('Ctrl Pts',(29.0954218537084,72.5482444916481,24.9434519893214));
#7460=CARTESIAN_POINT('Ctrl Pts',(29.1000000000001,72.5181512263951,25.3813987780836));
#7461=CARTESIAN_POINT('Ctrl Pts',(29.0999808793854,72.5182021102272,25.3766677137129));
#7462=CARTESIAN_POINT('Ctrl Pts',(29.0999302820748,72.5183374559508,25.3719589666525));
#7463=CARTESIAN_POINT('Ctrl Pts',(29.0972889846551,72.5253549542856,25.2233825823028));
#7464=CARTESIAN_POINT('Ctrl Pts',(29.0869863469518,72.5538156845737,25.0843234999726));
#7465=CARTESIAN_POINT('Ctrl Pts',(29.0865702732092,72.5710104180746,24.9461054832337));
#7466=CARTESIAN_POINT('Ctrl Pts',(29.1000000000001,72.5181512263951,25.3813987780836));
#7467=CARTESIAN_POINT('Ctrl Pts',(29.0999808793854,72.5182021102272,25.3766677137129));
#7468=CARTESIAN_POINT('Ctrl Pts',(29.0999302820748,72.5183374559508,25.3719589666525));
#7469=CARTESIAN_POINT('Ctrl Pts',(29.0972889846551,72.5253549542856,25.2233825823028));
#7470=CARTESIAN_POINT('Ctrl Pts',(29.0869863469518,72.5538156845737,25.0843234999726));
#7471=CARTESIAN_POINT('Ctrl Pts',(29.0865702732092,72.5710104180746,24.9461054832337));
#7472=CARTESIAN_POINT('Ctrl Pts',(32.1891036328417,73.4982569370123,3.91365089682758));
#7473=CARTESIAN_POINT('Ctrl Pts',(32.0356215800958,73.7980042293458,3.93008776999412));
#7474=CARTESIAN_POINT('Ctrl Pts',(31.2199768965049,75.2239763752048,4.0809022509144));
#7475=CARTESIAN_POINT('Ctrl Pts',(29.5228436983583,77.1075605419601,4.7605688899732));
#7476=CARTESIAN_POINT('Ctrl Pts',(27.0050284147721,78.9736668911201,6.0474535839631));
#7477=CARTESIAN_POINT('Ctrl Pts',(24.7256275307909,80.2016524335708,7.34359289760282));
#7478=CARTESIAN_POINT('Ctrl Pts',(22.5244256109782,81.0367886980571,8.66013889737337));
#7479=CARTESIAN_POINT('Ctrl Pts',(20.7432081222119,81.5167327659013,9.74197603281875));
#7480=CARTESIAN_POINT('Ctrl Pts',(19.3440331729923,81.788819810034,10.5988088211099));
#7481=CARTESIAN_POINT('Ctrl Pts',(18.2841072746932,81.9387074037199,11.2582873946657));
#7482=CARTESIAN_POINT('Ctrl Pts',(17.4290187936942,82.0289157782676,11.8277596771487));
#7483=CARTESIAN_POINT('Ctrl Pts',(16.8236094404138,82.0767249589151,12.2906071721521));
#7484=CARTESIAN_POINT('Ctrl Pts',(16.477687821456,82.0983544439015,12.7265280817255));
#7485=CARTESIAN_POINT('Ctrl Pts',(16.4275221946664,82.1012590350979,13.0750892631906));
#7486=CARTESIAN_POINT('Ctrl Pts',(16.5832671055053,82.0920182610484,13.4447658925988));
#7487=CARTESIAN_POINT('Ctrl Pts',(16.9184780448527,82.0694628986773,13.7710144336519));
#7488=CARTESIAN_POINT('Ctrl Pts',(17.5961652082336,82.0136641045038,14.2986648192649));
#7489=CARTESIAN_POINT('Ctrl Pts',(18.5775646220636,81.9064328100026,14.9255470738966));
#7490=CARTESIAN_POINT('Ctrl Pts',(20.1232202801388,81.6546780171757,15.881420245273));
#7491=CARTESIAN_POINT('Ctrl Pts',(22.1263786431659,81.1746800594498,17.0988955999225));
#7492=CARTESIAN_POINT('Ctrl Pts',(24.7615831582841,80.2131002287781,18.6830680197251));
#7493=CARTESIAN_POINT('Ctrl Pts',(27.8085880290459,78.5212718784515,20.4054089350064));
#7494=CARTESIAN_POINT('Ctrl Pts',(30.4856946634432,76.1914546675343,21.671977107856));
#7495=CARTESIAN_POINT('Ctrl Pts',(31.7796056149237,74.297998143823,22.0424946794004));
#7496=CARTESIAN_POINT('Ctrl Pts',(32.1891036328417,73.4982569370124,22.0863491031721));
#7497=CARTESIAN_POINT('Ctrl Pts',(31.7325567263068,73.3272146501128,3.9042716615591));
#7498=CARTESIAN_POINT('Ctrl Pts',(31.586759581956,73.617760431459,3.91490456673835));
#7499=CARTESIAN_POINT('Ctrl Pts',(30.8156003312368,75.0023167173753,4.02999414987746));
#7500=CARTESIAN_POINT('Ctrl Pts',(29.194624612196,76.8875241202885,4.64976518143359));
#7501=CARTESIAN_POINT('Ctrl Pts',(26.7570142265464,78.8051713029077,5.90007310955275));
#7502=CARTESIAN_POINT('Ctrl Pts',(24.5380961645625,80.0870402711676,7.19323337298002));
#7503=CARTESIAN_POINT('Ctrl Pts',(22.3882184258604,80.9684069696547,8.52938428819591));
#7504=CARTESIAN_POINT('Ctrl Pts',(20.6446893791499,81.4779130253921,9.63722627863054));
#7505=CARTESIAN_POINT('Ctrl Pts',(19.2724808677578,81.7677465877861,10.5189328054683));
#7506=CARTESIAN_POINT('Ctrl Pts',(18.2311569787437,81.9276788217939,11.1993071432667));
#7507=CARTESIAN_POINT('Ctrl Pts',(17.389700103268,82.024028727894,11.7876460112559));
#7508=CARTESIAN_POINT('Ctrl Pts',(16.7930665930718,82.0751201249286,12.2662201106684));
#7509=CARTESIAN_POINT('Ctrl Pts',(16.451732635565,82.0982417382648,12.7170954993735));
#7510=CARTESIAN_POINT('Ctrl Pts',(16.4022306199753,82.1013483971163,13.0776927693562));
#7511=CARTESIAN_POINT('Ctrl Pts',(16.5559177903144,82.0914679693242,13.4600648211671));
#7512=CARTESIAN_POINT('Ctrl Pts',(16.886601184462,82.0673610365635,13.7975320106901));
#7513=CARTESIAN_POINT('Ctrl Pts',(17.5542985502283,82.007742587871,14.3429863142118));
#7514=CARTESIAN_POINT('Ctrl Pts',(18.5198805082955,81.8931956279527,14.9906270831509));
#7515=CARTESIAN_POINT('Ctrl Pts',(20.0370756074216,81.6247518431356,15.9757708154083));
#7516=CARTESIAN_POINT('Ctrl Pts',(21.9993869365764,81.1142575733808,17.225407180622));
#7517=CARTESIAN_POINT('Ctrl Pts',(24.5733905544937,80.0983820462693,18.8350986532066));
#7518=CARTESIAN_POINT('Ctrl Pts',(27.5395986900555,78.3328030515947,20.5510368106552));
#7519=CARTESIAN_POINT('Ctrl Pts',(30.119067615342,75.9588168467344,21.7544677853431));
#7520=CARTESIAN_POINT('Ctrl Pts',(31.344129152965,74.1007939434431,22.0679315853716));
#7521=CARTESIAN_POINT('Ctrl Pts',(31.7325567263068,73.3272146501128,22.0957283384405));
#7522=CARTESIAN_POINT('Ctrl Pts',(31.0467519200827,73.0719113860676,3.86047601317732));
#7523=CARTESIAN_POINT('Ctrl Pts',(30.9126306617648,73.3489835395161,3.86377826346049));
#7524=CARTESIAN_POINT('Ctrl Pts',(30.2047165378143,74.6752460502066,3.93466011666035));
#7525=CARTESIAN_POINT('Ctrl Pts',(28.6980263649031,76.5585800582697,4.47510970708851));
#7526=CARTESIAN_POINT('Ctrl Pts',(26.3811945922166,78.5510544946668,5.67610684730447));
#7527=CARTESIAN_POINT('Ctrl Pts',(24.2546436450932,79.912800275075,6.9666929816245));
#7528=CARTESIAN_POINT('Ctrl Pts',(22.1828626024004,80.8640508649881,8.33290303829219));
#7529=CARTESIAN_POINT('Ctrl Pts',(20.4964867221774,81.4185252811437,9.47996911993163));
#7530=CARTESIAN_POINT('Ctrl Pts',(19.1650066203182,81.735486479606,10.3990618188597));
#7531=CARTESIAN_POINT('Ctrl Pts',(18.1516854765973,81.9107988316705,11.1107817259108));
#7532=CARTESIAN_POINT('Ctrl Pts',(17.3307615243849,82.0165682455362,11.7274678703904));
#7533=CARTESIAN_POINT('Ctrl Pts',(16.7472378370732,82.0726918077593,12.2295495379169));
#7534=CARTESIAN_POINT('Ctrl Pts',(16.4127935760995,82.0981010538695,12.7029709042298));
#7535=CARTESIAN_POINT('Ctrl Pts',(16.3642154810299,82.1015160880241,13.0815363985967));
#7536=CARTESIAN_POINT('Ctrl Pts',(16.5149458982353,82.0906541019058,13.4831042573788));
#7537=CARTESIAN_POINT('Ctrl Pts',(16.8386620278358,82.0641728983749,13.8372360875036));
#7538=CARTESIAN_POINT('Ctrl Pts',(17.4915798701608,81.9986690866574,14.409624617215));
#7539=CARTESIAN_POINT('Ctrl Pts',(18.4331632949156,81.8729698065752,15.0882798125458));
#7540=CARTESIAN_POINT('Ctrl Pts',(19.907700760586,81.5788804995506,16.1174655444297));
#7541=CARTESIAN_POINT('Ctrl Pts',(21.8079314598081,81.0220222080346,17.4153884392814));
#7542=CARTESIAN_POINT('Ctrl Pts',(24.288906529553,79.923904851202,19.0641749334488));
#7543=CARTESIAN_POINT('Ctrl Pts',(27.1321363278514,78.0489842506591,20.7729228077721));
#7544=CARTESIAN_POINT('Ctrl Pts',(29.5640808702514,75.6132548003157,21.8908439697997));
#7545=CARTESIAN_POINT('Ctrl Pts',(30.6899123782159,73.8087901717742,22.1315925030427));
#7546=CARTESIAN_POINT('Ctrl Pts',(31.0467523355989,73.0719115422061,22.1395239868223));
#7547=CARTESIAN_POINT('Ctrl Pts',(30.1910016906468,72.778888624351,3.33996808797542));
#7548=CARTESIAN_POINT('Ctrl Pts',(30.0697961227159,73.0537911733875,3.3420387044121));
#7549=CARTESIAN_POINT('Ctrl Pts',(29.4348474327807,74.3712471705142,3.40838959879081));
#7550=CARTESIAN_POINT('Ctrl Pts',(28.0601147505804,76.2917235511695,3.96548820949264));
#7551=CARTESIAN_POINT('Ctrl Pts',(25.891524055861,78.3632816612035,5.22700022091847));
#7552=CARTESIAN_POINT('Ctrl Pts',(23.8813888969494,79.7902542859989,6.59082162831316));
#7553=CARTESIAN_POINT('Ctrl Pts',(21.9109345033542,80.7920267350855,8.03937847460667));
#7554=CARTESIAN_POINT('Ctrl Pts',(20.2995728204381,81.3778274080547,9.25744970033951));
#7555=CARTESIAN_POINT('Ctrl Pts',(19.0219544557612,81.7135964736954,10.2341905810222));
#7556=CARTESIAN_POINT('Ctrl Pts',(18.0458007780478,81.8997160151761,10.9908607326283));
#7557=CARTESIAN_POINT('Ctrl Pts',(17.2521392842538,82.0122226104113,11.6466143573209));
#7558=CARTESIAN_POINT('Ctrl Pts',(16.686151178024,82.0720284989286,12.1806038050629));
#7559=CARTESIAN_POINT('Ctrl Pts',(16.3608831713759,82.0991415823437,12.6840785950714));
#7560=CARTESIAN_POINT('Ctrl Pts',(16.3136210685323,82.1027882652982,13.0867405136102));
#7561=CARTESIAN_POINT('Ctrl Pts',(16.4602567169548,82.0911940495262,13.5137871815528));
#7562=CARTESIAN_POINT('Ctrl Pts',(16.7748916360616,82.0629487993048,13.8904752882625));
#7563=CARTESIAN_POINT('Ctrl Pts',(17.4078746836465,81.9931788187622,14.4991278844128));
#7564=CARTESIAN_POINT('Ctrl Pts',(18.3177862613174,81.8594633378276,15.2208210632151));
#7565=CARTESIAN_POINT('Ctrl Pts',(19.7355284903578,81.5475811895106,16.3148086254956));
#7566=CARTESIAN_POINT('Ctrl Pts',(21.5541959388668,80.9584922418943,17.6936199441439));
#7567=CARTESIAN_POINT('Ctrl Pts',(23.9142746904092,79.8017181214313,19.4421360895072));
#7568=CARTESIAN_POINT('Ctrl Pts',(26.6020014209505,77.8367021611984,21.2474377142497));
#7569=CARTESIAN_POINT('Ctrl Pts',(28.8579299250179,75.3176224259356,22.4147680881986));
#7570=CARTESIAN_POINT('Ctrl Pts',(29.869105064857,73.5086627986133,22.6555803692451));
#7571=CARTESIAN_POINT('Ctrl Pts',(30.1910041857228,72.7788895619256,22.6600319120242));
#7572=CARTESIAN_POINT('Ctrl Pts',(29.4512553037694,72.5440841956498,2.55270770862094));
#7573=CARTESIAN_POINT('Ctrl Pts',(29.3395369803063,72.8270935069476,2.55849736351235));
#7574=CARTESIAN_POINT('Ctrl Pts',(28.7573468958078,74.1830034016313,2.65203155874282));
#7575=CARTESIAN_POINT('Ctrl Pts',(27.4817386418565,76.1618206248264,3.29670472694907));
#7576=CARTESIAN_POINT('Ctrl Pts',(25.4329229807523,78.2921285284056,4.69157892416373));
#7577=CARTESIAN_POINT('Ctrl Pts',(23.5230296232152,79.7512659020568,6.17269037085541));
#7578=CARTESIAN_POINT('Ctrl Pts',(21.64525596967,80.770866014615,7.7278134654766));
#7579=CARTESIAN_POINT('Ctrl Pts',(20.1051676086737,81.3661825499855,9.02757659151492));
#7580=CARTESIAN_POINT('Ctrl Pts',(18.8798938035775,81.7076203789771,10.0664327780845));
#7581=CARTESIAN_POINT('Ctrl Pts',(17.9403111021281,81.897228614399,10.869833837701));
#7582=CARTESIAN_POINT('Ctrl Pts',(17.1736681645221,82.0120997204665,11.5654134596582));
#7583=CARTESIAN_POINT('Ctrl Pts',(16.6251158899757,82.073316248962,12.1315614433109));
#7584=CARTESIAN_POINT('Ctrl Pts',(16.3089965139364,82.101123717623,12.6651740744422));
#7585=CARTESIAN_POINT('Ctrl Pts',(16.2630370400769,82.1048666887216,13.0919400223378));
#7586=CARTESIAN_POINT('Ctrl Pts',(16.405607693864,82.0929699769539,13.5445178929604));
#7587=CARTESIAN_POINT('Ctrl Pts',(16.7111702484997,82.0640191321141,13.9438240729324));
#7588=CARTESIAN_POINT('Ctrl Pts',(17.3243678968871,81.9926369517358,14.5891129150664));
#7589=CARTESIAN_POINT('Ctrl Pts',(18.2028643680837,81.856131866485,15.3547144744049));
#7590=CARTESIAN_POINT('Ctrl Pts',(19.5650338888831,81.5387229938938,16.5170182662433));
#7591=CARTESIAN_POINT('Ctrl Pts',(21.3053219911827,80.940045407527,17.9860965249504));
#7592=CARTESIAN_POINT('Ctrl Pts',(23.5543143253606,79.7635183401183,19.8616277677466));
#7593=CARTESIAN_POINT('Ctrl Pts',(26.1087410807771,77.7530642512805,21.82444529792));
#7594=CARTESIAN_POINT('Ctrl Pts',(28.2272214585174,75.1575546139682,23.1356775224651));
#7595=CARTESIAN_POINT('Ctrl Pts',(29.1548631206103,73.2952490680895,23.4329059861643));
#7596=CARTESIAN_POINT('Ctrl Pts',(29.4512598051279,72.544085887125,23.4472922913787));
#7597=CARTESIAN_POINT('Ctrl Pts',(29.1122851930132,72.4700265408243,1.58040212613348));
#7598=CARTESIAN_POINT('Ctrl Pts',(28.9989987198407,72.7738863378928,1.5940846874609));
#7599=CARTESIAN_POINT('Ctrl Pts',(28.4054578720057,74.2254988400638,1.74053489189142));
#7600=CARTESIAN_POINT('Ctrl Pts',(27.1199338124822,76.271429054607,2.52495047451189));
#7601=CARTESIAN_POINT('Ctrl Pts',(25.0904399723109,78.4115897039523,4.10192420638198));
#7602=CARTESIAN_POINT('Ctrl Pts',(23.2216038573275,79.8451992608232,5.72857393621348));
#7603=CARTESIAN_POINT('Ctrl Pts',(21.4037031811888,80.8296191925809,7.4052642136172));
#7604=CARTESIAN_POINT('Ctrl Pts',(19.9205076904859,81.3998176382471,8.79325428233964));
#7605=CARTESIAN_POINT('Ctrl Pts',(18.7416753172667,81.7263113052537,9.8969318523445));
#7606=CARTESIAN_POINT('Ctrl Pts',(17.836356298724,81.9080363523377,10.7481276707962));
#7607=CARTESIAN_POINT('Ctrl Pts',(17.0957793103856,82.0185405327779,11.4840029381324));
#7608=CARTESIAN_POINT('Ctrl Pts',(16.5642832937742,82.0776982293835,12.0824304764011));
#7609=CARTESIAN_POINT('Ctrl Pts',(16.2572042281809,82.1046684194392,12.6462704824468));
#7610=CARTESIAN_POINT('Ctrl Pts',(16.2125007009335,82.1083018024264,13.0971161450635));
#7611=CARTESIAN_POINT('Ctrl Pts',(16.3511127463135,82.0967546743671,13.5753077739947));
#7612=CARTESIAN_POINT('Ctrl Pts',(16.6476489944238,82.0687076069409,13.9972152295739));
#7613=CARTESIAN_POINT('Ctrl Pts',(17.2416227498027,81.9997693669538,14.6794361510749));
#7614=CARTESIAN_POINT('Ctrl Pts',(18.0897219261126,81.8685318324348,15.4894296605924));
#7615=CARTESIAN_POINT('Ctrl Pts',(19.4010330234374,81.5647286050633,16.722191379687));
#7616=CARTESIAN_POINT('Ctrl Pts',(21.0753224016096,80.9922216070095,18.2871967974626));
#7617=CARTESIAN_POINT('Ctrl Pts',(23.2504468402593,79.8587559328062,20.3066877981746));
#7618=CARTESIAN_POINT('Ctrl Pts',(25.7530764495995,77.8809544490872,22.4658221028734));
#7619=CARTESIAN_POINT('Ctrl Pts',(27.8672511257896,75.2463299662668,23.9863346431589));
#7620=CARTESIAN_POINT('Ctrl Pts',(28.81134147631,73.2783299542649,24.3838636823484));
#7621=CARTESIAN_POINT('Ctrl Pts',(29.1122873574136,72.4700273541409,24.4195978738662));
#7622=CARTESIAN_POINT('Ctrl Pts',(29.1043965087936,72.5064512251306,0.862093334116099));
#7623=CARTESIAN_POINT('Ctrl Pts',(28.9830238522609,72.8299498624434,0.882236886203895));
#7624=CARTESIAN_POINT('Ctrl Pts',(28.3410865529848,74.3692284031943,1.07228177315305));
#7625=CARTESIAN_POINT('Ctrl Pts',(26.9803304623026,76.457174874101,1.9620263694541));
#7626=CARTESIAN_POINT('Ctrl Pts',(24.9040286496557,78.576869427974,3.67067054911141));
#7627=CARTESIAN_POINT('Ctrl Pts',(23.0298998348925,79.9660203707054,5.4016346506441));
#7628=CARTESIAN_POINT('Ctrl Pts',(21.237106362246,80.9032050191857,7.16615111455958));
#7629=CARTESIAN_POINT('Ctrl Pts',(19.7878868410937,81.4415704982572,8.61871142755137));
#7630=CARTESIAN_POINT('Ctrl Pts',(18.6403255543722,81.7492799289143,9.77027889287042));
#7631=CARTESIAN_POINT('Ctrl Pts',(17.7593048610114,81.920962603985,10.6570416099378));
#7632=CARTESIAN_POINT('Ctrl Pts',(17.0376812614982,82.0257586856226,11.4229984852169));
#7633=CARTESIAN_POINT('Ctrl Pts',(16.5187820794554,82.082124724461,12.0456196292888));
#7634=CARTESIAN_POINT('Ctrl Pts',(16.2184174206794,82.1079183105619,12.63208677528));
#7635=CARTESIAN_POINT('Ctrl Pts',(16.1746652649439,82.111395043846,13.1010154952678));
#7636=CARTESIAN_POINT('Ctrl Pts',(16.3103040138032,82.1003469388719,13.5983719589099));
#7637=CARTESIAN_POINT('Ctrl Pts',(16.600185801616,82.0735479617693,14.0372597881712));
#7638=CARTESIAN_POINT('Ctrl Pts',(17.1799708678928,82.0079223637602,14.7470703170219));
#7639=CARTESIAN_POINT('Ctrl Pts',(18.0059881319427,81.8835023693027,15.5902227767243));
#7640=CARTESIAN_POINT('Ctrl Pts',(19.281907200147,81.5969546350696,16.8752786312688));
#7641=CARTESIAN_POINT('Ctrl Pts',(20.9142573692025,81.0572442906847,18.5107262847577));
#7642=CARTESIAN_POINT('Ctrl Pts',(23.0564250757464,79.9806361061625,20.6344357296254));
#7643=CARTESIAN_POINT('Ctrl Pts',(25.5696821132228,78.0617756858737,22.9339538699211));
#7644=CARTESIAN_POINT('Ctrl Pts',(27.762656464561,75.4258802643835,24.6074004504485));
#7645=CARTESIAN_POINT('Ctrl Pts',(28.7809737277319,73.3689145646822,25.0843988306646));
#7646=CARTESIAN_POINT('Ctrl Pts',(29.1043965087936,72.5064512251306,25.1379066658835));
#7647=CARTESIAN_POINT('Ctrl Pts',(29.1,72.5181512263951,0.618601222050799));
#7648=CARTESIAN_POINT('Ctrl Pts',(28.9759496688763,72.8482743079438,0.640998719552465));
#7649=CARTESIAN_POINT('Ctrl Pts',(28.3177045027846,74.416994114782,0.846504166081208));
#7650=CARTESIAN_POINT('Ctrl Pts',(26.9320765312245,76.5186618347893,1.77264332260091));
#7651=CARTESIAN_POINT('Ctrl Pts',(24.8407763555293,78.6313155459546,3.52620048803768));
#7652=CARTESIAN_POINT('Ctrl Pts',(22.9653692357534,80.0056430168095,5.29236834398632));
#7653=CARTESIAN_POINT('Ctrl Pts',(21.1812970104215,80.9272712142186,7.08634311290444));
#7654=CARTESIAN_POINT('Ctrl Pts',(19.7435646719526,81.4552169271498,8.56049481395088));
#7655=CARTESIAN_POINT('Ctrl Pts',(18.6064982360875,81.7567905695334,9.72804718480917));
#7656=CARTESIAN_POINT('Ctrl Pts',(17.7336018127249,81.9251948191258,10.6266773289951));
#7657=CARTESIAN_POINT('Ctrl Pts',(17.0183048513152,82.0281255426014,11.4026615380928));
#7658=CARTESIAN_POINT('Ctrl Pts',(16.503612434629,82.0835785360613,12.0333548279875));
#7659=CARTESIAN_POINT('Ctrl Pts',(16.2054873007543,82.1089870064291,12.6273569465271));
#7660=CARTESIAN_POINT('Ctrl Pts',(16.1620570537935,82.1124123056411,13.1023194355564));
#7661=CARTESIAN_POINT('Ctrl Pts',(16.2966957557064,82.1015281641016,13.606054622882));
#7662=CARTESIAN_POINT('Ctrl Pts',(16.5843685594796,82.0751363281597,14.0506130744269));
#7663=CARTESIAN_POINT('Ctrl Pts',(17.1594062941205,82.0105971540566,14.7696092042731));
#7664=CARTESIAN_POINT('Ctrl Pts',(17.9780605849366,81.8883977594756,15.6238223864086));
#7665=CARTESIAN_POINT('Ctrl Pts',(19.2421211002979,81.6074945978778,16.9263308836688));
#7666=CARTESIAN_POINT('Ctrl Pts',(20.860350061516,81.0784907828019,18.5853082900043));
#7667=CARTESIAN_POINT('Ctrl Pts',(22.9911311817644,80.0205972938592,20.743960818087));
#7668=CARTESIAN_POINT('Ctrl Pts',(25.5072367432751,78.1214200464449,23.0908869004483));
#7669=CARTESIAN_POINT('Ctrl Pts',(27.7258828443933,75.4854557698943,24.8167600151005));
#7670=CARTESIAN_POINT('Ctrl Pts',(28.7690273305028,73.3989366025649,25.3216411016006));
#7671=CARTESIAN_POINT('Ctrl Pts',(29.1,72.5181512263951,25.3813987779488));
#7672=CARTESIAN_POINT('Ctrl Pts',(28.8997881074884,77.5106938283931,5.09661762232895));
#7673=CARTESIAN_POINT('Ctrl Pts',(28.3278370000685,77.992576229465,5.37154297685672));
#7674=CARTESIAN_POINT('Ctrl Pts',(26.9324123785915,79.0127874526705,6.08874535495246));
#7675=CARTESIAN_POINT('Ctrl Pts',(24.7256275307909,80.2016524335708,7.34359289760282));
#7676=CARTESIAN_POINT('Ctrl Pts',(22.5244256109782,81.0367886980571,8.66013889737337));
#7677=CARTESIAN_POINT('Ctrl Pts',(20.7432081222119,81.5167327659013,9.74197603281875));
#7678=CARTESIAN_POINT('Ctrl Pts',(19.3440331729923,81.788819810034,10.5988088211099));
#7679=CARTESIAN_POINT('Ctrl Pts',(18.2841072746932,81.9387074037199,11.2582873946657));
#7680=CARTESIAN_POINT('Ctrl Pts',(17.4290187936942,82.0289157782676,11.8277596771487));
#7681=CARTESIAN_POINT('Ctrl Pts',(16.8236094404138,82.0767249589151,12.2906071721521));
#7682=CARTESIAN_POINT('Ctrl Pts',(16.477687821456,82.0983544439015,12.7265280817255));
#7683=CARTESIAN_POINT('Ctrl Pts',(16.4275221946664,82.1012590350979,13.0750892631906));
#7684=CARTESIAN_POINT('Ctrl Pts',(16.5832671055053,82.0920182610484,13.4447658925988));
#7685=CARTESIAN_POINT('Ctrl Pts',(16.9184780448527,82.0694628986773,13.7710144336519));
#7686=CARTESIAN_POINT('Ctrl Pts',(17.5961652082336,82.0136641045038,14.2986648192649));
#7687=CARTESIAN_POINT('Ctrl Pts',(18.5775646220636,81.9064328100026,14.9255470738966));
#7688=CARTESIAN_POINT('Ctrl Pts',(20.1232202801388,81.6546780171757,15.881420245273));
#7689=CARTESIAN_POINT('Ctrl Pts',(22.1263786431659,81.1746800594498,17.0988955999225));
#7690=CARTESIAN_POINT('Ctrl Pts',(24.7615831582841,80.2131002287781,18.6830680197251));
#7691=CARTESIAN_POINT('Ctrl Pts',(27.0912945919041,78.919544091307,19.9999537790574));
#7692=CARTESIAN_POINT('Ctrl Pts',(28.4894545789648,77.856250637343,20.7063338254048));
#7693=CARTESIAN_POINT('Ctrl Pts',(28.9007947245099,77.5101003553768,20.9040296499314));
#7694=CARTESIAN_POINT('Origin',(28.9,73.,85.0000000000003));
#7695=CARTESIAN_POINT('',(28.8999981664371,77.5104534558658,92.9035314652674));
#7696=CARTESIAN_POINT('Origin',(28.9,77.4113226106819,92.7298274770198));
#7697=CARTESIAN_POINT('Origin',(28.9,73.,85.0000000000003));
#7698=CARTESIAN_POINT('Ctrl Pts',(28.9,77.5104504185354,92.9035331986358));
#7699=CARTESIAN_POINT('Ctrl Pts',(28.9000000000209,77.1571528601764,93.1051558248611));
#7700=CARTESIAN_POINT('Ctrl Pts',(28.9281858307976,76.2750112892795,93.5520652967728));
#7701=CARTESIAN_POINT('Ctrl Pts',(28.9733753103514,75.4405815642424,94.0646910864265));
#7702=CARTESIAN_POINT('Ctrl Pts',(29.0126610518905,74.5573790602653,94.674624519713));
#7703=CARTESIAN_POINT('Ctrl Pts',(29.0364524054037,73.9708505235486,95.1054240929672));
#7704=CARTESIAN_POINT('Ctrl Pts',(29.0643364862384,73.2473412900782,95.735586821821));
#7705=CARTESIAN_POINT('Ctrl Pts',(29.0814227565855,72.7676079477981,96.2695942212953));
#7706=CARTESIAN_POINT('Ctrl Pts',(29.0858662332855,72.6001056904319,96.7122262642594));
#7707=CARTESIAN_POINT('Ctrl Pts',(29.0865702732091,72.5710104180749,96.9461054832342));
#7708=CARTESIAN_POINT('Ctrl Pts',(28.9598398600684,77.5104504185354,92.9035331986358));
#7709=CARTESIAN_POINT('Ctrl Pts',(28.9598331926022,77.1571415546592,93.1052751773282));
#7710=CARTESIAN_POINT('Ctrl Pts',(28.9828020232893,76.2711631975621,93.5441206416917));
#7711=CARTESIAN_POINT('Ctrl Pts',(29.0159941096306,75.4310119461383,94.0500819540413));
#7712=CARTESIAN_POINT('Ctrl Pts',(29.043450552295,74.5445398989972,94.6578272046565));
#7713=CARTESIAN_POINT('Ctrl Pts',(29.0594127953675,73.9568203103499,95.088284297839));
#7714=CARTESIAN_POINT('Ctrl Pts',(29.0775306890064,73.2333549102524,95.7221047250893));
#7715=CARTESIAN_POINT('Ctrl Pts',(29.0884260387416,72.7540757442752,96.2615233769146));
#7716=CARTESIAN_POINT('Ctrl Pts',(29.0911139906341,72.5869818034047,96.7091539774723));
#7717=CARTESIAN_POINT('Ctrl Pts',(29.0916283192087,72.5580013172597,96.9445892009986));
#7718=CARTESIAN_POINT('Ctrl Pts',(29.063397991771,77.4855384399297,92.8598806513989));
#7719=CARTESIAN_POINT('Ctrl Pts',(29.0633984016096,77.1341421107763,93.0604076599139));
#7720=CARTESIAN_POINT('Ctrl Pts',(29.0703280515033,76.244451648523,93.4951286638625));
#7721=CARTESIAN_POINT('Ctrl Pts',(29.0793190533125,75.399623369714,94.0030585706474));
#7722=CARTESIAN_POINT('Ctrl Pts',(29.086412643629,74.5126036588804,94.6163029679938));
#7723=CARTESIAN_POINT('Ctrl Pts',(29.0903683237971,73.9263466762999,95.0512728473433));
#7724=CARTESIAN_POINT('Ctrl Pts',(29.0947346616538,73.2059169834195,95.6958072353139));
#7725=CARTESIAN_POINT('Ctrl Pts',(29.0973151842838,72.7290773411879,96.2467579948284));
#7726=CARTESIAN_POINT('Ctrl Pts',(29.0979185327071,72.5630009275041,96.7035859953502));
#7727=CARTESIAN_POINT('Ctrl Pts',(29.0980563517684,72.5343066129642,96.9418274529185));
#7728=CARTESIAN_POINT('Ctrl Pts',(29.1,77.4335645347674,92.7688082646536));
#7729=CARTESIAN_POINT('Ctrl Pts',(29.1,77.0862619352395,92.966959139738));
#7730=CARTESIAN_POINT('Ctrl Pts',(29.1,76.1977816168914,93.4117007477282));
#7731=CARTESIAN_POINT('Ctrl Pts',(29.1,75.3548048509795,93.9366910783308));
#7732=CARTESIAN_POINT('Ctrl Pts',(29.1,74.4728843440717,94.5645679775785));
#7733=CARTESIAN_POINT('Ctrl Pts',(29.1,73.8909620999045,95.0087091365587));
#7734=CARTESIAN_POINT('Ctrl Pts',(29.1,73.1762508808491,95.6674700856078));
#7735=CARTESIAN_POINT('Ctrl Pts',(29.1,72.7030445798121,96.2315619716325));
#7736=CARTESIAN_POINT('Ctrl Pts',(29.1,72.5382850469093,96.6978022480098));
#7737=CARTESIAN_POINT('Ctrl Pts',(29.1,72.5099017572297,96.9389829327831));
#7738=CARTESIAN_POINT('Ctrl Pts',(29.1,77.4113196401061,92.7298291722921));
#7739=CARTESIAN_POINT('Ctrl Pts',(29.1,77.0657868632307,92.9270205320177));
#7740=CARTESIAN_POINT('Ctrl Pts',(29.1,76.1777820454467,93.3759943944906));
#7741=CARTESIAN_POINT('Ctrl Pts',(29.1,75.3355963674768,93.9082946306636));
#7742=CARTESIAN_POINT('Ctrl Pts',(29.1,74.4559237618116,94.5424121303047));
#7743=CARTESIAN_POINT('Ctrl Pts',(29.1,73.8757821604054,94.9904966788285));
#7744=CARTESIAN_POINT('Ctrl Pts',(29.1,73.163557907239,95.6553378255062));
#7745=CARTESIAN_POINT('Ctrl Pts',(29.1,72.6918822858907,96.2250592635982));
#7746=CARTESIAN_POINT('Ctrl Pts',(29.1,72.527701971748,96.6953097733744));
#7747=CARTESIAN_POINT('Ctrl Pts',(29.1,72.4994426144697,96.9377638621807));
#7748=CARTESIAN_POINT('',(29.0865702732091,72.5710104180749,96.9461054832342));
#7749=CARTESIAN_POINT('Origin',(28.9,72.4994426144697,96.9377638621807));
#7750=CARTESIAN_POINT('Ctrl Pts',(29.0865702732091,72.5710104180749,96.9461054832342));
#7751=CARTESIAN_POINT('Ctrl Pts',(29.0858662332855,72.6001056904319,96.7122262642594));
#7752=CARTESIAN_POINT('Ctrl Pts',(29.0814227565855,72.7676079477981,96.2695942212953));
#7753=CARTESIAN_POINT('Ctrl Pts',(29.0643364862384,73.2473412900782,95.735586821821));
#7754=CARTESIAN_POINT('Ctrl Pts',(29.0364524054037,73.9708505235486,95.1054240929672));
#7755=CARTESIAN_POINT('Ctrl Pts',(29.0126610518905,74.5573790602653,94.674624519713));
#7756=CARTESIAN_POINT('Ctrl Pts',(28.9733753103514,75.4405815642424,94.0646910864265));
#7757=CARTESIAN_POINT('Ctrl Pts',(28.9281858307976,76.2750112892795,93.5520652967728));
#7758=CARTESIAN_POINT('Ctrl Pts',(28.9000000000209,77.1571528601764,93.1051558248611));
#7759=CARTESIAN_POINT('Ctrl Pts',(28.9,77.5104504185354,92.9035331986358));
#7760=CARTESIAN_POINT('Ctrl Pts',(29.1000000000001,72.5181512263953,97.3813987802067));
#7761=CARTESIAN_POINT('Ctrl Pts',(29.1000000000001,72.5181512263953,97.3766670995309));
#7762=CARTESIAN_POINT('Ctrl Pts',(29.1000000000001,72.5181490001903,97.3719515610996));
#7763=CARTESIAN_POINT('Ctrl Pts',(29.1,72.5182264174278,97.2230167766258));
#7764=CARTESIAN_POINT('Ctrl Pts',(29.1000000000001,72.5165697516828,97.0768849247491));
#7765=CARTESIAN_POINT('Ctrl Pts',(29.1000000000001,72.4994426144696,96.9377638621805));
#7766=CARTESIAN_POINT('Ctrl Pts',(29.1000000000001,72.5181512263953,97.3813987802067));
#7767=CARTESIAN_POINT('Ctrl Pts',(29.0999837738587,72.5181817042652,97.376666567088));
#7768=CARTESIAN_POINT('Ctrl Pts',(29.0999871120263,72.518197885905,97.3719545001972));
#7769=CARTESIAN_POINT('Ctrl Pts',(29.0988610280431,72.5209973364813,97.2231239575397));
#7770=CARTESIAN_POINT('Ctrl Pts',(29.0957810967329,72.5295471187626,97.0793026080958));
#7771=CARTESIAN_POINT('Ctrl Pts',(29.1,72.5238472809098,96.9406083602527));
#7772=CARTESIAN_POINT('Ctrl Pts',(29.1000000000001,72.5181512263953,97.3813987802067));
#7773=CARTESIAN_POINT('Ctrl Pts',(29.0999943708426,72.5181644070347,97.3766703864905));
#7774=CARTESIAN_POINT('Ctrl Pts',(29.0999462606102,72.5182969434444,97.371953609277));
#7775=CARTESIAN_POINT('Ctrl Pts',(29.098380402192,72.5224159348312,97.2233202536893));
#7776=CARTESIAN_POINT('Ctrl Pts',(29.091639867744,72.5415161972436,97.0817856752701));
#7777=CARTESIAN_POINT('Ctrl Pts',(29.0954218537084,72.5482444916481,96.9434519893217));
#7778=CARTESIAN_POINT('Ctrl Pts',(29.1000000000001,72.5181512263953,97.3813987802067));
#7779=CARTESIAN_POINT('Ctrl Pts',(29.0999808794105,72.5182021101607,97.3766677150917));
#7780=CARTESIAN_POINT('Ctrl Pts',(29.0999302817689,72.518337456726,97.3719589687959));
#7781=CARTESIAN_POINT('Ctrl Pts',(29.097289002671,72.5253549083451,97.223382580621));
#7782=CARTESIAN_POINT('Ctrl Pts',(29.0869863469538,72.5538156844915,97.0843235006337));
#7783=CARTESIAN_POINT('Ctrl Pts',(29.0865702732092,72.5710104180747,96.946105483234));
#7784=CARTESIAN_POINT('Ctrl Pts',(29.0999999999909,72.5181512264196,97.3813987779492));
#7785=CARTESIAN_POINT('Ctrl Pts',(29.0999808793944,72.5182021102037,97.3766677135938));
#7786=CARTESIAN_POINT('Ctrl Pts',(29.0999302817556,72.5183374567614,97.3719589680468));
#7787=CARTESIAN_POINT('Ctrl Pts',(29.097289002671,72.5253549083451,97.223382580621));
#7788=CARTESIAN_POINT('Ctrl Pts',(29.0869863469538,72.5538156844915,97.0843235006337));
#7789=CARTESIAN_POINT('Ctrl Pts',(29.0865702732092,72.5710104180747,96.946105483234));
#7790=CARTESIAN_POINT('Ctrl Pts',(32.1891036328417,73.4982569370124,75.913650896828));
#7791=CARTESIAN_POINT('Ctrl Pts',(32.0356215821114,73.7980042254093,75.9300877697787));
#7792=CARTESIAN_POINT('Ctrl Pts',(31.2199927861256,75.2239258284868,76.0808809185931));
#7793=CARTESIAN_POINT('Ctrl Pts',(29.5228264769427,77.107475001089,76.760540197736));
#7794=CARTESIAN_POINT('Ctrl Pts',(27.0049871679835,78.973636151161,78.0474362913542));
#7795=CARTESIAN_POINT('Ctrl Pts',(24.7255591789116,80.201626443556,79.3435656204639));
#7796=CARTESIAN_POINT('Ctrl Pts',(22.524331121547,81.0367859286341,80.6601121914387));
#7797=CARTESIAN_POINT('Ctrl Pts',(20.7431165136028,81.51672941106,81.7419449096717));
#7798=CARTESIAN_POINT('Ctrl Pts',(19.3439535902549,81.7888203954419,82.5987803203617));
#7799=CARTESIAN_POINT('Ctrl Pts',(18.2840658338887,81.9387067822304,83.2582632835378));
#7800=CARTESIAN_POINT('Ctrl Pts',(17.4290015841999,82.0289147533741,83.8277392157127));
#7801=CARTESIAN_POINT('Ctrl Pts',(16.8236505445062,82.0767215719511,84.2905935989823));
#7802=CARTESIAN_POINT('Ctrl Pts',(16.4777349988841,82.098350787963,84.7265168781078));
#7803=CARTESIAN_POINT('Ctrl Pts',(16.4275770010924,82.1012550266103,85.0750795823683));
#7804=CARTESIAN_POINT('Ctrl Pts',(16.5833217997742,82.0920141950408,85.4447588617854));
#7805=CARTESIAN_POINT('Ctrl Pts',(16.9185388326218,82.0694584051191,85.7710118996914));
#7806=CARTESIAN_POINT('Ctrl Pts',(17.596221640944,82.0136596198068,86.2986654824046));
#7807=CARTESIAN_POINT('Ctrl Pts',(18.5775799749955,81.9064274124473,86.9255901242306));
#7808=CARTESIAN_POINT('Ctrl Pts',(20.123213288526,81.6546711639017,87.8814704915785));
#7809=CARTESIAN_POINT('Ctrl Pts',(22.126354757925,81.1746683317306,89.0989592440501));
#7810=CARTESIAN_POINT('Ctrl Pts',(24.7615301412856,80.2130810726012,90.6830987890255));
#7811=CARTESIAN_POINT('Ctrl Pts',(27.8085581199268,78.5212306145362,92.4054315433485));
#7812=CARTESIAN_POINT('Ctrl Pts',(30.4856341171503,76.1914054744138,93.6719570815818));
#7813=CARTESIAN_POINT('Ctrl Pts',(31.7796056232066,74.2979981276466,94.0424946802878));
#7814=CARTESIAN_POINT('Ctrl Pts',(32.1891036328418,73.4982569370123,94.0863491031725));
#7815=CARTESIAN_POINT('Ctrl Pts',(31.7325567263067,73.3272146501128,75.9042716615595));
#7816=CARTESIAN_POINT('Ctrl Pts',(31.5867595838686,73.6177604276497,75.9149045666012));
#7817=CARTESIAN_POINT('Ctrl Pts',(30.8156162206155,75.002266170756,76.0299728177569));
#7818=CARTESIAN_POINT('Ctrl Pts',(29.1946073904464,76.8874385792901,76.649736489417));
#7819=CARTESIAN_POINT('Ctrl Pts',(26.7569729795971,78.8051405627973,77.9000558169642));
#7820=CARTESIAN_POINT('Ctrl Pts',(24.5380278126099,80.0870142810903,79.1932060958102));
#7821=CARTESIAN_POINT('Ctrl Pts',(22.3881239364452,80.9684042002438,80.52935758227));
#7822=CARTESIAN_POINT('Ctrl Pts',(20.6445977705481,81.4779096705565,81.6371951554902));
#7823=CARTESIAN_POINT('Ctrl Pts',(19.2724012850238,81.7677471731956,82.5189043047234));
#7824=CARTESIAN_POINT('Ctrl Pts',(18.2311155379402,81.927678200305,83.1992830321402));
#7825=CARTESIAN_POINT('Ctrl Pts',(17.3896828937744,82.0240277030008,83.787625549821));
#7826=CARTESIAN_POINT('Ctrl Pts',(16.7931076971647,82.0751167379648,84.2662065374999));
#7827=CARTESIAN_POINT('Ctrl Pts',(16.4517798129933,82.0982380823264,84.7170842957567));
#7828=CARTESIAN_POINT('Ctrl Pts',(16.4022854264013,82.1013443886286,85.0776830885352));
#7829=CARTESIAN_POINT('Ctrl Pts',(16.5559724845826,82.0914639033166,85.460057790355));
#7830=CARTESIAN_POINT('Ctrl Pts',(16.8866619722305,82.0673565430048,85.7975294767321));
#7831=CARTESIAN_POINT('Ctrl Pts',(17.5543549829353,82.0077381031732,86.3429869773548));
#7832=CARTESIAN_POINT('Ctrl Pts',(18.5198958612228,81.8931902303937,86.9906701334941));
#7833=CARTESIAN_POINT('Ctrl Pts',(20.0370686157939,81.6247449898547,87.9758210617221));
#7834=CARTESIAN_POINT('Ctrl Pts',(21.9993630513185,81.1142458456416,89.2254708247701));
#7835=CARTESIAN_POINT('Ctrl Pts',(24.5733375374484,80.0983628900613,90.8351294225045));
#7836=CARTESIAN_POINT('Ctrl Pts',(27.5395687804985,78.3327617872589,92.5510594189688));
#7837=CARTESIAN_POINT('Ctrl Pts',(30.1190070684286,75.9587676534597,93.7544477585563));
#7838=CARTESIAN_POINT('Ctrl Pts',(31.344129160776,74.1007939278326,94.0679315858839));
#7839=CARTESIAN_POINT('Ctrl Pts',(31.7325567263068,73.3272146501128,94.095728338441));
#7840=CARTESIAN_POINT('Ctrl Pts',(31.046583739618,73.0718606341794,75.8602490577521));
#7841=CARTESIAN_POINT('Ctrl Pts',(30.9124140634973,73.3489856854399,75.8636112523156));
#7842=CARTESIAN_POINT('Ctrl Pts',(30.2047045295217,74.6750742600203,75.9343026827395));
#7843=CARTESIAN_POINT('Ctrl Pts',(28.6978618232814,76.5585428010311,76.4749805795405));
#7844=CARTESIAN_POINT('Ctrl Pts',(26.3811179491892,78.5510306234564,77.6759885644749));
#7845=CARTESIAN_POINT('Ctrl Pts',(24.2545436472051,79.9127971617006,78.9666289065117));
#7846=CARTESIAN_POINT('Ctrl Pts',(22.1827619925562,80.8640586754775,80.332854330989));
#7847=CARTESIAN_POINT('Ctrl Pts',(20.4963949318535,81.4185281242203,81.4799251520925));
#7848=CARTESIAN_POINT('Ctrl Pts',(19.164928328026,81.7354918744262,82.399026773257));
#7849=CARTESIAN_POINT('Ctrl Pts',(18.151645391806,81.9108002402571,83.1107517575098));
#7850=CARTESIAN_POINT('Ctrl Pts',(17.3307445078683,82.0165687204621,83.7274441984558));
#7851=CARTESIAN_POINT('Ctrl Pts',(16.7472758830362,82.072689132918,84.2295326107573));
#7852=CARTESIAN_POINT('Ctrl Pts',(16.4128369759279,82.0980981321517,84.7029582386277));
#7853=CARTESIAN_POINT('Ctrl Pts',(16.3642656717759,82.1015130425931,85.0815246186196));
#7854=CARTESIAN_POINT('Ctrl Pts',(16.5149966382815,82.0906504993315,85.4830966823893));
#7855=CARTESIAN_POINT('Ctrl Pts',(16.8387182096826,82.0641697414636,85.8372333755847));
#7856=CARTESIAN_POINT('Ctrl Pts',(17.4916309275918,81.998665748194,86.409625389148));
#7857=CARTESIAN_POINT('Ctrl Pts',(18.4331782068104,81.8729681634251,87.0883351697351));
#7858=CARTESIAN_POINT('Ctrl Pts',(19.907687175178,81.5788785264984,88.1175244481452));
#7859=CARTESIAN_POINT('Ctrl Pts',(21.8078988610253,81.0220210097013,89.4154804947033));
#7860=CARTESIAN_POINT('Ctrl Pts',(24.2888356864991,79.9239177066639,91.0642534432337));
#7861=CARTESIAN_POINT('Ctrl Pts',(27.1320395826722,78.0489247156167,92.7730239984054));
#7862=CARTESIAN_POINT('Ctrl Pts',(29.5639406007482,75.6132750328592,93.8910494657353));
#7863=CARTESIAN_POINT('Ctrl Pts',(30.6897187611499,73.808632381815,94.131734698113));
#7864=CARTESIAN_POINT('Ctrl Pts',(31.0465841590554,73.0718607917913,94.1397509422484));
#7865=CARTESIAN_POINT('Ctrl Pts',(30.1908323330298,72.7788367779639,75.339753025526));
#7866=CARTESIAN_POINT('Ctrl Pts',(30.0695713963686,73.0537972707124,75.3418883314742));
#7867=CARTESIAN_POINT('Ctrl Pts',(29.4348492116428,74.3710616050173,75.4080309696933));
#7868=CARTESIAN_POINT('Ctrl Pts',(28.0599425383433,76.2916875264201,75.9653703095357));
#7869=CARTESIAN_POINT('Ctrl Pts',(25.8914492234226,78.3632531833978,77.2268842581199));
#7870=CARTESIAN_POINT('Ctrl Pts',(23.8812879147446,79.7902494246847,78.5907597336803));
#7871=CARTESIAN_POINT('Ctrl Pts',(21.9108344653344,80.7920329242922,80.0393300538386));
#7872=CARTESIAN_POINT('Ctrl Pts',(20.2994815257393,81.3778293162095,81.2574053874304));
#7873=CARTESIAN_POINT('Ctrl Pts',(19.0218765209557,81.7136014892735,82.2341551471202));
#7874=CARTESIAN_POINT('Ctrl Pts',(18.0457609186913,81.8997171635424,82.9908302536431));
#7875=CARTESIAN_POINT('Ctrl Pts',(17.2521222419108,82.0122230184643,83.6465902977563));
#7876=CARTESIAN_POINT('Ctrl Pts',(16.6861888359866,82.0720258084996,84.1805865619372));
#7877=CARTESIAN_POINT('Ctrl Pts',(16.3609260824011,82.0991387117999,84.6840657013102));
#7878=CARTESIAN_POINT('Ctrl Pts',(16.3136707533,82.1027853050163,85.0867285267745));
#7879=CARTESIAN_POINT('Ctrl Pts',(16.4603068669831,82.0911904512871,85.5137794381898));
#7880=CARTESIAN_POINT('Ctrl Pts',(16.7749473706517,82.0629456692992,85.8904725840018));
#7881=CARTESIAN_POINT('Ctrl Pts',(17.407924926912,81.9931753462454,86.4991285075055));
#7882=CARTESIAN_POINT('Ctrl Pts',(18.3178013409404,81.8594614990395,87.2208776035521));
#7883=CARTESIAN_POINT('Ctrl Pts',(19.735514245204,81.5475785249442,88.3148679529526));
#7884=CARTESIAN_POINT('Ctrl Pts',(21.5541633802373,80.9584897302951,89.6937130361283));
#7885=CARTESIAN_POINT('Ctrl Pts',(23.914204737858,79.8017302076732,91.4422134558991));
#7886=CARTESIAN_POINT('Ctrl Pts',(26.6019029764263,77.8366348276094,93.247532716057));
#7887=CARTESIAN_POINT('Ctrl Pts',(28.8577947924355,75.3176476995012,94.4149681954754));
#7888=CARTESIAN_POINT('Ctrl Pts',(29.8689038760112,73.5084895778195,94.6557049079454));
#7889=CARTESIAN_POINT('Ctrl Pts',(30.1908348320547,72.7788377170223,94.6602469744746));
#7890=CARTESIAN_POINT('Ctrl Pts',(29.4511080386132,72.5440394050137,74.5525153673207));
#7891=CARTESIAN_POINT('Ctrl Pts',(29.3393383236336,72.8271013233155,74.5583630153444));
#7892=CARTESIAN_POINT('Ctrl Pts',(28.7573543083824,74.1828362553239,74.6517070049676));
#7893=CARTESIAN_POINT('Ctrl Pts',(27.4815804856908,76.1617882236527,75.2965945958477));
#7894=CARTESIAN_POINT('Ctrl Pts',(25.4328536608372,78.2921037696573,76.6914723254528));
#7895=CARTESIAN_POINT('Ctrl Pts',(23.5229329431899,79.7512621197125,78.1726305209573));
#7896=CARTESIAN_POINT('Ctrl Pts',(21.6451583875729,80.7708727205983,79.7277657381661));
#7897=CARTESIAN_POINT('Ctrl Pts',(20.1050778058875,81.366184932899,81.027531826917));
#7898=CARTESIAN_POINT('Ctrl Pts',(18.8798169733669,81.707625559503,82.0663963750357));
#7899=CARTESIAN_POINT('Ctrl Pts',(17.9402715901389,81.8972300053108,82.8698026170213));
#7900=CARTESIAN_POINT('Ctrl Pts',(17.1736510745402,82.0121002837534,83.5653885497928));
#7901=CARTESIAN_POINT('Ctrl Pts',(16.6251527799188,82.0733136678224,84.1315438445644));
#7902=CARTESIAN_POINT('Ctrl Pts',(16.3090386060039,82.1011209282369,84.6651606650788));
#7903=CARTESIAN_POINT('Ctrl Pts',(16.2630859134253,82.1048637757653,85.0919277506917));
#7904=CARTESIAN_POINT('Ctrl Pts',(16.4056568381117,82.0929664812562,85.5445097314081));
#7905=CARTESIAN_POINT('Ctrl Pts',(16.7112250899781,82.0640160339299,85.9438212991116));
#7906=CARTESIAN_POINT('Ctrl Pts',(17.3244172081066,81.9926335671288,86.5891134665527));
#7907=CARTESIAN_POINT('Ctrl Pts',(18.2028787522057,81.8561302485836,87.3547721530365));
#7908=CARTESIAN_POINT('Ctrl Pts',(19.5650205080147,81.5387203819164,88.5170795766741));
#7909=CARTESIAN_POINT('Ctrl Pts',(21.3052891295535,80.9400446458747,89.9861903377627));
#7910=CARTESIAN_POINT('Ctrl Pts',(23.5542497992095,79.7635301040786,91.8617019647555));
#7911=CARTESIAN_POINT('Ctrl Pts',(26.1086516317029,77.7530042150498,93.8245341997893));
#7912=CARTESIAN_POINT('Ctrl Pts',(28.2271025033752,75.1575798123817,95.1358528316548));
#7913=CARTESIAN_POINT('Ctrl Pts',(29.1546847127012,73.295093643086,95.4330179323477));
#7914=CARTESIAN_POINT('Ctrl Pts',(29.4511125434054,72.5440410977792,95.4474846326798));
#7915=CARTESIAN_POINT('Ctrl Pts',(29.1122412395306,72.4700128733645,73.5803501721292));
#7916=CARTESIAN_POINT('Ctrl Pts',(28.9989319992342,72.7738917550158,73.5940539455126));
#7917=CARTESIAN_POINT('Ctrl Pts',(28.4054732103287,74.2254209490634,73.7404131470233));
#7918=CARTESIAN_POINT('Ctrl Pts',(27.1198542594856,76.27138802357,74.524896654016));
#7919=CARTESIAN_POINT('Ctrl Pts',(25.0903931555011,78.4115696108354,76.1018764157771));
#7920=CARTESIAN_POINT('Ctrl Pts',(23.2215281028272,79.845188379892,77.7285312201895));
#7921=CARTESIAN_POINT('Ctrl Pts',(21.4036147544503,80.8296220784846,79.4052245646974));
#7922=CARTESIAN_POINT('Ctrl Pts',(19.9204229802506,81.3998183741526,80.7932109884674));
#7923=CARTESIAN_POINT('Ctrl Pts',(18.7416021308407,81.7263149571071,81.8968935959825));
#7924=CARTESIAN_POINT('Ctrl Pts',(17.8363177911807,81.908037594082,82.7480950112143));
#7925=CARTESIAN_POINT('Ctrl Pts',(17.0957623401977,82.0185410555719,83.4839758029865));
#7926=CARTESIAN_POINT('Ctrl Pts',(16.5643181392377,82.0776957521757,84.0824119524574));
#7927=CARTESIAN_POINT('Ctrl Pts',(16.2572442856162,82.1046656758104,84.6462557282865));
#7928=CARTESIAN_POINT('Ctrl Pts',(16.2125473687858,82.1082987646761,85.0971030278282));
#7929=CARTESIAN_POINT('Ctrl Pts',(16.3511595646485,82.096751333957,85.5752986973635));
#7930=CARTESIAN_POINT('Ctrl Pts',(16.6477011110111,82.0687041927036,85.9972118648847));
#7931=CARTESIAN_POINT('Ctrl Pts',(17.2416706423645,81.9997655960413,86.6794370863786));
#7932=CARTESIAN_POINT('Ctrl Pts',(18.0897332486528,81.8685297237222,87.4894886793797));
#7933=CARTESIAN_POINT('Ctrl Pts',(19.4010248319314,81.5647232308971,88.7222578460474));
#7934=CARTESIAN_POINT('Ctrl Pts',(21.075289072125,80.9922221976318,90.2872862450576));
#7935=CARTESIAN_POINT('Ctrl Pts',(23.2504034595852,79.8587532333082,92.3067387160304));
#7936=CARTESIAN_POINT('Ctrl Pts',(25.7530312896963,77.8809170886516,94.4658673681959));
#7937=CARTESIAN_POINT('Ctrl Pts',(27.8671936636265,75.2463287040952,95.9863657545376));
#7938=CARTESIAN_POINT('Ctrl Pts',(28.811282369238,73.2782691803356,96.3838885209336));
#7939=CARTESIAN_POINT('Ctrl Pts',(29.1122434049558,72.4700136870662,96.4196498278713));
#7940=CARTESIAN_POINT('Ctrl Pts',(29.1043965087936,72.5064512251306,72.8620933341166));
#7941=CARTESIAN_POINT('Ctrl Pts',(28.9830238538534,72.8299498581975,72.8822368859406));
#7942=CARTESIAN_POINT('Ctrl Pts',(28.3410817313389,74.3692001954377,73.0722527050364));
#7943=CARTESIAN_POINT('Ctrl Pts',(26.980293773239,76.4571285777149,73.9619872725155));
#7944=CARTESIAN_POINT('Ctrl Pts',(24.9039881147049,78.5768543249591,75.6706469856516));
#7945=CARTESIAN_POINT('Ctrl Pts',(23.0298342748133,79.966007351033,77.4015974818367));
#7946=CARTESIAN_POINT('Ctrl Pts',(21.2370213637416,80.903207149159,79.1661147240463));
#7947=CARTESIAN_POINT('Ctrl Pts',(19.787803896113,81.441571134972,80.6186690179837));
#7948=CARTESIAN_POINT('Ctrl Pts',(18.640253712458,81.7492831025768,81.7702400566838));
#7949=CARTESIAN_POINT('Ctrl Pts',(17.759266520015,81.9209639581925,82.6570087552133));
#7950=CARTESIAN_POINT('Ctrl Pts',(17.0376642300515,82.0257592252626,83.4229706036989));
#7951=CARTESIAN_POINT('Ctrl Pts',(16.5188162671697,82.08212229448,84.0456011339798));
#7952=CARTESIAN_POINT('Ctrl Pts',(16.2184569400859,82.1079155475275,84.6320715088112));
#7953=CARTESIAN_POINT('Ctrl Pts',(16.1747114662009,82.1113918651606,85.101002303817));
#7954=CARTESIAN_POINT('Ctrl Pts',(16.3103501336887,82.1003436913945,85.5983623784598));
#7955=CARTESIAN_POINT('Ctrl Pts',(16.600237174527,82.0735443142689,86.0372563353008));
#7956=CARTESIAN_POINT('Ctrl Pts',(17.1800186747234,82.0079186233156,86.7470712206381));
#7957=CARTESIAN_POINT('Ctrl Pts',(18.0059977478672,81.8834999315085,87.5902814387143));
#7958=CARTESIAN_POINT('Ctrl Pts',(19.281902060183,81.5969487347684,88.8753470987534));
#7959=CARTESIAN_POINT('Ctrl Pts',(20.9142232825974,81.0572461599349,90.5108130086134));
#7960=CARTESIAN_POINT('Ctrl Pts',(23.0563900908449,79.9806264704752,92.634477656998));
#7961=CARTESIAN_POINT('Ctrl Pts',(25.5696574676774,78.0617563061224,94.9339846766327));
#7962=CARTESIAN_POINT('Ctrl Pts',(27.7626183728857,75.4258576707859,96.6073731615812));
#7963=CARTESIAN_POINT('Ctrl Pts',(28.7809737342513,73.3689145472449,97.0843988317282));
#7964=CARTESIAN_POINT('Ctrl Pts',(29.1043965087936,72.5064512251306,97.137906665884));
#7965=CARTESIAN_POINT('Ctrl Pts',(29.1,72.5181512263951,72.6186012220513));
#7966=CARTESIAN_POINT('Ctrl Pts',(28.9759496705054,72.8482743036083,72.6409987192588));
#7967=CARTESIAN_POINT('Ctrl Pts',(28.3176996812253,74.4169659069349,72.8464750978629));
#7968=CARTESIAN_POINT('Ctrl Pts',(26.9320398422509,76.518615538393,73.7726042254863));
#7969=CARTESIAN_POINT('Ctrl Pts',(24.8407358205875,78.6313004429792,75.5261769244826));
#7970=CARTESIAN_POINT('Ctrl Pts',(22.9653036756603,80.005629997159,77.2923311751375));
#7971=CARTESIAN_POINT('Ctrl Pts',(21.181212011921,80.9272733441873,79.0863067224));
#7972=CARTESIAN_POINT('Ctrl Pts',(19.7434817269747,81.4552175638627,80.5604524043877));
#7973=CARTESIAN_POINT('Ctrl Pts',(18.6064263941747,81.7567937431953,81.7280083486246));
#7974=CARTESIAN_POINT('Ctrl Pts',(17.7335634717291,81.9251961733332,82.6266444742712));
#7975=CARTESIAN_POINT('Ctrl Pts',(17.0182878198689,82.0281260822413,83.4026336565754));
#7976=CARTESIAN_POINT('Ctrl Pts',(16.5036466223436,82.0835761060803,84.0333363326791));
#7977=CARTESIAN_POINT('Ctrl Pts',(16.2055268201609,82.1089842433947,84.6273416800588));
#7978=CARTESIAN_POINT('Ctrl Pts',(16.1621032550505,82.1124091269557,85.1023062441062));
#7979=CARTESIAN_POINT('Ctrl Pts',(16.2967418755917,82.1015249166242,85.6060450424327));
#7980=CARTESIAN_POINT('Ctrl Pts',(16.5844199323901,82.0751326806593,86.0506096215575));
#7981=CARTESIAN_POINT('Ctrl Pts',(17.1594541009502,82.0105934136122,86.7696101078919));
#7982=CARTESIAN_POINT('Ctrl Pts',(17.9780702008576,81.8883953216823,87.623881048402));
#7983=CARTESIAN_POINT('Ctrl Pts',(19.2421159603304,81.6074886975794,88.9263993511618));
#7984=CARTESIAN_POINT('Ctrl Pts',(20.8603159749018,81.0784926520584,90.5853950138703));
#7985=CARTESIAN_POINT('Ctrl Pts',(22.9910961968638,80.0205876581833,92.7440027454853));
#7986=CARTESIAN_POINT('Ctrl Pts',(25.5072120977425,78.121400666801,95.0909177074198));
#7987=CARTESIAN_POINT('Ctrl Pts',(27.7258447529262,75.4854331762518,96.816732726551));
#7988=CARTESIAN_POINT('Ctrl Pts',(28.7690273371974,73.3989365847493,97.3216411028097));
#7989=CARTESIAN_POINT('Ctrl Pts',(29.1,72.518151226395,97.3813987779493));
#7990=CARTESIAN_POINT('Ctrl Pts',(28.8997665161673,77.5106285828921,77.0965931601408));
#7991=CARTESIAN_POINT('Ctrl Pts',(28.3278083633868,77.9925166357142,77.3715196676472));
#7992=CARTESIAN_POINT('Ctrl Pts',(26.9323702654913,79.0127568655471,78.0887277458597));
#7993=CARTESIAN_POINT('Ctrl Pts',(24.7255591789116,80.201626443556,79.3435656204639));
#7994=CARTESIAN_POINT('Ctrl Pts',(22.524331121547,81.0367859286341,80.6601121914387));
#7995=CARTESIAN_POINT('Ctrl Pts',(20.7431165136028,81.51672941106,81.7419449096717));
#7996=CARTESIAN_POINT('Ctrl Pts',(19.3439535902549,81.7888203954419,82.5987803203617));
#7997=CARTESIAN_POINT('Ctrl Pts',(18.2840658338887,81.9387067822304,83.2582632835378));
#7998=CARTESIAN_POINT('Ctrl Pts',(17.4290015841999,82.0289147533741,83.8277392157127));
#7999=CARTESIAN_POINT('Ctrl Pts',(16.8236505445062,82.0767215719511,84.2905935989823));
#8000=CARTESIAN_POINT('Ctrl Pts',(16.4777349988841,82.098350787963,84.7265168781078));
#8001=CARTESIAN_POINT('Ctrl Pts',(16.4275770010924,82.1012550266103,85.0750795823683));
#8002=CARTESIAN_POINT('Ctrl Pts',(16.5833217997742,82.0920141950408,85.4447588617854));
#8003=CARTESIAN_POINT('Ctrl Pts',(16.9185388326218,82.0694584051191,85.7710118996914));
#8004=CARTESIAN_POINT('Ctrl Pts',(17.596221640944,82.0136596198068,86.2986654824046));
#8005=CARTESIAN_POINT('Ctrl Pts',(18.5775799749955,81.9064274124473,86.9255901242306));
#8006=CARTESIAN_POINT('Ctrl Pts',(20.123213288526,81.6546711639017,87.8814704915785));
#8007=CARTESIAN_POINT('Ctrl Pts',(22.126354757925,81.1746683317306,89.0989592440501));
#8008=CARTESIAN_POINT('Ctrl Pts',(24.7615301412856,80.2130810726012,90.6830987890255));
#8009=CARTESIAN_POINT('Ctrl Pts',(27.0912592305907,78.9195080386358,91.9999783015657));
#8010=CARTESIAN_POINT('Ctrl Pts',(28.4894124857727,77.8562083547494,92.7063425351981));
#8011=CARTESIAN_POINT('Ctrl Pts',(28.9007512832673,77.5100576193803,92.9040338908313));
#8012=CARTESIAN_POINT('Ctrl Pts',(29.1000000000001,72.5181512535612,6.91906078096833));
#8013=CARTESIAN_POINT('Ctrl Pts',(31.1000000000001,72.5181512535612,6.91906078096833));
#8014=CARTESIAN_POINT('Ctrl Pts',(29.1000000000001,71.9640054697848,6.96297084841668));
#8015=CARTESIAN_POINT('Ctrl Pts',(31.1000000000001,71.9640054697848,6.96297084841668));
#8016=CARTESIAN_POINT('Ctrl Pts',(29.1000000000001,71.4055023954751,7.08304657231334));
#8017=CARTESIAN_POINT('Ctrl Pts',(31.1000000000001,71.4055023954751,7.08304657231334));
#8018=CARTESIAN_POINT('Ctrl Pts',(29.1000000000001,70.1533186147769,7.55281477182489));
#8019=CARTESIAN_POINT('Ctrl Pts',(31.1000000000001,70.1533186147769,7.55281477182489));
#8020=CARTESIAN_POINT('Ctrl Pts',(29.1000000000001,69.4941921930476,7.9487201314468));
#8021=CARTESIAN_POINT('Ctrl Pts',(31.1000000000001,69.4941921930476,7.9487201314468));
#8022=CARTESIAN_POINT('Ctrl Pts',(29.1000000000001,68.3646746380072,8.96488524658986));
#8023=CARTESIAN_POINT('Ctrl Pts',(31.1000000000001,68.3646746380072,8.96488524658986));
#8024=CARTESIAN_POINT('Ctrl Pts',(29.1000000000001,67.9021479819134,9.56592910932325));
#8025=CARTESIAN_POINT('Ctrl Pts',(31.1000000000001,67.9021479819134,9.56592910932325));
#8026=CARTESIAN_POINT('Ctrl Pts',(29.1000000000001,67.3302873421713,10.6929236414022));
#8027=CARTESIAN_POINT('Ctrl Pts',(31.1000000000001,67.3302873421713,10.6929236414022));
#8028=CARTESIAN_POINT('Ctrl Pts',(29.1000000000001,67.1570193828561,11.1747586344245));
#8029=CARTESIAN_POINT('Ctrl Pts',(31.1000000000001,67.1570193828561,11.1747586344245));
#8030=CARTESIAN_POINT('Ctrl Pts',(29.1000000000001,66.9859195066167,11.9432402810892));
#8031=CARTESIAN_POINT('Ctrl Pts',(31.1000000000001,66.9859195066167,11.9432402810892));
#8032=CARTESIAN_POINT('Ctrl Pts',(29.1000000000001,66.9441299727526,12.2168222922554));
#8033=CARTESIAN_POINT('Ctrl Pts',(31.1000000000001,66.9441299727526,12.2168222922554));
#8034=CARTESIAN_POINT('Ctrl Pts',(29.1000000000001,66.9033009873552,12.7065772342278));
#8035=CARTESIAN_POINT('Ctrl Pts',(31.1000000000001,66.9033009873552,12.7065772342278));
#8036=CARTESIAN_POINT('Ctrl Pts',(29.1000000000001,66.8966993455267,12.9214338515182));
#8037=CARTESIAN_POINT('Ctrl Pts',(31.1000000000001,66.8966993455267,12.9214338515182));
#8038=CARTESIAN_POINT('Ctrl Pts',(29.1000000000001,66.9066803507062,13.3660376383512));
#8039=CARTESIAN_POINT('Ctrl Pts',(31.1000000000001,66.9066803507062,13.3660376383512));
#8040=CARTESIAN_POINT('Ctrl Pts',(29.1000000000001,66.9247507586128,13.5954651993795));
#8041=CARTESIAN_POINT('Ctrl Pts',(31.1000000000001,66.9247507586128,13.5954651993795));
#8042=CARTESIAN_POINT('Ctrl Pts',(29.1000000000001,67.0025749780217,14.1662604213885));
#8043=CARTESIAN_POINT('Ctrl Pts',(31.1000000000001,67.0025749780217,14.1662604213885));
#8044=CARTESIAN_POINT('Ctrl Pts',(29.1000000000001,67.0783642353128,14.5050189331494));
#8045=CARTESIAN_POINT('Ctrl Pts',(31.1000000000001,67.0783642353128,14.5050189331494));
#8046=CARTESIAN_POINT('Ctrl Pts',(29.1000000000001,67.3953829156207,15.5091363577677));
#8047=CARTESIAN_POINT('Ctrl Pts',(31.1000000000001,67.3953829156207,15.5091363577677));
#8048=CARTESIAN_POINT('Ctrl Pts',(29.1000000000001,67.7234887033524,16.1417857621848));
#8049=CARTESIAN_POINT('Ctrl Pts',(31.1000000000001,67.7234887033524,16.1417857621848));
#8050=CARTESIAN_POINT('Ctrl Pts',(29.1000000000001,68.5621628740798,17.238782215244));
#8051=CARTESIAN_POINT('Ctrl Pts',(31.1000000000001,68.5621628740798,17.238782215244));
#8052=CARTESIAN_POINT('Ctrl Pts',(29.1000000000001,69.0560465200341,17.7017107800691));
#8053=CARTESIAN_POINT('Ctrl Pts',(31.1000000000001,69.0560465200341,17.7017107800691));
#8054=CARTESIAN_POINT('Ctrl Pts',(29.1000000000001,70.1982773599259,18.4637584703476));
#8055=CARTESIAN_POINT('Ctrl Pts',(31.1000000000001,70.1982773599259,18.4637584703476));
#8056=CARTESIAN_POINT('Ctrl Pts',(29.1000000000001,70.8367269251062,18.7447322618348));
#8057=CARTESIAN_POINT('Ctrl Pts',(31.1000000000001,70.8367269251062,18.7447322618348));
#8058=CARTESIAN_POINT('Ctrl Pts',(29.1000000000001,71.8412315560034,18.9991118529027));
#8059=CARTESIAN_POINT('Ctrl Pts',(31.1000000000001,71.8412315560034,18.9991118529027));
#8060=CARTESIAN_POINT('Ctrl Pts',(29.1000000000001,72.1808261471945,19.0542098496286));
#8061=CARTESIAN_POINT('Ctrl Pts',(31.1000000000001,72.1808261471945,19.0542098496286));
#8062=CARTESIAN_POINT('Ctrl Pts',(29.1000000000001,72.5181512799114,19.0809392211193));
#8063=CARTESIAN_POINT('Ctrl Pts',(31.1000000000001,72.5181512799114,19.0809392211193));
#8064=CARTESIAN_POINT('Ctrl Pts',(29.0999999798902,72.5181512799114,19.0809392211193));
#8065=CARTESIAN_POINT('Ctrl Pts',(29.2267566269442,72.1808261471945,19.0542098496286));
#8066=CARTESIAN_POINT('Ctrl Pts',(29.3393117234069,71.8412315560034,18.9991118529027));
#8067=CARTESIAN_POINT('Ctrl Pts',(29.6314850409332,70.8367269251062,18.7447322618348));
#8068=CARTESIAN_POINT('Ctrl Pts',(29.7636299850331,70.1982773599259,18.4637584703476));
#8069=CARTESIAN_POINT('Ctrl Pts',(29.9417572088881,69.0560465200341,17.7017107800691));
#8070=CARTESIAN_POINT('Ctrl Pts',(29.9900148845451,68.5621628740798,17.238782215244));
#8071=CARTESIAN_POINT('Ctrl Pts',(30.053410105455,67.7234887033524,16.1417857621847));
#8072=CARTESIAN_POINT('Ctrl Pts',(30.066506182729,67.3953829156207,15.5091363577677));
#8073=CARTESIAN_POINT('Ctrl Pts',(30.0780600816839,67.0783642353128,14.5050189331494));
#8074=CARTESIAN_POINT('Ctrl Pts',(30.0803208459172,67.0025749780217,14.1662604213885));
#8075=CARTESIAN_POINT('Ctrl Pts',(30.0825903164328,66.9247507586128,13.5954651993795));
#8076=CARTESIAN_POINT('Ctrl Pts',(30.0830810828331,66.9066803507062,13.3660376383512));
#8077=CARTESIAN_POINT('Ctrl Pts',(30.083355848449,66.8966993455267,12.9214338515182));
#8078=CARTESIAN_POINT('Ctrl Pts',(30.0831787837444,66.9033009873552,12.7065772342278));
#8079=CARTESIAN_POINT('Ctrl Pts',(30.0820310495769,66.9441299727526,12.2168222922554));
#8080=CARTESIAN_POINT('Ctrl Pts',(30.080849151901,66.9859195066167,11.9432402810892));
#8081=CARTESIAN_POINT('Ctrl Pts',(30.0753817036294,67.1570193828561,11.1747586344245));
#8082=CARTESIAN_POINT('Ctrl Pts',(30.0695075419501,67.3302873421713,10.6929236414022));
#8083=CARTESIAN_POINT('Ctrl Pts',(30.0408252701417,67.9021479819134,9.56592910932325));
#8084=CARTESIAN_POINT('Ctrl Pts',(30.0121414279918,68.3646746380072,8.96488524658986));
#8085=CARTESIAN_POINT('Ctrl Pts',(29.8824692702024,69.4941921930476,7.9487201314468));
#8086=CARTESIAN_POINT('Ctrl Pts',(29.7791550963373,70.1533186147769,7.55281477182489));
#8087=CARTESIAN_POINT('Ctrl Pts',(29.4770529182851,71.4055023954751,7.08304657231334));
#8088=CARTESIAN_POINT('Ctrl Pts',(29.3082313200017,71.9640054697848,6.96297084841668));
#8089=CARTESIAN_POINT('Ctrl Pts',(29.0999999897918,72.5181512535612,6.91906078096833));
#8090=CARTESIAN_POINT('Origin',(40.1000000000003,73.,12.9999999999998));
#8091=CARTESIAN_POINT('',(40.1000000000003,73.,6.89999999999982));
#8092=CARTESIAN_POINT('Ctrl Pts',(29.1000000000001,72.5181512265758,78.9190607831071));
#8093=CARTESIAN_POINT('Ctrl Pts',(31.1000000000001,72.5181512265758,78.9190607831071));
#8094=CARTESIAN_POINT('Ctrl Pts',(29.1000000000001,71.9640054429942,78.9629708530146));
#8095=CARTESIAN_POINT('Ctrl Pts',(31.1000000000001,71.9640054429942,78.9629708530146));
#8096=CARTESIAN_POINT('Ctrl Pts',(29.1000000000001,71.4055023954751,79.0830465723138));
#8097=CARTESIAN_POINT('Ctrl Pts',(31.1000000000001,71.4055023954751,79.0830465723138));
#8098=CARTESIAN_POINT('Ctrl Pts',(29.1000000000001,70.153318614777,79.5528147718253));
#8099=CARTESIAN_POINT('Ctrl Pts',(31.1000000000001,70.153318614777,79.5528147718253));
#8100=CARTESIAN_POINT('Ctrl Pts',(29.1000000000001,69.4941921930476,79.9487201314472));
#8101=CARTESIAN_POINT('Ctrl Pts',(31.1000000000001,69.4941921930476,79.9487201314472));
#8102=CARTESIAN_POINT('Ctrl Pts',(29.1000000000001,68.3646746380073,80.9648852465902));
#8103=CARTESIAN_POINT('Ctrl Pts',(31.1000000000001,68.3646746380073,80.9648852465902));
#8104=CARTESIAN_POINT('Ctrl Pts',(29.1000000000001,67.9021479819135,81.5659291093235));
#8105=CARTESIAN_POINT('Ctrl Pts',(31.1000000000001,67.9021479819135,81.5659291093235));
#8106=CARTESIAN_POINT('Ctrl Pts',(29.1000000000001,67.3302873421714,82.6929236414026));
#8107=CARTESIAN_POINT('Ctrl Pts',(31.1000000000001,67.3302873421714,82.6929236414026));
#8108=CARTESIAN_POINT('Ctrl Pts',(29.1000000000001,67.1570193828562,83.174758634425));
#8109=CARTESIAN_POINT('Ctrl Pts',(31.1000000000001,67.1570193828562,83.174758634425));
#8110=CARTESIAN_POINT('Ctrl Pts',(29.1000000000001,66.9859195066167,83.9432402810895));
#8111=CARTESIAN_POINT('Ctrl Pts',(31.1000000000001,66.9859195066167,83.9432402810895));
#8112=CARTESIAN_POINT('Ctrl Pts',(29.1000000000001,66.9441299727526,84.2168222922556));
#8113=CARTESIAN_POINT('Ctrl Pts',(31.1000000000001,66.9441299727526,84.2168222922556));
#8114=CARTESIAN_POINT('Ctrl Pts',(29.1000000000001,66.9033009873552,84.7065772342283));
#8115=CARTESIAN_POINT('Ctrl Pts',(31.1000000000001,66.9033009873552,84.7065772342283));
#8116=CARTESIAN_POINT('Ctrl Pts',(29.1000000000001,66.8966993455267,84.9214338515186));
#8117=CARTESIAN_POINT('Ctrl Pts',(31.1000000000001,66.8966993455267,84.9214338515186));
#8118=CARTESIAN_POINT('Ctrl Pts',(29.1000000000001,66.9066803507062,85.3660376383516));
#8119=CARTESIAN_POINT('Ctrl Pts',(31.1000000000001,66.9066803507062,85.3660376383516));
#8120=CARTESIAN_POINT('Ctrl Pts',(29.1000000000001,66.9247507586128,85.5954651993799));
#8121=CARTESIAN_POINT('Ctrl Pts',(31.1000000000001,66.9247507586128,85.5954651993799));
#8122=CARTESIAN_POINT('Ctrl Pts',(29.1000000000001,67.0025749780217,86.1662604213888));
#8123=CARTESIAN_POINT('Ctrl Pts',(31.1000000000001,67.0025749780217,86.1662604213888));
#8124=CARTESIAN_POINT('Ctrl Pts',(29.1000000000001,67.0783642353128,86.5050189331497));
#8125=CARTESIAN_POINT('Ctrl Pts',(31.1000000000001,67.0783642353128,86.5050189331497));
#8126=CARTESIAN_POINT('Ctrl Pts',(29.1000000000001,67.3953829156207,87.5091363577679));
#8127=CARTESIAN_POINT('Ctrl Pts',(31.1000000000001,67.3953829156207,87.5091363577679));
#8128=CARTESIAN_POINT('Ctrl Pts',(29.1000000000001,67.7234887033523,88.1417857621849));
#8129=CARTESIAN_POINT('Ctrl Pts',(31.1000000000001,67.7234887033523,88.1417857621849));
#8130=CARTESIAN_POINT('Ctrl Pts',(29.1000000000001,68.5621628740796,89.2387822152442));
#8131=CARTESIAN_POINT('Ctrl Pts',(31.1000000000001,68.5621628740796,89.2387822152442));
#8132=CARTESIAN_POINT('Ctrl Pts',(29.1000000000001,69.0560465200339,89.7017107800693));
#8133=CARTESIAN_POINT('Ctrl Pts',(31.1000000000001,69.0560465200339,89.7017107800693));
#8134=CARTESIAN_POINT('Ctrl Pts',(29.1000000000001,70.1982773599256,90.4637584703478));
#8135=CARTESIAN_POINT('Ctrl Pts',(31.1000000000001,70.1982773599256,90.4637584703478));
#8136=CARTESIAN_POINT('Ctrl Pts',(29.1000000000001,70.8367269251059,90.7447322618351));
#8137=CARTESIAN_POINT('Ctrl Pts',(31.1000000000001,70.8367269251059,90.7447322618351));
#8138=CARTESIAN_POINT('Ctrl Pts',(29.1000000000001,71.8412315560032,90.9991118529031));
#8139=CARTESIAN_POINT('Ctrl Pts',(31.1000000000001,71.8412315560032,90.9991118529031));
#8140=CARTESIAN_POINT('Ctrl Pts',(29.1000000000001,72.1808261471944,91.054209849629));
#8141=CARTESIAN_POINT('Ctrl Pts',(31.1000000000001,72.1808261471944,91.054209849629));
#8142=CARTESIAN_POINT('Ctrl Pts',(29.1000000000001,72.5181512799114,91.0809392211197));
#8143=CARTESIAN_POINT('Ctrl Pts',(31.1000000000001,72.5181512799114,91.0809392211197));
#8144=CARTESIAN_POINT('Ctrl Pts',(29.0999999798902,72.5181512799114,91.0809392211197));
#8145=CARTESIAN_POINT('Ctrl Pts',(29.2267566269442,72.1808261471943,91.054209849629));
#8146=CARTESIAN_POINT('Ctrl Pts',(29.339311723407,71.8412315560032,90.9991118529031));
#8147=CARTESIAN_POINT('Ctrl Pts',(29.6314850409333,70.8367269251059,90.7447322618351));
#8148=CARTESIAN_POINT('Ctrl Pts',(29.7636299850331,70.1982773599256,90.4637584703478));
#8149=CARTESIAN_POINT('Ctrl Pts',(29.9417572088882,69.0560465200339,89.7017107800693));
#8150=CARTESIAN_POINT('Ctrl Pts',(29.9900148845451,68.5621628740796,89.2387822152442));
#8151=CARTESIAN_POINT('Ctrl Pts',(30.0534101054551,67.7234887033523,88.1417857621849));
#8152=CARTESIAN_POINT('Ctrl Pts',(30.066506182729,67.3953829156207,87.5091363577679));
#8153=CARTESIAN_POINT('Ctrl Pts',(30.0780600816839,67.0783642353128,86.5050189331497));
#8154=CARTESIAN_POINT('Ctrl Pts',(30.0803208459173,67.0025749780217,86.1662604213888));
#8155=CARTESIAN_POINT('Ctrl Pts',(30.0825903164329,66.9247507586128,85.5954651993799));
#8156=CARTESIAN_POINT('Ctrl Pts',(30.0830810828331,66.9066803507062,85.3660376383516));
#8157=CARTESIAN_POINT('Ctrl Pts',(30.083355848449,66.8966993455267,84.9214338515186));
#8158=CARTESIAN_POINT('Ctrl Pts',(30.0831787837444,66.9033009873552,84.7065772342283));
#8159=CARTESIAN_POINT('Ctrl Pts',(30.0820310495769,66.9441299727526,84.2168222922556));
#8160=CARTESIAN_POINT('Ctrl Pts',(30.080849151901,66.9859195066167,83.9432402810895));
#8161=CARTESIAN_POINT('Ctrl Pts',(30.0753817036294,67.1570193828562,83.174758634425));
#8162=CARTESIAN_POINT('Ctrl Pts',(30.0695075419502,67.3302873421714,82.6929236414026));
#8163=CARTESIAN_POINT('Ctrl Pts',(30.0408252701417,67.9021479819135,81.5659291093235));
#8164=CARTESIAN_POINT('Ctrl Pts',(30.0121414279918,68.3646746380073,80.9648852465902));
#8165=CARTESIAN_POINT('Ctrl Pts',(29.8824692702024,69.4941921930476,79.9487201314472));
#8166=CARTESIAN_POINT('Ctrl Pts',(29.7791550963373,70.153318614777,79.5528147718253));
#8167=CARTESIAN_POINT('Ctrl Pts',(29.4770529182851,71.4055023954751,79.0830465723138));
#8168=CARTESIAN_POINT('Ctrl Pts',(29.3082313200017,71.9640054697848,78.9629708484171));
#8169=CARTESIAN_POINT('Ctrl Pts',(29.0999999897918,72.5181512535612,78.9190607809687));
#8170=CARTESIAN_POINT('Origin',(40.1000000000003,73.,85.0000000000003));
#8171=CARTESIAN_POINT('',(40.1000000000003,73.,78.9000000000003));
#8172=CARTESIAN_POINT('Origin',(-4.89999999999999,-18.7,98.2));
#8173=CARTESIAN_POINT('',(-1.62689999999995,-18.7,-0.0700000000011514));
#8174=CARTESIAN_POINT('Origin',(40.1000000000003,73.,12.9999999999998));
#8175=CARTESIAN_POINT('Origin',(40.1000000000003,73.,85.0000000000003));
#8176=CARTESIAN_POINT('Origin',(-4.89999999999999,69.7,100.7));
#8177=CARTESIAN_POINT('',(19.1,-16.4,100.7));
#8178=CARTESIAN_POINT('',(19.1,48.225,100.7));
#8179=CARTESIAN_POINT('',(-4.89999999999999,-16.4,100.7));
#8180=CARTESIAN_POINT('',(-4.9,69.9,100.7));
#8181=CARTESIAN_POINT('Origin',(-4.90000000000001,69.9,-0.400000000000169));
#8182=CARTESIAN_POINT('',(-4.90000000000001,72.2,-0.400000000000169));
#8183=CARTESIAN_POINT('Origin',(-4.89999999999985,81.5093299041394,-5.27349004448771));
#8184=CARTESIAN_POINT('',(1.80000000000015,81.5093299041394,-3.2734900444877));
#8185=CARTESIAN_POINT('',(-4.89999999999985,81.5093299041394,-3.2734900444877));
#8186=CARTESIAN_POINT('Origin',(1.80000000000015,81.5093299041394,-5.27349004448771));
#8187=CARTESIAN_POINT('Origin',(1.80000000000015,81.5093299041394,-5.27349004448771));
#8188=CARTESIAN_POINT('Origin',(-4.89999999999985,81.5093299041394,102.976509955512));
#8189=CARTESIAN_POINT('',(1.80000000000015,81.5093299041394,104.976509955512));
#8190=CARTESIAN_POINT('',(-4.89999999999985,81.5093299041394,104.976509955512));
#8191=CARTESIAN_POINT('Origin',(1.80000000000015,81.5093299041394,102.976509955512));
#8192=CARTESIAN_POINT('Origin',(1.80000000000015,81.5093299041394,102.976509955512));
#8193=CARTESIAN_POINT('Origin',(-4.89999999999985,-19.9906700958606,-5.27349004448771));
#8194=CARTESIAN_POINT('',(1.80000000000015,-19.9906700958606,-3.2734900444877));
#8195=CARTESIAN_POINT('',(-4.89999999999985,-19.9906700958606,-3.2734900444877));
#8196=CARTESIAN_POINT('Origin',(1.80000000000015,-19.9906700958606,-5.27349004448771));
#8197=CARTESIAN_POINT('Origin',(1.80000000000015,-19.9906700958606,-5.27349004448771));
#8198=CARTESIAN_POINT('Origin',(-4.89999999999985,-19.9906700958606,102.976509955512));
#8199=CARTESIAN_POINT('',(1.80000000000015,-19.9906700958606,104.976509955512));
#8200=CARTESIAN_POINT('',(-4.89999999999985,-19.9906700958606,104.976509955512));
#8201=CARTESIAN_POINT('Origin',(1.80000000000015,-19.9906700958606,102.976509955512));
#8202=CARTESIAN_POINT('Origin',(1.80000000000015,-19.9906700958606,102.976509955512));
#8203=CARTESIAN_POINT('Origin',(-4.89999999999999,72.2,98.4));
#8204=CARTESIAN_POINT('',(-4.9,72.2,98.4));
#8205=CARTESIAN_POINT('',(-4.9,82.2,98.4));
#8206=CARTESIAN_POINT('Origin',(30.1,72.2,-0.400000000000169));
#8207=CARTESIAN_POINT('',(-4.90000000000001,82.2,-0.400000000000169));
#8208=CARTESIAN_POINT('Origin',(-4.90000000000001,82.2,-0.200000000000173));
#8209=CARTESIAN_POINT('',(4.32000000000002,82.2,48.9999999999999));
#8210=CARTESIAN_POINT('',(4.32000000000003,82.2,77.58));
#8211=CARTESIAN_POINT('',(4.32000000000002,82.2,39.1899999999999));
#8212=CARTESIAN_POINT('',(3.32000000000002,82.2,47.9999999999999));
#8213=CARTESIAN_POINT('Ctrl Pts',(3.32000000000002,82.2,47.9999999999999));
#8214=CARTESIAN_POINT('Ctrl Pts',(3.39479982508549,82.2,47.9999999999999));
#8215=CARTESIAN_POINT('Ctrl Pts',(3.46880849775045,82.2,48.000380663067));
#8216=CARTESIAN_POINT('Ctrl Pts',(3.54253659540663,82.2,48.0087665303116));
#8217=CARTESIAN_POINT('Ctrl Pts',(3.61626469306281,82.2,48.0171523975562));
#8218=CARTESIAN_POINT('Ctrl Pts',(3.68971221571021,82.2,48.0335434689784));
#8219=CARTESIAN_POINT('Ctrl Pts',(3.76147753403223,82.2,48.0613497987324));
#8220=CARTESIAN_POINT('Ctrl Pts',(3.83324285235425,82.2,48.0891561284864));
#8221=CARTESIAN_POINT('Ctrl Pts',(3.90332596635089,82.2,48.1283777165722));
#8222=CARTESIAN_POINT('Ctrl Pts',(3.96821570932971,82.2,48.1778205373249));
#8223=CARTESIAN_POINT('Ctrl Pts',(4.03310545230852,82.2,48.2272633580776));
#8224=CARTESIAN_POINT('Ctrl Pts',(4.09280182426952,82.2,48.2869274114971));
#8225=CARTESIAN_POINT('Ctrl Pts',(4.14221401656497,82.2,48.3517880135231));
#8226=CARTESIAN_POINT('Ctrl Pts',(4.19162620886043,82.2,48.4166486155492));
#8227=CARTESIAN_POINT('Ctrl Pts',(4.23075422149035,82.2,48.4867057661817));
#8228=CARTESIAN_POINT('Ctrl Pts',(4.2585581929892,82.2,48.5584744662257));
#8229=CARTESIAN_POINT('Ctrl Pts',(4.28636216448804,82.2,48.6302431662697));
#8230=CARTESIAN_POINT('Ctrl Pts',(4.30284209485582,82.2,48.7037234157251));
#8231=CARTESIAN_POINT('Ctrl Pts',(4.31125155373381,82.2,48.7774626678863));
#8232=CARTESIAN_POINT('Ctrl Pts',(4.3196610126118,82.2,48.8512019200475));
#8233=CARTESIAN_POINT('Ctrl Pts',(4.32000000000001,82.2,48.9252001749144));
#8234=CARTESIAN_POINT('Ctrl Pts',(4.32000000000001,82.2,48.9999999999999));
#8235=CARTESIAN_POINT('',(2.57000000000001,82.2,47.9999999999999));
#8236=CARTESIAN_POINT('',(-0.289999999999995,82.2,47.9999999999999));
#8237=CARTESIAN_POINT('',(1.57000000000001,82.2,48.9999999999999));
#8238=CARTESIAN_POINT('Ctrl Pts',(1.57000000000001,82.2,48.9999999999999));
#8239=CARTESIAN_POINT('Ctrl Pts',(1.57000000000001,82.2,48.9252001749144));
#8240=CARTESIAN_POINT('Ctrl Pts',(1.57038065602431,82.2,48.8511914948651));
#8241=CARTESIAN_POINT('Ctrl Pts',(1.57876652222735,82.2,48.7774633910641));
#8242=CARTESIAN_POINT('Ctrl Pts',(1.5871523884304,82.2,48.7037352872632));
#8243=CARTESIAN_POINT('Ctrl Pts',(1.60354346481219,82.2000000000001,48.6302877597106));
#8244=CARTESIAN_POINT('Ctrl Pts',(1.63134979511263,82.2000000000001,48.5585224371726));
#8245=CARTESIAN_POINT('Ctrl Pts',(1.65915612541307,82.2000000000001,48.4867571146346));
#8246=CARTESIAN_POINT('Ctrl Pts',(1.69837770963215,82.2,48.4166739971112));
#8247=CARTESIAN_POINT('Ctrl Pts',(1.74782053154896,82.2,48.3517842505754));
#8248=CARTESIAN_POINT('Ctrl Pts',(1.79726335346576,82.2,48.2868945040397));
#8249=CARTESIAN_POINT('Ctrl Pts',(1.85692741308028,82.2,48.2271981284915));
#8250=CARTESIAN_POINT('Ctrl Pts',(1.92178802112593,82.2,48.1777859305103));
#8251=CARTESIAN_POINT('Ctrl Pts',(1.98664862917157,82.2,48.1283737325291));
#8252=CARTESIAN_POINT('Ctrl Pts',(2.05670578564834,82.2,48.0892457121147));
#8253=CARTESIAN_POINT('Ctrl Pts',(2.12847448703654,82.2,48.0614417410644));
#8254=CARTESIAN_POINT('Ctrl Pts',(2.20024318842473,82.2,48.0336377700142));
#8255=CARTESIAN_POINT('Ctrl Pts',(2.27372343472437,82.2,48.0171578483279));
#8256=CARTESIAN_POINT('Ctrl Pts',(2.34746268134682,82.2,48.0087484058244));
#8257=CARTESIAN_POINT('Ctrl Pts',(2.42120192796927,82.2,48.0003389633208));
#8258=CARTESIAN_POINT('Ctrl Pts',(2.49520017491454,82.2,47.9999999999999));
#8259=CARTESIAN_POINT('Ctrl Pts',(2.57000000000001,82.2,47.9999999999999));
#8260=CARTESIAN_POINT('',(1.57000000000002,82.2,77.58));
#8261=CARTESIAN_POINT('',(1.57000000000001,82.2,23.8999999999999));
#8262=CARTESIAN_POINT('',(2.57000000000002,82.2,78.58));
#8263=CARTESIAN_POINT('Ctrl Pts',(2.57000000000002,82.2,78.58));
#8264=CARTESIAN_POINT('Ctrl Pts',(2.49520017491455,82.2,78.58));
#8265=CARTESIAN_POINT('Ctrl Pts',(2.42119156644014,82.2,78.5796192784338));
#8266=CARTESIAN_POINT('Ctrl Pts',(2.34746352153256,82.2,78.5712334025782));
#8267=CARTESIAN_POINT('Ctrl Pts',(2.27373547662498,82.2,78.5628475267226));
#8268=CARTESIAN_POINT('Ctrl Pts',(2.20028799528424,82.2,78.5464564965777));
#8269=CARTESIAN_POINT('Ctrl Pts',(2.12852271292484,82.2,78.5186501714801));
#8270=CARTESIAN_POINT('Ctrl Pts',(2.05675743056545,82.2,78.4908438463824));
#8271=CARTESIAN_POINT('Ctrl Pts',(1.98667434718739,82.2,78.4516222263319));
#8272=CARTESIAN_POINT('Ctrl Pts',(1.92178463432079,82.2,78.4021794154133));
#8273=CARTESIAN_POINT('Ctrl Pts',(1.85689492145418,82.2,78.3527366044947));
#8274=CARTESIAN_POINT('Ctrl Pts',(1.79719857909903,82.2,78.2930726027079));
#8275=CARTESIAN_POINT('Ctrl Pts',(1.74778643388177,82.2,78.2282120508526));
#8276=CARTESIAN_POINT('Ctrl Pts',(1.6983742886645,82.2,78.1633514989974));
#8277=CARTESIAN_POINT('Ctrl Pts',(1.65924634058512,82.2,78.0932943970735));
#8278=CARTESIAN_POINT('Ctrl Pts',(1.63144236483445,82.2,78.0215257082004));
#8279=CARTESIAN_POINT('Ctrl Pts',(1.60363838908377,82.2,77.9497570193272));
#8280=CARTESIAN_POINT('Ctrl Pts',(1.5871583856618,82.2,77.8762767435047));
#8281=CARTESIAN_POINT('Ctrl Pts',(1.57874878839087,82.2,77.8025374449442));
#8282=CARTESIAN_POINT('Ctrl Pts',(1.57033919111993,82.2,77.7287981463838));
#8283=CARTESIAN_POINT('Ctrl Pts',(1.57000000000003,82.2,77.6547998250854));
#8284=CARTESIAN_POINT('Ctrl Pts',(1.57000000000003,82.2,77.58));
#8285=CARTESIAN_POINT('',(3.32000000000003,82.2,78.58));
#8286=CARTESIAN_POINT('',(-1.66499999999999,82.2,78.58));
#8287=CARTESIAN_POINT('Ctrl Pts',(4.32000000000003,82.2,77.58));
#8288=CARTESIAN_POINT('Ctrl Pts',(4.32000000000003,82.2,77.6547998250854));
#8289=CARTESIAN_POINT('Ctrl Pts',(4.31961927628221,82.2,77.7288084310988));
#8290=CARTESIAN_POINT('Ctrl Pts',(4.31123340011143,82.2,77.8025364740063));
#8291=CARTESIAN_POINT('Ctrl Pts',(4.30284752394066,82.2,77.8762645169138));
#8292=CARTESIAN_POINT('Ctrl Pts',(4.28645649531693,82.2,77.9497119967155));
#8293=CARTESIAN_POINT('Ctrl Pts',(4.25865017039461,82.2,78.0214772777192));
#8294=CARTESIAN_POINT('Ctrl Pts',(4.23084384547229,82.2,78.0932425587228));
#8295=CARTESIAN_POINT('Ctrl Pts',(4.19162222425138,82.2,78.1633256409284));
#8296=CARTESIAN_POINT('Ctrl Pts',(4.14217941370016,82.2,78.2282153526676));
#8297=CARTESIAN_POINT('Ctrl Pts',(4.09273660314893,82.2,78.2931050644069));
#8298=CARTESIAN_POINT('Ctrl Pts',(4.03307260326739,82.2,78.3528014056799));
#8299=CARTESIAN_POINT('Ctrl Pts',(3.96821205326335,82.2,78.4022135491709));
#8300=CARTESIAN_POINT('Ctrl Pts',(3.90335150325932,82.2,78.4516256926619));
#8301=CARTESIAN_POINT('Ctrl Pts',(3.83329440313279,82.2,78.4907536383708));
#8302=CARTESIAN_POINT('Ctrl Pts',(3.76152571467066,82.2,78.5185576142963));
#8303=CARTESIAN_POINT('Ctrl Pts',(3.68975702620854,82.2,78.5463615902218));
#8304=CARTESIAN_POINT('Ctrl Pts',(3.61627674941081,82.2,78.5628415963638));
#8305=CARTESIAN_POINT('Ctrl Pts',(3.54253744913005,82.2,78.5712511988084));
#8306=CARTESIAN_POINT('Ctrl Pts',(3.46879814884929,82.2,78.5796608012529));
#8307=CARTESIAN_POINT('Ctrl Pts',(3.3947998250855,82.2,78.58));
#8308=CARTESIAN_POINT('Ctrl Pts',(3.32000000000003,82.2,78.58));
#8309=CARTESIAN_POINT('Ctrl Pts',(1.57000000000001,82.2,48.9999999999999));
#8310=CARTESIAN_POINT('Ctrl Pts',(1.57000000000001,84.1333333333334,48.9999999999999));
#8311=CARTESIAN_POINT('Ctrl Pts',(1.57000000000001,86.0666666666667,48.9999999999999));
#8312=CARTESIAN_POINT('Ctrl Pts',(1.57000000000001,88.,48.9999999999999));
#8313=CARTESIAN_POINT('Ctrl Pts',(1.57000000000001,82.2,48.9252001749144));
#8314=CARTESIAN_POINT('Ctrl Pts',(1.57000000000001,84.1333333333334,48.9252001749144));
#8315=CARTESIAN_POINT('Ctrl Pts',(1.57000000000001,86.0666666666667,48.9252001749144));
#8316=CARTESIAN_POINT('Ctrl Pts',(1.57000000000001,88.,48.9252001749144));
#8317=CARTESIAN_POINT('Ctrl Pts',(1.57076131204861,82.2,48.7771828148157));
#8318=CARTESIAN_POINT('Ctrl Pts',(1.57076131204861,84.1333333333334,48.7771828148157));
#8319=CARTESIAN_POINT('Ctrl Pts',(1.57076131204861,86.0666666666667,48.7771828148157));
#8320=CARTESIAN_POINT('Ctrl Pts',(1.57076131204861,88.,48.7771828148157));
#8321=CARTESIAN_POINT('Ctrl Pts',(1.61993454119398,82.2000000000001,48.5568402321581));
#8322=CARTESIAN_POINT('Ctrl Pts',(1.61993454119398,84.1333333333334,48.5568402321581));
#8323=CARTESIAN_POINT('Ctrl Pts',(1.61993454119398,86.0666666666667,48.5568402321581));
#8324=CARTESIAN_POINT('Ctrl Pts',(1.61993454119398,88.,48.5568402321581));
#8325=CARTESIAN_POINT('Ctrl Pts',(1.73759929385124,82.2,48.3465908795878));
#8326=CARTESIAN_POINT('Ctrl Pts',(1.73759929385124,84.1333333333334,48.3465908795878));
#8327=CARTESIAN_POINT('Ctrl Pts',(1.73759929385124,86.0666666666667,48.3465908795878));
#8328=CARTESIAN_POINT('Ctrl Pts',(1.73759929385124,88.,48.3465908795878));
#8329=CARTESIAN_POINT('Ctrl Pts',(1.91659147269481,82.2,48.1675017529434));
#8330=CARTESIAN_POINT('Ctrl Pts',(1.91659147269481,84.1333333333334,48.1675017529434));
#8331=CARTESIAN_POINT('Ctrl Pts',(1.91659147269481,86.0666666666667,48.1675017529434));
#8332=CARTESIAN_POINT('Ctrl Pts',(1.91659147269481,88.,48.1675017529434));
#8333=CARTESIAN_POINT('Ctrl Pts',(2.1267629421251,82.2,48.0501176917004));
#8334=CARTESIAN_POINT('Ctrl Pts',(2.1267629421251,84.1333333333334,48.0501176917004));
#8335=CARTESIAN_POINT('Ctrl Pts',(2.1267629421251,86.0666666666667,48.0501176917004));
#8336=CARTESIAN_POINT('Ctrl Pts',(2.1267629421251,88.,48.0501176917004));
#8337=CARTESIAN_POINT('Ctrl Pts',(2.34720368102401,82.2,48.0006779266418));
#8338=CARTESIAN_POINT('Ctrl Pts',(2.34720368102401,84.1333333333334,48.0006779266418));
#8339=CARTESIAN_POINT('Ctrl Pts',(2.34720368102401,86.0666666666667,48.0006779266418));
#8340=CARTESIAN_POINT('Ctrl Pts',(2.34720368102401,88.,48.0006779266418));
#8341=CARTESIAN_POINT('Ctrl Pts',(2.49520017491454,82.2,47.9999999999999));
#8342=CARTESIAN_POINT('Ctrl Pts',(2.49520017491454,84.1333333333334,47.9999999999999));
#8343=CARTESIAN_POINT('Ctrl Pts',(2.49520017491454,86.0666666666667,47.9999999999999));
#8344=CARTESIAN_POINT('Ctrl Pts',(2.49520017491454,88.,47.9999999999999));
#8345=CARTESIAN_POINT('Ctrl Pts',(2.57000000000001,82.2,47.9999999999999));
#8346=CARTESIAN_POINT('Ctrl Pts',(2.57000000000001,84.1333333333334,47.9999999999999));
#8347=CARTESIAN_POINT('Ctrl Pts',(2.57000000000001,86.0666666666667,47.9999999999999));
#8348=CARTESIAN_POINT('Ctrl Pts',(2.57000000000001,88.,47.9999999999999));
#8349=CARTESIAN_POINT('',(2.57000000000001,88.,47.9999999999999));
#8350=CARTESIAN_POINT('',(2.57000000000001,72.2,47.9999999999999));
#8351=CARTESIAN_POINT('',(1.57000000000001,88.,48.9999999999999));
#8352=CARTESIAN_POINT('Ctrl Pts',(1.57000000000001,88.,48.9999999999999));
#8353=CARTESIAN_POINT('Ctrl Pts',(1.57000000000001,88.,48.9240345524918));
#8354=CARTESIAN_POINT('Ctrl Pts',(1.57173744053487,88.,48.8306967554277));
#8355=CARTESIAN_POINT('Ctrl Pts',(1.59012206811171,88.,48.6758523276862));
#8356=CARTESIAN_POINT('Ctrl Pts',(1.63858584838921,88.,48.5170351735437));
#8357=CARTESIAN_POINT('Ctrl Pts',(1.78470866715456,88.,48.2731400799958));
#8358=CARTESIAN_POINT('Ctrl Pts',(2.02506561130283,88.,48.086120805623));
#8359=CARTESIAN_POINT('Ctrl Pts',(2.24561300986555,88.,48.0204867404998));
#8360=CARTESIAN_POINT('Ctrl Pts',(2.40070239659339,88.,48.0015065446714));
#8361=CARTESIAN_POINT('Ctrl Pts',(2.4940345524919,88.,47.9999999999999));
#8362=CARTESIAN_POINT('Ctrl Pts',(2.57000000000001,88.,47.9999999999999));
#8363=CARTESIAN_POINT('',(1.57000000000001,72.2,48.9999999999999));
#8364=CARTESIAN_POINT('Origin',(4.32000000000002,72.2,47.9999999999999));
#8365=CARTESIAN_POINT('',(3.32000000000002,88.,47.9999999999999));
#8366=CARTESIAN_POINT('',(3.32000000000002,72.2,47.9999999999999));
#8367=CARTESIAN_POINT('',(-0.289999999999984,88.,47.9999999999999));
#8368=CARTESIAN_POINT('Ctrl Pts',(3.32000000000002,82.2,47.9999999999999));
#8369=CARTESIAN_POINT('Ctrl Pts',(3.32000000000002,84.1333333333334,47.9999999999999));
#8370=CARTESIAN_POINT('Ctrl Pts',(3.32000000000002,86.0666666666667,47.9999999999999));
#8371=CARTESIAN_POINT('Ctrl Pts',(3.32000000000002,88.,47.9999999999999));
#8372=CARTESIAN_POINT('Ctrl Pts',(3.39479982508549,82.2,47.9999999999999));
#8373=CARTESIAN_POINT('Ctrl Pts',(3.39479982508549,84.1333333333334,47.9999999999999));
#8374=CARTESIAN_POINT('Ctrl Pts',(3.39479982508549,86.0666666666667,47.9999999999999));
#8375=CARTESIAN_POINT('Ctrl Pts',(3.39479982508549,88.,47.9999999999999));
#8376=CARTESIAN_POINT('Ctrl Pts',(3.54281717041542,82.2,48.000761326134));
#8377=CARTESIAN_POINT('Ctrl Pts',(3.54281717041542,84.1333333333333,48.000761326134));
#8378=CARTESIAN_POINT('Ctrl Pts',(3.54281717041542,86.0666666666667,48.000761326134));
#8379=CARTESIAN_POINT('Ctrl Pts',(3.54281717041542,88.,48.000761326134));
#8380=CARTESIAN_POINT('Ctrl Pts',(3.7631597383576,82.2,48.0499345404006));
#8381=CARTESIAN_POINT('Ctrl Pts',(3.7631597383576,84.1333333333333,48.0499345404006));
#8382=CARTESIAN_POINT('Ctrl Pts',(3.7631597383576,86.0666666666667,48.0499345404006));
#8383=CARTESIAN_POINT('Ctrl Pts',(3.7631597383576,88.,48.0499345404006));
#8384=CARTESIAN_POINT('Ctrl Pts',(3.97340908034753,82.2,48.1675993046581));
#8385=CARTESIAN_POINT('Ctrl Pts',(3.97340908034753,84.1333333333333,48.1675993046581));
#8386=CARTESIAN_POINT('Ctrl Pts',(3.97340908034753,86.0666666666667,48.1675993046581));
#8387=CARTESIAN_POINT('Ctrl Pts',(3.97340908034753,88.,48.1675993046581));
#8388=CARTESIAN_POINT('Ctrl Pts',(4.15249819623051,82.2,48.3465914649166));
#8389=CARTESIAN_POINT('Ctrl Pts',(4.15249819623051,84.1333333333333,48.3465914649166));
#8390=CARTESIAN_POINT('Ctrl Pts',(4.15249819623051,86.0666666666667,48.3465914649166));
#8391=CARTESIAN_POINT('Ctrl Pts',(4.15249819623051,88.,48.3465914649166));
#8392=CARTESIAN_POINT('Ctrl Pts',(4.26988223412027,82.2,48.5567629168142));
#8393=CARTESIAN_POINT('Ctrl Pts',(4.26988223412027,84.1333333333333,48.5567629168142));
#8394=CARTESIAN_POINT('Ctrl Pts',(4.26988223412027,86.0666666666667,48.5567629168142));
#8395=CARTESIAN_POINT('Ctrl Pts',(4.26988223412027,88.,48.5567629168142));
#8396=CARTESIAN_POINT('Ctrl Pts',(4.31932202522359,82.2,48.7772036651805));
#8397=CARTESIAN_POINT('Ctrl Pts',(4.31932202522359,84.1333333333333,48.7772036651805));
#8398=CARTESIAN_POINT('Ctrl Pts',(4.31932202522359,86.0666666666667,48.7772036651805));
#8399=CARTESIAN_POINT('Ctrl Pts',(4.31932202522359,88.,48.7772036651805));
#8400=CARTESIAN_POINT('Ctrl Pts',(4.32000000000001,82.2,48.9252001749144));
#8401=CARTESIAN_POINT('Ctrl Pts',(4.32000000000001,84.1333333333334,48.9252001749144));
#8402=CARTESIAN_POINT('Ctrl Pts',(4.32000000000001,86.0666666666667,48.9252001749144));
#8403=CARTESIAN_POINT('Ctrl Pts',(4.32000000000001,88.,48.9252001749144));
#8404=CARTESIAN_POINT('Ctrl Pts',(4.32000000000001,82.2,48.9999999999999));
#8405=CARTESIAN_POINT('Ctrl Pts',(4.32000000000001,84.1333333333334,48.9999999999999));
#8406=CARTESIAN_POINT('Ctrl Pts',(4.32000000000001,86.0666666666667,48.9999999999999));
#8407=CARTESIAN_POINT('Ctrl Pts',(4.32000000000001,88.,48.9999999999999));
#8408=CARTESIAN_POINT('',(4.32000000000001,88.,48.9999999999999));
#8409=CARTESIAN_POINT('',(4.32000000000002,72.2,48.9999999999999));
#8410=CARTESIAN_POINT('Ctrl Pts',(3.32000000000002,88.,47.9999999999999));
#8411=CARTESIAN_POINT('Ctrl Pts',(3.39596544750814,88.,47.9999999999999));
#8412=CARTESIAN_POINT('Ctrl Pts',(3.48930355203679,88.,48.001737358172));
#8413=CARTESIAN_POINT('Ctrl Pts',(3.64414834313138,88.,48.0201218203842));
#8414=CARTESIAN_POINT('Ctrl Pts',(3.80296594821632,88.,48.0685854200843));
#8415=CARTESIAN_POINT('Ctrl Pts',(4.04686089423944,88.,48.2147081729931));
#8416=CARTESIAN_POINT('Ctrl Pts',(4.23387974124186,88.,48.4550649517536));
#8417=CARTESIAN_POINT('Ctrl Pts',(4.29951345529927,88.,48.6756126364133));
#8418=CARTESIAN_POINT('Ctrl Pts',(4.31849356339722,88.,48.8307021588084));
#8419=CARTESIAN_POINT('Ctrl Pts',(4.32000000000001,88.,48.9240345524918));
#8420=CARTESIAN_POINT('Ctrl Pts',(4.32000000000001,88.,48.9999999999999));
#8421=CARTESIAN_POINT('Origin',(4.32000000000003,72.2,78.58));
#8422=CARTESIAN_POINT('',(4.32000000000003,88.,77.58));
#8423=CARTESIAN_POINT('',(4.32000000000003,72.2,77.58));
#8424=CARTESIAN_POINT('',(4.32000000000003,88.,88.3900000000001));
#8425=CARTESIAN_POINT('Origin',(-4.89999999999999,78.7,98.2));
#8426=CARTESIAN_POINT('',(-4.89999999999999,89.,98.2));
#8427=CARTESIAN_POINT('',(-4.89999999999999,78.7,108.5));
#8428=CARTESIAN_POINT('Origin',(-4.89999999999999,89.,98.2000000000002));
#8429=CARTESIAN_POINT('',(3.32000000000002,89.,46.9999999999999));
#8430=CARTESIAN_POINT('',(2.57000000000001,89.,46.9999999999999));
#8431=CARTESIAN_POINT('',(-0.289999999999984,89.,46.9999999999999));
#8432=CARTESIAN_POINT('',(5.32000000000001,89.,48.9999999999999));
#8433=CARTESIAN_POINT('Ctrl Pts',(5.32000000000001,89.,48.9999999999999));
#8434=CARTESIAN_POINT('Ctrl Pts',(5.32000000000001,89.,48.9240345524918));
#8435=CARTESIAN_POINT('Ctrl Pts',(5.31804510846403,89.,48.7719861894273));
#8436=CARTESIAN_POINT('Ctrl Pts',(5.28363126694495,89.0000000000001,48.4696560467178));
#8437=CARTESIAN_POINT('Ctrl Pts',(5.12822929822651,89.,47.956447061358));
#8438=CARTESIAN_POINT('Ctrl Pts',(4.73971873068362,89.,47.4662615815998));
#8439=CARTESIAN_POINT('Ctrl Pts',(4.2169946086884,89.,47.1475207567141));
#8440=CARTESIAN_POINT('Ctrl Pts',(3.85060095001318,89.,47.0364066620901));
#8441=CARTESIAN_POINT('Ctrl Pts',(3.54787695919162,89.,47.0019078387003));
#8442=CARTESIAN_POINT('Ctrl Pts',(3.39596544750814,89.,46.9999999999999));
#8443=CARTESIAN_POINT('Ctrl Pts',(3.32000000000002,89.,46.9999999999999));
#8444=CARTESIAN_POINT('',(5.32000000000003,89.,77.58));
#8445=CARTESIAN_POINT('',(5.32000000000003,89.,88.3900000000001));
#8446=CARTESIAN_POINT('',(3.32000000000002,89.,79.58));
#8447=CARTESIAN_POINT('Ctrl Pts',(3.32000000000002,89.,79.58));
#8448=CARTESIAN_POINT('Ctrl Pts',(3.39596544750814,89.,79.58));
#8449=CARTESIAN_POINT('Ctrl Pts',(3.54801380686029,89.,79.5780705620238));
#8450=CARTESIAN_POINT('Ctrl Pts',(3.85036182823402,89.,79.5436491087574));
#8451=CARTESIAN_POINT('Ctrl Pts',(4.21698130523104,89.,79.4324849226788));
#8452=CARTESIAN_POINT('Ctrl Pts',(4.73953416954432,89.,79.1139166361192));
#8453=CARTESIAN_POINT('Ctrl Pts',(5.12817297088441,89.,78.6237290211467));
#8454=CARTESIAN_POINT('Ctrl Pts',(5.28360462531999,89.,78.1105388925529));
#8455=CARTESIAN_POINT('Ctrl Pts',(5.31807342375232,89.,77.8078749359473));
#8456=CARTESIAN_POINT('Ctrl Pts',(5.32000000000003,89.,77.6559654475081));
#8457=CARTESIAN_POINT('Ctrl Pts',(5.32000000000003,89.,77.58));
#8458=CARTESIAN_POINT('',(2.57000000000002,89.,79.58));
#8459=CARTESIAN_POINT('',(-1.66499999999998,89.,79.58));
#8460=CARTESIAN_POINT('',(0.570000000000028,89.,77.58));
#8461=CARTESIAN_POINT('Ctrl Pts',(0.570000000000028,89.,77.58));
#8462=CARTESIAN_POINT('Ctrl Pts',(0.570000000000027,89.,77.6559654475081));
#8463=CARTESIAN_POINT('Ctrl Pts',(0.571948809633379,89.,77.8080284479917));
#8464=CARTESIAN_POINT('Ctrl Pts',(0.606365338008535,89.,78.110364231864));
#8465=CARTESIAN_POINT('Ctrl Pts',(0.761730468157715,89.,78.6236352450158));
#8466=CARTESIAN_POINT('Ctrl Pts',(1.1502744601167,89.,79.1138545512525));
#8467=CARTESIAN_POINT('Ctrl Pts',(1.67289959698871,89.,79.4327201906145));
#8468=CARTESIAN_POINT('Ctrl Pts',(2.03942401708099,89.,79.5435302131405));
#8469=CARTESIAN_POINT('Ctrl Pts',(2.34212090692075,89.0000000000001,79.5780923458322));
#8470=CARTESIAN_POINT('Ctrl Pts',(2.4940345524919,89.,79.58));
#8471=CARTESIAN_POINT('Ctrl Pts',(2.57000000000002,89.,79.58));
#8472=CARTESIAN_POINT('',(0.570000000000014,89.,48.9999999999999));
#8473=CARTESIAN_POINT('',(0.57000000000002,89.,73.1));
#8474=CARTESIAN_POINT('Ctrl Pts',(2.57000000000002,89.,46.9999999999999));
#8475=CARTESIAN_POINT('Ctrl Pts',(2.4940345524919,89.,46.9999999999999));
#8476=CARTESIAN_POINT('Ctrl Pts',(2.34198617305315,89.,47.0019548812223));
#8477=CARTESIAN_POINT('Ctrl Pts',(2.03965602225533,89.,47.0363687123386));
#8478=CARTESIAN_POINT('Ctrl Pts',(1.52644697226075,89.,47.1917706912956));
#8479=CARTESIAN_POINT('Ctrl Pts',(1.03626145347844,89.,47.5802812586461));
#8480=CARTESIAN_POINT('Ctrl Pts',(0.717520622657123,89.,48.1030053732366));
#8481=CARTESIAN_POINT('Ctrl Pts',(0.606406583504695,89.,48.4693990422389));
#8482=CARTESIAN_POINT('Ctrl Pts',(0.571907807639548,89.,48.7721230377905));
#8483=CARTESIAN_POINT('Ctrl Pts',(0.570000000000014,89.,48.9240345524918));
#8484=CARTESIAN_POINT('Ctrl Pts',(0.570000000000014,89.,48.9999999999999));
#8485=CARTESIAN_POINT('Ctrl Pts',(2.57000000000001,88.,47.9999999999999));
#8486=CARTESIAN_POINT('Ctrl Pts',(2.82000000000002,88.,47.9999999999999));
#8487=CARTESIAN_POINT('Ctrl Pts',(3.07000000000002,88.,47.9999999999999));
#8488=CARTESIAN_POINT('Ctrl Pts',(3.32000000000002,88.,47.9999999999999));
#8489=CARTESIAN_POINT('Ctrl Pts',(2.57000000000001,88.0747998250855,47.9999999999999));
#8490=CARTESIAN_POINT('Ctrl Pts',(2.82000000000002,88.0747998250855,47.9999999999999));
#8491=CARTESIAN_POINT('Ctrl Pts',(3.07000000000002,88.0747998250855,47.9999999999999));
#8492=CARTESIAN_POINT('Ctrl Pts',(3.32000000000002,88.0747998250855,47.9999999999999));
#8493=CARTESIAN_POINT('Ctrl Pts',(2.57000000000001,88.2228171785144,47.9992386815731));
#8494=CARTESIAN_POINT('Ctrl Pts',(2.82000000000002,88.2228171785144,47.9992386815731));
#8495=CARTESIAN_POINT('Ctrl Pts',(3.07000000000002,88.2228171785144,47.9992386815731));
#8496=CARTESIAN_POINT('Ctrl Pts',(3.32000000000002,88.2228171785144,47.9992386815731));
#8497=CARTESIAN_POINT('Ctrl Pts',(2.57000000000001,88.4431597545139,47.9500654591644));
#8498=CARTESIAN_POINT('Ctrl Pts',(2.82000000000002,88.4431597545139,47.9500654591644));
#8499=CARTESIAN_POINT('Ctrl Pts',(3.07000000000002,88.4431597545139,47.9500654591644));
#8500=CARTESIAN_POINT('Ctrl Pts',(3.32000000000002,88.4431597545139,47.9500654591644));
#8501=CARTESIAN_POINT('Ctrl Pts',(2.57000000000001,88.6534091023055,47.8324007012529));
#8502=CARTESIAN_POINT('Ctrl Pts',(2.82000000000002,88.6534091023055,47.8324007012529));
#8503=CARTESIAN_POINT('Ctrl Pts',(3.07000000000002,88.6534091023055,47.8324007012529));
#8504=CARTESIAN_POINT('Ctrl Pts',(3.32000000000002,88.6534091023055,47.8324007012529));
#8505=CARTESIAN_POINT('Ctrl Pts',(2.57000000000001,88.8324982240752,47.6534085308234));
#8506=CARTESIAN_POINT('Ctrl Pts',(2.82000000000002,88.8324982240752,47.6534085308234));
#8507=CARTESIAN_POINT('Ctrl Pts',(3.07000000000002,88.8324982240752,47.6534085308234));
#8508=CARTESIAN_POINT('Ctrl Pts',(3.32000000000002,88.8324982240752,47.6534085308234));
#8509=CARTESIAN_POINT('Ctrl Pts',(2.57000000000001,88.9498822747424,47.4432370693307));
#8510=CARTESIAN_POINT('Ctrl Pts',(2.82000000000002,88.9498822747424,47.4432370693307));
#8511=CARTESIAN_POINT('Ctrl Pts',(3.07000000000002,88.9498822747424,47.4432370693307));
#8512=CARTESIAN_POINT('Ctrl Pts',(3.32000000000002,88.9498822747424,47.4432370693307));
#8513=CARTESIAN_POINT('Ctrl Pts',(2.57000000000001,88.9993220515858,47.2227963261462));
#8514=CARTESIAN_POINT('Ctrl Pts',(2.82000000000002,88.9993220515858,47.2227963261462));
#8515=CARTESIAN_POINT('Ctrl Pts',(3.07000000000002,88.9993220515858,47.2227963261462));
#8516=CARTESIAN_POINT('Ctrl Pts',(3.32000000000002,88.9993220515858,47.2227963261462));
#8517=CARTESIAN_POINT('Ctrl Pts',(2.57000000000001,89.,47.0747998250854));
#8518=CARTESIAN_POINT('Ctrl Pts',(2.82000000000002,89.,47.0747998250854));
#8519=CARTESIAN_POINT('Ctrl Pts',(3.07000000000002,89.,47.0747998250854));
#8520=CARTESIAN_POINT('Ctrl Pts',(3.32000000000002,89.,47.0747998250854));
#8521=CARTESIAN_POINT('Ctrl Pts',(2.57000000000001,89.,46.9999999999999));
#8522=CARTESIAN_POINT('Ctrl Pts',(2.82000000000002,89.,46.9999999999999));
#8523=CARTESIAN_POINT('Ctrl Pts',(3.07000000000002,89.,46.9999999999999));
#8524=CARTESIAN_POINT('Ctrl Pts',(3.32000000000002,89.,46.9999999999999));
#8525=CARTESIAN_POINT('Ctrl Pts',(2.57000000000001,89.,46.9999999999999));
#8526=CARTESIAN_POINT('Ctrl Pts',(2.57000000000001,89.,47.0747998250854));
#8527=CARTESIAN_POINT('Ctrl Pts',(2.57000000000001,88.9993220515858,47.2227963261462));
#8528=CARTESIAN_POINT('Ctrl Pts',(2.57000000000001,88.9498822747424,47.4432370693307));
#8529=CARTESIAN_POINT('Ctrl Pts',(2.57000000000001,88.8324982240752,47.6534085308234));
#8530=CARTESIAN_POINT('Ctrl Pts',(2.57000000000001,88.6534091023055,47.8324007012529));
#8531=CARTESIAN_POINT('Ctrl Pts',(2.57000000000001,88.4431597545139,47.9500654591644));
#8532=CARTESIAN_POINT('Ctrl Pts',(2.57000000000001,88.2228171785144,47.9992386815731));
#8533=CARTESIAN_POINT('Ctrl Pts',(2.57000000000001,88.0747998250855,47.9999999999999));
#8534=CARTESIAN_POINT('Ctrl Pts',(2.57000000000001,88.,47.9999999999999));
#8535=CARTESIAN_POINT('Ctrl Pts',(3.32000000000002,88.,47.9999999999999));
#8536=CARTESIAN_POINT('Ctrl Pts',(3.32000000000002,88.0747998250855,47.9999999999999));
#8537=CARTESIAN_POINT('Ctrl Pts',(3.32000000000002,88.2228171785144,47.9992386815731));
#8538=CARTESIAN_POINT('Ctrl Pts',(3.32000000000002,88.4431597545139,47.9500654591644));
#8539=CARTESIAN_POINT('Ctrl Pts',(3.32000000000002,88.6534091023055,47.8324007012529));
#8540=CARTESIAN_POINT('Ctrl Pts',(3.32000000000002,88.8324982240752,47.6534085308234));
#8541=CARTESIAN_POINT('Ctrl Pts',(3.32000000000002,88.9498822747424,47.4432370693307));
#8542=CARTESIAN_POINT('Ctrl Pts',(3.32000000000002,88.9993220515858,47.2227963261462));
#8543=CARTESIAN_POINT('Ctrl Pts',(3.32000000000002,89.,47.0747998250854));
#8544=CARTESIAN_POINT('Ctrl Pts',(3.32000000000002,89.,46.9999999999999));
#8545=CARTESIAN_POINT('Ctrl Pts',(3.32000000000002,88.,47.9999999999999));
#8546=CARTESIAN_POINT('Ctrl Pts',(3.39596544750814,88.,47.9999999999999));
#8547=CARTESIAN_POINT('Ctrl Pts',(3.48930355203679,88.,48.001737358172));
#8548=CARTESIAN_POINT('Ctrl Pts',(3.64414834313138,88.,48.0201218203842));
#8549=CARTESIAN_POINT('Ctrl Pts',(3.80296594821632,88.,48.0685854200843));
#8550=CARTESIAN_POINT('Ctrl Pts',(4.04686089423944,88.,48.2147081729931));
#8551=CARTESIAN_POINT('Ctrl Pts',(4.23387974124186,88.,48.4550649517536));
#8552=CARTESIAN_POINT('Ctrl Pts',(4.29951345529927,88.,48.6756126364133));
#8553=CARTESIAN_POINT('Ctrl Pts',(4.31849356339722,88.,48.8307021588084));
#8554=CARTESIAN_POINT('Ctrl Pts',(4.32000000000001,88.,48.9240345524918));
#8555=CARTESIAN_POINT('Ctrl Pts',(4.32000000000001,88.,48.9999999999999));
#8556=CARTESIAN_POINT('Ctrl Pts',(3.32000000000002,88.0747998250855,47.9999999999999));
#8557=CARTESIAN_POINT('Ctrl Pts',(3.39596544750814,88.0747998250855,47.9999999999999));
#8558=CARTESIAN_POINT('Ctrl Pts',(3.48930223040756,88.0747998250855,48.0017419609246));
#8559=CARTESIAN_POINT('Ctrl Pts',(3.64414087202034,88.0747998250855,48.02013373954));
#8560=CARTESIAN_POINT('Ctrl Pts',(3.80294746070374,88.0747998250855,48.0686011149721));
#8561=CARTESIAN_POINT('Ctrl Pts',(4.04682007189435,88.0747998250855,48.2147126304187));
#8562=CARTESIAN_POINT('Ctrl Pts',(4.23386159506424,88.0747998250855,48.455087174483));
#8563=CARTESIAN_POINT('Ctrl Pts',(4.2995040332979,88.0747998250855,48.6756228315652));
#8564=CARTESIAN_POINT('Ctrl Pts',(4.31848780032043,88.0747998250855,48.8307023292666));
#8565=CARTESIAN_POINT('Ctrl Pts',(4.32000000000001,88.0747998250855,48.9240345524918));
#8566=CARTESIAN_POINT('Ctrl Pts',(4.32000000000001,88.0747998250855,48.9999999999999));
#8567=CARTESIAN_POINT('Ctrl Pts',(3.32000000000002,88.2228171599403,47.9992386639577));
#8568=CARTESIAN_POINT('Ctrl Pts',(3.39596544750814,88.2228171599403,47.9992386639577));
#8569=CARTESIAN_POINT('Ctrl Pts',(3.48934793711798,88.2228171599403,48.000976879671));
#8570=CARTESIAN_POINT('Ctrl Pts',(3.64430434167336,88.2228171599403,48.0193747671347));
#8571=CARTESIAN_POINT('Ctrl Pts',(3.80327824006952,88.2228171599403,48.0678866619013));
#8572=CARTESIAN_POINT('Ctrl Pts',(4.04738193739984,88.2228171599403,48.2141390583977));
#8573=CARTESIAN_POINT('Ctrl Pts',(4.23455777267438,88.2228171599403,48.4546888496516));
#8574=CARTESIAN_POINT('Ctrl Pts',(4.30026120993218,88.2228171599404,48.6754574462093));
#8575=CARTESIAN_POINT('Ctrl Pts',(4.31925364680574,88.2228171599403,48.8306574831761));
#8576=CARTESIAN_POINT('Ctrl Pts',(4.3207613360422,88.2228171599403,48.9240345524918));
#8577=CARTESIAN_POINT('Ctrl Pts',(4.3207613360422,88.2228171599403,48.9999999999999));
#8578=CARTESIAN_POINT('Ctrl Pts',(3.32000000000002,88.4431597175057,47.9500654601608));
#8579=CARTESIAN_POINT('Ctrl Pts',(3.39596544750814,88.4431597175057,47.9500654601608));
#8580=CARTESIAN_POINT('Ctrl Pts',(3.49222900431202,88.4431597175057,47.9518091854012));
#8581=CARTESIAN_POINT('Ctrl Pts',(3.65446094207862,88.4431597175057,47.9709948999243));
#8582=CARTESIAN_POINT('Ctrl Pts',(3.82364889771586,88.4431597175057,48.0225851630168));
#8583=CARTESIAN_POINT('Ctrl Pts',(4.08147746280997,88.4431597175058,48.1773327588106));
#8584=CARTESIAN_POINT('Ctrl Pts',(4.27854713455389,88.4431597175057,48.4301563366284));
#8585=CARTESIAN_POINT('Ctrl Pts',(4.3486593178983,88.4431597175058,48.665323535911));
#8586=CARTESIAN_POINT('Ctrl Pts',(4.3684083965859,88.4431597175058,48.8277701244287));
#8587=CARTESIAN_POINT('Ctrl Pts',(4.36993453983916,88.4431597175057,48.9240345524918));
#8588=CARTESIAN_POINT('Ctrl Pts',(4.36993453983916,88.4431597175057,48.9999999999999));
#8589=CARTESIAN_POINT('Ctrl Pts',(3.32000000000002,88.653409051993,47.8324006877506));
#8590=CARTESIAN_POINT('Ctrl Pts',(3.39596544750814,88.653409051993,47.8324006877506));
#8591=CARTESIAN_POINT('Ctrl Pts',(3.49911983586474,88.653409051993,47.8341686345346));
#8592=CARTESIAN_POINT('Ctrl Pts',(3.67874638540669,88.653409051993,47.8552570574793));
#8593=CARTESIAN_POINT('Ctrl Pts',(3.87234876868135,88.6534090519929,47.9142224909648));
#8594=CARTESIAN_POINT('Ctrl Pts',(4.16296550926842,88.653409051993,48.0892709915537));
#8595=CARTESIAN_POINT('Ctrl Pts',(4.38376416313996,88.653409051993,48.3715066707064));
#8596=CARTESIAN_POINT('Ctrl Pts',(4.464446796484,88.653409051993,48.6410989195178));
#8597=CARTESIAN_POINT('Ctrl Pts',(4.48601519044639,88.653409051993,48.8208614773897));
#8598=CARTESIAN_POINT('Ctrl Pts',(4.48759931224933,88.653409051993,48.9240345524918));
#8599=CARTESIAN_POINT('Ctrl Pts',(4.48759931224933,88.653409051993,48.9999999999999));
#8600=CARTESIAN_POINT('Ctrl Pts',(3.32000000000002,88.8324981603146,47.6534085405732));
#8601=CARTESIAN_POINT('Ctrl Pts',(3.39596544750814,88.8324981603146,47.6534085405732));
#8602=CARTESIAN_POINT('Ctrl Pts',(3.5096045111036,88.8324981603146,47.6552052769977));
#8603=CARTESIAN_POINT('Ctrl Pts',(3.71570258085131,88.8324981603147,47.6791753019834));
#8604=CARTESIAN_POINT('Ctrl Pts',(3.94646357642525,88.8324981603146,47.7493532669953));
#8605=CARTESIAN_POINT('Ctrl Pts',(4.28699692063995,88.8324981603147,47.9553032585435));
#8606=CARTESIAN_POINT('Ctrl Pts',(4.54385251155815,88.8324981603146,48.2822496551731));
#8607=CARTESIAN_POINT('Ctrl Pts',(4.64059968787583,88.8324981603147,48.6042304863291));
#8608=CARTESIAN_POINT('Ctrl Pts',(4.66492922761801,88.8324981603147,48.8103517160717));
#8609=CARTESIAN_POINT('Ctrl Pts',(4.66659145942678,88.8324981603147,48.9240345524918));
#8610=CARTESIAN_POINT('Ctrl Pts',(4.66659145942678,88.8324981603147,48.9999999999999));
#8611=CARTESIAN_POINT('Ctrl Pts',(3.32000000000002,88.9498821817821,47.443237101016));
#8612=CARTESIAN_POINT('Ctrl Pts',(3.39596544750814,88.9498821817821,47.443237101016));
#8613=CARTESIAN_POINT('Ctrl Pts',(3.52191577219352,88.9498821817821,47.4450668682766));
#8614=CARTESIAN_POINT('Ctrl Pts',(3.75909756622004,88.9498821817821,47.4724192220588));
#8615=CARTESIAN_POINT('Ctrl Pts',(4.03349181974933,88.9498821817821,47.5557622354533));
#8616=CARTESIAN_POINT('Ctrl Pts',(4.43264067686625,88.9498821817822,47.7979984500817));
#8617=CARTESIAN_POINT('Ctrl Pts',(4.73183028155858,88.9498821817822,48.177440899941));
#8618=CARTESIAN_POINT('Ctrl Pts',(4.84743887531571,88.9498821817822,48.5609380928994));
#8619=CARTESIAN_POINT('Ctrl Pts',(4.87500991974412,88.9498821817822,48.7980111925926));
#8620=CARTESIAN_POINT('Ctrl Pts',(4.87676289898394,88.9498821817822,48.9240345524918));
#8621=CARTESIAN_POINT('Ctrl Pts',(4.87676289898394,88.9498821817822,48.9999999999999));
#8622=CARTESIAN_POINT('Ctrl Pts',(3.32000000000002,88.9993219912487,47.2227963459831));
#8623=CARTESIAN_POINT('Ctrl Pts',(3.39596544750814,88.9993219912487,47.2227963459831));
#8624=CARTESIAN_POINT('Ctrl Pts',(3.53482662944678,88.9993219912487,47.2246675558021));
#8625=CARTESIAN_POINT('Ctrl Pts',(3.80460186650945,88.9993219912487,47.2555783099796));
#8626=CARTESIAN_POINT('Ctrl Pts',(4.12474509927582,88.9993219912487,47.3527352136114));
#8627=CARTESIAN_POINT('Ctrl Pts',(4.58534053158078,88.9993219912487,47.6330140581461));
#8628=CARTESIAN_POINT('Ctrl Pts',(4.92896614854986,88.9993219912487,48.0675438405434));
#8629=CARTESIAN_POINT('Ctrl Pts',(5.06437064371225,88.9993219912487,48.515545420479));
#8630=CARTESIAN_POINT('Ctrl Pts',(5.09534698182082,88.9993219912487,48.7850679429839));
#8631=CARTESIAN_POINT('Ctrl Pts',(5.09720365401685,88.9993219912487,48.9240345524918));
#8632=CARTESIAN_POINT('Ctrl Pts',(5.09720365401685,88.9993219912487,48.9999999999999));
#8633=CARTESIAN_POINT('Ctrl Pts',(3.32000000000002,89.,47.0747998250854));
#8634=CARTESIAN_POINT('Ctrl Pts',(3.39596544750814,89.,47.0747998250854));
#8635=CARTESIAN_POINT('Ctrl Pts',(3.54349638830175,89.,47.0766924401762));
#8636=CARTESIAN_POINT('Ctrl Pts',(3.8351623431453,89.,47.109981983232));
#8637=CARTESIAN_POINT('Ctrl Pts',(4.18603526516995,89.,47.2164078042115));
#8638=CARTESIAN_POINT('Ctrl Pts',(4.68791500746452,89.,47.5222428620672));
#8639=CARTESIAN_POINT('Ctrl Pts',(5.06134185236583,89.,47.9937316586531));
#8640=CARTESIAN_POINT('Ctrl Pts',(5.21002448642126,89.0000000000001,48.4850560887665));
#8641=CARTESIAN_POINT('Ctrl Pts',(5.24328192252348,89.,48.7763780421301));
#8642=CARTESIAN_POINT('Ctrl Pts',(5.24520017491454,89.,48.9240345524918));
#8643=CARTESIAN_POINT('Ctrl Pts',(5.24520017491454,89.,48.9999999999999));
#8644=CARTESIAN_POINT('Ctrl Pts',(3.32000000000002,89.,46.9999999999999));
#8645=CARTESIAN_POINT('Ctrl Pts',(3.39596544750814,89.,46.9999999999999));
#8646=CARTESIAN_POINT('Ctrl Pts',(3.54787695919162,89.,47.0019078387003));
#8647=CARTESIAN_POINT('Ctrl Pts',(3.85060095001318,89.,47.0364066620901));
#8648=CARTESIAN_POINT('Ctrl Pts',(4.2169946086884,89.,47.1475207567141));
#8649=CARTESIAN_POINT('Ctrl Pts',(4.73971873068362,89.,47.4662615815998));
#8650=CARTESIAN_POINT('Ctrl Pts',(5.12822929822651,89.,47.956447061358));
#8651=CARTESIAN_POINT('Ctrl Pts',(5.28363126694495,89.0000000000001,48.4696560467178));
#8652=CARTESIAN_POINT('Ctrl Pts',(5.31804510846403,89.,48.7719861894273));
#8653=CARTESIAN_POINT('Ctrl Pts',(5.32000000000001,89.,48.9240345524918));
#8654=CARTESIAN_POINT('Ctrl Pts',(5.32000000000001,89.,48.9999999999999));
#8655=CARTESIAN_POINT('Ctrl Pts',(4.32000000000001,88.,48.9999999999999));
#8656=CARTESIAN_POINT('Ctrl Pts',(4.32000000000001,88.0747998250855,48.9999999999999));
#8657=CARTESIAN_POINT('Ctrl Pts',(4.3207613360422,88.2228171599403,48.9999999999999));
#8658=CARTESIAN_POINT('Ctrl Pts',(4.36993453983916,88.4431597175057,48.9999999999999));
#8659=CARTESIAN_POINT('Ctrl Pts',(4.48759931224933,88.653409051993,48.9999999999999));
#8660=CARTESIAN_POINT('Ctrl Pts',(4.66659145942678,88.8324981603147,48.9999999999999));
#8661=CARTESIAN_POINT('Ctrl Pts',(4.87676289898394,88.9498821817822,48.9999999999999));
#8662=CARTESIAN_POINT('Ctrl Pts',(5.09720365401685,88.9993219912487,48.9999999999999));
#8663=CARTESIAN_POINT('Ctrl Pts',(5.24520017491454,89.,48.9999999999999));
#8664=CARTESIAN_POINT('Ctrl Pts',(5.32000000000001,89.,48.9999999999999));
#8665=CARTESIAN_POINT('Ctrl Pts',(4.32000000000002,88.,48.9999999999999));
#8666=CARTESIAN_POINT('Ctrl Pts',(4.32000000000002,88.,58.5266666666666));
#8667=CARTESIAN_POINT('Ctrl Pts',(4.32000000000002,88.,68.0533333333333));
#8668=CARTESIAN_POINT('Ctrl Pts',(4.32000000000003,88.,77.58));
#8669=CARTESIAN_POINT('Ctrl Pts',(4.32000000000002,88.0747998250855,48.9999999999999));
#8670=CARTESIAN_POINT('Ctrl Pts',(4.32000000000002,88.0747998250855,58.5266666666666));
#8671=CARTESIAN_POINT('Ctrl Pts',(4.32000000000002,88.0747998250855,68.0533333333333));
#8672=CARTESIAN_POINT('Ctrl Pts',(4.32000000000003,88.0747998250855,77.58));
#8673=CARTESIAN_POINT('Ctrl Pts',(4.32076145265345,88.2228170311243,48.9999999999999));
#8674=CARTESIAN_POINT('Ctrl Pts',(4.32076145265345,88.2228170311243,58.5266666666666));
#8675=CARTESIAN_POINT('Ctrl Pts',(4.32076145265345,88.2228170311243,68.0533333333334));
#8676=CARTESIAN_POINT('Ctrl Pts',(4.32076145265346,88.2228170311243,77.58));
#8677=CARTESIAN_POINT('Ctrl Pts',(4.36993453299032,88.4431594649253,49.));
#8678=CARTESIAN_POINT('Ctrl Pts',(4.36993453299032,88.4431594649253,58.5266666666667));
#8679=CARTESIAN_POINT('Ctrl Pts',(4.36993453299033,88.4431594649253,68.0533333333333));
#8680=CARTESIAN_POINT('Ctrl Pts',(4.36993453299033,88.4431594649253,77.58));
#8681=CARTESIAN_POINT('Ctrl Pts',(4.48759940090914,88.6534087072632,49.));
#8682=CARTESIAN_POINT('Ctrl Pts',(4.48759940090914,88.6534087072632,58.5266666666666));
#8683=CARTESIAN_POINT('Ctrl Pts',(4.48759940090915,88.6534087072632,68.0533333333333));
#8684=CARTESIAN_POINT('Ctrl Pts',(4.48759940090915,88.6534087072632,77.58));
#8685=CARTESIAN_POINT('Ctrl Pts',(4.66659139362157,88.8324977271478,49.));
#8686=CARTESIAN_POINT('Ctrl Pts',(4.66659139362158,88.8324977271478,58.5266666666666));
#8687=CARTESIAN_POINT('Ctrl Pts',(4.66659139362158,88.8324977271478,68.0533333333333));
#8688=CARTESIAN_POINT('Ctrl Pts',(4.66659139362158,88.8324977271478,77.58));
#8689=CARTESIAN_POINT('Ctrl Pts',(4.87676268746159,88.949881555653,49.));
#8690=CARTESIAN_POINT('Ctrl Pts',(4.87676268746159,88.949881555653,58.5266666666666));
#8691=CARTESIAN_POINT('Ctrl Pts',(4.8767626874616,88.949881555653,68.0533333333334));
#8692=CARTESIAN_POINT('Ctrl Pts',(4.8767626874616,88.949881555653,77.58));
#8693=CARTESIAN_POINT('Ctrl Pts',(5.09720352140379,88.9993215839833,48.9999999999999));
#8694=CARTESIAN_POINT('Ctrl Pts',(5.09720352140379,88.9993215839833,58.5266666666666));
#8695=CARTESIAN_POINT('Ctrl Pts',(5.0972035214038,88.9993215839833,68.0533333333333));
#8696=CARTESIAN_POINT('Ctrl Pts',(5.0972035214038,88.9993215839833,77.58));
#8697=CARTESIAN_POINT('Ctrl Pts',(5.24520017491455,89.,48.9999999999999));
#8698=CARTESIAN_POINT('Ctrl Pts',(5.24520017491455,89.,58.5266666666666));
#8699=CARTESIAN_POINT('Ctrl Pts',(5.24520017491455,89.,68.0533333333333));
#8700=CARTESIAN_POINT('Ctrl Pts',(5.24520017491455,89.,77.58));
#8701=CARTESIAN_POINT('Ctrl Pts',(5.32000000000002,89.,48.9999999999999));
#8702=CARTESIAN_POINT('Ctrl Pts',(5.32000000000002,89.,58.5266666666666));
#8703=CARTESIAN_POINT('Ctrl Pts',(5.32000000000002,89.,68.0533333333333));
#8704=CARTESIAN_POINT('Ctrl Pts',(5.32000000000003,89.,77.58));
#8705=CARTESIAN_POINT('Ctrl Pts',(4.32000000000003,88.,77.58));
#8706=CARTESIAN_POINT('Ctrl Pts',(4.32000000000003,88.0747998250855,77.58));
#8707=CARTESIAN_POINT('Ctrl Pts',(4.32076145265346,88.2228170311243,77.58));
#8708=CARTESIAN_POINT('Ctrl Pts',(4.36993453299033,88.4431594649253,77.58));
#8709=CARTESIAN_POINT('Ctrl Pts',(4.48759940090915,88.6534087072632,77.58));
#8710=CARTESIAN_POINT('Ctrl Pts',(4.66659139362158,88.8324977271478,77.58));
#8711=CARTESIAN_POINT('Ctrl Pts',(4.8767626874616,88.949881555653,77.58));
#8712=CARTESIAN_POINT('Ctrl Pts',(5.0972035214038,88.9993215839833,77.58));
#8713=CARTESIAN_POINT('Ctrl Pts',(5.24520017491455,89.,77.58));
#8714=CARTESIAN_POINT('Ctrl Pts',(5.32000000000003,89.,77.58));
#8715=CARTESIAN_POINT('Ctrl Pts',(4.32000000000003,88.,77.58));
#8716=CARTESIAN_POINT('Ctrl Pts',(4.32000000000003,88.,77.6559654475081));
#8717=CARTESIAN_POINT('Ctrl Pts',(4.31850769139964,88.,77.7492306173003));
#8718=CARTESIAN_POINT('Ctrl Pts',(4.29950074538302,88.,77.9044857851925));
#8719=CARTESIAN_POINT('Ctrl Pts',(4.23385966539067,88.,78.1250107690214));
#8720=CARTESIAN_POINT('Ctrl Pts',(4.04676888897719,88.,78.3653848881583));
#8721=CARTESIAN_POINT('Ctrl Pts',(3.80296761217578,88.,78.5114163133368));
#8722=CARTESIAN_POINT('Ctrl Pts',(3.64403575448723,88.,78.5599068300952));
#8723=CARTESIAN_POINT('Ctrl Pts',(3.48937346240229,88.,78.5782523138883));
#8724=CARTESIAN_POINT('Ctrl Pts',(3.39596544750814,88.,78.58));
#8725=CARTESIAN_POINT('Ctrl Pts',(3.32000000000003,88.,78.58));
#8726=CARTESIAN_POINT('Ctrl Pts',(4.32000000000003,88.0747998250855,77.58));
#8727=CARTESIAN_POINT('Ctrl Pts',(4.32000000000003,88.0747998250855,77.6559654475081));
#8728=CARTESIAN_POINT('Ctrl Pts',(4.31850191001225,88.0747998250855,77.7492304435367));
#8729=CARTESIAN_POINT('Ctrl Pts',(4.29949129746873,88.0747998250855,77.9044755610208));
#8730=CARTESIAN_POINT('Ctrl Pts',(4.23384144490597,88.0747998250854,78.1249884866332));
#8731=CARTESIAN_POINT('Ctrl Pts',(4.04672797676221,88.0747998250854,78.365380369435));
#8732=CARTESIAN_POINT('Ctrl Pts',(3.80294903291211,88.0747998250855,78.511400562608));
#8733=CARTESIAN_POINT('Ctrl Pts',(3.64402824326701,88.0747998250855,78.5598948756187));
#8734=CARTESIAN_POINT('Ctrl Pts',(3.48937211482286,88.0747998250855,78.5782476997838));
#8735=CARTESIAN_POINT('Ctrl Pts',(3.39596544750814,88.0747998250855,78.58));
#8736=CARTESIAN_POINT('Ctrl Pts',(3.32000000000003,88.0747998250855,78.58));
#8737=CARTESIAN_POINT('Ctrl Pts',(4.3207614556914,88.222817027628,77.58));
#8738=CARTESIAN_POINT('Ctrl Pts',(4.3207614556914,88.222817027628,77.6559654475081));
#8739=CARTESIAN_POINT('Ctrl Pts',(4.31926789570212,88.2228170276279,77.7492752446778));
#8740=CARTESIAN_POINT('Ctrl Pts',(4.30024859225821,88.2228170276279,77.9046410572561));
#8741=CARTESIAN_POINT('Ctrl Pts',(4.23453774364854,88.2228170276279,78.125386972297));
#8742=CARTESIAN_POINT('Ctrl Pts',(4.04728988357889,88.2228170276279,78.3659541422899));
#8743=CARTESIAN_POINT('Ctrl Pts',(3.80327990642294,88.2228170276279,78.5121151578934));
#8744=CARTESIAN_POINT('Ctrl Pts',(3.64419166645298,88.222817027628,78.5606540024452));
#8745=CARTESIAN_POINT('Ctrl Pts',(3.48941789981792,88.222817027628,78.5790128963657));
#8746=CARTESIAN_POINT('Ctrl Pts',(3.39596544750814,88.222817027628,78.5807614556913));
#8747=CARTESIAN_POINT('Ctrl Pts',(3.32000000000003,88.222817027628,78.5807614556913));
#8748=CARTESIAN_POINT('Ctrl Pts',(4.36993453280557,88.4431594581631,77.58));
#8749=CARTESIAN_POINT('Ctrl Pts',(4.36993453280557,88.4431594581631,77.6559654475081));
#8750=CARTESIAN_POINT('Ctrl Pts',(4.36842323491827,88.4431594581631,77.7521590749738));
#8751=CARTESIAN_POINT('Ctrl Pts',(4.34864591810232,88.4431594581631,77.9147797180268));
#8752=CARTESIAN_POINT('Ctrl Pts',(4.27852527807733,88.443159458163,78.149924421466));
#8753=CARTESIAN_POINT('Ctrl Pts',(4.08138087558671,88.443159458163,78.4027645782105));
#8754=CARTESIAN_POINT('Ctrl Pts',(3.82364985539512,88.4431594581631,78.5574167880576));
#8755=CARTESIAN_POINT('Ctrl Pts',(3.65434205281303,88.4431594581631,78.6090351151489));
#8756=CARTESIAN_POINT('Ctrl Pts',(3.49230226893702,88.4431594581631,78.6281799224001));
#8757=CARTESIAN_POINT('Ctrl Pts',(3.39596544750814,88.4431594581631,78.6299345328055));
#8758=CARTESIAN_POINT('Ctrl Pts',(3.32000000000003,88.4431594581631,78.6299345328055));
#8759=CARTESIAN_POINT('Ctrl Pts',(4.48759940320166,88.6534086980029,77.58));
#8760=CARTESIAN_POINT('Ctrl Pts',(4.48759940320166,88.6534086980029,77.6559654475081));
#8761=CARTESIAN_POINT('Ctrl Pts',(4.48603177409599,88.6534086980029,77.7590592938402));
#8762=CARTESIAN_POINT('Ctrl Pts',(4.46443182156803,88.6534086980029,77.9390156755262));
#8763=CARTESIAN_POINT('Ctrl Pts',(4.38373804451998,88.6534086980029,78.2085858704879));
#8764=CARTESIAN_POINT('Ctrl Pts',(4.16285797979272,88.6534086980029,78.4908363790827));
#8765=CARTESIAN_POINT('Ctrl Pts',(3.87234790543086,88.6534086980029,78.6657799494233));
#8766=CARTESIAN_POINT('Ctrl Pts',(3.67861258456503,88.6534086980029,78.724776201968));
#8767=CARTESIAN_POINT('Ctrl Pts',(3.49920095767136,88.653408698003,78.7458192304109));
#8768=CARTESIAN_POINT('Ctrl Pts',(3.39596544750814,88.6534086980029,78.7475994032016));
#8769=CARTESIAN_POINT('Ctrl Pts',(3.32000000000003,88.6534086980029,78.7475994032016));
#8770=CARTESIAN_POINT('Ctrl Pts',(4.66659139187705,88.8324977155978,77.58));
#8771=CARTESIAN_POINT('Ctrl Pts',(4.66659139187705,88.8324977155978,77.6559654475081));
#8772=CARTESIAN_POINT('Ctrl Pts',(4.66494820786531,88.8324977155977,77.7695562224462));
#8773=CARTESIAN_POINT('Ctrl Pts',(4.64058208733112,88.8324977155978,77.9759013783194));
#8774=CARTESIAN_POINT('Ctrl Pts',(4.5438198178987,88.8324977155977,78.2978608270398));
#8775=CARTESIAN_POINT('Ctrl Pts',(4.28687281022596,88.8324977155977,78.6248192656228));
#8776=CARTESIAN_POINT('Ctrl Pts',(3.94646003102697,88.8324977155978,78.8306497784815));
#8777=CARTESIAN_POINT('Ctrl Pts',(3.7155461252767,88.8324977155977,78.9008626872138));
#8778=CARTESIAN_POINT('Ctrl Pts',(3.50969761663377,88.8324977155978,78.9247804232363));
#8779=CARTESIAN_POINT('Ctrl Pts',(3.39596544750814,88.8324977155978,78.926591391877));
#8780=CARTESIAN_POINT('Ctrl Pts',(3.32000000000002,88.8324977155978,78.926591391877));
#8781=CARTESIAN_POINT('Ctrl Pts',(4.87676268190868,88.9498815390839,77.58));
#8782=CARTESIAN_POINT('Ctrl Pts',(4.87676268190868,88.9498815390839,77.6559654475081));
#8783=CARTESIAN_POINT('Ctrl Pts',(4.87503175168906,88.9498815390838,77.7818816804771));
#8784=CARTESIAN_POINT('Ctrl Pts',(4.84741822883291,88.9498815390838,78.019214058452));
#8785=CARTESIAN_POINT('Ctrl Pts',(4.73178990637191,88.9498815390838,78.4026906689879));
#8786=CARTESIAN_POINT('Ctrl Pts',(4.43249712337216,88.9498815390838,78.7821419033742));
#8787=CARTESIAN_POINT('Ctrl Pts',(4.03348514906706,88.9498815390839,79.0242415580951));
#8788=CARTESIAN_POINT('Ctrl Pts',(3.75891452126807,88.9498815390839,79.1076243585312));
#8789=CARTESIAN_POINT('Ctrl Pts',(3.5220229549725,88.9498815390839,79.1349163270421));
#8790=CARTESIAN_POINT('Ctrl Pts',(3.39596544750814,88.9498815390839,79.1367626819086));
#8791=CARTESIAN_POINT('Ctrl Pts',(3.32000000000002,88.9498815390839,79.1367626819086));
#8792=CARTESIAN_POINT('Ctrl Pts',(5.09720351791804,88.9993215731857,77.58));
#8793=CARTESIAN_POINT('Ctrl Pts',(5.09720351791804,88.9993215731857,77.6559654475081));
#8794=CARTESIAN_POINT('Ctrl Pts',(5.09537200232735,88.9993215731856,77.794809137185));
#8795=CARTESIAN_POINT('Ctrl Pts',(5.06434697675142,88.9993215731856,78.0646279917266));
#8796=CARTESIAN_POINT('Ctrl Pts',(4.9289177780345,88.9993215731856,78.5126098252916));
#8797=CARTESIAN_POINT('Ctrl Pts',(4.58517652404182,88.9993215731856,78.9471450729766));
#8798=CARTESIAN_POINT('Ctrl Pts',(4.12473507133616,88.9993215731857,79.2272694653378));
#8799=CARTESIAN_POINT('Ctrl Pts',(3.80439090574214,88.9993215731857,79.3244712898214));
#8800=CARTESIAN_POINT('Ctrl Pts',(3.53494854986908,88.9993215731857,79.3553132227223));
#8801=CARTESIAN_POINT('Ctrl Pts',(3.39596544750814,88.9993215731857,79.357203517918));
#8802=CARTESIAN_POINT('Ctrl Pts',(3.32000000000002,88.9993215731857,79.357203517918));
#8803=CARTESIAN_POINT('Ctrl Pts',(5.24520017491455,89.,77.58));
#8804=CARTESIAN_POINT('Ctrl Pts',(5.24520017491455,89.,77.6559654475081));
#8805=CARTESIAN_POINT('Ctrl Pts',(5.24330918643813,89.,77.803488444482));
#8806=CARTESIAN_POINT('Ctrl Pts',(5.20999890080102,89.,78.0951316465835));
#8807=CARTESIAN_POINT('Ctrl Pts',(5.06128827653211,89.,78.5864369488489));
#8808=CARTESIAN_POINT('Ctrl Pts',(4.68773741774913,89.,79.0579290188726));
#8809=CARTESIAN_POINT('Ctrl Pts',(4.18602313054344,89.,79.3635976100101));
#8810=CARTESIAN_POINT('Ctrl Pts',(3.83493270756129,89.,79.470071777984));
#8811=CARTESIAN_POINT('Ctrl Pts',(3.54362824300721,89.,79.5032868097378));
#8812=CARTESIAN_POINT('Ctrl Pts',(3.39596544750814,89.,79.5052001749145));
#8813=CARTESIAN_POINT('Ctrl Pts',(3.32000000000002,89.,79.5052001749145));
#8814=CARTESIAN_POINT('Ctrl Pts',(5.32000000000003,89.,77.58));
#8815=CARTESIAN_POINT('Ctrl Pts',(5.32000000000003,89.,77.6559654475081));
#8816=CARTESIAN_POINT('Ctrl Pts',(5.31807342375232,89.,77.8078749359473));
#8817=CARTESIAN_POINT('Ctrl Pts',(5.28360462531999,89.,78.1105388925529));
#8818=CARTESIAN_POINT('Ctrl Pts',(5.12817297088441,89.,78.6237290211467));
#8819=CARTESIAN_POINT('Ctrl Pts',(4.73953416954432,89.,79.1139166361192));
#8820=CARTESIAN_POINT('Ctrl Pts',(4.21698130523104,89.,79.4324849226788));
#8821=CARTESIAN_POINT('Ctrl Pts',(3.85036182823402,89.,79.5436491087574));
#8822=CARTESIAN_POINT('Ctrl Pts',(3.54801380686029,89.,79.5780705620238));
#8823=CARTESIAN_POINT('Ctrl Pts',(3.39596544750814,89.,79.58));
#8824=CARTESIAN_POINT('Ctrl Pts',(3.32000000000002,89.,79.58));
#8825=CARTESIAN_POINT('',(3.32000000000003,88.,78.58));
#8826=CARTESIAN_POINT('Ctrl Pts',(3.32000000000003,88.,78.58));
#8827=CARTESIAN_POINT('Ctrl Pts',(3.32000000000003,88.0747998250855,78.58));
#8828=CARTESIAN_POINT('Ctrl Pts',(3.32000000000003,88.222817027628,78.5807614556913));
#8829=CARTESIAN_POINT('Ctrl Pts',(3.32000000000003,88.4431594581631,78.6299345328055));
#8830=CARTESIAN_POINT('Ctrl Pts',(3.32000000000003,88.6534086980029,78.7475994032016));
#8831=CARTESIAN_POINT('Ctrl Pts',(3.32000000000002,88.8324977155978,78.926591391877));
#8832=CARTESIAN_POINT('Ctrl Pts',(3.32000000000002,88.9498815390839,79.1367626819086));
#8833=CARTESIAN_POINT('Ctrl Pts',(3.32000000000002,88.9993215731857,79.357203517918));
#8834=CARTESIAN_POINT('Ctrl Pts',(3.32000000000002,89.,79.5052001749145));
#8835=CARTESIAN_POINT('Ctrl Pts',(3.32000000000002,89.,79.58));
#8836=CARTESIAN_POINT('Ctrl Pts',(4.32000000000003,88.,77.58));
#8837=CARTESIAN_POINT('Ctrl Pts',(4.32000000000003,88.,77.6559654475081));
#8838=CARTESIAN_POINT('Ctrl Pts',(4.31850769139964,88.,77.7492306173003));
#8839=CARTESIAN_POINT('Ctrl Pts',(4.29950074538302,88.,77.9044857851925));
#8840=CARTESIAN_POINT('Ctrl Pts',(4.23385966539067,88.,78.1250107690214));
#8841=CARTESIAN_POINT('Ctrl Pts',(4.04676888897719,88.,78.3653848881583));
#8842=CARTESIAN_POINT('Ctrl Pts',(3.80296761217578,88.,78.5114163133368));
#8843=CARTESIAN_POINT('Ctrl Pts',(3.64403575448723,88.,78.5599068300952));
#8844=CARTESIAN_POINT('Ctrl Pts',(3.48937346240229,88.,78.5782523138883));
#8845=CARTESIAN_POINT('Ctrl Pts',(3.39596544750814,88.,78.58));
#8846=CARTESIAN_POINT('Ctrl Pts',(3.32000000000003,88.,78.58));
#8847=CARTESIAN_POINT('Ctrl Pts',(3.32000000000002,88.,78.58));
#8848=CARTESIAN_POINT('Ctrl Pts',(3.07000000000002,88.,78.58));
#8849=CARTESIAN_POINT('Ctrl Pts',(2.82000000000002,88.,78.58));
#8850=CARTESIAN_POINT('Ctrl Pts',(2.57000000000002,88.,78.58));
#8851=CARTESIAN_POINT('Ctrl Pts',(3.32000000000002,88.0747998250855,78.58));
#8852=CARTESIAN_POINT('Ctrl Pts',(3.07000000000002,88.0747998250855,78.58));
#8853=CARTESIAN_POINT('Ctrl Pts',(2.82000000000002,88.0747998250855,78.58));
#8854=CARTESIAN_POINT('Ctrl Pts',(2.57000000000002,88.0747998250855,78.58));
#8855=CARTESIAN_POINT('Ctrl Pts',(3.32000000000002,88.2228170311243,78.5807614526534));
#8856=CARTESIAN_POINT('Ctrl Pts',(3.07000000000002,88.2228170311243,78.5807614526534));
#8857=CARTESIAN_POINT('Ctrl Pts',(2.82000000000002,88.2228170311243,78.5807614526534));
#8858=CARTESIAN_POINT('Ctrl Pts',(2.57000000000002,88.2228170311243,78.5807614526534));
#8859=CARTESIAN_POINT('Ctrl Pts',(3.32000000000002,88.4431594649253,78.6299345329903));
#8860=CARTESIAN_POINT('Ctrl Pts',(3.07000000000002,88.4431594649253,78.6299345329903));
#8861=CARTESIAN_POINT('Ctrl Pts',(2.82000000000002,88.4431594649253,78.6299345329903));
#8862=CARTESIAN_POINT('Ctrl Pts',(2.57000000000002,88.4431594649253,78.6299345329903));
#8863=CARTESIAN_POINT('Ctrl Pts',(3.32000000000002,88.6534087072632,78.7475994009091));
#8864=CARTESIAN_POINT('Ctrl Pts',(3.07000000000002,88.6534087072632,78.7475994009091));
#8865=CARTESIAN_POINT('Ctrl Pts',(2.82000000000002,88.6534087072632,78.7475994009091));
#8866=CARTESIAN_POINT('Ctrl Pts',(2.57000000000002,88.6534087072632,78.7475994009091));
#8867=CARTESIAN_POINT('Ctrl Pts',(3.32000000000002,88.8324977271478,78.9265913936216));
#8868=CARTESIAN_POINT('Ctrl Pts',(3.07000000000002,88.8324977271478,78.9265913936216));
#8869=CARTESIAN_POINT('Ctrl Pts',(2.82000000000002,88.8324977271478,78.9265913936216));
#8870=CARTESIAN_POINT('Ctrl Pts',(2.57000000000002,88.8324977271478,78.9265913936216));
#8871=CARTESIAN_POINT('Ctrl Pts',(3.32000000000002,88.949881555653,79.1367626874616));
#8872=CARTESIAN_POINT('Ctrl Pts',(3.07000000000002,88.949881555653,79.1367626874616));
#8873=CARTESIAN_POINT('Ctrl Pts',(2.82000000000002,88.949881555653,79.1367626874616));
#8874=CARTESIAN_POINT('Ctrl Pts',(2.57000000000002,88.949881555653,79.1367626874616));
#8875=CARTESIAN_POINT('Ctrl Pts',(3.32000000000002,88.9993215839833,79.3572035214038));
#8876=CARTESIAN_POINT('Ctrl Pts',(3.07000000000002,88.9993215839833,79.3572035214038));
#8877=CARTESIAN_POINT('Ctrl Pts',(2.82000000000002,88.9993215839833,79.3572035214038));
#8878=CARTESIAN_POINT('Ctrl Pts',(2.57000000000002,88.9993215839833,79.3572035214038));
#8879=CARTESIAN_POINT('Ctrl Pts',(3.32000000000002,89.,79.5052001749145));
#8880=CARTESIAN_POINT('Ctrl Pts',(3.07000000000002,89.,79.5052001749145));
#8881=CARTESIAN_POINT('Ctrl Pts',(2.82000000000002,89.,79.5052001749145));
#8882=CARTESIAN_POINT('Ctrl Pts',(2.57000000000002,89.,79.5052001749145));
#8883=CARTESIAN_POINT('Ctrl Pts',(3.32000000000002,89.,79.58));
#8884=CARTESIAN_POINT('Ctrl Pts',(3.07000000000002,89.,79.58));
#8885=CARTESIAN_POINT('Ctrl Pts',(2.82000000000002,89.,79.58));
#8886=CARTESIAN_POINT('Ctrl Pts',(2.57000000000002,89.,79.58));
#8887=CARTESIAN_POINT('',(2.57000000000002,88.,78.58));
#8888=CARTESIAN_POINT('Ctrl Pts',(2.57000000000002,88.,78.58));
#8889=CARTESIAN_POINT('Ctrl Pts',(2.57000000000002,88.0747998250855,78.58));
#8890=CARTESIAN_POINT('Ctrl Pts',(2.57000000000002,88.2228170311243,78.5807614526534));
#8891=CARTESIAN_POINT('Ctrl Pts',(2.57000000000002,88.4431594649253,78.6299345329903));
#8892=CARTESIAN_POINT('Ctrl Pts',(2.57000000000002,88.6534087072632,78.7475994009091));
#8893=CARTESIAN_POINT('Ctrl Pts',(2.57000000000002,88.8324977271478,78.9265913936216));
#8894=CARTESIAN_POINT('Ctrl Pts',(2.57000000000002,88.949881555653,79.1367626874616));
#8895=CARTESIAN_POINT('Ctrl Pts',(2.57000000000002,88.9993215839833,79.3572035214038));
#8896=CARTESIAN_POINT('Ctrl Pts',(2.57000000000002,89.,79.5052001749145));
#8897=CARTESIAN_POINT('Ctrl Pts',(2.57000000000002,89.,79.58));
#8898=CARTESIAN_POINT('',(-1.66499999999998,88.,78.58));
#8899=CARTESIAN_POINT('Ctrl Pts',(2.57000000000002,88.,78.58));
#8900=CARTESIAN_POINT('Ctrl Pts',(2.4940345524919,88.,78.58));
#8901=CARTESIAN_POINT('Ctrl Pts',(2.40076569565294,88.0000000000001,78.5782842654908));
#8902=CARTESIAN_POINT('Ctrl Pts',(2.24547828550318,88.,78.5598348176178));
#8903=CARTESIAN_POINT('Ctrl Pts',(2.08800161751245,88.,78.5112602765488));
#8904=CARTESIAN_POINT('Ctrl Pts',(1.8434412422434,88.,78.3653592933286));
#8905=CARTESIAN_POINT('Ctrl Pts',(1.65642703654388,88.,78.1249411484302));
#8906=CARTESIAN_POINT('Ctrl Pts',(1.59054654124832,88.,77.9043963748325));
#8907=CARTESIAN_POINT('Ctrl Pts',(1.5715584887559,88.,77.7493009372133));
#8908=CARTESIAN_POINT('Ctrl Pts',(1.57000000000003,88.,77.6559654475081));
#8909=CARTESIAN_POINT('Ctrl Pts',(1.57000000000003,88.,77.58));
#8910=CARTESIAN_POINT('Ctrl Pts',(2.57000000000002,88.0747998250855,78.58));
#8911=CARTESIAN_POINT('Ctrl Pts',(2.4940345524919,88.0747998250855,78.58));
#8912=CARTESIAN_POINT('Ctrl Pts',(2.4007662670387,88.0747998250855,78.5782788434775));
#8913=CARTESIAN_POINT('Ctrl Pts',(2.24548973929108,88.0747998250855,78.5598266380941));
#8914=CARTESIAN_POINT('Ctrl Pts',(2.08802139518516,88.0747998250855,78.5112452958949));
#8915=CARTESIAN_POINT('Ctrl Pts',(1.8434724181085,88.0747998250854,78.3653448560662));
#8916=CARTESIAN_POINT('Ctrl Pts',(1.65644398422427,88.0747998250855,78.1249174193141));
#8917=CARTESIAN_POINT('Ctrl Pts',(1.59055475811489,88.0747998250855,77.9043848828495));
#8918=CARTESIAN_POINT('Ctrl Pts',(1.57156389486798,88.0747998250855,77.7493003485498));
#8919=CARTESIAN_POINT('Ctrl Pts',(1.57000000000003,88.0747998250855,77.6559654475081));
#8920=CARTESIAN_POINT('Ctrl Pts',(1.57000000000003,88.0747998250855,77.58));
#8921=CARTESIAN_POINT('Ctrl Pts',(2.57000000000002,88.2228170340723,78.5807614500869));
#8922=CARTESIAN_POINT('Ctrl Pts',(2.4940345524919,88.2228170340723,78.5807614500869));
#8923=CARTESIAN_POINT('Ctrl Pts',(2.40072113153876,88.2228170340723,78.5790447062496));
#8924=CARTESIAN_POINT('Ctrl Pts',(2.2453232089192,88.2228170340723,78.5605825503724));
#8925=CARTESIAN_POINT('Ctrl Pts',(2.0876886866718,88.2228170340723,78.5119595373426));
#8926=CARTESIAN_POINT('Ctrl Pts',(1.8429183935716,88.2228170340722,78.3659269366785));
#8927=CARTESIAN_POINT('Ctrl Pts',(1.65574846785495,88.2228170340723,78.12531710139));
#8928=CARTESIAN_POINT('Ctrl Pts',(1.58979844452048,88.2228170340723,77.9045513795379));
#8929=CARTESIAN_POINT('Ctrl Pts',(1.57079819653831,88.2228170340723,77.7493455615656));
#8930=CARTESIAN_POINT('Ctrl Pts',(1.56923854991312,88.2228170340723,77.6559654475081));
#8931=CARTESIAN_POINT('Ctrl Pts',(1.56923854991312,88.2228170340723,77.58));
#8932=CARTESIAN_POINT('Ctrl Pts',(2.57000000000002,88.4431594706306,78.6299345331461));
#8933=CARTESIAN_POINT('Ctrl Pts',(2.4940345524919,88.4431594706306,78.6299345331461));
#8934=CARTESIAN_POINT('Ctrl Pts',(2.39783702909018,88.4431594706307,78.628211743302));
#8935=CARTESIAN_POINT('Ctrl Pts',(2.23518372133057,88.4431594706306,78.6089590017595));
#8936=CARTESIAN_POINT('Ctrl Pts',(2.06726447031487,88.4431594706306,78.5572799320934));
#8937=CARTESIAN_POINT('Ctrl Pts',(1.80881374643673,88.4431594706306,78.4027417861547));
#8938=CARTESIAN_POINT('Ctrl Pts',(1.61174287901975,88.4431594706306,78.149854269332));
#8939=CARTESIAN_POINT('Ctrl Pts',(1.54139808111345,88.4431594706306,77.9146866419017));
#8940=CARTESIAN_POINT('Ctrl Pts',(1.52164092543116,88.4431594706306,77.7522337425188));
#8941=CARTESIAN_POINT('Ctrl Pts',(1.52006546685391,88.4431594706307,77.6559654475081));
#8942=CARTESIAN_POINT('Ctrl Pts',(1.52006546685391,88.4431594706307,77.58));
#8943=CARTESIAN_POINT('Ctrl Pts',(2.57000000000002,88.6534087150751,78.7475993989717));
#8944=CARTESIAN_POINT('Ctrl Pts',(2.49403455249191,88.6534087150751,78.7475993989717));
#8945=CARTESIAN_POINT('Ctrl Pts',(2.39093711507224,88.6534087150751,78.7458491192882));
#8946=CARTESIAN_POINT('Ctrl Pts',(2.2109487406753,88.6534087150751,78.7246979849373));
#8947=CARTESIAN_POINT('Ctrl Pts',(2.018439448173,88.6534087150751,78.6656898297745));
#8948=CARTESIAN_POINT('Ctrl Pts',(1.72728058830015,88.653408715075,78.4908003126194));
#8949=CARTESIAN_POINT('Ctrl Pts',(1.50648386723601,88.6534087150751,78.2085115653095));
#8950=CARTESIAN_POINT('Ctrl Pts',(1.42560196923614,88.6534087150751,77.9389114204007));
#8951=CARTESIAN_POINT('Ctrl Pts',(1.40402687990503,88.6534087150751,77.7591433743766));
#8952=CARTESIAN_POINT('Ctrl Pts',(1.40240060102837,88.6534087150751,77.6559654475081));
#8953=CARTESIAN_POINT('Ctrl Pts',(1.40240060102837,88.6534087150751,77.58));
#8954=CARTESIAN_POINT('Ctrl Pts',(2.57000000000002,88.8324977368946,78.9265913950941));
#8955=CARTESIAN_POINT('Ctrl Pts',(2.4940345524919,88.8324977368946,78.9265913950941));
#8956=CARTESIAN_POINT('Ctrl Pts',(2.3804399523043,88.8324977368946,78.9248088032341));
#8957=CARTESIAN_POINT('Ctrl Pts',(2.17406236663989,88.8324977368946,78.9007746647137));
#8958=CARTESIAN_POINT('Ctrl Pts',(1.9441320680362,88.8324977368946,78.8306294152621));
#8959=CARTESIAN_POINT('Ctrl Pts',(1.60319755312827,88.8324977368946,78.6247804046072));
#8960=CARTESIAN_POINT('Ctrl Pts',(1.34633396636657,88.8324977368946,78.2977827446392));
#8961=CARTESIAN_POINT('Ctrl Pts',(1.24943831971733,88.8324977368946,77.9757823418587));
#8962=CARTESIAN_POINT('Ctrl Pts',(1.22510271417176,88.8324977368946,77.7696553502291));
#8963=CARTESIAN_POINT('Ctrl Pts',(1.22340860490589,88.8324977368946,77.6559654475081));
#8964=CARTESIAN_POINT('Ctrl Pts',(1.22340860490589,88.8324977368946,77.58));
#8965=CARTESIAN_POINT('Ctrl Pts',(2.57000000000002,88.9498815696405,79.136762692151));
#8966=CARTESIAN_POINT('Ctrl Pts',(2.4940345524919,88.9498815696405,79.136762692151));
#8967=CARTESIAN_POINT('Ctrl Pts',(2.36811415270748,88.9498815696405,79.1349430692297));
#8968=CARTESIAN_POINT('Ctrl Pts',(2.1307486922221,88.9498815696405,79.1075241876589));
#8969=CARTESIAN_POINT('Ctrl Pts',(1.85687748265893,88.9498815696405,79.0243029719179));
#8970=CARTESIAN_POINT('Ctrl Pts',(1.45749478846748,88.9498815696404,78.7821014239169));
#8971=CARTESIAN_POINT('Ctrl Pts',(1.15828409780147,88.9498815696405,78.4026083936348));
#8972=CARTESIAN_POINT('Ctrl Pts',(1.04258667117197,88.9498815696405,78.019077878364));
#8973=CARTESIAN_POINT('Ctrl Pts',(1.0150101561101,88.9498815696405,77.7819985461571));
#8974=CARTESIAN_POINT('Ctrl Pts',(1.01323730784896,88.9498815696405,77.6559654475081));
#8975=CARTESIAN_POINT('Ctrl Pts',(1.01323730784896,88.9498815696405,77.58));
#8976=CARTESIAN_POINT('Ctrl Pts',(2.57000000000002,88.9993215930978,79.3572035243473));
#8977=CARTESIAN_POINT('Ctrl Pts',(2.4940345524919,88.9993215930978,79.3572035243473));
#8978=CARTESIAN_POINT('Ctrl Pts',(2.35518692648838,88.9993215930978,79.3553370414388));
#8979=CARTESIAN_POINT('Ctrl Pts',(2.08533553596777,88.9993215930978,79.3243639506378));
#8980=CARTESIAN_POINT('Ctrl Pts',(1.76538865582555,88.9993215930978,79.2274177824207));
#8981=CARTESIAN_POINT('Ctrl Pts',(1.3047187056506,88.9993215930977,78.9470882179845));
#8982=CARTESIAN_POINT('Ctrl Pts',(0.961070673274995,88.9993215930978,78.5125210091124));
#8983=CARTESIAN_POINT('Ctrl Pts',(0.825639847693802,88.9993215930978,78.0644719539456));
#8984=CARTESIAN_POINT('Ctrl Pts',(0.794659906278021,88.9993215930978,77.7949439931842));
#8985=CARTESIAN_POINT('Ctrl Pts',(0.792796475652672,88.9993215930978,77.6559654475081));
#8986=CARTESIAN_POINT('Ctrl Pts',(0.792796475652673,88.9993215930978,77.58));
#8987=CARTESIAN_POINT('Ctrl Pts',(2.57000000000002,89.,79.5052001749145));
#8988=CARTESIAN_POINT('Ctrl Pts',(2.4940345524919,89.,79.5052001749145));
#8989=CARTESIAN_POINT('Ctrl Pts',(2.34650722002375,89.0000000000001,79.5033097879456));
#8990=CARTESIAN_POINT('Ctrl Pts',(2.054830689589,89.,79.4699543620536));
#8991=CARTESIAN_POINT('Ctrl Pts',(1.70393853483034,89.,79.3638031948878));
#8992=CARTESIAN_POINT('Ctrl Pts',(1.20210647261559,89.,79.0578749897478));
#8993=CARTESIAN_POINT('Ctrl Pts',(0.828644514008141,89.,78.5863457564465));
#8994=CARTESIAN_POINT('Ctrl Pts',(0.679977507374385,89.,78.0949640434238));
#8995=CARTESIAN_POINT('Ctrl Pts',(0.646716535682543,89.,77.8036359565724));
#8996=CARTESIAN_POINT('Ctrl Pts',(0.644799825085499,89.,77.6559654475081));
#8997=CARTESIAN_POINT('Ctrl Pts',(0.644799825085499,89.,77.58));
#8998=CARTESIAN_POINT('Ctrl Pts',(2.57000000000002,89.,79.58));
#8999=CARTESIAN_POINT('Ctrl Pts',(2.4940345524919,89.,79.58));
#9000=CARTESIAN_POINT('Ctrl Pts',(2.34212090692075,89.0000000000001,79.5780923458322));
#9001=CARTESIAN_POINT('Ctrl Pts',(2.03942401708099,89.,79.5435302131405));
#9002=CARTESIAN_POINT('Ctrl Pts',(1.67289959698871,89.,79.4327201906145));
#9003=CARTESIAN_POINT('Ctrl Pts',(1.1502744601167,89.,79.1138545512525));
#9004=CARTESIAN_POINT('Ctrl Pts',(0.761730468157715,89.,78.6236352450158));
#9005=CARTESIAN_POINT('Ctrl Pts',(0.606365338008535,89.,78.110364231864));
#9006=CARTESIAN_POINT('Ctrl Pts',(0.571948809633379,89.,77.8080284479917));
#9007=CARTESIAN_POINT('Ctrl Pts',(0.570000000000027,89.,77.6559654475081));
#9008=CARTESIAN_POINT('Ctrl Pts',(0.570000000000028,89.,77.58));
#9009=CARTESIAN_POINT('',(1.57000000000003,88.,77.58));
#9010=CARTESIAN_POINT('Ctrl Pts',(1.57000000000003,88.,77.58));
#9011=CARTESIAN_POINT('Ctrl Pts',(1.57000000000003,88.0747998250855,77.58));
#9012=CARTESIAN_POINT('Ctrl Pts',(1.56923854991312,88.2228170340723,77.58));
#9013=CARTESIAN_POINT('Ctrl Pts',(1.52006546685391,88.4431594706307,77.58));
#9014=CARTESIAN_POINT('Ctrl Pts',(1.40240060102837,88.6534087150751,77.58));
#9015=CARTESIAN_POINT('Ctrl Pts',(1.22340860490589,88.8324977368946,77.58));
#9016=CARTESIAN_POINT('Ctrl Pts',(1.01323730784896,88.9498815696405,77.58));
#9017=CARTESIAN_POINT('Ctrl Pts',(0.792796475652673,88.9993215930978,77.58));
#9018=CARTESIAN_POINT('Ctrl Pts',(0.644799825085499,89.,77.58));
#9019=CARTESIAN_POINT('Ctrl Pts',(0.570000000000028,89.,77.58));
#9020=CARTESIAN_POINT('Ctrl Pts',(2.57000000000002,88.,78.58));
#9021=CARTESIAN_POINT('Ctrl Pts',(2.4940345524919,88.,78.58));
#9022=CARTESIAN_POINT('Ctrl Pts',(2.40076569565294,88.0000000000001,78.5782842654908));
#9023=CARTESIAN_POINT('Ctrl Pts',(2.24547828550318,88.,78.5598348176178));
#9024=CARTESIAN_POINT('Ctrl Pts',(2.08800161751245,88.,78.5112602765488));
#9025=CARTESIAN_POINT('Ctrl Pts',(1.8434412422434,88.,78.3653592933286));
#9026=CARTESIAN_POINT('Ctrl Pts',(1.65642703654388,88.,78.1249411484302));
#9027=CARTESIAN_POINT('Ctrl Pts',(1.59054654124832,88.,77.9043963748325));
#9028=CARTESIAN_POINT('Ctrl Pts',(1.5715584887559,88.,77.7493009372133));
#9029=CARTESIAN_POINT('Ctrl Pts',(1.57000000000003,88.,77.6559654475081));
#9030=CARTESIAN_POINT('Ctrl Pts',(1.57000000000003,88.,77.58));
#9031=CARTESIAN_POINT('Ctrl Pts',(1.57000000000002,88.,77.58));
#9032=CARTESIAN_POINT('Ctrl Pts',(1.57000000000002,88.,68.0533333333333));
#9033=CARTESIAN_POINT('Ctrl Pts',(1.57000000000002,88.,58.5266666666666));
#9034=CARTESIAN_POINT('Ctrl Pts',(1.57000000000001,88.,48.9999999999999));
#9035=CARTESIAN_POINT('Ctrl Pts',(1.57000000000002,88.0747998250855,77.58));
#9036=CARTESIAN_POINT('Ctrl Pts',(1.57000000000002,88.0747998250855,68.0533333333333));
#9037=CARTESIAN_POINT('Ctrl Pts',(1.57000000000002,88.0747998250855,58.5266666666666));
#9038=CARTESIAN_POINT('Ctrl Pts',(1.57000000000001,88.0747998250855,48.9999999999999));
#9039=CARTESIAN_POINT('Ctrl Pts',(1.56923856225583,88.222817048177,77.58));
#9040=CARTESIAN_POINT('Ctrl Pts',(1.56923856225583,88.222817048177,68.0533333333333));
#9041=CARTESIAN_POINT('Ctrl Pts',(1.56923856225582,88.222817048177,58.5266666666666));
#9042=CARTESIAN_POINT('Ctrl Pts',(1.56923856225582,88.222817048177,48.9999999999999));
#9043=CARTESIAN_POINT('Ctrl Pts',(1.52006546610792,88.4431594979745,77.58));
#9044=CARTESIAN_POINT('Ctrl Pts',(1.52006546610792,88.4431594979745,68.0533333333333));
#9045=CARTESIAN_POINT('Ctrl Pts',(1.52006546610792,88.4431594979744,58.5266666666666));
#9046=CARTESIAN_POINT('Ctrl Pts',(1.52006546610792,88.4431594979744,48.9999999999999));
#9047=CARTESIAN_POINT('Ctrl Pts',(1.40240061035475,88.6534087524988,77.5799999999999));
#9048=CARTESIAN_POINT('Ctrl Pts',(1.40240061035475,88.6534087524988,68.0533333333333));
#9049=CARTESIAN_POINT('Ctrl Pts',(1.40240061035475,88.6534087524988,58.5266666666666));
#9050=CARTESIAN_POINT('Ctrl Pts',(1.40240061035475,88.6534087524988,48.9999999999999));
#9051=CARTESIAN_POINT('Ctrl Pts',(1.22340859783959,88.8324977836315,77.58));
#9052=CARTESIAN_POINT('Ctrl Pts',(1.22340859783959,88.8324977836315,68.0533333333333));
#9053=CARTESIAN_POINT('Ctrl Pts',(1.22340859783959,88.8324977836315,58.5266666666666));
#9054=CARTESIAN_POINT('Ctrl Pts',(1.22340859783959,88.8324977836315,48.9999999999999));
#9055=CARTESIAN_POINT('Ctrl Pts',(1.01323728531846,88.9498816367751,77.5799999999999));
#9056=CARTESIAN_POINT('Ctrl Pts',(1.01323728531845,88.9498816367751,68.0533333333333));
#9057=CARTESIAN_POINT('Ctrl Pts',(1.01323728531845,88.9498816367751,58.5266666666666));
#9058=CARTESIAN_POINT('Ctrl Pts',(1.01323728531845,88.9498816367751,48.9999999999999));
#9059=CARTESIAN_POINT('Ctrl Pts',(0.792796461512551,88.9993216368335,77.58));
#9060=CARTESIAN_POINT('Ctrl Pts',(0.792796461512549,88.9993216368335,68.0533333333333));
#9061=CARTESIAN_POINT('Ctrl Pts',(0.792796461512549,88.9993216368334,58.5266666666666));
#9062=CARTESIAN_POINT('Ctrl Pts',(0.792796461512547,88.9993216368334,48.9999999999999));
#9063=CARTESIAN_POINT('Ctrl Pts',(0.644799825085488,89.,77.58));
#9064=CARTESIAN_POINT('Ctrl Pts',(0.644799825085486,89.,68.0533333333333));
#9065=CARTESIAN_POINT('Ctrl Pts',(0.644799825085488,89.,58.5266666666666));
#9066=CARTESIAN_POINT('Ctrl Pts',(0.644799825085486,89.,48.9999999999999));
#9067=CARTESIAN_POINT('Ctrl Pts',(0.570000000000017,89.,77.58));
#9068=CARTESIAN_POINT('Ctrl Pts',(0.570000000000014,89.,68.0533333333333));
#9069=CARTESIAN_POINT('Ctrl Pts',(0.570000000000016,89.,58.5266666666666));
#9070=CARTESIAN_POINT('Ctrl Pts',(0.570000000000014,89.,48.9999999999999));
#9071=CARTESIAN_POINT('Ctrl Pts',(1.57000000000001,88.,48.9999999999999));
#9072=CARTESIAN_POINT('Ctrl Pts',(1.57000000000001,88.0747998250855,48.9999999999999));
#9073=CARTESIAN_POINT('Ctrl Pts',(1.56923856225582,88.222817048177,48.9999999999999));
#9074=CARTESIAN_POINT('Ctrl Pts',(1.52006546610792,88.4431594979744,48.9999999999999));
#9075=CARTESIAN_POINT('Ctrl Pts',(1.40240061035475,88.6534087524988,48.9999999999999));
#9076=CARTESIAN_POINT('Ctrl Pts',(1.22340859783959,88.8324977836315,48.9999999999999));
#9077=CARTESIAN_POINT('Ctrl Pts',(1.01323728531845,88.9498816367751,48.9999999999999));
#9078=CARTESIAN_POINT('Ctrl Pts',(0.792796461512547,88.9993216368334,48.9999999999999));
#9079=CARTESIAN_POINT('Ctrl Pts',(0.644799825085486,89.,48.9999999999999));
#9080=CARTESIAN_POINT('Ctrl Pts',(0.570000000000014,89.,48.9999999999999));
#9081=CARTESIAN_POINT('',(1.57000000000002,88.,73.1));
#9082=CARTESIAN_POINT('Ctrl Pts',(1.57000000000001,88.,48.9999999999999));
#9083=CARTESIAN_POINT('Ctrl Pts',(1.57000000000001,88.,48.9240345524918));
#9084=CARTESIAN_POINT('Ctrl Pts',(1.57173744053487,88.,48.8306967554277));
#9085=CARTESIAN_POINT('Ctrl Pts',(1.59012206811171,88.,48.6758523276862));
#9086=CARTESIAN_POINT('Ctrl Pts',(1.63858584838921,88.,48.5170351735437));
#9087=CARTESIAN_POINT('Ctrl Pts',(1.78470866715456,88.,48.2731400799958));
#9088=CARTESIAN_POINT('Ctrl Pts',(2.02506561130283,88.,48.086120805623));
#9089=CARTESIAN_POINT('Ctrl Pts',(2.24561300986555,88.,48.0204867404998));
#9090=CARTESIAN_POINT('Ctrl Pts',(2.40070239659339,88.,48.0015065446714));
#9091=CARTESIAN_POINT('Ctrl Pts',(2.4940345524919,88.,47.9999999999999));
#9092=CARTESIAN_POINT('Ctrl Pts',(2.57000000000001,88.,47.9999999999999));
#9093=CARTESIAN_POINT('Ctrl Pts',(1.57000000000001,88.0747998250855,48.9999999999999));
#9094=CARTESIAN_POINT('Ctrl Pts',(1.57000000000001,88.0747998250855,48.9240345524918));
#9095=CARTESIAN_POINT('Ctrl Pts',(1.57174204105011,88.0747998250855,48.8306980737034));
#9096=CARTESIAN_POINT('Ctrl Pts',(1.59013398147051,88.0747998250855,48.6758597893314));
#9097=CARTESIAN_POINT('Ctrl Pts',(1.63860153338603,88.0747998250854,48.5170536444936));
#9098=CARTESIAN_POINT('Ctrl Pts',(1.78471311523903,88.0747998250855,48.2731808846373));
#9099=CARTESIAN_POINT('Ctrl Pts',(2.02508782527546,88.0747998250855,48.0861389378859));
#9100=CARTESIAN_POINT('Ctrl Pts',(2.24562320165694,88.0747998250855,48.0204961576261));
#9101=CARTESIAN_POINT('Ctrl Pts',(2.40070256513638,88.0747998250855,48.0015123047496));
#9102=CARTESIAN_POINT('Ctrl Pts',(2.4940345524919,88.0747998250855,47.9999999999999));
#9103=CARTESIAN_POINT('Ctrl Pts',(2.57000000000001,88.0747998250855,47.9999999999999));
#9104=CARTESIAN_POINT('Ctrl Pts',(1.56923868544267,88.2228171825642,48.9999999999999));
#9105=CARTESIAN_POINT('Ctrl Pts',(1.56923868544267,88.2228171825642,48.9240345524918));
#9106=CARTESIAN_POINT('Ctrl Pts',(1.57097698213048,88.2228171825642,48.8306523705677));
#9107=CARTESIAN_POINT('Ctrl Pts',(1.58937503238652,88.2228171825642,48.6756963300348));
#9108=CARTESIAN_POINT('Ctrl Pts',(1.63788710478324,88.2228171825641,48.5167228833075));
#9109=CARTESIAN_POINT('Ctrl Pts',(1.78413956577561,88.2228171825642,48.2726190397958));
#9110=CARTESIAN_POINT('Ctrl Pts',(2.02468951339893,88.2228171825642,48.0854427870588));
#9111=CARTESIAN_POINT('Ctrl Pts',(2.24545782116001,88.2228171825642,48.0197390041417));
#9112=CARTESIAN_POINT('Ctrl Pts',(2.40065772169164,88.2228171825642,48.0007464809914));
#9113=CARTESIAN_POINT('Ctrl Pts',(2.49403455249189,88.2228171825642,47.9992386854425));
#9114=CARTESIAN_POINT('Ctrl Pts',(2.57000000000001,88.2228171825642,47.9992386854425));
#9115=CARTESIAN_POINT('Ctrl Pts',(1.5200654589469,88.4431597626041,48.9999999999999));
#9116=CARTESIAN_POINT('Ctrl Pts',(1.5200654589469,88.4431597626041,48.9240345524918));
#9117=CARTESIAN_POINT('Ctrl Pts',(1.52180926198301,88.4431597626041,48.8277712891563));
#9118=CARTESIAN_POINT('Ctrl Pts',(1.54099513300404,88.443159762604,48.6655396991039));
#9119=CARTESIAN_POINT('Ctrl Pts',(1.59258556691544,88.443159762604,48.4963521745601));
#9120=CARTESIAN_POINT('Ctrl Pts',(1.74733322539652,88.443159762604,48.23852347013));
#9121=CARTESIAN_POINT('Ctrl Pts',(2.00015696252904,88.443159762604,48.0414533900919));
#9122=CARTESIAN_POINT('Ctrl Pts',(2.23532389092849,88.4431597626041,47.9713408682765));
#9123=CARTESIAN_POINT('Ctrl Pts',(2.39777035034593,88.4431597626041,47.9515917058227));
#9124=CARTESIAN_POINT('Ctrl Pts',(2.4940345524919,88.4431597626041,47.9500654589468));
#9125=CARTESIAN_POINT('Ctrl Pts',(2.57000000000001,88.4431597626041,47.9500654589468));
#9126=CARTESIAN_POINT('Ctrl Pts',(1.40240070422268,88.6534091132972,48.9999999999999));
#9127=CARTESIAN_POINT('Ctrl Pts',(1.40240070422268,88.6534091132972,48.9240345524918));
#9128=CARTESIAN_POINT('Ctrl Pts',(1.40416871265282,88.6534091132971,48.8208804188514));
#9129=CARTESIAN_POINT('Ctrl Pts',(1.42525726230646,88.6534091132971,48.6412541697637));
#9130=CARTESIAN_POINT('Ctrl Pts',(1.48422283338874,88.6534091132971,48.4476521587007));
#9131=CARTESIAN_POINT('Ctrl Pts',(1.65927138895757,88.6534091132971,48.157035297133));
#9132=CARTESIAN_POINT('Ctrl Pts',(1.94150720566422,88.6534091132971,47.9362362960974));
#9133=CARTESIAN_POINT('Ctrl Pts',(2.21109922659629,88.6534091132972,47.85555337562));
#9134=CARTESIAN_POINT('Ctrl Pts',(2.39086167267949,88.6534091132971,47.8339849120259));
#9135=CARTESIAN_POINT('Ctrl Pts',(2.4940345524919,88.6534091132972,47.8324007042226));
#9136=CARTESIAN_POINT('Ctrl Pts',(2.57000000000001,88.6534091132972,47.8324007042226));
#9137=CARTESIAN_POINT('Ctrl Pts',(1.22340852868829,88.8324982380239,48.9999999999999));
#9138=CARTESIAN_POINT('Ctrl Pts',(1.22340852868829,88.8324982380239,48.9240345524918));
#9139=CARTESIAN_POINT('Ctrl Pts',(1.22520530854684,88.8324982380238,48.8103956879918));
#9140=CARTESIAN_POINT('Ctrl Pts',(1.24917542590843,88.8324982380239,48.6042978525761));
#9141=CARTESIAN_POINT('Ctrl Pts',(1.31935349059908,88.8324982380238,48.3735371464067));
#9142=CARTESIAN_POINT('Ctrl Pts',(1.52530352804596,88.8324982380239,48.0330037075147));
#9143=CARTESIAN_POINT('Ctrl Pts',(1.85225005129046,88.8324982380238,47.776147832686));
#9144=CARTESIAN_POINT('Ctrl Pts',(2.17423072036452,88.8324982380239,47.6794004219456));
#9145=CARTESIAN_POINT('Ctrl Pts',(2.38035186496741,88.8324982380238,47.6550708280051));
#9146=CARTESIAN_POINT('Ctrl Pts',(2.4940345524919,88.8324982380239,47.6534085286882));
#9147=CARTESIAN_POINT('Ctrl Pts',(2.57000000000001,88.8324982380239,47.6534085286882));
#9148=CARTESIAN_POINT('Ctrl Pts',(1.01323706237982,88.9498822951069,48.9999999999999));
#9149=CARTESIAN_POINT('Ctrl Pts',(1.01323706237982,88.9498822951069,48.9240345524918));
#9150=CARTESIAN_POINT('Ctrl Pts',(1.01506685177729,88.9498822951069,48.7980843624569));
#9151=CARTESIAN_POINT('Ctrl Pts',(1.0424192576572,88.9498822951068,48.5609027267335));
#9152=CARTESIAN_POINT('Ctrl Pts',(1.12576232624956,88.9498822951068,48.2865086672404));
#9153=CARTESIAN_POINT('Ctrl Pts',(1.36799857559425,88.9498822951068,47.8873597469513));
#9154=CARTESIAN_POINT('Ctrl Pts',(1.74744113637915,88.9498822951068,47.5881699347204));
#9155=CARTESIAN_POINT('Ctrl Pts',(2.13093824244374,88.9498822951069,47.4725611680459));
#9156=CARTESIAN_POINT('Ctrl Pts',(2.36801128770847,88.9498822951069,47.4449900875552));
#9157=CARTESIAN_POINT('Ctrl Pts',(2.4940345524919,88.9498822951069,47.4432370623797));
#9158=CARTESIAN_POINT('Ctrl Pts',(2.57000000000001,88.9498822951069,47.4432370623797));
#9159=CARTESIAN_POINT('Ctrl Pts',(0.792796321795535,88.9993220647991,48.9999999999999));
#9160=CARTESIAN_POINT('Ctrl Pts',(0.792796321795535,88.9993220647991,48.9240345524918));
#9161=CARTESIAN_POINT('Ctrl Pts',(0.794667526233475,88.9993220647991,48.7851734346114));
#9162=CARTESIAN_POINT('Ctrl Pts',(0.825578281350333,88.999322064799,48.5153982708717));
#9163=CARTESIAN_POINT('Ctrl Pts',(0.922735183284417,88.999322064799,48.195255125984));
#9164=CARTESIAN_POINT('Ctrl Pts',(1.20301404884487,88.999322064799,47.7346596646478));
#9165=CARTESIAN_POINT('Ctrl Pts',(1.63754390874009,88.999322064799,47.3910339436125));
#9166=CARTESIAN_POINT('Ctrl Pts',(2.08554548105596,88.9993220647991,47.2556293607494));
#9167=CARTESIAN_POINT('Ctrl Pts',(2.35506798129098,88.999322064799,47.2246530105132));
#9168=CARTESIAN_POINT('Ctrl Pts',(2.4940345524919,88.9993220647991,47.2227963217954));
#9169=CARTESIAN_POINT('Ctrl Pts',(2.57000000000002,88.9993220647991,47.2227963217954));
#9170=CARTESIAN_POINT('Ctrl Pts',(0.644799825085486,89.,48.9999999999999));
#9171=CARTESIAN_POINT('Ctrl Pts',(0.644799825085486,89.,48.9240345524918));
#9172=CARTESIAN_POINT('Ctrl Pts',(0.646692418801045,89.,48.7765036337052));
#9173=CARTESIAN_POINT('Ctrl Pts',(0.679981932167761,89.,48.4848377049465));
#9174=CARTESIAN_POINT('Ctrl Pts',(0.786407717530683,89.,48.1339648109087));
#9175=CARTESIAN_POINT('Ctrl Pts',(1.09224278550868,89.,47.6320850650428));
#9176=CARTESIAN_POINT('Ctrl Pts',(1.56373163025687,89.,47.2586581863177));
#9177=CARTESIAN_POINT('Ctrl Pts',(2.0550560958726,89.,47.1099755116756));
#9178=CARTESIAN_POINT('Ctrl Pts',(2.34637804579541,89.,47.0767180776281));
#9179=CARTESIAN_POINT('Ctrl Pts',(2.4940345524919,89.,47.0747998250854));
#9180=CARTESIAN_POINT('Ctrl Pts',(2.57000000000002,89.,47.0747998250854));
#9181=CARTESIAN_POINT('Ctrl Pts',(0.570000000000014,89.,48.9999999999999));
#9182=CARTESIAN_POINT('Ctrl Pts',(0.570000000000014,89.,48.9240345524918));
#9183=CARTESIAN_POINT('Ctrl Pts',(0.571907807639548,89.,48.7721230377905));
#9184=CARTESIAN_POINT('Ctrl Pts',(0.606406583504695,89.,48.4693990422389));
#9185=CARTESIAN_POINT('Ctrl Pts',(0.717520622657123,89.,48.1030053732366));
#9186=CARTESIAN_POINT('Ctrl Pts',(1.03626145347844,89.,47.5802812586461));
#9187=CARTESIAN_POINT('Ctrl Pts',(1.52644697226075,89.,47.1917706912956));
#9188=CARTESIAN_POINT('Ctrl Pts',(2.03965602225533,89.,47.0363687123386));
#9189=CARTESIAN_POINT('Ctrl Pts',(2.34198617305315,89.,47.0019548812223));
#9190=CARTESIAN_POINT('Ctrl Pts',(2.4940345524919,89.,46.9999999999999));
#9191=CARTESIAN_POINT('Ctrl Pts',(2.57000000000002,89.,46.9999999999999));
#9192=CARTESIAN_POINT('Ctrl Pts',(4.32000000000003,82.2,77.58));
#9193=CARTESIAN_POINT('Ctrl Pts',(4.32000000000003,84.1333333333334,77.58));
#9194=CARTESIAN_POINT('Ctrl Pts',(4.32000000000003,86.0666666666667,77.58));
#9195=CARTESIAN_POINT('Ctrl Pts',(4.32000000000003,88.,77.58));
#9196=CARTESIAN_POINT('Ctrl Pts',(4.32000000000003,82.2,77.6547998250854));
#9197=CARTESIAN_POINT('Ctrl Pts',(4.32000000000003,84.1333333333334,77.6547998250854));
#9198=CARTESIAN_POINT('Ctrl Pts',(4.32000000000003,86.0666666666667,77.6547998250854));
#9199=CARTESIAN_POINT('Ctrl Pts',(4.32000000000003,88.,77.6547998250854));
#9200=CARTESIAN_POINT('Ctrl Pts',(4.31923855256438,82.2,77.8028170371121));
#9201=CARTESIAN_POINT('Ctrl Pts',(4.31923855256438,84.1333333333334,77.8028170371121));
#9202=CARTESIAN_POINT('Ctrl Pts',(4.31923855256438,86.0666666666667,77.8028170371121));
#9203=CARTESIAN_POINT('Ctrl Pts',(4.31923855256438,88.,77.8028170371121));
#9204=CARTESIAN_POINT('Ctrl Pts',(4.2700654666932,82.2,78.0231594765173));
#9205=CARTESIAN_POINT('Ctrl Pts',(4.2700654666932,84.1333333333334,78.0231594765173));
#9206=CARTESIAN_POINT('Ctrl Pts',(4.2700654666932,86.0666666666667,78.0231594765173));
#9207=CARTESIAN_POINT('Ctrl Pts',(4.2700654666932,88.,78.0231594765173));
#9208=CARTESIAN_POINT('Ctrl Pts',(4.15240060303048,82.2,78.2334087231339));
#9209=CARTESIAN_POINT('Ctrl Pts',(4.15240060303048,84.1333333333333,78.2334087231339));
#9210=CARTESIAN_POINT('Ctrl Pts',(4.15240060303048,86.0666666666667,78.2334087231339));
#9211=CARTESIAN_POINT('Ctrl Pts',(4.15240060303048,88.,78.2334087231339));
#9212=CARTESIAN_POINT('Ctrl Pts',(3.97340860338584,82.2,78.4124977469529));
#9213=CARTESIAN_POINT('Ctrl Pts',(3.97340860338584,84.1333333333334,78.4124977469529));
#9214=CARTESIAN_POINT('Ctrl Pts',(3.97340860338584,86.0666666666667,78.4124977469529));
#9215=CARTESIAN_POINT('Ctrl Pts',(3.97340860338584,88.,78.4124977469529));
#9216=CARTESIAN_POINT('Ctrl Pts',(3.76323730300626,82.2,78.5298815840798));
#9217=CARTESIAN_POINT('Ctrl Pts',(3.76323730300626,84.1333333333333,78.5298815840798));
#9218=CARTESIAN_POINT('Ctrl Pts',(3.76323730300626,86.0666666666667,78.5298815840798));
#9219=CARTESIAN_POINT('Ctrl Pts',(3.76323730300626,88.,78.5298815840798));
#9220=CARTESIAN_POINT('Ctrl Pts',(3.54279647261309,82.2,78.5793216025058));
#9221=CARTESIAN_POINT('Ctrl Pts',(3.54279647261309,84.1333333333333,78.5793216025058));
#9222=CARTESIAN_POINT('Ctrl Pts',(3.54279647261309,86.0666666666667,78.5793216025058));
#9223=CARTESIAN_POINT('Ctrl Pts',(3.54279647261309,88.,78.5793216025058));
#9224=CARTESIAN_POINT('Ctrl Pts',(3.3947998250855,82.2,78.58));
#9225=CARTESIAN_POINT('Ctrl Pts',(3.3947998250855,84.1333333333334,78.58));
#9226=CARTESIAN_POINT('Ctrl Pts',(3.3947998250855,86.0666666666667,78.58));
#9227=CARTESIAN_POINT('Ctrl Pts',(3.3947998250855,88.,78.58));
#9228=CARTESIAN_POINT('Ctrl Pts',(3.32000000000003,82.2,78.58));
#9229=CARTESIAN_POINT('Ctrl Pts',(3.32000000000003,84.1333333333334,78.58));
#9230=CARTESIAN_POINT('Ctrl Pts',(3.32000000000003,86.0666666666667,78.58));
#9231=CARTESIAN_POINT('Ctrl Pts',(3.32000000000003,88.,78.58));
#9232=CARTESIAN_POINT('',(3.32000000000003,72.2,78.58));
#9233=CARTESIAN_POINT('Origin',(-4.89999999999999,-16.2,108.5));
#9234=CARTESIAN_POINT('',(-4.89999999999999,-16.2,108.5));
#9235=CARTESIAN_POINT('Ctrl Pts',(2.57000000000002,82.2,78.58));
#9236=CARTESIAN_POINT('Ctrl Pts',(2.57000000000002,84.1333333333334,78.58));
#9237=CARTESIAN_POINT('Ctrl Pts',(2.57000000000002,86.0666666666667,78.58));
#9238=CARTESIAN_POINT('Ctrl Pts',(2.57000000000002,88.,78.58));
#9239=CARTESIAN_POINT('Ctrl Pts',(2.49520017491455,82.2,78.58));
#9240=CARTESIAN_POINT('Ctrl Pts',(2.49520017491455,84.1333333333334,78.58));
#9241=CARTESIAN_POINT('Ctrl Pts',(2.49520017491455,86.0666666666667,78.58));
#9242=CARTESIAN_POINT('Ctrl Pts',(2.49520017491455,88.,78.58));
#9243=CARTESIAN_POINT('Ctrl Pts',(2.34718295796572,82.2,78.5792385568675));
#9244=CARTESIAN_POINT('Ctrl Pts',(2.34718295796572,84.1333333333334,78.5792385568675));
#9245=CARTESIAN_POINT('Ctrl Pts',(2.34718295796572,86.0666666666667,78.5792385568675));
#9246=CARTESIAN_POINT('Ctrl Pts',(2.34718295796572,88.,78.5792385568675));
#9247=CARTESIAN_POINT('Ctrl Pts',(2.1268405139435,82.2,78.5300654664329));
#9248=CARTESIAN_POINT('Ctrl Pts',(2.1268405139435,84.1333333333334,78.5300654664329));
#9249=CARTESIAN_POINT('Ctrl Pts',(2.1268405139435,86.0666666666667,78.5300654664329));
#9250=CARTESIAN_POINT('Ctrl Pts',(2.1268405139435,88.,78.5300654664329));
#9251=CARTESIAN_POINT('Ctrl Pts',(1.91659126380934,82.2,78.4124006062814));
#9252=CARTESIAN_POINT('Ctrl Pts',(1.91659126380934,84.1333333333334,78.4124006062814));
#9253=CARTESIAN_POINT('Ctrl Pts',(1.91659126380934,86.0666666666667,78.4124006062814));
#9254=CARTESIAN_POINT('Ctrl Pts',(1.91659126380934,88.,78.4124006062814));
#9255=CARTESIAN_POINT('Ctrl Pts',(1.73750223674388,82.2,78.2334086009212));
#9256=CARTESIAN_POINT('Ctrl Pts',(1.73750223674388,84.1333333333333,78.2334086009212));
#9257=CARTESIAN_POINT('Ctrl Pts',(1.73750223674388,86.0666666666667,78.2334086009212));
#9258=CARTESIAN_POINT('Ctrl Pts',(1.73750223674388,88.,78.2334086009212));
#9259=CARTESIAN_POINT('Ctrl Pts',(1.62011839250574,82.2,78.0232372951497));
#9260=CARTESIAN_POINT('Ctrl Pts',(1.62011839250574,84.1333333333334,78.0232372951497));
#9261=CARTESIAN_POINT('Ctrl Pts',(1.62011839250574,86.0666666666667,78.0232372951497));
#9262=CARTESIAN_POINT('Ctrl Pts',(1.62011839250574,88.,78.0232372951497));
#9263=CARTESIAN_POINT('Ctrl Pts',(1.57067838223983,82.2,77.8027964676821));
#9264=CARTESIAN_POINT('Ctrl Pts',(1.57067838223983,84.1333333333333,77.8027964676821));
#9265=CARTESIAN_POINT('Ctrl Pts',(1.57067838223983,86.0666666666667,77.8027964676821));
#9266=CARTESIAN_POINT('Ctrl Pts',(1.57067838223983,88.,77.8027964676821));
#9267=CARTESIAN_POINT('Ctrl Pts',(1.57000000000003,82.2,77.6547998250854));
#9268=CARTESIAN_POINT('Ctrl Pts',(1.57000000000003,84.1333333333334,77.6547998250854));
#9269=CARTESIAN_POINT('Ctrl Pts',(1.57000000000003,86.0666666666667,77.6547998250854));
#9270=CARTESIAN_POINT('Ctrl Pts',(1.57000000000003,88.,77.6547998250854));
#9271=CARTESIAN_POINT('Ctrl Pts',(1.57000000000003,82.2,77.58));
#9272=CARTESIAN_POINT('Ctrl Pts',(1.57000000000003,84.1333333333334,77.58));
#9273=CARTESIAN_POINT('Ctrl Pts',(1.57000000000003,86.0666666666667,77.58));
#9274=CARTESIAN_POINT('Ctrl Pts',(1.57000000000003,88.,77.58));
#9275=CARTESIAN_POINT('',(1.57000000000002,72.2,77.58));
#9276=CARTESIAN_POINT('',(2.57000000000002,72.2,78.58));
#9277=CARTESIAN_POINT('Origin',(1.57000000000001,72.2,47.9999999999999));
#9278=CARTESIAN_POINT('Origin',(1.57000000000002,72.2,78.58));
#9279=CARTESIAN_POINT('Origin',(-4.89999999999999,-18.7,98.2));
#9280=CARTESIAN_POINT('',(19.1,-18.7,98.4));
#9281=CARTESIAN_POINT('',(-4.89999999999999,-18.7,98.4));
#9282=CARTESIAN_POINT('',(19.1,-18.7,73.6));
#9283=CARTESIAN_POINT('Origin',(-4.89999999999999,-18.7,98.2));
#9284=CARTESIAN_POINT('',(19.1,-18.7,73.6));
#9285=CARTESIAN_POINT('Origin',(1.64620000000012,-18.7,-0.0700000000011594));
#9286=CARTESIAN_POINT('Ctrl Pts',(32.1,60.51,50.9999999999999));
#9287=CARTESIAN_POINT('Ctrl Pts',(32.1,60.51,48.2324064718375));
#9288=CARTESIAN_POINT('Ctrl Pts',(32.1,59.2478161243785,42.6988226871996));
#9289=CARTESIAN_POINT('Ctrl Pts',(32.1,53.9389071855234,36.0420020285888));
#9290=CARTESIAN_POINT('Ctrl Pts',(32.1,46.2671266527648,32.3472247138973));
#9291=CARTESIAN_POINT('Ctrl Pts',(32.1,38.6990074466929,32.3480188072433));
#9292=CARTESIAN_POINT('Ctrl Pts',(32.1,32.6216611616727,34.7380469757741));
#9293=CARTESIAN_POINT('Ctrl Pts',(32.1,28.2428086691133,38.227322164998));
#9294=CARTESIAN_POINT('Ctrl Pts',(32.1,25.0960043740919,42.8520839303172));
#9295=CARTESIAN_POINT('Ctrl Pts',(32.1,22.8777319674011,49.985880147298));
#9296=CARTESIAN_POINT('Ctrl Pts',(32.1,24.0291895905451,57.6083063485492));
#9297=CARTESIAN_POINT('Ctrl Pts',(32.1,28.2471620498879,63.7714054511911));
#9298=CARTESIAN_POINT('Ctrl Pts',(32.1,32.6198236570327,67.2642241119053));
#9299=CARTESIAN_POINT('Ctrl Pts',(32.1,37.8308762389307,69.3031743236271));
#9300=CARTESIAN_POINT('Ctrl Pts',(32.1,45.2779215155722,69.8780088049514));
#9301=CARTESIAN_POINT('Ctrl Pts',(32.1,53.3522011075763,66.7092047435225));
#9302=CARTESIAN_POINT('Ctrl Pts',(32.1,59.2459884138401,59.295088836429));
#9303=CARTESIAN_POINT('Ctrl Pts',(32.1,60.51,53.7675935281624));
#9304=CARTESIAN_POINT('Ctrl Pts',(32.1,60.51,50.9999999999999));
#9305=CARTESIAN_POINT('Ctrl Pts',(32.6983986006838,60.51,50.9999999999999));
#9306=CARTESIAN_POINT('Ctrl Pts',(32.6983986006838,60.51,48.2325287993958));
#9307=CARTESIAN_POINT('Ctrl Pts',(32.6983986006838,59.2477462026802,42.6988117649561));
#9308=CARTESIAN_POINT('Ctrl Pts',(32.6983986006838,53.9388436359248,36.0420995286473));
#9309=CARTESIAN_POINT('Ctrl Pts',(32.6983986006838,46.2670655219066,32.3472662515776));
#9310=CARTESIAN_POINT('Ctrl Pts',(32.6983986006838,38.6989852823202,32.3481214378313));
#9311=CARTESIAN_POINT('Ctrl Pts',(32.6983986006838,32.6216674997664,34.7381205283765));
#9312=CARTESIAN_POINT('Ctrl Pts',(32.6983986006838,28.2428968127477,38.2273348336699));
#9313=CARTESIAN_POINT('Ctrl Pts',(32.6983986006838,25.0960866124954,42.8521108849167));
#9314=CARTESIAN_POINT('Ctrl Pts',(32.6983986006838,22.8778142783507,49.985873552133));
#9315=CARTESIAN_POINT('Ctrl Pts',(32.6983986006838,24.0292864484395,57.6083192564035));
#9316=CARTESIAN_POINT('Ctrl Pts',(32.6983986006838,28.247229249684,63.7713702959084));
#9317=CARTESIAN_POINT('Ctrl Pts',(32.6983986006838,32.6198161257615,67.2641373219324));
#9318=CARTESIAN_POINT('Ctrl Pts',(32.6983986006838,37.8308744296461,69.3030895420635));
#9319=CARTESIAN_POINT('Ctrl Pts',(32.6983986006838,45.2779058069011,69.8779319981562));
#9320=CARTESIAN_POINT('Ctrl Pts',(32.6983986006838,53.3521120987437,66.709150002266));
#9321=CARTESIAN_POINT('Ctrl Pts',(32.6983986006838,59.2459150288733,59.2950912812458));
#9322=CARTESIAN_POINT('Ctrl Pts',(32.6983986006838,60.51,53.7674712006041));
#9323=CARTESIAN_POINT('Ctrl Pts',(32.6983986006838,60.51,50.9999999999999));
#9324=CARTESIAN_POINT('Ctrl Pts',(33.882560420153,60.5160682459412,50.9999999999999));
#9325=CARTESIAN_POINT('Ctrl Pts',(33.882560420153,60.5160682459412,48.2315203612979));
#9326=CARTESIAN_POINT('Ctrl Pts',(33.882560420153,59.2534579553937,42.6960978534334));
#9327=CARTESIAN_POINT('Ctrl Pts',(33.882560420153,53.9428087540326,36.0371128997401));
#9328=CARTESIAN_POINT('Ctrl Pts',(33.882560420153,46.2685122042755,32.3411137230648));
#9329=CARTESIAN_POINT('Ctrl Pts',(33.882560420153,38.6979174658798,32.3419189127788));
#9330=CARTESIAN_POINT('Ctrl Pts',(33.882560420153,32.6185827858957,34.7327258848333));
#9331=CARTESIAN_POINT('Ctrl Pts',(33.882560420153,28.2383084811481,38.223134803877));
#9332=CARTESIAN_POINT('Ctrl Pts',(33.882560420153,25.090470945088,42.8494160863963));
#9333=CARTESIAN_POINT('Ctrl Pts',(33.882560420153,22.8714709284252,49.9855463327367));
#9334=CARTESIAN_POINT('Ctrl Pts',(33.882560420153,24.0233088251321,57.6104762503166));
#9335=CARTESIAN_POINT('Ctrl Pts',(33.882560420153,28.2426595751337,63.7755884065599));
#9336=CARTESIAN_POINT('Ctrl Pts',(33.882560420153,32.6167422185555,67.269543599914));
#9337=CARTESIAN_POINT('Ctrl Pts',(33.882560420153,37.8295051098711,69.3091629706378));
#9338=CARTESIAN_POINT('Ctrl Pts',(33.882560420153,45.2789906510661,69.8841874197784));
#9339=CARTESIAN_POINT('Ctrl Pts',(33.882560420153,53.3559057130521,66.7143478621999));
#9340=CARTESIAN_POINT('Ctrl Pts',(33.882560420153,59.2516290310707,59.2978101694742));
#9341=CARTESIAN_POINT('Ctrl Pts',(33.882560420153,60.5160682459412,53.768479638702));
#9342=CARTESIAN_POINT('Ctrl Pts',(33.882560420153,60.5160682459412,50.9999999999999));
#9343=CARTESIAN_POINT('Ctrl Pts',(35.6452168486391,60.9094651651246,50.9999999999999));
#9344=CARTESIAN_POINT('Ctrl Pts',(35.6452168486391,60.9094651651246,48.172579414906));
#9345=CARTESIAN_POINT('Ctrl Pts',(35.6452168486391,59.6200657327292,42.5195837600973));
#9346=CARTESIAN_POINT('Ctrl Pts',(35.6452168486391,54.1965195532014,35.7189647243558));
#9347=CARTESIAN_POINT('Ctrl Pts',(35.6452168486391,46.3590831468429,31.9444378948626));
#9348=CARTESIAN_POINT('Ctrl Pts',(35.6452168486391,38.6275263166118,31.945215569788));
#9349=CARTESIAN_POINT('Ctrl Pts',(35.6452168486391,32.418937986256,34.3868669030792));
#9350=CARTESIAN_POINT('Ctrl Pts',(35.6452168486391,27.9454892497864,37.951518455491));
#9351=CARTESIAN_POINT('Ctrl Pts',(35.6452168486391,24.7307401614641,42.6761335191283));
#9352=CARTESIAN_POINT('Ctrl Pts',(35.6452168486391,22.464569198525,49.963986173211));
#9353=CARTESIAN_POINT('Ctrl Pts',(35.6452168486391,23.6408819218421,57.750990510182));
#9354=CARTESIAN_POINT('Ctrl Pts',(35.6452168486391,27.9499481386091,64.0471940408483));
#9355=CARTESIAN_POINT('Ctrl Pts',(35.6452168486391,32.4170684248747,67.6154604962843));
#9356=CARTESIAN_POINT('Ctrl Pts',(35.6452168486391,37.7406386187376,69.6984360685123));
#9357=CARTESIAN_POINT('Ctrl Pts',(35.6452168486391,45.3484934329817,70.2856784036091));
#9358=CARTESIAN_POINT('Ctrl Pts',(35.6452168486391,53.5971588876582,67.0484391468492));
#9359=CARTESIAN_POINT('Ctrl Pts',(35.6452168486391,59.6182004597182,59.474200954399));
#9360=CARTESIAN_POINT('Ctrl Pts',(35.6452168486391,60.9094651651246,53.8274205850939));
#9361=CARTESIAN_POINT('Ctrl Pts',(35.6452168486391,60.9094651651246,50.9999999999999));
#9362=CARTESIAN_POINT('Ctrl Pts',(37.3274007000831,61.8507565221805,50.9999999999999));
#9363=CARTESIAN_POINT('Ctrl Pts',(37.3274007000831,61.8507565221805,48.0318872772975));
#9364=CARTESIAN_POINT('Ctrl Pts',(37.3274007000831,60.4970651100752,42.097203626504));
#9365=CARTESIAN_POINT('Ctrl Pts',(37.3274007000831,54.8034048813555,34.9579920119562));
#9366=CARTESIAN_POINT('Ctrl Pts',(37.3274007000831,46.5756260378707,30.9954155875616));
#9367=CARTESIAN_POINT('Ctrl Pts',(37.3274007000831,38.4590383850209,30.9962959542444));
#9368=CARTESIAN_POINT('Ctrl Pts',(37.3274007000831,31.9412600047664,33.5595237412658));
#9369=CARTESIAN_POINT('Ctrl Pts',(37.3274007000831,27.245095970864,37.3016496826177));
#9370=CARTESIAN_POINT('Ctrl Pts',(37.3274007000831,23.8702295274749,42.2615900293328));
#9371=CARTESIAN_POINT('Ctrl Pts',(37.3274007000831,21.4911915766622,49.9123804083852));
#9372=CARTESIAN_POINT('Ctrl Pts',(37.3274007000831,22.7261060021818,58.087238354316));
#9373=CARTESIAN_POINT('Ctrl Pts',(37.3274007000831,27.2497550089023,64.6969751476344));
#9374=CARTESIAN_POINT('Ctrl Pts',(37.3274007000831,31.9392828093906,68.4429057161578));
#9375=CARTESIAN_POINT('Ctrl Pts',(37.3274007000831,37.5280003915599,70.6296263745505));
#9376=CARTESIAN_POINT('Ctrl Pts',(37.3274007000831,45.5147512699434,71.2461247716887));
#9377=CARTESIAN_POINT('Ctrl Pts',(37.3274007000831,54.174166293209,67.8476773160808));
#9378=CARTESIAN_POINT('Ctrl Pts',(37.3274007000831,60.4951033110248,59.8962626593434));
#9379=CARTESIAN_POINT('Ctrl Pts',(37.3274007000831,61.8507565221805,53.9681127227023));
#9380=CARTESIAN_POINT('Ctrl Pts',(37.3274007000831,61.8507565221805,50.9999999999999));
#9381=CARTESIAN_POINT('Ctrl Pts',(38.7596319659362,63.2825674480412,50.9999999999999));
#9382=CARTESIAN_POINT('Ctrl Pts',(38.7596319659362,63.2825674480412,47.8176092326969));
#9383=CARTESIAN_POINT('Ctrl Pts',(38.7596319659362,61.8312345977398,41.4547395811543));
#9384=CARTESIAN_POINT('Ctrl Pts',(38.7596319659362,55.7266862305697,33.8002515198688));
#9385=CARTESIAN_POINT('Ctrl Pts',(38.7596319659362,46.9051469375633,29.5517535505584));
#9386=CARTESIAN_POINT('Ctrl Pts',(38.7596319659362,38.2027979314574,29.552655606887));
#9387=CARTESIAN_POINT('Ctrl Pts',(38.7596319659362,31.2146436559476,32.3008789953574));
#9388=CARTESIAN_POINT('Ctrl Pts',(38.7596319659362,26.1795242699419,36.3130976694478));
#9389=CARTESIAN_POINT('Ctrl Pts',(38.7596319659362,22.5611141695088,41.6309630097693));
#9390=CARTESIAN_POINT('Ctrl Pts',(38.7596319659362,20.010392567772,49.8338967078118));
#9391=CARTESIAN_POINT('Ctrl Pts',(38.7596319659362,21.334414799709,58.5986810453353));
#9392=CARTESIAN_POINT('Ctrl Pts',(38.7596319659362,26.1845338724008,65.6854433224243));
#9393=CARTESIAN_POINT('Ctrl Pts',(38.7596319659362,31.2125332750335,69.701734850385));
#9394=CARTESIAN_POINT('Ctrl Pts',(38.7596319659362,37.2045575119562,72.0462591305856));
#9395=CARTESIAN_POINT('Ctrl Pts',(38.7596319659362,45.7676828865982,72.7072417575582));
#9396=CARTESIAN_POINT('Ctrl Pts',(38.7596319659362,55.0520559899483,69.0635297609142));
#9397=CARTESIAN_POINT('Ctrl Pts',(38.7596319659362,61.829133597161,60.5382610044465));
#9398=CARTESIAN_POINT('Ctrl Pts',(38.7596319659362,63.2825674480412,54.182390767303));
#9399=CARTESIAN_POINT('Ctrl Pts',(38.7596319659362,63.2825674480412,50.9999999999999));
#9400=CARTESIAN_POINT('Ctrl Pts',(39.6995939109609,64.9643706324234,50.9999999999999));
#9401=CARTESIAN_POINT('Ctrl Pts',(39.6995939109609,64.9643706324234,47.566020197884));
#9402=CARTESIAN_POINT('Ctrl Pts',(39.6995939109608,63.3982901677427,40.7000931015159));
#9403=CARTESIAN_POINT('Ctrl Pts',(39.6995939109608,56.8111184426708,32.4404521310153));
#9404=CARTESIAN_POINT('Ctrl Pts',(39.6995939109609,47.292150935892,27.8560645893814));
#9405=CARTESIAN_POINT('Ctrl Pts',(39.6995939109608,37.9017998189103,27.857042897272));
#9406=CARTESIAN_POINT('Ctrl Pts',(39.6995939109608,30.3611663392769,30.8225377029449));
#9407=CARTESIAN_POINT('Ctrl Pts',(39.6995939109608,24.9279784427898,35.1519563357537));
#9408=CARTESIAN_POINT('Ctrl Pts',(39.6995939109608,21.0234973830316,40.8902517644982));
#9409=CARTESIAN_POINT('Ctrl Pts',(39.6995939109608,18.2711164565289,49.741704377554));
#9410=CARTESIAN_POINT('Ctrl Pts',(39.6995939109608,19.6998166879385,59.1994316689686));
#9411=CARTESIAN_POINT('Ctrl Pts',(39.6995939109608,24.9333824111093,66.8464674908207));
#9412=CARTESIAN_POINT('Ctrl Pts',(39.6995939109608,30.3588879918396,71.1802817233559));
#9413=CARTESIAN_POINT('Ctrl Pts',(39.6995939109608,36.8246404376459,73.7101635943263));
#9414=CARTESIAN_POINT('Ctrl Pts',(39.6995939109608,46.0647629671011,74.4234039656377));
#9415=CARTESIAN_POINT('Ctrl Pts',(39.6995939109609,56.0831500687833,70.4916229084394));
#9416=CARTESIAN_POINT('Ctrl Pts',(39.6995939109608,63.3960227828788,61.2923534275276));
#9417=CARTESIAN_POINT('Ctrl Pts',(39.6995939109609,64.9643706324234,54.4339798021158));
#9418=CARTESIAN_POINT('Ctrl Pts',(39.6995939109609,64.9643706324234,50.9999999999999));
#9419=CARTESIAN_POINT('Ctrl Pts',(40.0942580753076,66.7274881360568,50.9999999999999));
#9420=CARTESIAN_POINT('Ctrl Pts',(40.0942580753076,66.7274881360568,47.3022710040199));
#9421=CARTESIAN_POINT('Ctrl Pts',(40.0942580753075,65.0411097587857,39.9089594917489));
#9422=CARTESIAN_POINT('Ctrl Pts',(40.0942580753075,57.947980295122,31.0149103620442));
#9423=CARTESIAN_POINT('Ctrl Pts',(40.0942580753075,47.6978643589335,26.0783913110955));
#9424=CARTESIAN_POINT('Ctrl Pts',(40.0942580753075,37.5862478701215,26.0794515756431));
#9425=CARTESIAN_POINT('Ctrl Pts',(40.0942580753075,29.466424042564,29.2727217991575));
#9426=CARTESIAN_POINT('Ctrl Pts',(40.0942580753075,23.6159239304539,33.9346748341305));
#9427=CARTESIAN_POINT('Ctrl Pts',(40.0942580753075,19.4115403324775,40.1137284018801));
#9428=CARTESIAN_POINT('Ctrl Pts',(40.0942580753075,16.4477499589383,49.6450543776403));
#9429=CARTESIAN_POINT('Ctrl Pts',(40.0942580753075,17.9861897978719,59.8292287028196));
#9430=CARTESIAN_POINT('Ctrl Pts',(40.0942580753075,23.6217406400835,68.0636254193576));
#9431=CARTESIAN_POINT('Ctrl Pts',(40.0942580753075,29.4639691492962,72.7303127100833));
#9432=CARTESIAN_POINT('Ctrl Pts',(40.0942580753075,36.4263545083557,75.4545141823875));
#9433=CARTESIAN_POINT('Ctrl Pts',(40.0942580753075,46.3762061977711,76.2225391965759));
#9434=CARTESIAN_POINT('Ctrl Pts',(40.0942580753075,57.1640940755339,71.9887618168539));
#9435=CARTESIAN_POINT('Ctrl Pts',(40.0942580753075,65.0386678306234,62.0829059123128));
#9436=CARTESIAN_POINT('Ctrl Pts',(40.0942580753076,66.7274881360568,54.6977289959799));
#9437=CARTESIAN_POINT('Ctrl Pts',(40.0942580753076,66.7274881360568,50.9999999999999));
#9438=CARTESIAN_POINT('Ctrl Pts',(40.1,67.9116013993163,50.9999999999999));
#9439=CARTESIAN_POINT('Ctrl Pts',(40.1,67.9116013993163,47.1250772707722));
#9440=CARTESIAN_POINT('Ctrl Pts',(40.1,66.1444645653508,39.3776378571807));
#9441=CARTESIAN_POINT('Ctrl Pts',(40.1,58.7115297802959,30.0574664216439));
#9442=CARTESIAN_POINT('Ctrl Pts',(40.1,47.9703719162586,24.8844822433586));
#9443=CARTESIAN_POINT('Ctrl Pts',(40.1,37.3743332806779,24.8855679625247));
#9444=CARTESIAN_POINT('Ctrl Pts',(40.1,28.8655102460794,28.231826697632));
#9445=CARTESIAN_POINT('Ctrl Pts',(40.1,22.7347027913423,33.1171399926667));
#9446=CARTESIAN_POINT('Ctrl Pts',(40.1,18.3289069051584,39.5922006947295));
#9447=CARTESIAN_POINT('Ctrl Pts',(40.1,15.223133486448,49.5801472372905));
#9448=CARTESIAN_POINT('Ctrl Pts',(40.1,16.8352676214506,60.2521954067119));
#9449=CARTESIAN_POINT('Ctrl Pts',(40.1,22.7408068420845,68.8810881592796));
#9450=CARTESIAN_POINT('Ctrl Pts',(40.1,28.8629435012876,73.7713586726767));
#9451=CARTESIAN_POINT('Ctrl Pts',(40.1,36.1588657530433,76.6260646075709));
#9452=CARTESIAN_POINT('Ctrl Pts',(40.1,46.5853797059856,77.4308792359304));
#9453=CARTESIAN_POINT('Ctrl Pts',(40.1,57.8901013530646,72.994269831848));
#9454=CARTESIAN_POINT('Ctrl Pts',(40.1,66.1419070908385,62.613841367839));
#9455=CARTESIAN_POINT('Ctrl Pts',(40.1,67.9116013993163,54.8749227292276));
#9456=CARTESIAN_POINT('Ctrl Pts',(40.1,67.9116013993163,50.9999999999999));
#9457=CARTESIAN_POINT('Ctrl Pts',(40.1,68.51,50.9999999999999));
#9458=CARTESIAN_POINT('Ctrl Pts',(40.1,68.51,47.0356092704699));
#9459=CARTESIAN_POINT('Ctrl Pts',(40.1,66.7020068808665,39.1091243897724));
#9460=CARTESIAN_POINT('Ctrl Pts',(40.1,59.09735353602,29.5736785814921));
#9461=CARTESIAN_POINT('Ctrl Pts',(40.1,48.1080462863927,24.2811597253124));
#9462=CARTESIAN_POINT('Ctrl Pts',(40.1,37.2672268831006,24.2822972103756));
#9463=CARTESIAN_POINT('Ctrl Pts',(40.1,28.561838961315,27.7058510734062));
#9464=CARTESIAN_POINT('Ctrl Pts',(40.1,22.2894286341353,32.7040020201323));
#9465=CARTESIAN_POINT('Ctrl Pts',(40.1,17.7818441034289,39.328660765049));
#9466=CARTESIAN_POINT('Ctrl Pts',(40.1,14.6043187641151,49.5473418326161));
#9467=CARTESIAN_POINT('Ctrl Pts',(40.1,16.2537040080781,60.465952337111));
#9468=CARTESIAN_POINT('Ctrl Pts',(40.1,22.2956645579475,69.2941753760305));
#9469=CARTESIAN_POINT('Ctrl Pts',(40.1,28.5592068600739,74.2974021062428));
#9470=CARTESIAN_POINT('Ctrl Pts',(40.1,36.0236875854954,77.2180605176281));
#9471=CARTESIAN_POINT('Ctrl Pts',(40.1,46.6910767655494,78.0414720719574));
#9472=CARTESIAN_POINT('Ctrl Pts',(40.1,58.2569367216634,73.5023743623431));
#9473=CARTESIAN_POINT('Ctrl Pts',(40.1,66.6993888090142,62.8821542792091));
#9474=CARTESIAN_POINT('Ctrl Pts',(40.1,68.51,54.9643907295299));
#9475=CARTESIAN_POINT('Ctrl Pts',(40.1,68.51,50.9999999999999));
#9476=CARTESIAN_POINT('',(32.1,60.51,50.9999999999999));
#9477=CARTESIAN_POINT('Ctrl Pts',(40.1,68.51,50.9999999999999));
#9478=CARTESIAN_POINT('Ctrl Pts',(40.1,67.9116013993163,50.9999999999999));
#9479=CARTESIAN_POINT('Ctrl Pts',(40.0942580753076,66.7274881360568,50.9999999999999));
#9480=CARTESIAN_POINT('Ctrl Pts',(39.6995939109609,64.9643706324234,50.9999999999999));
#9481=CARTESIAN_POINT('Ctrl Pts',(38.7596319659362,63.2825674480412,50.9999999999999));
#9482=CARTESIAN_POINT('Ctrl Pts',(37.3274007000831,61.8507565221805,50.9999999999999));
#9483=CARTESIAN_POINT('Ctrl Pts',(35.6452168486391,60.9094651651246,50.9999999999999));
#9484=CARTESIAN_POINT('Ctrl Pts',(33.882560420153,60.5160682459412,50.9999999999999));
#9485=CARTESIAN_POINT('Ctrl Pts',(32.6983986006838,60.51,50.9999999999999));
#9486=CARTESIAN_POINT('Ctrl Pts',(32.1,60.51,50.9999999999999));
#9487=CARTESIAN_POINT('Origin',(32.1,42.01,50.9999999999999));
#9488=CARTESIAN_POINT('Origin',(30.1,42.01,50.9999999999999));
#9489=CARTESIAN_POINT('',(30.1,60.51,50.9999999999999));
#9490=CARTESIAN_POINT('Origin',(-4.9,69.9,98.4));
#9491=CARTESIAN_POINT('Origin',(-4.89999999999999,-16.4,98.4));
#9492=CARTESIAN_POINT('Origin',(19.1,-16.4,98.4));
#9493=CARTESIAN_POINT('Origin',(19.1,26.75,48.9999999999999));
#9494=CARTESIAN_POINT('Origin',(-4.89999999999999,-16.2,98.2));
#9495=UNCERTAINTY_MEASURE_WITH_UNIT(LENGTH_MEASURE(0.01),#9499,
'DISTANCE_ACCURACY_VALUE',
'Maximum model space distance between geometric entities at asserted c
onnectivities');
#9496=UNCERTAINTY_MEASURE_WITH_UNIT(LENGTH_MEASURE(0.01),#9499,
'DISTANCE_ACCURACY_VALUE',
'Maximum model space distance between geometric entities at asserted c
onnectivities');
#9497=(
GEOMETRIC_REPRESENTATION_CONTEXT(3)
GLOBAL_UNCERTAINTY_ASSIGNED_CONTEXT((#9495))
GLOBAL_UNIT_ASSIGNED_CONTEXT((#9499,#9501,#9502))
REPRESENTATION_CONTEXT('','3D')
);
#9498=(
GEOMETRIC_REPRESENTATION_CONTEXT(3)
GLOBAL_UNCERTAINTY_ASSIGNED_CONTEXT((#9496))
GLOBAL_UNIT_ASSIGNED_CONTEXT((#9499,#9501,#9502))
REPRESENTATION_CONTEXT('','3D')
);
#9499=(
LENGTH_UNIT()
NAMED_UNIT(*)
SI_UNIT(.MILLI.,.METRE.)
);
#9500=(
LENGTH_UNIT()
NAMED_UNIT(*)
SI_UNIT($,.METRE.)
);
#9501=(
NAMED_UNIT(*)
PLANE_ANGLE_UNIT()
SI_UNIT($,.RADIAN.)
);
#9502=(
NAMED_UNIT(*)
SI_UNIT($,.STERADIAN.)
SOLID_ANGLE_UNIT()
);
#9503=SHAPE_DEFINITION_REPRESENTATION(#9504,#9505);
#9504=PRODUCT_DEFINITION_SHAPE('',$,#9507);
#9505=SHAPE_REPRESENTATION('',(#3195),#9497);
#9506=PRODUCT_DEFINITION_CONTEXT('part definition',#9511,'design');
#9507=PRODUCT_DEFINITION('2026-08-10-20-28-40-261','Upper Half',#9508,#9506);
#9508=PRODUCT_DEFINITION_FORMATION('',$,#9513);
#9509=PRODUCT_RELATED_PRODUCT_CATEGORY('Upper Half','Upper Half',(#9513));
#9510=APPLICATION_PROTOCOL_DEFINITION('international standard',
'automotive_design',2009,#9511);
#9511=APPLICATION_CONTEXT(
'Core Data for Automotive Mechanical Design Process');
#9512=PRODUCT_CONTEXT('part definition',#9511,'mechanical');
#9513=PRODUCT('2026-08-10-20-28-40-261','Upper Half',$,(#9512));
#9514=PRESENTATION_STYLE_ASSIGNMENT((#9515));
#9515=SURFACE_STYLE_USAGE(.BOTH.,#9516);
#9516=SURFACE_SIDE_STYLE('',(#9517));
#9517=SURFACE_STYLE_FILL_AREA(#9518);
#9518=FILL_AREA_STYLE('Steel - Satin',(#9519));
#9519=FILL_AREA_STYLE_COLOUR('Steel - Satin',#9520);
#9520=COLOUR_RGB('Steel - Satin',0.627450980392157,0.627450980392157,0.627450980392157);
ENDSEC;
END-ISO-10303-21;
