ISO-10303-21;
HEADER;
/* Generated by software containing ST-Developer
 * from STEP Tools, Inc. (www.steptools.com) 
 */

FILE_DESCRIPTION(
/* description */ (''),
/* implementation_level */ '2;1');

FILE_NAME(
/* name */ 'Jetson v2.2 - Upper Half - Enclosed no Buttons.step',
/* time_stamp */ '2026-08-10T20:36:07-04:00',
/* author */ (''),
/* organization */ (''),
/* preprocessor_version */ 'ST-DEVELOPER v20.1',
/* originating_system */ 'Autodesk Translation Framework v15.8.0.0',
/* authorisation */ '');

FILE_SCHEMA (('AUTOMOTIVE_DESIGN { 1 0 10303 214 3 1 1 }'));
ENDSEC;

DATA;
#10=MECHANICAL_DESIGN_GEOMETRIC_PRESENTATION_REPRESENTATION('',(#13),#2654);
#11=SHAPE_REPRESENTATION_RELATIONSHIP('SRR','None',#2661,#12);
#12=ADVANCED_BREP_SHAPE_REPRESENTATION('',(#14),#2653);
#13=STYLED_ITEM('',(#2670),#14);
#14=MANIFOLD_SOLID_BREP('Body1',#1254);
#15=B_SPLINE_CURVE_WITH_KNOTS('',3,(#1921,#1922,#1923,#1924),
 .UNSPECIFIED.,.F.,.F.,(4,4),(0.,0.459012909164759),.UNSPECIFIED.);
#16=B_SPLINE_CURVE_WITH_KNOTS('',3,(#1928,#1929,#1930,#1931),
 .UNSPECIFIED.,.F.,.F.,(4,4),(0.0513367181956377,0.570951040936241),
 .UNSPECIFIED.);
#17=B_SPLINE_CURVE_WITH_KNOTS('',3,(#1933,#1934,#1935,#1936,#1937,#1938,
#1939,#1940,#1941,#1942,#1943,#1944,#1945,#1946,#1947,#1948,#1949,#1950,
#1951,#1952,#1953,#1954,#1955,#1956,#1957,#1958,#1959,#1960,#1961,#1962,
#1963,#1964,#1965,#1966,#1967,#1968,#1969,#1970,#1971,#1972,#1973,#1974,
#1975,#1976,#1977,#1978),.UNSPECIFIED.,.F.,.F.,(4,3,3,3,3,3,3,3,3,3,3,3,
3,3,3,4),(1.88441538929975,1.89514821116333,1.9116142866225,1.94126210683459,
1.9485580984812,1.9817386242443,1.99802179967492,2.04922524980675,2.06989822130718,
2.10643490300376,2.14001438353426,2.15172950260725,2.18289254576259,2.21385638807887,
2.24039776378193,2.25186537792995),.UNSPECIFIED.);
#18=B_SPLINE_CURVE_WITH_KNOTS('',3,(#1980,#1981,#1982,#1983,#1984,#1985,
#1986,#1987,#1988,#1989),.UNSPECIFIED.,.F.,.F.,(4,2,2,2,4),(0.,0.664166467944416,
1.24039715775988,1.83127068903635,2.32214130684194),.UNSPECIFIED.);
#19=B_SPLINE_CURVE_WITH_KNOTS('',3,(#1993,#1994,#1995,#1996,#1997,#1998,
#1999,#2000,#2001,#2002),.UNSPECIFIED.,.F.,.F.,(4,2,2,2,4),(0.0527415076665837,
0.569146611660454,1.09135835287578,1.52751941698275,2.05279062289026),
 .UNSPECIFIED.);
#20=B_SPLINE_CURVE_WITH_KNOTS('',3,(#2003,#2004,#2005,#2006,#2007,#2008,
#2009,#2010,#2011,#2012,#2013,#2014,#2015,#2016,#2017,#2018,#2019,#2020,
#2021,#2022,#2023,#2024,#2025,#2026,#2027,#2028,#2029,#2030,#2031,#2032,
#2033,#2034,#2035,#2036,#2037,#2038,#2039,#2040,#2041,#2042,#2043,#2044,
#2045),.UNSPECIFIED.,.F.,.F.,(4,3,3,3,3,3,3,3,3,3,3,3,3,3,4),(0.513414269260092,
0.544377854153497,0.575253493509153,0.598586537023875,0.631425616698851,
0.666562204183035,0.69243815149352,0.753509508635188,0.770058166479571,
0.803119789387638,0.833888050114912,0.840645657897398,0.863170079602777,
0.876589667812928,0.880988540166293),.UNSPECIFIED.);
#21=B_SPLINE_CURVE_WITH_KNOTS('',3,(#2054,#2055,#2056,#2057,#2058,#2059,
#2060,#2061,#2062,#2063,#2064,#2065,#2066,#2067,#2068,#2069,#2070,#2071,
#2072,#2073,#2074,#2075),.UNSPECIFIED.,.F.,.F.,(4,3,3,3,3,3,3,4),(0.,0.0223418116969419,
0.0446836233938838,0.0670254350908257,0.0893672467877676,0.11170905848471,
0.134050870181651,0.156392681878593),.UNSPECIFIED.);
#22=B_SPLINE_CURVE_WITH_KNOTS('',3,(#2079,#2080,#2081,#2082,#2083,#2084,
#2085,#2086,#2087,#2088,#2089,#2090,#2091,#2092,#2093,#2094,#2095,#2096,
#2097,#2098,#2099,#2100),.UNSPECIFIED.,.F.,.F.,(4,3,3,3,3,3,3,4),(0.,0.0223418116969699,
0.0446836233939399,0.0670254350909098,0.0893672467878798,0.11170905848485,
0.13405087018182,0.15639268187879),.UNSPECIFIED.);
#23=B_SPLINE_CURVE_WITH_KNOTS('',3,(#2126,#2127,#2128,#2129,#2130,#2131,
#2132,#2133,#2134,#2135,#2136,#2137,#2138,#2139,#2140,#2141,#2142,#2143,
#2144,#2145,#2146,#2147),.UNSPECIFIED.,.F.,.F.,(4,3,3,3,3,3,3,4),(0.,0.0223418116969583,
0.0446836233939166,0.0670254350908749,0.0893672467878332,0.111709058484792,
0.13405087018175,0.156392681878708),.UNSPECIFIED.);
#24=B_SPLINE_CURVE_WITH_KNOTS('',3,(#2151,#2152,#2153,#2154,#2155,#2156,
#2157,#2158,#2159,#2160,#2161,#2162,#2163,#2164,#2165,#2166,#2167,#2168,
#2169,#2170,#2171,#2172),.UNSPECIFIED.,.F.,.F.,(4,3,3,3,3,3,3,4),(0.,0.0223418116969871,
0.0446836233939743,0.0670254350909614,0.0893672467879485,0.111709058484936,
0.134050870181923,0.15639268187891),.UNSPECIFIED.);
#25=B_SPLINE_CURVE_WITH_KNOTS('',3,(#2439,#2440,#2441,#2442,#2443,#2444,
#2445,#2446,#2447,#2448),.UNSPECIFIED.,.F.,.F.,(4,1,1,1,1,1,1,4),(-1.,-0.857142857142857,
-0.714285714285714,-0.571428571428571,-0.428571428571429,-0.285714285714286,
-0.142857142857143,0.),.UNSPECIFIED.);
#26=B_SPLINE_CURVE_WITH_KNOTS('',3,(#2496,#2497,#2498,#2499,#2500,#2501,
#2502,#2503,#2504,#2505,#2506,#2507,#2508,#2509,#2510,#2511,#2512,#2513,
#2514,#2515,#2516,#2517),.UNSPECIFIED.,.F.,.F.,(4,3,3,3,3,3,3,4),(0.,0.0223418116969645,
0.044683623393929,0.0670254350908936,0.0893672467878581,0.111709058484823,
0.134050870181787,0.156392681878752),.UNSPECIFIED.);
#27=B_SPLINE_CURVE_WITH_KNOTS('',3,(#2566,#2567,#2568,#2569,#2570,#2571,
#2572,#2573,#2574,#2575,#2576,#2577,#2578,#2579,#2580,#2581,#2582,#2583,
#2584,#2585,#2586,#2587),.UNSPECIFIED.,.F.,.F.,(4,3,3,3,3,3,3,4),(0.,0.0223418116969568,
0.0446836233939137,0.0670254350908705,0.0893672467878273,0.111709058484784,
0.134050870181741,0.156392681878698),.UNSPECIFIED.);
#28=B_SPLINE_SURFACE_WITH_KNOTS('',3,3,((#1879,#1880,#1881,#1882),(#1883,
#1884,#1885,#1886),(#1887,#1888,#1889,#1890),(#1891,#1892,#1893,#1894),
(#1895,#1896,#1897,#1898),(#1899,#1900,#1901,#1902),(#1903,#1904,#1905,
#1906),(#1907,#1908,#1909,#1910),(#1911,#1912,#1913,#1914),(#1915,#1916,
#1917,#1918)),.UNSPECIFIED.,.F.,.F.,.F.,(4,1,1,1,1,1,1,4),(4,4),(0.,0.142857142857143,
0.285714285714286,0.428571428571429,0.571428571428571,0.714285714285714,
0.857142857142857,1.),(-7.63000000000001,2.710000632801),.UNSPECIFIED.);
#29=B_SPLINE_SURFACE_WITH_KNOTS('',3,3,((#2248,#2249,#2250,#2251,#2252,
#2253,#2254,#2255,#2256,#2257,#2258,#2259,#2260,#2261,#2262,#2263,#2264,
#2265,#2266),(#2267,#2268,#2269,#2270,#2271,#2272,#2273,#2274,#2275,#2276,
#2277,#2278,#2279,#2280,#2281,#2282,#2283,#2284,#2285),(#2286,#2287,#2288,
#2289,#2290,#2291,#2292,#2293,#2294,#2295,#2296,#2297,#2298,#2299,#2300,
#2301,#2302,#2303,#2304),(#2305,#2306,#2307,#2308,#2309,#2310,#2311,#2312,
#2313,#2314,#2315,#2316,#2317,#2318,#2319,#2320,#2321,#2322,#2323),(#2324,
#2325,#2326,#2327,#2328,#2329,#2330,#2331,#2332,#2333,#2334,#2335,#2336,
#2337,#2338,#2339,#2340,#2341,#2342),(#2343,#2344,#2345,#2346,#2347,#2348,
#2349,#2350,#2351,#2352,#2353,#2354,#2355,#2356,#2357,#2358,#2359,#2360,
#2361),(#2362,#2363,#2364,#2365,#2366,#2367,#2368,#2369,#2370,#2371,#2372,
#2373,#2374,#2375,#2376,#2377,#2378,#2379,#2380),(#2381,#2382,#2383,#2384,
#2385,#2386,#2387,#2388,#2389,#2390,#2391,#2392,#2393,#2394,#2395,#2396,
#2397,#2398,#2399),(#2400,#2401,#2402,#2403,#2404,#2405,#2406,#2407,#2408,
#2409,#2410,#2411,#2412,#2413,#2414,#2415,#2416,#2417,#2418),(#2419,#2420,
#2421,#2422,#2423,#2424,#2425,#2426,#2427,#2428,#2429,#2430,#2431,#2432,
#2433,#2434,#2435,#2436,#2437)),.UNSPECIFIED.,.F.,.T.,.F.,(4,1,1,1,1,1,
1,4),(4,1,1,1,1,1,1,1,1,1,1,1,1,1,1,1,4),(0.,0.142857142857143,0.285714285714286,
0.428571428571429,0.571428571428571,0.714285714285714,0.857142857142857,
1.),(-3.14159265358979,-2.69279370307697,-2.24399475256414,-1.79519580205131,
-1.34639685153848,-1.0471975511966,-0.747998250854713,-0.448798950512828,
-0.149599650170943,0.448798950512828,0.747998250854713,1.0471975511966,
1.34639685153848,1.64559615188037,2.24399475256414,2.69279370307697,3.14159265358979),
 .UNSPECIFIED.);
#30=B_SPLINE_SURFACE_WITH_KNOTS('',3,3,((#2454,#2455,#2456,#2457),(#2458,
#2459,#2460,#2461),(#2462,#2463,#2464,#2465),(#2466,#2467,#2468,#2469),
(#2470,#2471,#2472,#2473),(#2474,#2475,#2476,#2477),(#2478,#2479,#2480,
#2481),(#2482,#2483,#2484,#2485),(#2486,#2487,#2488,#2489),(#2490,#2491,
#2492,#2493)),.UNSPECIFIED.,.F.,.F.,.F.,(4,1,1,1,1,1,1,4),(4,4),(0.,0.142857142857143,
0.285714285714286,0.428571428571429,0.571428571428571,0.714285714285714,
0.857142857142857,1.),(-2.58500000000001,0.777854844300563),
 .UNSPECIFIED.);
#31=B_SPLINE_SURFACE_WITH_KNOTS('',3,3,((#2524,#2525,#2526,#2527),(#2528,
#2529,#2530,#2531),(#2532,#2533,#2534,#2535),(#2536,#2537,#2538,#2539),
(#2540,#2541,#2542,#2543),(#2544,#2545,#2546,#2547),(#2548,#2549,#2550,
#2551),(#2552,#2553,#2554,#2555),(#2556,#2557,#2558,#2559),(#2560,#2561,
#2562,#2563)),.UNSPECIFIED.,.F.,.F.,.F.,(4,1,1,1,1,1,1,4),(4,4),(0.,0.142857142857143,
0.285714285714286,0.428571428571429,0.571428571428571,0.714285714285714,
0.857142857142857,1.),(-7.74500000000001,-0.767854844300563),
 .UNSPECIFIED.);
#32=B_SPLINE_SURFACE_WITH_KNOTS('',3,3,((#2594,#2595,#2596,#2597),(#2598,
#2599,#2600,#2601),(#2602,#2603,#2604,#2605),(#2606,#2607,#2608,#2609),
(#2610,#2611,#2612,#2613),(#2614,#2615,#2616,#2617),(#2618,#2619,#2620,
#2621),(#2622,#2623,#2624,#2625),(#2626,#2627,#2628,#2629),(#2630,#2631,
#2632,#2633)),.UNSPECIFIED.,.F.,.F.,.F.,(4,1,1,1,1,1,1,4),(4,4),(0.,0.142857142857143,
0.285714285714286,0.428571428571429,0.571428571428571,0.714285714285714,
0.857142857142857,1.),(-7.74500000000001,2.59500000000001),
 .UNSPECIFIED.);
#33=FACE_BOUND('',#192,.T.);
#34=FACE_BOUND('',#211,.T.);
#35=FACE_BOUND('',#212,.T.);
#36=FACE_BOUND('',#213,.T.);
#37=FACE_BOUND('',#214,.T.);
#38=FACE_BOUND('',#236,.T.);
#39=CONICAL_SURFACE('',#1296,9.87500000000002,0.785398163397446);
#40=CONICAL_SURFACE('',#1300,9.87500000000001,0.785398163397459);
#41=CONICAL_SURFACE('',#1304,9.87500000000005,0.785398163397437);
#42=CONICAL_SURFACE('',#1308,9.87499999999998,0.785398163397445);
#43=PLANE('',#1271);
#44=PLANE('',#1279);
#45=PLANE('',#1281);
#46=PLANE('',#1282);
#47=PLANE('',#1283);
#48=PLANE('',#1284);
#49=PLANE('',#1285);
#50=PLANE('',#1286);
#51=PLANE('',#1287);
#52=PLANE('',#1288);
#53=PLANE('',#1289);
#54=PLANE('',#1290);
#55=PLANE('',#1291);
#56=PLANE('',#1292);
#57=PLANE('',#1293);
#58=PLANE('',#1294);
#59=PLANE('',#1295);
#60=PLANE('',#1299);
#61=PLANE('',#1303);
#62=PLANE('',#1307);
#63=PLANE('',#1312);
#64=PLANE('',#1315);
#65=PLANE('',#1317);
#66=PLANE('',#1318);
#67=PLANE('',#1319);
#68=PLANE('',#1320);
#69=PLANE('',#1326);
#70=PLANE('',#1330);
#71=PLANE('',#1334);
#72=PLANE('',#1338);
#73=PLANE('',#1339);
#74=PLANE('',#1340);
#75=PLANE('',#1341);
#76=PLANE('',#1342);
#77=PLANE('',#1348);
#78=PLANE('',#1349);
#79=PLANE('',#1350);
#80=PLANE('',#1351);
#81=PLANE('',#1352);
#82=PLANE('',#1356);
#83=PLANE('',#1357);
#84=PLANE('',#1358);
#85=PLANE('',#1359);
#86=PLANE('',#1365);
#87=PLANE('',#1366);
#88=PLANE('',#1367);
#89=PLANE('',#1368);
#90=FACE_OUTER_BOUND('',#161,.T.);
#91=FACE_OUTER_BOUND('',#162,.T.);
#92=FACE_OUTER_BOUND('',#163,.T.);
#93=FACE_OUTER_BOUND('',#164,.T.);
#94=FACE_OUTER_BOUND('',#165,.T.);
#95=FACE_OUTER_BOUND('',#166,.T.);
#96=FACE_OUTER_BOUND('',#167,.T.);
#97=FACE_OUTER_BOUND('',#168,.T.);
#98=FACE_OUTER_BOUND('',#169,.T.);
#99=FACE_OUTER_BOUND('',#170,.T.);
#100=FACE_OUTER_BOUND('',#171,.T.);
#101=FACE_OUTER_BOUND('',#172,.T.);
#102=FACE_OUTER_BOUND('',#173,.T.);
#103=FACE_OUTER_BOUND('',#174,.T.);
#104=FACE_OUTER_BOUND('',#175,.T.);
#105=FACE_OUTER_BOUND('',#176,.T.);
#106=FACE_OUTER_BOUND('',#177,.T.);
#107=FACE_OUTER_BOUND('',#178,.T.);
#108=FACE_OUTER_BOUND('',#179,.T.);
#109=FACE_OUTER_BOUND('',#180,.T.);
#110=FACE_OUTER_BOUND('',#181,.T.);
#111=FACE_OUTER_BOUND('',#182,.T.);
#112=FACE_OUTER_BOUND('',#183,.T.);
#113=FACE_OUTER_BOUND('',#184,.T.);
#114=FACE_OUTER_BOUND('',#185,.T.);
#115=FACE_OUTER_BOUND('',#186,.T.);
#116=FACE_OUTER_BOUND('',#187,.T.);
#117=FACE_OUTER_BOUND('',#188,.T.);
#118=FACE_OUTER_BOUND('',#189,.T.);
#119=FACE_OUTER_BOUND('',#190,.T.);
#120=FACE_OUTER_BOUND('',#191,.T.);
#121=FACE_OUTER_BOUND('',#193,.T.);
#122=FACE_OUTER_BOUND('',#194,.T.);
#123=FACE_OUTER_BOUND('',#195,.T.);
#124=FACE_OUTER_BOUND('',#196,.T.);
#125=FACE_OUTER_BOUND('',#197,.T.);
#126=FACE_OUTER_BOUND('',#198,.T.);
#127=FACE_OUTER_BOUND('',#199,.T.);
#128=FACE_OUTER_BOUND('',#200,.T.);
#129=FACE_OUTER_BOUND('',#201,.T.);
#130=FACE_OUTER_BOUND('',#202,.T.);
#131=FACE_OUTER_BOUND('',#203,.T.);
#132=FACE_OUTER_BOUND('',#204,.T.);
#133=FACE_OUTER_BOUND('',#205,.T.);
#134=FACE_OUTER_BOUND('',#206,.T.);
#135=FACE_OUTER_BOUND('',#207,.T.);
#136=FACE_OUTER_BOUND('',#208,.T.);
#137=FACE_OUTER_BOUND('',#209,.T.);
#138=FACE_OUTER_BOUND('',#210,.T.);
#139=FACE_OUTER_BOUND('',#215,.T.);
#140=FACE_OUTER_BOUND('',#216,.T.);
#141=FACE_OUTER_BOUND('',#217,.T.);
#142=FACE_OUTER_BOUND('',#218,.T.);
#143=FACE_OUTER_BOUND('',#219,.T.);
#144=FACE_OUTER_BOUND('',#220,.T.);
#145=FACE_OUTER_BOUND('',#221,.T.);
#146=FACE_OUTER_BOUND('',#222,.T.);
#147=FACE_OUTER_BOUND('',#223,.T.);
#148=FACE_OUTER_BOUND('',#224,.T.);
#149=FACE_OUTER_BOUND('',#225,.T.);
#150=FACE_OUTER_BOUND('',#226,.T.);
#151=FACE_OUTER_BOUND('',#227,.T.);
#152=FACE_OUTER_BOUND('',#228,.T.);
#153=FACE_OUTER_BOUND('',#229,.T.);
#154=FACE_OUTER_BOUND('',#230,.T.);
#155=FACE_OUTER_BOUND('',#231,.T.);
#156=FACE_OUTER_BOUND('',#232,.T.);
#157=FACE_OUTER_BOUND('',#233,.T.);
#158=FACE_OUTER_BOUND('',#234,.T.);
#159=FACE_OUTER_BOUND('',#235,.T.);
#160=FACE_OUTER_BOUND('',#237,.T.);
#161=EDGE_LOOP('',(#816,#817,#818,#819));
#162=EDGE_LOOP('',(#820,#821,#822,#823,#824,#825,#826,#827,#828,#829));
#163=EDGE_LOOP('',(#830,#831,#832,#833));
#164=EDGE_LOOP('',(#834,#835,#836,#837,#838,#839));
#165=EDGE_LOOP('',(#840,#841,#842,#843,#844));
#166=EDGE_LOOP('',(#845,#846,#847,#848));
#167=EDGE_LOOP('',(#849,#850,#851,#852));
#168=EDGE_LOOP('',(#853,#854,#855,#856));
#169=EDGE_LOOP('',(#857,#858,#859,#860));
#170=EDGE_LOOP('',(#861,#862,#863,#864,#865));
#171=EDGE_LOOP('',(#866,#867,#868,#869));
#172=EDGE_LOOP('',(#870,#871,#872,#873));
#173=EDGE_LOOP('',(#874,#875,#876,#877,#878));
#174=EDGE_LOOP('',(#879,#880,#881,#882));
#175=EDGE_LOOP('',(#883,#884,#885,#886));
#176=EDGE_LOOP('',(#887,#888,#889,#890));
#177=EDGE_LOOP('',(#891,#892,#893,#894,#895));
#178=EDGE_LOOP('',(#896,#897,#898,#899));
#179=EDGE_LOOP('',(#900,#901,#902,#903));
#180=EDGE_LOOP('',(#904,#905,#906,#907));
#181=EDGE_LOOP('',(#908,#909,#910,#911));
#182=EDGE_LOOP('',(#912,#913,#914,#915));
#183=EDGE_LOOP('',(#916,#917,#918,#919));
#184=EDGE_LOOP('',(#920,#921,#922,#923));
#185=EDGE_LOOP('',(#924,#925,#926,#927));
#186=EDGE_LOOP('',(#928,#929,#930,#931));
#187=EDGE_LOOP('',(#932,#933,#934,#935));
#188=EDGE_LOOP('',(#936,#937,#938,#939));
#189=EDGE_LOOP('',(#940,#941,#942,#943));
#190=EDGE_LOOP('',(#944,#945,#946,#947,#948,#949));
#191=EDGE_LOOP('',(#950,#951,#952,#953,#954,#955,#956,#957));
#192=EDGE_LOOP('',(#958));
#193=EDGE_LOOP('',(#959,#960,#961,#962,#963,#964));
#194=EDGE_LOOP('',(#965,#966,#967,#968,#969,#970,#971,#972));
#195=EDGE_LOOP('',(#973,#974,#975,#976,#977,#978,#979,#980,#981,#982,#983,
#984));
#196=EDGE_LOOP('',(#985,#986,#987,#988));
#197=EDGE_LOOP('',(#989,#990,#991,#992,#993,#994,#995,#996,#997,#998,#999,
#1000));
#198=EDGE_LOOP('',(#1001,#1002,#1003,#1004));
#199=EDGE_LOOP('',(#1005,#1006,#1007,#1008));
#200=EDGE_LOOP('',(#1009));
#201=EDGE_LOOP('',(#1010,#1011,#1012,#1013));
#202=EDGE_LOOP('',(#1014));
#203=EDGE_LOOP('',(#1015,#1016,#1017,#1018));
#204=EDGE_LOOP('',(#1019));
#205=EDGE_LOOP('',(#1020,#1021,#1022,#1023));
#206=EDGE_LOOP('',(#1024));
#207=EDGE_LOOP('',(#1025,#1026,#1027,#1028));
#208=EDGE_LOOP('',(#1029,#1030,#1031,#1032));
#209=EDGE_LOOP('',(#1033,#1034,#1035,#1036));
#210=EDGE_LOOP('',(#1037,#1038,#1039,#1040,#1041,#1042,#1043,#1044,#1045,
#1046,#1047,#1048,#1049,#1050,#1051,#1052,#1053,#1054,#1055,#1056,#1057,
#1058));
#211=EDGE_LOOP('',(#1059));
#212=EDGE_LOOP('',(#1060));
#213=EDGE_LOOP('',(#1061));
#214=EDGE_LOOP('',(#1062));
#215=EDGE_LOOP('',(#1063,#1064,#1065,#1066));
#216=EDGE_LOOP('',(#1067,#1068,#1069,#1070));
#217=EDGE_LOOP('',(#1071,#1072,#1073,#1074));
#218=EDGE_LOOP('',(#1075,#1076,#1077,#1078,#1079,#1080));
#219=EDGE_LOOP('',(#1081,#1082,#1083,#1084,#1085,#1086,#1087,#1088));
#220=EDGE_LOOP('',(#1089,#1090,#1091,#1092));
#221=EDGE_LOOP('',(#1093,#1094,#1095,#1096));
#222=EDGE_LOOP('',(#1097,#1098,#1099,#1100));
#223=EDGE_LOOP('',(#1101,#1102,#1103,#1104));
#224=EDGE_LOOP('',(#1105,#1106,#1107,#1108));
#225=EDGE_LOOP('',(#1109,#1110,#1111,#1112));
#226=EDGE_LOOP('',(#1113,#1114,#1115,#1116));
#227=EDGE_LOOP('',(#1117,#1118,#1119,#1120));
#228=EDGE_LOOP('',(#1121,#1122,#1123,#1124,#1125,#1126));
#229=EDGE_LOOP('',(#1127,#1128,#1129,#1130,#1131,#1132));
#230=EDGE_LOOP('',(#1133,#1134,#1135,#1136));
#231=EDGE_LOOP('',(#1137,#1138,#1139,#1140));
#232=EDGE_LOOP('',(#1141,#1142,#1143,#1144));
#233=EDGE_LOOP('',(#1145,#1146,#1147,#1148,#1149,#1150));
#234=EDGE_LOOP('',(#1151,#1152,#1153,#1154));
#235=EDGE_LOOP('',(#1155,#1156,#1157,#1158));
#236=EDGE_LOOP('',(#1159));
#237=EDGE_LOOP('',(#1160,#1161,#1162,#1163,#1164,#1165,#1166,#1167));
#238=ELLIPSE('',#1270,9.19238815542508,6.5);
#239=ELLIPSE('',#1273,9.19238815542512,6.5);
#240=ELLIPSE('',#1276,14.5663996924429,10.3);
#241=ELLIPSE('',#1280,14.5663996924428,10.3);
#242=LINE('',#1707,#370);
#243=LINE('',#1710,#371);
#244=LINE('',#1714,#372);
#245=LINE('',#1716,#373);
#246=LINE('',#1718,#374);
#247=LINE('',#1720,#375);
#248=LINE('',#1722,#376);
#249=LINE('',#1724,#377);
#250=LINE('',#1726,#378);
#251=LINE('',#1728,#379);
#252=LINE('',#1730,#380);
#253=LINE('',#1731,#381);
#254=LINE('',#1737,#382);
#255=LINE('',#1740,#383);
#256=LINE('',#1746,#384);
#257=LINE('',#1750,#385);
#258=LINE('',#1751,#386);
#259=LINE('',#1755,#387);
#260=LINE('',#1756,#388);
#261=LINE('',#1759,#389);
#262=LINE('',#1760,#390);
#263=LINE('',#1763,#391);
#264=LINE('',#1764,#392);
#265=LINE('',#1767,#393);
#266=LINE('',#1769,#394);
#267=LINE('',#1770,#395);
#268=LINE('',#1772,#396);
#269=LINE('',#1774,#397);
#270=LINE('',#1777,#398);
#271=LINE('',#1779,#399);
#272=LINE('',#1780,#400);
#273=LINE('',#1783,#401);
#274=LINE('',#1785,#402);
#275=LINE('',#1786,#403);
#276=LINE('',#1789,#404);
#277=LINE('',#1790,#405);
#278=LINE('',#1793,#406);
#279=LINE('',#1794,#407);
#280=LINE('',#1797,#408);
#281=LINE('',#1798,#409);
#282=LINE('',#1801,#410);
#283=LINE('',#1803,#411);
#284=LINE('',#1804,#412);
#285=LINE('',#1807,#413);
#286=LINE('',#1808,#414);
#287=LINE('',#1811,#415);
#288=LINE('',#1812,#416);
#289=LINE('',#1815,#417);
#290=LINE('',#1817,#418);
#291=LINE('',#1818,#419);
#292=LINE('',#1822,#420);
#293=LINE('',#1828,#421);
#294=LINE('',#1829,#422);
#295=LINE('',#1830,#423);
#296=LINE('',#1835,#424);
#297=LINE('',#1840,#425);
#298=LINE('',#1841,#426);
#299=LINE('',#1842,#427);
#300=LINE('',#1847,#428);
#301=LINE('',#1851,#429);
#302=LINE('',#1852,#430);
#303=LINE('',#1853,#431);
#304=LINE('',#1858,#432);
#305=LINE('',#1861,#433);
#306=LINE('',#1864,#434);
#307=LINE('',#1865,#435);
#308=LINE('',#1873,#436);
#309=LINE('',#1875,#437);
#310=LINE('',#1877,#438);
#311=LINE('',#1878,#439);
#312=LINE('',#1926,#440);
#313=LINE('',#1991,#441);
#314=LINE('',#2048,#442);
#315=LINE('',#2050,#443);
#316=LINE('',#2052,#444);
#317=LINE('',#2077,#445);
#318=LINE('',#2102,#446);
#319=LINE('',#2104,#447);
#320=LINE('',#2106,#448);
#321=LINE('',#2108,#449);
#322=LINE('',#2109,#450);
#323=LINE('',#2112,#451);
#324=LINE('',#2113,#452);
#325=LINE('',#2116,#453);
#326=LINE('',#2118,#454);
#327=LINE('',#2120,#455);
#328=LINE('',#2122,#456);
#329=LINE('',#2124,#457);
#330=LINE('',#2149,#458);
#331=LINE('',#2174,#459);
#332=LINE('',#2175,#460);
#333=LINE('',#2178,#461);
#334=LINE('',#2184,#462);
#335=LINE('',#2191,#463);
#336=LINE('',#2198,#464);
#337=LINE('',#2205,#465);
#338=LINE('',#2210,#466);
#339=LINE('',#2212,#467);
#340=LINE('',#2213,#468);
#341=LINE('',#2216,#469);
#342=LINE('',#2217,#470);
#343=LINE('',#2219,#471);
#344=LINE('',#2221,#472);
#345=LINE('',#2226,#473);
#346=LINE('',#2228,#474);
#347=LINE('',#2231,#475);
#348=LINE('',#2233,#476);
#349=LINE('',#2234,#477);
#350=LINE('',#2239,#478);
#351=LINE('',#2240,#479);
#352=LINE('',#2243,#480);
#353=LINE('',#2245,#481);
#354=LINE('',#2246,#482);
#355=LINE('',#2453,#483);
#356=LINE('',#2518,#484);
#357=LINE('',#2519,#485);
#358=LINE('',#2522,#486);
#359=LINE('',#2523,#487);
#360=LINE('',#2588,#488);
#361=LINE('',#2589,#489);
#362=LINE('',#2592,#490);
#363=LINE('',#2593,#491);
#364=LINE('',#2634,#492);
#365=LINE('',#2635,#493);
#366=LINE('',#2637,#494);
#367=LINE('',#2640,#495);
#368=LINE('',#2646,#496);
#369=LINE('',#2648,#497);
#370=VECTOR('',#1375,6.5);
#371=VECTOR('',#1378,10.);
#372=VECTOR('',#1381,10.);
#373=VECTOR('',#1382,10.);
#374=VECTOR('',#1383,10.);
#375=VECTOR('',#1384,10.);
#376=VECTOR('',#1385,10.);
#377=VECTOR('',#1386,10.);
#378=VECTOR('',#1387,10.);
#379=VECTOR('',#1388,10.);
#380=VECTOR('',#1389,10.);
#381=VECTOR('',#1390,10.);
#382=VECTOR('',#1395,6.5);
#383=VECTOR('',#1398,10.);
#384=VECTOR('',#1405,10.);
#385=VECTOR('',#1410,10.);
#386=VECTOR('',#1411,10.);
#387=VECTOR('',#1416,10.);
#388=VECTOR('',#1417,10.);
#389=VECTOR('',#1420,10.);
#390=VECTOR('',#1421,10.);
#391=VECTOR('',#1424,10.);
#392=VECTOR('',#1425,10.);
#393=VECTOR('',#1428,10.);
#394=VECTOR('',#1429,10.);
#395=VECTOR('',#1430,10.);
#396=VECTOR('',#1433,10.);
#397=VECTOR('',#1436,10.);
#398=VECTOR('',#1439,10.);
#399=VECTOR('',#1440,10.);
#400=VECTOR('',#1441,10.);
#401=VECTOR('',#1444,10.);
#402=VECTOR('',#1445,10.);
#403=VECTOR('',#1446,10.);
#404=VECTOR('',#1449,10.);
#405=VECTOR('',#1450,10.);
#406=VECTOR('',#1453,10.);
#407=VECTOR('',#1454,10.);
#408=VECTOR('',#1457,10.);
#409=VECTOR('',#1458,10.);
#410=VECTOR('',#1461,10.);
#411=VECTOR('',#1462,10.);
#412=VECTOR('',#1463,10.);
#413=VECTOR('',#1466,10.);
#414=VECTOR('',#1467,10.);
#415=VECTOR('',#1470,10.);
#416=VECTOR('',#1471,10.);
#417=VECTOR('',#1474,10.);
#418=VECTOR('',#1475,10.);
#419=VECTOR('',#1476,10.);
#420=VECTOR('',#1479,10.);
#421=VECTOR('',#1486,10.);
#422=VECTOR('',#1487,10.);
#423=VECTOR('',#1488,10.);
#424=VECTOR('',#1493,10.);
#425=VECTOR('',#1498,10.);
#426=VECTOR('',#1499,10.);
#427=VECTOR('',#1500,10.);
#428=VECTOR('',#1505,10.);
#429=VECTOR('',#1510,10.);
#430=VECTOR('',#1511,10.);
#431=VECTOR('',#1512,10.);
#432=VECTOR('',#1519,10.);
#433=VECTOR('',#1522,10.);
#434=VECTOR('',#1525,10.);
#435=VECTOR('',#1526,10.);
#436=VECTOR('',#1537,10.);
#437=VECTOR('',#1538,10.);
#438=VECTOR('',#1539,10.);
#439=VECTOR('',#1540,10.);
#440=VECTOR('',#1541,10.);
#441=VECTOR('',#1542,10.);
#442=VECTOR('',#1545,10.);
#443=VECTOR('',#1546,10.);
#444=VECTOR('',#1547,10.);
#445=VECTOR('',#1548,10.);
#446=VECTOR('',#1549,10.);
#447=VECTOR('',#1550,10.);
#448=VECTOR('',#1551,10.);
#449=VECTOR('',#1552,10.);
#450=VECTOR('',#1553,10.);
#451=VECTOR('',#1556,10.);
#452=VECTOR('',#1557,10.);
#453=VECTOR('',#1560,10.);
#454=VECTOR('',#1561,10.);
#455=VECTOR('',#1562,10.);
#456=VECTOR('',#1563,10.);
#457=VECTOR('',#1564,10.);
#458=VECTOR('',#1565,10.);
#459=VECTOR('',#1566,10.);
#460=VECTOR('',#1567,10.);
#461=VECTOR('',#1570,10.);
#462=VECTOR('',#1577,2.00000000000001);
#463=VECTOR('',#1586,2.00000000000001);
#464=VECTOR('',#1595,2.00000000000001);
#465=VECTOR('',#1604,2.00000000000001);
#466=VECTOR('',#1611,10.);
#467=VECTOR('',#1612,10.);
#468=VECTOR('',#1613,10.);
#469=VECTOR('',#1616,10.);
#470=VECTOR('',#1617,10.);
#471=VECTOR('',#1620,10.);
#472=VECTOR('',#1623,10.);
#473=VECTOR('',#1630,10.);
#474=VECTOR('',#1631,10.);
#475=VECTOR('',#1634,10.);
#476=VECTOR('',#1637,10.);
#477=VECTOR('',#1638,10.);
#478=VECTOR('',#1645,10.);
#479=VECTOR('',#1646,10.);
#480=VECTOR('',#1649,10.);
#481=VECTOR('',#1650,10.);
#482=VECTOR('',#1651,10.);
#483=VECTOR('',#1660,18.5);
#484=VECTOR('',#1661,10.);
#485=VECTOR('',#1662,10.);
#486=VECTOR('',#1665,10.);
#487=VECTOR('',#1666,10.);
#488=VECTOR('',#1667,10.);
#489=VECTOR('',#1668,10.);
#490=VECTOR('',#1671,10.);
#491=VECTOR('',#1672,10.);
#492=VECTOR('',#1673,10.);
#493=VECTOR('',#1674,10.);
#494=VECTOR('',#1677,10.);
#495=VECTOR('',#1682,10.);
#496=VECTOR('',#1693,10.);
#497=VECTOR('',#1696,10.);
#498=CIRCLE('',#1269,6.5);
#499=CIRCLE('',#1274,6.5);
#500=CIRCLE('',#1277,10.3);
#501=CIRCLE('',#1278,10.3);
#502=CIRCLE('',#1297,9.45000000000002);
#503=CIRCLE('',#1298,10.3);
#504=CIRCLE('',#1301,10.3);
#505=CIRCLE('',#1302,9.45000000000001);
#506=CIRCLE('',#1305,10.3);
#507=CIRCLE('',#1306,9.45000000000005);
#508=CIRCLE('',#1309,9.44999999999998);
#509=CIRCLE('',#1311,10.3);
#510=CIRCLE('',#1314,10.3);
#511=CIRCLE('',#1316,26.5);
#512=CIRCLE('',#1322,2.3);
#513=CIRCLE('',#1324,2.00000000000001);
#514=CIRCLE('',#1325,2.00000000000001);
#515=CIRCLE('',#1328,2.00000000000001);
#516=CIRCLE('',#1329,2.00000000000001);
#517=CIRCLE('',#1332,2.00000000000001);
#518=CIRCLE('',#1333,2.00000000000001);
#519=CIRCLE('',#1336,2.00000000000001);
#520=CIRCLE('',#1337,2.00000000000001);
#521=CIRCLE('',#1343,2.30000000000001);
#522=CIRCLE('',#1344,2.30000000000002);
#523=CIRCLE('',#1345,2.29999999999999);
#524=CIRCLE('',#1346,10.3);
#525=CIRCLE('',#1353,18.5);
#526=CIRCLE('',#1355,18.5);
#527=CIRCLE('',#1360,2.30000000000001);
#528=CIRCLE('',#1364,2.29999999999999);
#529=VERTEX_POINT('',#1703);
#530=VERTEX_POINT('',#1704);
#531=VERTEX_POINT('',#1706);
#532=VERTEX_POINT('',#1708);
#533=VERTEX_POINT('',#1712);
#534=VERTEX_POINT('',#1713);
#535=VERTEX_POINT('',#1715);
#536=VERTEX_POINT('',#1717);
#537=VERTEX_POINT('',#1719);
#538=VERTEX_POINT('',#1721);
#539=VERTEX_POINT('',#1723);
#540=VERTEX_POINT('',#1725);
#541=VERTEX_POINT('',#1727);
#542=VERTEX_POINT('',#1729);
#543=VERTEX_POINT('',#1733);
#544=VERTEX_POINT('',#1734);
#545=VERTEX_POINT('',#1736);
#546=VERTEX_POINT('',#1738);
#547=VERTEX_POINT('',#1743);
#548=VERTEX_POINT('',#1745);
#549=VERTEX_POINT('',#1749);
#550=VERTEX_POINT('',#1754);
#551=VERTEX_POINT('',#1758);
#552=VERTEX_POINT('',#1762);
#553=VERTEX_POINT('',#1766);
#554=VERTEX_POINT('',#1768);
#555=VERTEX_POINT('',#1776);
#556=VERTEX_POINT('',#1778);
#557=VERTEX_POINT('',#1782);
#558=VERTEX_POINT('',#1784);
#559=VERTEX_POINT('',#1788);
#560=VERTEX_POINT('',#1792);
#561=VERTEX_POINT('',#1796);
#562=VERTEX_POINT('',#1800);
#563=VERTEX_POINT('',#1802);
#564=VERTEX_POINT('',#1806);
#565=VERTEX_POINT('',#1810);
#566=VERTEX_POINT('',#1814);
#567=VERTEX_POINT('',#1816);
#568=VERTEX_POINT('',#1820);
#569=VERTEX_POINT('',#1821);
#570=VERTEX_POINT('',#1826);
#571=VERTEX_POINT('',#1827);
#572=VERTEX_POINT('',#1832);
#573=VERTEX_POINT('',#1834);
#574=VERTEX_POINT('',#1838);
#575=VERTEX_POINT('',#1839);
#576=VERTEX_POINT('',#1844);
#577=VERTEX_POINT('',#1846);
#578=VERTEX_POINT('',#1850);
#579=VERTEX_POINT('',#1857);
#580=VERTEX_POINT('',#1859);
#581=VERTEX_POINT('',#1863);
#582=VERTEX_POINT('',#1869);
#583=VERTEX_POINT('',#1872);
#584=VERTEX_POINT('',#1874);
#585=VERTEX_POINT('',#1876);
#586=VERTEX_POINT('',#1919);
#587=VERTEX_POINT('',#1920);
#588=VERTEX_POINT('',#1925);
#589=VERTEX_POINT('',#1927);
#590=VERTEX_POINT('',#1932);
#591=VERTEX_POINT('',#1979);
#592=VERTEX_POINT('',#1990);
#593=VERTEX_POINT('',#1992);
#594=VERTEX_POINT('',#2047);
#595=VERTEX_POINT('',#2049);
#596=VERTEX_POINT('',#2051);
#597=VERTEX_POINT('',#2053);
#598=VERTEX_POINT('',#2076);
#599=VERTEX_POINT('',#2078);
#600=VERTEX_POINT('',#2101);
#601=VERTEX_POINT('',#2103);
#602=VERTEX_POINT('',#2105);
#603=VERTEX_POINT('',#2107);
#604=VERTEX_POINT('',#2111);
#605=VERTEX_POINT('',#2115);
#606=VERTEX_POINT('',#2117);
#607=VERTEX_POINT('',#2119);
#608=VERTEX_POINT('',#2121);
#609=VERTEX_POINT('',#2123);
#610=VERTEX_POINT('',#2125);
#611=VERTEX_POINT('',#2148);
#612=VERTEX_POINT('',#2150);
#613=VERTEX_POINT('',#2173);
#614=VERTEX_POINT('',#2177);
#615=VERTEX_POINT('',#2181);
#616=VERTEX_POINT('',#2183);
#617=VERTEX_POINT('',#2188);
#618=VERTEX_POINT('',#2190);
#619=VERTEX_POINT('',#2195);
#620=VERTEX_POINT('',#2197);
#621=VERTEX_POINT('',#2202);
#622=VERTEX_POINT('',#2204);
#623=VERTEX_POINT('',#2209);
#624=VERTEX_POINT('',#2211);
#625=VERTEX_POINT('',#2215);
#626=VERTEX_POINT('',#2224);
#627=VERTEX_POINT('',#2227);
#628=VERTEX_POINT('',#2229);
#629=VERTEX_POINT('',#2238);
#630=VERTEX_POINT('',#2242);
#631=VERTEX_POINT('',#2244);
#632=VERTEX_POINT('',#2438);
#633=VERTEX_POINT('',#2451);
#634=VERTEX_POINT('',#2494);
#635=VERTEX_POINT('',#2495);
#636=VERTEX_POINT('',#2521);
#637=VERTEX_POINT('',#2564);
#638=VERTEX_POINT('',#2565);
#639=VERTEX_POINT('',#2591);
#640=EDGE_CURVE('',#529,#530,#498,.T.);
#641=EDGE_CURVE('',#530,#531,#242,.T.);
#642=EDGE_CURVE('',#531,#532,#238,.F.);
#643=EDGE_CURVE('',#532,#529,#243,.T.);
#644=EDGE_CURVE('',#533,#534,#244,.T.);
#645=EDGE_CURVE('',#535,#533,#245,.T.);
#646=EDGE_CURVE('',#536,#535,#246,.T.);
#647=EDGE_CURVE('',#536,#537,#247,.T.);
#648=EDGE_CURVE('',#538,#537,#248,.T.);
#649=EDGE_CURVE('',#539,#538,#249,.T.);
#650=EDGE_CURVE('',#540,#539,#250,.T.);
#651=EDGE_CURVE('',#541,#540,#251,.T.);
#652=EDGE_CURVE('',#542,#541,#252,.T.);
#653=EDGE_CURVE('',#534,#542,#253,.T.);
#654=EDGE_CURVE('',#543,#544,#239,.T.);
#655=EDGE_CURVE('',#543,#545,#254,.T.);
#656=EDGE_CURVE('',#545,#546,#499,.T.);
#657=EDGE_CURVE('',#546,#544,#255,.T.);
#658=EDGE_CURVE('',#537,#543,#240,.T.);
#659=EDGE_CURVE('',#547,#536,#500,.T.);
#660=EDGE_CURVE('',#548,#547,#256,.T.);
#661=EDGE_CURVE('',#548,#545,#501,.T.);
#662=EDGE_CURVE('',#534,#549,#257,.T.);
#663=EDGE_CURVE('',#549,#532,#258,.T.);
#664=EDGE_CURVE('',#531,#533,#241,.T.);
#665=EDGE_CURVE('',#542,#550,#259,.T.);
#666=EDGE_CURVE('',#550,#549,#260,.T.);
#667=EDGE_CURVE('',#541,#551,#261,.T.);
#668=EDGE_CURVE('',#551,#550,#262,.T.);
#669=EDGE_CURVE('',#540,#552,#263,.T.);
#670=EDGE_CURVE('',#552,#551,#264,.T.);
#671=EDGE_CURVE('',#538,#553,#265,.T.);
#672=EDGE_CURVE('',#553,#554,#266,.T.);
#673=EDGE_CURVE('',#554,#539,#267,.T.);
#674=EDGE_CURVE('',#544,#553,#268,.T.);
#675=EDGE_CURVE('',#554,#552,#269,.T.);
#676=EDGE_CURVE('',#555,#549,#270,.T.);
#677=EDGE_CURVE('',#556,#555,#271,.T.);
#678=EDGE_CURVE('',#532,#556,#272,.T.);
#679=EDGE_CURVE('',#557,#550,#273,.F.);
#680=EDGE_CURVE('',#558,#557,#274,.F.);
#681=EDGE_CURVE('',#555,#558,#275,.F.);
#682=EDGE_CURVE('',#559,#551,#276,.T.);
#683=EDGE_CURVE('',#557,#559,#277,.T.);
#684=EDGE_CURVE('',#552,#560,#278,.F.);
#685=EDGE_CURVE('',#559,#560,#279,.F.);
#686=EDGE_CURVE('',#561,#554,#280,.F.);
#687=EDGE_CURVE('',#560,#561,#281,.T.);
#688=EDGE_CURVE('',#553,#562,#282,.T.);
#689=EDGE_CURVE('',#563,#562,#283,.F.);
#690=EDGE_CURVE('',#563,#561,#284,.F.);
#691=EDGE_CURVE('',#564,#544,#285,.T.);
#692=EDGE_CURVE('',#562,#564,#286,.T.);
#693=EDGE_CURVE('',#565,#546,#287,.T.);
#694=EDGE_CURVE('',#564,#565,#288,.T.);
#695=EDGE_CURVE('',#535,#566,#289,.T.);
#696=EDGE_CURVE('',#566,#567,#290,.T.);
#697=EDGE_CURVE('',#567,#536,#291,.T.);
#698=EDGE_CURVE('',#568,#569,#292,.T.);
#699=EDGE_CURVE('',#569,#566,#502,.T.);
#700=EDGE_CURVE('',#535,#568,#503,.T.);
#701=EDGE_CURVE('',#570,#571,#293,.T.);
#702=EDGE_CURVE('',#571,#569,#294,.T.);
#703=EDGE_CURVE('',#568,#570,#295,.T.);
#704=EDGE_CURVE('',#570,#572,#504,.T.);
#705=EDGE_CURVE('',#572,#573,#296,.T.);
#706=EDGE_CURVE('',#573,#571,#505,.T.);
#707=EDGE_CURVE('',#574,#575,#297,.T.);
#708=EDGE_CURVE('',#575,#573,#298,.T.);
#709=EDGE_CURVE('',#572,#574,#299,.T.);
#710=EDGE_CURVE('',#574,#576,#506,.T.);
#711=EDGE_CURVE('',#576,#577,#300,.T.);
#712=EDGE_CURVE('',#577,#575,#507,.T.);
#713=EDGE_CURVE('',#547,#578,#301,.T.);
#714=EDGE_CURVE('',#578,#577,#302,.T.);
#715=EDGE_CURVE('',#576,#547,#303,.T.);
#716=EDGE_CURVE('',#567,#578,#508,.T.);
#717=EDGE_CURVE('',#570,#579,#304,.T.);
#718=EDGE_CURVE('',#579,#580,#509,.T.);
#719=EDGE_CURVE('',#580,#572,#305,.T.);
#720=EDGE_CURVE('',#568,#581,#306,.T.);
#721=EDGE_CURVE('',#581,#579,#307,.T.);
#722=EDGE_CURVE('',#530,#581,#510,.T.);
#723=EDGE_CURVE('',#582,#582,#511,.T.);
#724=EDGE_CURVE('',#583,#556,#308,.F.);
#725=EDGE_CURVE('',#558,#584,#309,.T.);
#726=EDGE_CURVE('',#585,#584,#310,.T.);
#727=EDGE_CURVE('',#585,#583,#311,.F.);
#728=EDGE_CURVE('',#586,#587,#15,.T.);
#729=EDGE_CURVE('',#586,#588,#312,.T.);
#730=EDGE_CURVE('',#589,#588,#16,.T.);
#731=EDGE_CURVE('',#590,#589,#17,.T.);
#732=EDGE_CURVE('',#591,#590,#18,.T.);
#733=EDGE_CURVE('',#591,#592,#313,.T.);
#734=EDGE_CURVE('',#593,#592,#19,.T.);
#735=EDGE_CURVE('',#587,#593,#20,.T.);
#736=EDGE_CURVE('',#588,#594,#314,.T.);
#737=EDGE_CURVE('',#594,#595,#315,.T.);
#738=EDGE_CURVE('',#595,#596,#316,.T.);
#739=EDGE_CURVE('',#597,#596,#21,.F.);
#740=EDGE_CURVE('',#597,#598,#317,.T.);
#741=EDGE_CURVE('',#599,#598,#22,.F.);
#742=EDGE_CURVE('',#599,#600,#318,.T.);
#743=EDGE_CURVE('',#600,#601,#319,.T.);
#744=EDGE_CURVE('',#602,#601,#320,.T.);
#745=EDGE_CURVE('',#602,#603,#321,.F.);
#746=EDGE_CURVE('',#589,#603,#322,.T.);
#747=EDGE_CURVE('',#604,#586,#323,.T.);
#748=EDGE_CURVE('',#604,#594,#324,.T.);
#749=EDGE_CURVE('',#605,#587,#325,.T.);
#750=EDGE_CURVE('',#605,#606,#326,.F.);
#751=EDGE_CURVE('',#607,#606,#327,.T.);
#752=EDGE_CURVE('',#607,#608,#328,.T.);
#753=EDGE_CURVE('',#608,#609,#329,.T.);
#754=EDGE_CURVE('',#610,#609,#23,.F.);
#755=EDGE_CURVE('',#610,#611,#330,.T.);
#756=EDGE_CURVE('',#612,#611,#24,.F.);
#757=EDGE_CURVE('',#612,#613,#331,.T.);
#758=EDGE_CURVE('',#613,#604,#332,.T.);
#759=EDGE_CURVE('',#593,#614,#333,.T.);
#760=EDGE_CURVE('',#605,#614,#512,.T.);
#761=EDGE_CURVE('',#615,#615,#513,.T.);
#762=EDGE_CURVE('',#615,#616,#334,.T.);
#763=EDGE_CURVE('',#616,#616,#514,.T.);
#764=EDGE_CURVE('',#617,#617,#515,.T.);
#765=EDGE_CURVE('',#617,#618,#335,.T.);
#766=EDGE_CURVE('',#618,#618,#516,.T.);
#767=EDGE_CURVE('',#619,#619,#517,.T.);
#768=EDGE_CURVE('',#619,#620,#336,.T.);
#769=EDGE_CURVE('',#620,#620,#518,.T.);
#770=EDGE_CURVE('',#621,#621,#519,.T.);
#771=EDGE_CURVE('',#621,#622,#337,.T.);
#772=EDGE_CURVE('',#622,#622,#520,.T.);
#773=EDGE_CURVE('',#623,#590,#338,.T.);
#774=EDGE_CURVE('',#624,#623,#339,.T.);
#775=EDGE_CURVE('',#624,#591,#340,.T.);
#776=EDGE_CURVE('',#592,#625,#341,.T.);
#777=EDGE_CURVE('',#614,#625,#342,.T.);
#778=EDGE_CURVE('',#625,#624,#343,.T.);
#779=EDGE_CURVE('',#529,#583,#344,.T.);
#780=EDGE_CURVE('',#585,#606,#521,.T.);
#781=EDGE_CURVE('',#623,#603,#522,.T.);
#782=EDGE_CURVE('',#602,#626,#523,.T.);
#783=EDGE_CURVE('',#565,#626,#345,.F.);
#784=EDGE_CURVE('',#627,#548,#346,.T.);
#785=EDGE_CURVE('',#628,#627,#524,.T.);
#786=EDGE_CURVE('',#580,#628,#347,.F.);
#787=EDGE_CURVE('',#574,#628,#348,.T.);
#788=EDGE_CURVE('',#627,#576,#349,.T.);
#789=EDGE_CURVE('',#629,#626,#350,.T.);
#790=EDGE_CURVE('',#629,#563,#351,.T.);
#791=EDGE_CURVE('',#630,#558,#352,.T.);
#792=EDGE_CURVE('',#563,#631,#353,.T.);
#793=EDGE_CURVE('',#631,#630,#354,.T.);
#794=EDGE_CURVE('',#582,#632,#25,.T.);
#795=EDGE_CURVE('',#632,#632,#525,.T.);
#796=EDGE_CURVE('',#633,#633,#526,.T.);
#797=EDGE_CURVE('',#633,#632,#355,.T.);
#798=EDGE_CURVE('',#634,#635,#26,.T.);
#799=EDGE_CURVE('',#635,#610,#356,.T.);
#800=EDGE_CURVE('',#609,#634,#357,.T.);
#801=EDGE_CURVE('',#636,#608,#358,.T.);
#802=EDGE_CURVE('',#636,#634,#359,.T.);
#803=EDGE_CURVE('',#637,#638,#27,.F.);
#804=EDGE_CURVE('',#638,#599,#360,.T.);
#805=EDGE_CURVE('',#598,#637,#361,.T.);
#806=EDGE_CURVE('',#639,#638,#362,.T.);
#807=EDGE_CURVE('',#600,#639,#363,.T.);
#808=EDGE_CURVE('',#611,#597,#364,.T.);
#809=EDGE_CURVE('',#596,#612,#365,.T.);
#810=EDGE_CURVE('',#635,#637,#366,.T.);
#811=EDGE_CURVE('',#607,#584,#527,.T.);
#812=EDGE_CURVE('',#630,#636,#367,.T.);
#813=EDGE_CURVE('',#629,#601,#528,.T.);
#814=EDGE_CURVE('',#639,#631,#368,.T.);
#815=EDGE_CURVE('',#613,#595,#369,.T.);
#816=ORIENTED_EDGE('',*,*,#640,.T.);
#817=ORIENTED_EDGE('',*,*,#641,.T.);
#818=ORIENTED_EDGE('',*,*,#642,.T.);
#819=ORIENTED_EDGE('',*,*,#643,.T.);
#820=ORIENTED_EDGE('',*,*,#644,.F.);
#821=ORIENTED_EDGE('',*,*,#645,.F.);
#822=ORIENTED_EDGE('',*,*,#646,.F.);
#823=ORIENTED_EDGE('',*,*,#647,.T.);
#824=ORIENTED_EDGE('',*,*,#648,.F.);
#825=ORIENTED_EDGE('',*,*,#649,.F.);
#826=ORIENTED_EDGE('',*,*,#650,.F.);
#827=ORIENTED_EDGE('',*,*,#651,.F.);
#828=ORIENTED_EDGE('',*,*,#652,.F.);
#829=ORIENTED_EDGE('',*,*,#653,.F.);
#830=ORIENTED_EDGE('',*,*,#654,.F.);
#831=ORIENTED_EDGE('',*,*,#655,.T.);
#832=ORIENTED_EDGE('',*,*,#656,.T.);
#833=ORIENTED_EDGE('',*,*,#657,.T.);
#834=ORIENTED_EDGE('',*,*,#655,.F.);
#835=ORIENTED_EDGE('',*,*,#658,.F.);
#836=ORIENTED_EDGE('',*,*,#647,.F.);
#837=ORIENTED_EDGE('',*,*,#659,.F.);
#838=ORIENTED_EDGE('',*,*,#660,.F.);
#839=ORIENTED_EDGE('',*,*,#661,.T.);
#840=ORIENTED_EDGE('',*,*,#644,.T.);
#841=ORIENTED_EDGE('',*,*,#662,.T.);
#842=ORIENTED_EDGE('',*,*,#663,.T.);
#843=ORIENTED_EDGE('',*,*,#642,.F.);
#844=ORIENTED_EDGE('',*,*,#664,.T.);
#845=ORIENTED_EDGE('',*,*,#653,.T.);
#846=ORIENTED_EDGE('',*,*,#665,.T.);
#847=ORIENTED_EDGE('',*,*,#666,.T.);
#848=ORIENTED_EDGE('',*,*,#662,.F.);
#849=ORIENTED_EDGE('',*,*,#652,.T.);
#850=ORIENTED_EDGE('',*,*,#667,.T.);
#851=ORIENTED_EDGE('',*,*,#668,.T.);
#852=ORIENTED_EDGE('',*,*,#665,.F.);
#853=ORIENTED_EDGE('',*,*,#651,.T.);
#854=ORIENTED_EDGE('',*,*,#669,.T.);
#855=ORIENTED_EDGE('',*,*,#670,.T.);
#856=ORIENTED_EDGE('',*,*,#667,.F.);
#857=ORIENTED_EDGE('',*,*,#649,.T.);
#858=ORIENTED_EDGE('',*,*,#671,.T.);
#859=ORIENTED_EDGE('',*,*,#672,.T.);
#860=ORIENTED_EDGE('',*,*,#673,.T.);
#861=ORIENTED_EDGE('',*,*,#648,.T.);
#862=ORIENTED_EDGE('',*,*,#658,.T.);
#863=ORIENTED_EDGE('',*,*,#654,.T.);
#864=ORIENTED_EDGE('',*,*,#674,.T.);
#865=ORIENTED_EDGE('',*,*,#671,.F.);
#866=ORIENTED_EDGE('',*,*,#650,.T.);
#867=ORIENTED_EDGE('',*,*,#673,.F.);
#868=ORIENTED_EDGE('',*,*,#675,.T.);
#869=ORIENTED_EDGE('',*,*,#669,.F.);
#870=ORIENTED_EDGE('',*,*,#663,.F.);
#871=ORIENTED_EDGE('',*,*,#676,.F.);
#872=ORIENTED_EDGE('',*,*,#677,.F.);
#873=ORIENTED_EDGE('',*,*,#678,.F.);
#874=ORIENTED_EDGE('',*,*,#666,.F.);
#875=ORIENTED_EDGE('',*,*,#679,.F.);
#876=ORIENTED_EDGE('',*,*,#680,.F.);
#877=ORIENTED_EDGE('',*,*,#681,.F.);
#878=ORIENTED_EDGE('',*,*,#676,.T.);
#879=ORIENTED_EDGE('',*,*,#668,.F.);
#880=ORIENTED_EDGE('',*,*,#682,.F.);
#881=ORIENTED_EDGE('',*,*,#683,.F.);
#882=ORIENTED_EDGE('',*,*,#679,.T.);
#883=ORIENTED_EDGE('',*,*,#670,.F.);
#884=ORIENTED_EDGE('',*,*,#684,.T.);
#885=ORIENTED_EDGE('',*,*,#685,.F.);
#886=ORIENTED_EDGE('',*,*,#682,.T.);
#887=ORIENTED_EDGE('',*,*,#675,.F.);
#888=ORIENTED_EDGE('',*,*,#686,.F.);
#889=ORIENTED_EDGE('',*,*,#687,.F.);
#890=ORIENTED_EDGE('',*,*,#684,.F.);
#891=ORIENTED_EDGE('',*,*,#672,.F.);
#892=ORIENTED_EDGE('',*,*,#688,.T.);
#893=ORIENTED_EDGE('',*,*,#689,.F.);
#894=ORIENTED_EDGE('',*,*,#690,.T.);
#895=ORIENTED_EDGE('',*,*,#686,.T.);
#896=ORIENTED_EDGE('',*,*,#674,.F.);
#897=ORIENTED_EDGE('',*,*,#691,.F.);
#898=ORIENTED_EDGE('',*,*,#692,.F.);
#899=ORIENTED_EDGE('',*,*,#688,.F.);
#900=ORIENTED_EDGE('',*,*,#657,.F.);
#901=ORIENTED_EDGE('',*,*,#693,.F.);
#902=ORIENTED_EDGE('',*,*,#694,.F.);
#903=ORIENTED_EDGE('',*,*,#691,.T.);
#904=ORIENTED_EDGE('',*,*,#695,.T.);
#905=ORIENTED_EDGE('',*,*,#696,.T.);
#906=ORIENTED_EDGE('',*,*,#697,.T.);
#907=ORIENTED_EDGE('',*,*,#646,.T.);
#908=ORIENTED_EDGE('',*,*,#698,.T.);
#909=ORIENTED_EDGE('',*,*,#699,.T.);
#910=ORIENTED_EDGE('',*,*,#695,.F.);
#911=ORIENTED_EDGE('',*,*,#700,.T.);
#912=ORIENTED_EDGE('',*,*,#701,.T.);
#913=ORIENTED_EDGE('',*,*,#702,.T.);
#914=ORIENTED_EDGE('',*,*,#698,.F.);
#915=ORIENTED_EDGE('',*,*,#703,.T.);
#916=ORIENTED_EDGE('',*,*,#701,.F.);
#917=ORIENTED_EDGE('',*,*,#704,.T.);
#918=ORIENTED_EDGE('',*,*,#705,.T.);
#919=ORIENTED_EDGE('',*,*,#706,.T.);
#920=ORIENTED_EDGE('',*,*,#707,.T.);
#921=ORIENTED_EDGE('',*,*,#708,.T.);
#922=ORIENTED_EDGE('',*,*,#705,.F.);
#923=ORIENTED_EDGE('',*,*,#709,.T.);
#924=ORIENTED_EDGE('',*,*,#707,.F.);
#925=ORIENTED_EDGE('',*,*,#710,.T.);
#926=ORIENTED_EDGE('',*,*,#711,.T.);
#927=ORIENTED_EDGE('',*,*,#712,.T.);
#928=ORIENTED_EDGE('',*,*,#713,.T.);
#929=ORIENTED_EDGE('',*,*,#714,.T.);
#930=ORIENTED_EDGE('',*,*,#711,.F.);
#931=ORIENTED_EDGE('',*,*,#715,.T.);
#932=ORIENTED_EDGE('',*,*,#697,.F.);
#933=ORIENTED_EDGE('',*,*,#716,.T.);
#934=ORIENTED_EDGE('',*,*,#713,.F.);
#935=ORIENTED_EDGE('',*,*,#659,.T.);
#936=ORIENTED_EDGE('',*,*,#704,.F.);
#937=ORIENTED_EDGE('',*,*,#717,.T.);
#938=ORIENTED_EDGE('',*,*,#718,.T.);
#939=ORIENTED_EDGE('',*,*,#719,.T.);
#940=ORIENTED_EDGE('',*,*,#703,.F.);
#941=ORIENTED_EDGE('',*,*,#720,.T.);
#942=ORIENTED_EDGE('',*,*,#721,.T.);
#943=ORIENTED_EDGE('',*,*,#717,.F.);
#944=ORIENTED_EDGE('',*,*,#641,.F.);
#945=ORIENTED_EDGE('',*,*,#722,.T.);
#946=ORIENTED_EDGE('',*,*,#720,.F.);
#947=ORIENTED_EDGE('',*,*,#700,.F.);
#948=ORIENTED_EDGE('',*,*,#645,.T.);
#949=ORIENTED_EDGE('',*,*,#664,.F.);
#950=ORIENTED_EDGE('',*,*,#696,.F.);
#951=ORIENTED_EDGE('',*,*,#699,.F.);
#952=ORIENTED_EDGE('',*,*,#702,.F.);
#953=ORIENTED_EDGE('',*,*,#706,.F.);
#954=ORIENTED_EDGE('',*,*,#708,.F.);
#955=ORIENTED_EDGE('',*,*,#712,.F.);
#956=ORIENTED_EDGE('',*,*,#714,.F.);
#957=ORIENTED_EDGE('',*,*,#716,.F.);
#958=ORIENTED_EDGE('',*,*,#723,.F.);
#959=ORIENTED_EDGE('',*,*,#724,.T.);
#960=ORIENTED_EDGE('',*,*,#677,.T.);
#961=ORIENTED_EDGE('',*,*,#681,.T.);
#962=ORIENTED_EDGE('',*,*,#725,.T.);
#963=ORIENTED_EDGE('',*,*,#726,.F.);
#964=ORIENTED_EDGE('',*,*,#727,.T.);
#965=ORIENTED_EDGE('',*,*,#728,.F.);
#966=ORIENTED_EDGE('',*,*,#729,.T.);
#967=ORIENTED_EDGE('',*,*,#730,.F.);
#968=ORIENTED_EDGE('',*,*,#731,.F.);
#969=ORIENTED_EDGE('',*,*,#732,.F.);
#970=ORIENTED_EDGE('',*,*,#733,.T.);
#971=ORIENTED_EDGE('',*,*,#734,.F.);
#972=ORIENTED_EDGE('',*,*,#735,.F.);
#973=ORIENTED_EDGE('',*,*,#730,.T.);
#974=ORIENTED_EDGE('',*,*,#736,.T.);
#975=ORIENTED_EDGE('',*,*,#737,.T.);
#976=ORIENTED_EDGE('',*,*,#738,.T.);
#977=ORIENTED_EDGE('',*,*,#739,.F.);
#978=ORIENTED_EDGE('',*,*,#740,.T.);
#979=ORIENTED_EDGE('',*,*,#741,.F.);
#980=ORIENTED_EDGE('',*,*,#742,.T.);
#981=ORIENTED_EDGE('',*,*,#743,.T.);
#982=ORIENTED_EDGE('',*,*,#744,.F.);
#983=ORIENTED_EDGE('',*,*,#745,.T.);
#984=ORIENTED_EDGE('',*,*,#746,.F.);
#985=ORIENTED_EDGE('',*,*,#729,.F.);
#986=ORIENTED_EDGE('',*,*,#747,.F.);
#987=ORIENTED_EDGE('',*,*,#748,.T.);
#988=ORIENTED_EDGE('',*,*,#736,.F.);
#989=ORIENTED_EDGE('',*,*,#728,.T.);
#990=ORIENTED_EDGE('',*,*,#749,.F.);
#991=ORIENTED_EDGE('',*,*,#750,.T.);
#992=ORIENTED_EDGE('',*,*,#751,.F.);
#993=ORIENTED_EDGE('',*,*,#752,.T.);
#994=ORIENTED_EDGE('',*,*,#753,.T.);
#995=ORIENTED_EDGE('',*,*,#754,.F.);
#996=ORIENTED_EDGE('',*,*,#755,.T.);
#997=ORIENTED_EDGE('',*,*,#756,.F.);
#998=ORIENTED_EDGE('',*,*,#757,.T.);
#999=ORIENTED_EDGE('',*,*,#758,.T.);
#1000=ORIENTED_EDGE('',*,*,#747,.T.);
#1001=ORIENTED_EDGE('',*,*,#735,.T.);
#1002=ORIENTED_EDGE('',*,*,#759,.T.);
#1003=ORIENTED_EDGE('',*,*,#760,.F.);
#1004=ORIENTED_EDGE('',*,*,#749,.T.);
#1005=ORIENTED_EDGE('',*,*,#761,.F.);
#1006=ORIENTED_EDGE('',*,*,#762,.T.);
#1007=ORIENTED_EDGE('',*,*,#763,.T.);
#1008=ORIENTED_EDGE('',*,*,#762,.F.);
#1009=ORIENTED_EDGE('',*,*,#763,.F.);
#1010=ORIENTED_EDGE('',*,*,#764,.F.);
#1011=ORIENTED_EDGE('',*,*,#765,.T.);
#1012=ORIENTED_EDGE('',*,*,#766,.T.);
#1013=ORIENTED_EDGE('',*,*,#765,.F.);
#1014=ORIENTED_EDGE('',*,*,#766,.F.);
#1015=ORIENTED_EDGE('',*,*,#767,.F.);
#1016=ORIENTED_EDGE('',*,*,#768,.T.);
#1017=ORIENTED_EDGE('',*,*,#769,.T.);
#1018=ORIENTED_EDGE('',*,*,#768,.F.);
#1019=ORIENTED_EDGE('',*,*,#769,.F.);
#1020=ORIENTED_EDGE('',*,*,#770,.F.);
#1021=ORIENTED_EDGE('',*,*,#771,.T.);
#1022=ORIENTED_EDGE('',*,*,#772,.T.);
#1023=ORIENTED_EDGE('',*,*,#771,.F.);
#1024=ORIENTED_EDGE('',*,*,#772,.F.);
#1025=ORIENTED_EDGE('',*,*,#732,.T.);
#1026=ORIENTED_EDGE('',*,*,#773,.F.);
#1027=ORIENTED_EDGE('',*,*,#774,.F.);
#1028=ORIENTED_EDGE('',*,*,#775,.T.);
#1029=ORIENTED_EDGE('',*,*,#734,.T.);
#1030=ORIENTED_EDGE('',*,*,#776,.T.);
#1031=ORIENTED_EDGE('',*,*,#777,.F.);
#1032=ORIENTED_EDGE('',*,*,#759,.F.);
#1033=ORIENTED_EDGE('',*,*,#733,.F.);
#1034=ORIENTED_EDGE('',*,*,#775,.F.);
#1035=ORIENTED_EDGE('',*,*,#778,.F.);
#1036=ORIENTED_EDGE('',*,*,#776,.F.);
#1037=ORIENTED_EDGE('',*,*,#640,.F.);
#1038=ORIENTED_EDGE('',*,*,#779,.T.);
#1039=ORIENTED_EDGE('',*,*,#727,.F.);
#1040=ORIENTED_EDGE('',*,*,#780,.T.);
#1041=ORIENTED_EDGE('',*,*,#750,.F.);
#1042=ORIENTED_EDGE('',*,*,#760,.T.);
#1043=ORIENTED_EDGE('',*,*,#777,.T.);
#1044=ORIENTED_EDGE('',*,*,#778,.T.);
#1045=ORIENTED_EDGE('',*,*,#774,.T.);
#1046=ORIENTED_EDGE('',*,*,#781,.T.);
#1047=ORIENTED_EDGE('',*,*,#745,.F.);
#1048=ORIENTED_EDGE('',*,*,#782,.T.);
#1049=ORIENTED_EDGE('',*,*,#783,.F.);
#1050=ORIENTED_EDGE('',*,*,#693,.T.);
#1051=ORIENTED_EDGE('',*,*,#656,.F.);
#1052=ORIENTED_EDGE('',*,*,#661,.F.);
#1053=ORIENTED_EDGE('',*,*,#784,.F.);
#1054=ORIENTED_EDGE('',*,*,#785,.F.);
#1055=ORIENTED_EDGE('',*,*,#786,.F.);
#1056=ORIENTED_EDGE('',*,*,#718,.F.);
#1057=ORIENTED_EDGE('',*,*,#721,.F.);
#1058=ORIENTED_EDGE('',*,*,#722,.F.);
#1059=ORIENTED_EDGE('',*,*,#761,.T.);
#1060=ORIENTED_EDGE('',*,*,#764,.T.);
#1061=ORIENTED_EDGE('',*,*,#767,.T.);
#1062=ORIENTED_EDGE('',*,*,#770,.T.);
#1063=ORIENTED_EDGE('',*,*,#710,.F.);
#1064=ORIENTED_EDGE('',*,*,#787,.T.);
#1065=ORIENTED_EDGE('',*,*,#785,.T.);
#1066=ORIENTED_EDGE('',*,*,#788,.T.);
#1067=ORIENTED_EDGE('',*,*,#715,.F.);
#1068=ORIENTED_EDGE('',*,*,#788,.F.);
#1069=ORIENTED_EDGE('',*,*,#784,.T.);
#1070=ORIENTED_EDGE('',*,*,#660,.T.);
#1071=ORIENTED_EDGE('',*,*,#709,.F.);
#1072=ORIENTED_EDGE('',*,*,#719,.F.);
#1073=ORIENTED_EDGE('',*,*,#786,.T.);
#1074=ORIENTED_EDGE('',*,*,#787,.F.);
#1075=ORIENTED_EDGE('',*,*,#694,.T.);
#1076=ORIENTED_EDGE('',*,*,#783,.T.);
#1077=ORIENTED_EDGE('',*,*,#789,.F.);
#1078=ORIENTED_EDGE('',*,*,#790,.T.);
#1079=ORIENTED_EDGE('',*,*,#689,.T.);
#1080=ORIENTED_EDGE('',*,*,#692,.T.);
#1081=ORIENTED_EDGE('',*,*,#791,.T.);
#1082=ORIENTED_EDGE('',*,*,#680,.T.);
#1083=ORIENTED_EDGE('',*,*,#683,.T.);
#1084=ORIENTED_EDGE('',*,*,#685,.T.);
#1085=ORIENTED_EDGE('',*,*,#687,.T.);
#1086=ORIENTED_EDGE('',*,*,#690,.F.);
#1087=ORIENTED_EDGE('',*,*,#792,.T.);
#1088=ORIENTED_EDGE('',*,*,#793,.T.);
#1089=ORIENTED_EDGE('',*,*,#643,.F.);
#1090=ORIENTED_EDGE('',*,*,#678,.T.);
#1091=ORIENTED_EDGE('',*,*,#724,.F.);
#1092=ORIENTED_EDGE('',*,*,#779,.F.);
#1093=ORIENTED_EDGE('',*,*,#794,.T.);
#1094=ORIENTED_EDGE('',*,*,#795,.T.);
#1095=ORIENTED_EDGE('',*,*,#794,.F.);
#1096=ORIENTED_EDGE('',*,*,#723,.T.);
#1097=ORIENTED_EDGE('',*,*,#796,.F.);
#1098=ORIENTED_EDGE('',*,*,#797,.T.);
#1099=ORIENTED_EDGE('',*,*,#795,.F.);
#1100=ORIENTED_EDGE('',*,*,#797,.F.);
#1101=ORIENTED_EDGE('',*,*,#798,.T.);
#1102=ORIENTED_EDGE('',*,*,#799,.T.);
#1103=ORIENTED_EDGE('',*,*,#754,.T.);
#1104=ORIENTED_EDGE('',*,*,#800,.T.);
#1105=ORIENTED_EDGE('',*,*,#800,.F.);
#1106=ORIENTED_EDGE('',*,*,#753,.F.);
#1107=ORIENTED_EDGE('',*,*,#801,.F.);
#1108=ORIENTED_EDGE('',*,*,#802,.T.);
#1109=ORIENTED_EDGE('',*,*,#803,.T.);
#1110=ORIENTED_EDGE('',*,*,#804,.T.);
#1111=ORIENTED_EDGE('',*,*,#741,.T.);
#1112=ORIENTED_EDGE('',*,*,#805,.T.);
#1113=ORIENTED_EDGE('',*,*,#804,.F.);
#1114=ORIENTED_EDGE('',*,*,#806,.F.);
#1115=ORIENTED_EDGE('',*,*,#807,.F.);
#1116=ORIENTED_EDGE('',*,*,#742,.F.);
#1117=ORIENTED_EDGE('',*,*,#756,.T.);
#1118=ORIENTED_EDGE('',*,*,#808,.T.);
#1119=ORIENTED_EDGE('',*,*,#739,.T.);
#1120=ORIENTED_EDGE('',*,*,#809,.T.);
#1121=ORIENTED_EDGE('',*,*,#799,.F.);
#1122=ORIENTED_EDGE('',*,*,#810,.T.);
#1123=ORIENTED_EDGE('',*,*,#805,.F.);
#1124=ORIENTED_EDGE('',*,*,#740,.F.);
#1125=ORIENTED_EDGE('',*,*,#808,.F.);
#1126=ORIENTED_EDGE('',*,*,#755,.F.);
#1127=ORIENTED_EDGE('',*,*,#801,.T.);
#1128=ORIENTED_EDGE('',*,*,#752,.F.);
#1129=ORIENTED_EDGE('',*,*,#811,.T.);
#1130=ORIENTED_EDGE('',*,*,#725,.F.);
#1131=ORIENTED_EDGE('',*,*,#791,.F.);
#1132=ORIENTED_EDGE('',*,*,#812,.T.);
#1133=ORIENTED_EDGE('',*,*,#780,.F.);
#1134=ORIENTED_EDGE('',*,*,#726,.T.);
#1135=ORIENTED_EDGE('',*,*,#811,.F.);
#1136=ORIENTED_EDGE('',*,*,#751,.T.);
#1137=ORIENTED_EDGE('',*,*,#731,.T.);
#1138=ORIENTED_EDGE('',*,*,#746,.T.);
#1139=ORIENTED_EDGE('',*,*,#781,.F.);
#1140=ORIENTED_EDGE('',*,*,#773,.T.);
#1141=ORIENTED_EDGE('',*,*,#813,.F.);
#1142=ORIENTED_EDGE('',*,*,#789,.T.);
#1143=ORIENTED_EDGE('',*,*,#782,.F.);
#1144=ORIENTED_EDGE('',*,*,#744,.T.);
#1145=ORIENTED_EDGE('',*,*,#814,.T.);
#1146=ORIENTED_EDGE('',*,*,#792,.F.);
#1147=ORIENTED_EDGE('',*,*,#790,.F.);
#1148=ORIENTED_EDGE('',*,*,#813,.T.);
#1149=ORIENTED_EDGE('',*,*,#743,.F.);
#1150=ORIENTED_EDGE('',*,*,#807,.T.);
#1151=ORIENTED_EDGE('',*,*,#809,.F.);
#1152=ORIENTED_EDGE('',*,*,#738,.F.);
#1153=ORIENTED_EDGE('',*,*,#815,.F.);
#1154=ORIENTED_EDGE('',*,*,#757,.F.);
#1155=ORIENTED_EDGE('',*,*,#758,.F.);
#1156=ORIENTED_EDGE('',*,*,#815,.T.);
#1157=ORIENTED_EDGE('',*,*,#737,.F.);
#1158=ORIENTED_EDGE('',*,*,#748,.F.);
#1159=ORIENTED_EDGE('',*,*,#796,.T.);
#1160=ORIENTED_EDGE('',*,*,#798,.F.);
#1161=ORIENTED_EDGE('',*,*,#802,.F.);
#1162=ORIENTED_EDGE('',*,*,#812,.F.);
#1163=ORIENTED_EDGE('',*,*,#793,.F.);
#1164=ORIENTED_EDGE('',*,*,#814,.F.);
#1165=ORIENTED_EDGE('',*,*,#806,.T.);
#1166=ORIENTED_EDGE('',*,*,#803,.F.);
#1167=ORIENTED_EDGE('',*,*,#810,.F.);
#1168=CYLINDRICAL_SURFACE('',#1268,6.5);
#1169=CYLINDRICAL_SURFACE('',#1272,6.5);
#1170=CYLINDRICAL_SURFACE('',#1275,10.3);
#1171=CYLINDRICAL_SURFACE('',#1310,10.3);
#1172=CYLINDRICAL_SURFACE('',#1313,10.3);
#1173=CYLINDRICAL_SURFACE('',#1321,2.3);
#1174=CYLINDRICAL_SURFACE('',#1323,2.00000000000001);
#1175=CYLINDRICAL_SURFACE('',#1327,2.00000000000001);
#1176=CYLINDRICAL_SURFACE('',#1331,2.00000000000001);
#1177=CYLINDRICAL_SURFACE('',#1335,2.00000000000001);
#1178=CYLINDRICAL_SURFACE('',#1347,10.3);
#1179=CYLINDRICAL_SURFACE('',#1354,18.5);
#1180=CYLINDRICAL_SURFACE('',#1361,2.30000000000001);
#1181=CYLINDRICAL_SURFACE('',#1362,2.30000000000002);
#1182=CYLINDRICAL_SURFACE('',#1363,2.29999999999999);
#1183=ADVANCED_FACE('',(#90),#1168,.T.);
#1184=ADVANCED_FACE('',(#91),#43,.T.);
#1185=ADVANCED_FACE('',(#92),#1169,.T.);
#1186=ADVANCED_FACE('',(#93),#1170,.T.);
#1187=ADVANCED_FACE('',(#94),#44,.T.);
#1188=ADVANCED_FACE('',(#95),#45,.T.);
#1189=ADVANCED_FACE('',(#96),#46,.T.);
#1190=ADVANCED_FACE('',(#97),#47,.T.);
#1191=ADVANCED_FACE('',(#98),#48,.T.);
#1192=ADVANCED_FACE('',(#99),#49,.T.);
#1193=ADVANCED_FACE('',(#100),#50,.T.);
#1194=ADVANCED_FACE('',(#101),#51,.F.);
#1195=ADVANCED_FACE('',(#102),#52,.F.);
#1196=ADVANCED_FACE('',(#103),#53,.F.);
#1197=ADVANCED_FACE('',(#104),#54,.F.);
#1198=ADVANCED_FACE('',(#105),#55,.F.);
#1199=ADVANCED_FACE('',(#106),#56,.F.);
#1200=ADVANCED_FACE('',(#107),#57,.F.);
#1201=ADVANCED_FACE('',(#108),#58,.F.);
#1202=ADVANCED_FACE('',(#109),#59,.T.);
#1203=ADVANCED_FACE('',(#110),#39,.T.);
#1204=ADVANCED_FACE('',(#111),#60,.T.);
#1205=ADVANCED_FACE('',(#112),#40,.T.);
#1206=ADVANCED_FACE('',(#113),#61,.T.);
#1207=ADVANCED_FACE('',(#114),#41,.T.);
#1208=ADVANCED_FACE('',(#115),#62,.T.);
#1209=ADVANCED_FACE('',(#116),#42,.T.);
#1210=ADVANCED_FACE('',(#117),#1171,.T.);
#1211=ADVANCED_FACE('',(#118),#63,.T.);
#1212=ADVANCED_FACE('',(#119),#1172,.T.);
#1213=ADVANCED_FACE('',(#120,#33),#64,.F.);
#1214=ADVANCED_FACE('',(#121),#65,.F.);
#1215=ADVANCED_FACE('',(#122),#28,.T.);
#1216=ADVANCED_FACE('',(#123),#66,.F.);
#1217=ADVANCED_FACE('',(#124),#67,.T.);
#1218=ADVANCED_FACE('',(#125),#68,.F.);
#1219=ADVANCED_FACE('',(#126),#1173,.F.);
#1220=ADVANCED_FACE('',(#127),#1174,.F.);
#1221=ADVANCED_FACE('',(#128),#69,.T.);
#1222=ADVANCED_FACE('',(#129),#1175,.F.);
#1223=ADVANCED_FACE('',(#130),#70,.T.);
#1224=ADVANCED_FACE('',(#131),#1176,.F.);
#1225=ADVANCED_FACE('',(#132),#71,.T.);
#1226=ADVANCED_FACE('',(#133),#1177,.F.);
#1227=ADVANCED_FACE('',(#134),#72,.T.);
#1228=ADVANCED_FACE('',(#135),#73,.F.);
#1229=ADVANCED_FACE('',(#136),#74,.F.);
#1230=ADVANCED_FACE('',(#137),#75,.F.);
#1231=ADVANCED_FACE('',(#138,#34,#35,#36,#37),#76,.F.);
#1232=ADVANCED_FACE('',(#139),#1178,.T.);
#1233=ADVANCED_FACE('',(#140),#77,.T.);
#1234=ADVANCED_FACE('',(#141),#78,.T.);
#1235=ADVANCED_FACE('',(#142),#79,.F.);
#1236=ADVANCED_FACE('',(#143),#80,.T.);
#1237=ADVANCED_FACE('',(#144),#81,.F.);
#1238=ADVANCED_FACE('',(#145),#29,.F.);
#1239=ADVANCED_FACE('',(#146),#1179,.F.);
#1240=ADVANCED_FACE('',(#147),#30,.F.);
#1241=ADVANCED_FACE('',(#148),#82,.T.);
#1242=ADVANCED_FACE('',(#149),#31,.F.);
#1243=ADVANCED_FACE('',(#150),#83,.T.);
#1244=ADVANCED_FACE('',(#151),#32,.F.);
#1245=ADVANCED_FACE('',(#152),#84,.F.);
#1246=ADVANCED_FACE('',(#153),#85,.T.);
#1247=ADVANCED_FACE('',(#154),#1180,.F.);
#1248=ADVANCED_FACE('',(#155),#1181,.F.);
#1249=ADVANCED_FACE('',(#156),#1182,.F.);
#1250=ADVANCED_FACE('',(#157),#86,.T.);
#1251=ADVANCED_FACE('',(#158),#87,.T.);
#1252=ADVANCED_FACE('',(#159,#38),#88,.T.);
#1253=ADVANCED_FACE('',(#160),#89,.T.);
#1254=CLOSED_SHELL('',(#1183,#1184,#1185,#1186,#1187,#1188,#1189,#1190,
#1191,#1192,#1193,#1194,#1195,#1196,#1197,#1198,#1199,#1200,#1201,#1202,
#1203,#1204,#1205,#1206,#1207,#1208,#1209,#1210,#1211,#1212,#1213,#1214,
#1215,#1216,#1217,#1218,#1219,#1220,#1221,#1222,#1223,#1224,#1225,#1226,
#1227,#1228,#1229,#1230,#1231,#1232,#1233,#1234,#1235,#1236,#1237,#1238,
#1239,#1240,#1241,#1242,#1243,#1244,#1245,#1246,#1247,#1248,#1249,#1250,
#1251,#1252,#1253));
#1255=DERIVED_UNIT_ELEMENT(#1257,1.);
#1256=DERIVED_UNIT_ELEMENT(#2656,-3.);
#1257=(
MASS_UNIT()
NAMED_UNIT(*)
SI_UNIT(.KILO.,.GRAM.)
);
#1258=DERIVED_UNIT((#1255,#1256));
#1259=MEASURE_REPRESENTATION_ITEM('density measure',
POSITIVE_RATIO_MEASURE(7850.),#1258);
#1260=PROPERTY_DEFINITION_REPRESENTATION(#1265,#1262);
#1261=PROPERTY_DEFINITION_REPRESENTATION(#1266,#1263);
#1262=REPRESENTATION('material name',(#1264),#2653);
#1263=REPRESENTATION('density',(#1259),#2653);
#1264=DESCRIPTIVE_REPRESENTATION_ITEM('Steel','Steel');
#1265=PROPERTY_DEFINITION('material property','material name',#2663);
#1266=PROPERTY_DEFINITION('material property','density of part',#2663);
#1267=AXIS2_PLACEMENT_3D('',#1701,#1369,#1370);
#1268=AXIS2_PLACEMENT_3D('',#1702,#1371,#1372);
#1269=AXIS2_PLACEMENT_3D('',#1705,#1373,#1374);
#1270=AXIS2_PLACEMENT_3D('',#1709,#1376,#1377);
#1271=AXIS2_PLACEMENT_3D('',#1711,#1379,#1380);
#1272=AXIS2_PLACEMENT_3D('',#1732,#1391,#1392);
#1273=AXIS2_PLACEMENT_3D('',#1735,#1393,#1394);
#1274=AXIS2_PLACEMENT_3D('',#1739,#1396,#1397);
#1275=AXIS2_PLACEMENT_3D('',#1741,#1399,#1400);
#1276=AXIS2_PLACEMENT_3D('',#1742,#1401,#1402);
#1277=AXIS2_PLACEMENT_3D('',#1744,#1403,#1404);
#1278=AXIS2_PLACEMENT_3D('',#1747,#1406,#1407);
#1279=AXIS2_PLACEMENT_3D('',#1748,#1408,#1409);
#1280=AXIS2_PLACEMENT_3D('',#1752,#1412,#1413);
#1281=AXIS2_PLACEMENT_3D('',#1753,#1414,#1415);
#1282=AXIS2_PLACEMENT_3D('',#1757,#1418,#1419);
#1283=AXIS2_PLACEMENT_3D('',#1761,#1422,#1423);
#1284=AXIS2_PLACEMENT_3D('',#1765,#1426,#1427);
#1285=AXIS2_PLACEMENT_3D('',#1771,#1431,#1432);
#1286=AXIS2_PLACEMENT_3D('',#1773,#1434,#1435);
#1287=AXIS2_PLACEMENT_3D('',#1775,#1437,#1438);
#1288=AXIS2_PLACEMENT_3D('',#1781,#1442,#1443);
#1289=AXIS2_PLACEMENT_3D('',#1787,#1447,#1448);
#1290=AXIS2_PLACEMENT_3D('',#1791,#1451,#1452);
#1291=AXIS2_PLACEMENT_3D('',#1795,#1455,#1456);
#1292=AXIS2_PLACEMENT_3D('',#1799,#1459,#1460);
#1293=AXIS2_PLACEMENT_3D('',#1805,#1464,#1465);
#1294=AXIS2_PLACEMENT_3D('',#1809,#1468,#1469);
#1295=AXIS2_PLACEMENT_3D('',#1813,#1472,#1473);
#1296=AXIS2_PLACEMENT_3D('',#1819,#1477,#1478);
#1297=AXIS2_PLACEMENT_3D('',#1823,#1480,#1481);
#1298=AXIS2_PLACEMENT_3D('',#1824,#1482,#1483);
#1299=AXIS2_PLACEMENT_3D('',#1825,#1484,#1485);
#1300=AXIS2_PLACEMENT_3D('',#1831,#1489,#1490);
#1301=AXIS2_PLACEMENT_3D('',#1833,#1491,#1492);
#1302=AXIS2_PLACEMENT_3D('',#1836,#1494,#1495);
#1303=AXIS2_PLACEMENT_3D('',#1837,#1496,#1497);
#1304=AXIS2_PLACEMENT_3D('',#1843,#1501,#1502);
#1305=AXIS2_PLACEMENT_3D('',#1845,#1503,#1504);
#1306=AXIS2_PLACEMENT_3D('',#1848,#1506,#1507);
#1307=AXIS2_PLACEMENT_3D('',#1849,#1508,#1509);
#1308=AXIS2_PLACEMENT_3D('',#1854,#1513,#1514);
#1309=AXIS2_PLACEMENT_3D('',#1855,#1515,#1516);
#1310=AXIS2_PLACEMENT_3D('',#1856,#1517,#1518);
#1311=AXIS2_PLACEMENT_3D('',#1860,#1520,#1521);
#1312=AXIS2_PLACEMENT_3D('',#1862,#1523,#1524);
#1313=AXIS2_PLACEMENT_3D('',#1866,#1527,#1528);
#1314=AXIS2_PLACEMENT_3D('',#1867,#1529,#1530);
#1315=AXIS2_PLACEMENT_3D('',#1868,#1531,#1532);
#1316=AXIS2_PLACEMENT_3D('',#1870,#1533,#1534);
#1317=AXIS2_PLACEMENT_3D('',#1871,#1535,#1536);
#1318=AXIS2_PLACEMENT_3D('',#2046,#1543,#1544);
#1319=AXIS2_PLACEMENT_3D('',#2110,#1554,#1555);
#1320=AXIS2_PLACEMENT_3D('',#2114,#1558,#1559);
#1321=AXIS2_PLACEMENT_3D('',#2176,#1568,#1569);
#1322=AXIS2_PLACEMENT_3D('',#2179,#1571,#1572);
#1323=AXIS2_PLACEMENT_3D('',#2180,#1573,#1574);
#1324=AXIS2_PLACEMENT_3D('',#2182,#1575,#1576);
#1325=AXIS2_PLACEMENT_3D('',#2185,#1578,#1579);
#1326=AXIS2_PLACEMENT_3D('',#2186,#1580,#1581);
#1327=AXIS2_PLACEMENT_3D('',#2187,#1582,#1583);
#1328=AXIS2_PLACEMENT_3D('',#2189,#1584,#1585);
#1329=AXIS2_PLACEMENT_3D('',#2192,#1587,#1588);
#1330=AXIS2_PLACEMENT_3D('',#2193,#1589,#1590);
#1331=AXIS2_PLACEMENT_3D('',#2194,#1591,#1592);
#1332=AXIS2_PLACEMENT_3D('',#2196,#1593,#1594);
#1333=AXIS2_PLACEMENT_3D('',#2199,#1596,#1597);
#1334=AXIS2_PLACEMENT_3D('',#2200,#1598,#1599);
#1335=AXIS2_PLACEMENT_3D('',#2201,#1600,#1601);
#1336=AXIS2_PLACEMENT_3D('',#2203,#1602,#1603);
#1337=AXIS2_PLACEMENT_3D('',#2206,#1605,#1606);
#1338=AXIS2_PLACEMENT_3D('',#2207,#1607,#1608);
#1339=AXIS2_PLACEMENT_3D('',#2208,#1609,#1610);
#1340=AXIS2_PLACEMENT_3D('',#2214,#1614,#1615);
#1341=AXIS2_PLACEMENT_3D('',#2218,#1618,#1619);
#1342=AXIS2_PLACEMENT_3D('',#2220,#1621,#1622);
#1343=AXIS2_PLACEMENT_3D('',#2222,#1624,#1625);
#1344=AXIS2_PLACEMENT_3D('',#2223,#1626,#1627);
#1345=AXIS2_PLACEMENT_3D('',#2225,#1628,#1629);
#1346=AXIS2_PLACEMENT_3D('',#2230,#1632,#1633);
#1347=AXIS2_PLACEMENT_3D('',#2232,#1635,#1636);
#1348=AXIS2_PLACEMENT_3D('',#2235,#1639,#1640);
#1349=AXIS2_PLACEMENT_3D('',#2236,#1641,#1642);
#1350=AXIS2_PLACEMENT_3D('',#2237,#1643,#1644);
#1351=AXIS2_PLACEMENT_3D('',#2241,#1647,#1648);
#1352=AXIS2_PLACEMENT_3D('',#2247,#1652,#1653);
#1353=AXIS2_PLACEMENT_3D('',#2449,#1654,#1655);
#1354=AXIS2_PLACEMENT_3D('',#2450,#1656,#1657);
#1355=AXIS2_PLACEMENT_3D('',#2452,#1658,#1659);
#1356=AXIS2_PLACEMENT_3D('',#2520,#1663,#1664);
#1357=AXIS2_PLACEMENT_3D('',#2590,#1669,#1670);
#1358=AXIS2_PLACEMENT_3D('',#2636,#1675,#1676);
#1359=AXIS2_PLACEMENT_3D('',#2638,#1678,#1679);
#1360=AXIS2_PLACEMENT_3D('',#2639,#1680,#1681);
#1361=AXIS2_PLACEMENT_3D('',#2641,#1683,#1684);
#1362=AXIS2_PLACEMENT_3D('',#2642,#1685,#1686);
#1363=AXIS2_PLACEMENT_3D('',#2643,#1687,#1688);
#1364=AXIS2_PLACEMENT_3D('',#2644,#1689,#1690);
#1365=AXIS2_PLACEMENT_3D('',#2645,#1691,#1692);
#1366=AXIS2_PLACEMENT_3D('',#2647,#1694,#1695);
#1367=AXIS2_PLACEMENT_3D('',#2649,#1697,#1698);
#1368=AXIS2_PLACEMENT_3D('',#2650,#1699,#1700);
#1369=DIRECTION('axis',(0.,0.,1.));
#1370=DIRECTION('refdir',(1.,0.,0.));
#1371=DIRECTION('center_axis',(-1.,0.,0.));
#1372=DIRECTION('ref_axis',(0.,-0.982612202698064,-0.1856697581968));
#1373=DIRECTION('center_axis',(1.,-3.98834614358283E-51,-2.22044604925031E-16));
#1374=DIRECTION('ref_axis',(0.,-0.982612202698064,-0.1856697581968));
#1375=DIRECTION('',(1.,0.,0.));
#1376=DIRECTION('center_axis',(0.707106781186551,0.707106781186544,-1.59562241736155E-16));
#1377=DIRECTION('ref_axis',(0.707106781186544,-0.707106781186551,1.66067471591554E-16));
#1378=DIRECTION('',(-1.,4.90464133364061E-32,2.17351242284487E-16));
#1379=DIRECTION('center_axis',(0.,-1.,2.25655086305926E-16));
#1380=DIRECTION('ref_axis',(2.22044604925031E-16,2.25655086305926E-16,1.));
#1381=DIRECTION('',(0.,2.25655086305926E-16,1.));
#1382=DIRECTION('',(-1.,0.,0.));
#1383=DIRECTION('',(-2.22044604925031E-16,-2.25655086305926E-16,-1.));
#1384=DIRECTION('',(-1.,0.,0.));
#1385=DIRECTION('',(0.,2.25655086305926E-16,1.));
#1386=DIRECTION('',(-1.,1.31541799959615E-31,5.82933015661259E-16));
#1387=DIRECTION('',(0.,2.25655086305926E-16,1.));
#1388=DIRECTION('',(1.,-1.25263736220308E-32,-5.55111512312578E-17));
#1389=DIRECTION('',(4.49640324973188E-15,2.25655086305926E-16,1.));
#1390=DIRECTION('',(1.,-4.92337149658091E-32,-2.18181277328098E-16));
#1391=DIRECTION('center_axis',(1.,0.,0.));
#1392=DIRECTION('ref_axis',(0.,-0.983017558346013,0.183511525478489));
#1393=DIRECTION('center_axis',(0.707106781186548,0.707106781186548,-1.59562241736156E-16));
#1394=DIRECTION('ref_axis',(0.707106781186547,-0.707106781186547,1.66067471591553E-16));
#1395=DIRECTION('',(-1.,0.,0.));
#1396=DIRECTION('center_axis',(1.,-3.98834614358283E-51,-2.22044604925031E-16));
#1397=DIRECTION('ref_axis',(0.,-0.983017558346013,0.183511525478489));
#1398=DIRECTION('',(1.,-1.25263736220308E-32,-5.55111512312578E-17));
#1399=DIRECTION('center_axis',(-1.,0.,0.));
#1400=DIRECTION('ref_axis',(0.,-1.,2.21255947474014E-63));
#1401=DIRECTION('center_axis',(-0.707106781186548,-0.707106781186548,1.59562241736156E-16));
#1402=DIRECTION('ref_axis',(0.707106781186547,-0.707106781186547,1.5645158083673E-63));
#1403=DIRECTION('center_axis',(1.,5.83407682299482E-62,-2.22044604925031E-16));
#1404=DIRECTION('ref_axis',(0.,-1.,2.21255947474014E-63));
#1405=DIRECTION('',(1.,0.,-3.94745964311167E-16));
#1406=DIRECTION('center_axis',(1.,-3.98834614358283E-51,-2.22044604925031E-16));
#1407=DIRECTION('ref_axis',(0.,-1.,2.21255947474014E-63));
#1408=DIRECTION('center_axis',(-0.707106781186551,-0.707106781186544,1.59562241736155E-16));
#1409=DIRECTION('ref_axis',(2.25655086305924E-16,0.,1.));
#1410=DIRECTION('',(-0.577350269189633,0.577350269189617,0.577350269189628));
#1411=DIRECTION('',(0.,-2.25655086305926E-16,-1.));
#1412=DIRECTION('center_axis',(-0.707106781186551,-0.707106781186544,1.59562241736155E-16));
#1413=DIRECTION('ref_axis',(0.707106781186544,-0.707106781186551,-1.5243616103726E-15));
#1414=DIRECTION('center_axis',(1.54277460726639E-16,-0.707106781186554,
0.707106781186541));
#1415=DIRECTION('ref_axis',(1.,0.,-2.18181277328098E-16));
#1416=DIRECTION('',(-0.57735026918974,0.577350269189569,0.577350269189569));
#1417=DIRECTION('',(-1.,4.92337149658091E-32,2.18181277328098E-16));
#1418=DIRECTION('center_axis',(-0.707106781186443,-0.707106781186652,3.33899947057035E-15));
#1419=DIRECTION('ref_axis',(4.72205833603787E-15,0.,1.));
#1420=DIRECTION('',(-0.577350269189754,0.577350269189551,0.577350269189572));
#1421=DIRECTION('',(-4.49640324973188E-15,-2.25655086305926E-16,-1.));
#1422=DIRECTION('center_axis',(3.92523114670944E-17,-0.707106781186548,
0.707106781186548));
#1423=DIRECTION('ref_axis',(1.,0.,-5.55111512312578E-17));
#1424=DIRECTION('',(-0.577350269189626,0.577350269189626,0.577350269189626));
#1425=DIRECTION('',(-1.,1.25263736220308E-32,5.55111512312578E-17));
#1426=DIRECTION('center_axis',(-4.12195888351608E-16,-0.707106781186534,
-0.707106781186561));
#1427=DIRECTION('ref_axis',(-1.,0.,5.82933015661259E-16));
#1428=DIRECTION('',(-0.577350269189619,0.577350269189619,-0.57735026918964));
#1429=DIRECTION('',(1.,-1.31541799959615E-31,-5.82933015661259E-16));
#1430=DIRECTION('',(0.577350269189633,-0.577350269189633,0.577350269189612));
#1431=DIRECTION('center_axis',(-0.707106781186548,-0.707106781186548,1.59562241736156E-16));
#1432=DIRECTION('ref_axis',(2.25655086305926E-16,0.,1.));
#1433=DIRECTION('',(0.,-2.25655086305926E-16,-1.));
#1434=DIRECTION('center_axis',(-0.707106781186548,-0.707106781186548,1.59562241736156E-16));
#1435=DIRECTION('ref_axis',(2.25655086305926E-16,0.,1.));
#1436=DIRECTION('',(0.,-2.25655086305926E-16,-1.));
#1437=DIRECTION('center_axis',(1.,0.,0.));
#1438=DIRECTION('ref_axis',(0.,0.,-1.));
#1439=DIRECTION('',(0.,-1.,0.));
#1440=DIRECTION('',(0.,4.51310172611851E-17,1.));
#1441=DIRECTION('',(0.,1.,0.));
#1442=DIRECTION('center_axis',(-2.18181277328098E-16,0.,-1.));
#1443=DIRECTION('ref_axis',(1.,1.57771189639318E-48,-2.18181277328098E-16));
#1444=DIRECTION('',(0.,1.,0.));
#1445=DIRECTION('',(-1.,9.84674299316182E-33,2.18181277328098E-16));
#1446=DIRECTION('',(-1.,9.84674299316182E-33,2.18181277328098E-16));
#1447=DIRECTION('center_axis',(1.,0.,-4.49640324973188E-15));
#1448=DIRECTION('ref_axis',(4.49640324973188E-15,-1.0263416486754E-47,1.));
#1449=DIRECTION('',(0.,-1.,0.));
#1450=DIRECTION('',(3.70074341541718E-16,0.,1.));
#1451=DIRECTION('center_axis',(-5.55111512312578E-17,0.,-1.));
#1452=DIRECTION('ref_axis',(1.,8.68159481369372E-50,-5.55111512312578E-17));
#1453=DIRECTION('',(0.,-1.,0.));
#1454=DIRECTION('',(-1.,2.50527472440616E-33,5.55111512312578E-17));
#1455=DIRECTION('center_axis',(1.,0.,0.));
#1456=DIRECTION('ref_axis',(0.,0.,-1.));
#1457=DIRECTION('',(0.,1.,0.));
#1458=DIRECTION('',(-5.55111512312578E-16,4.51310172611851E-17,1.));
#1459=DIRECTION('center_axis',(5.82933015661259E-16,0.,1.));
#1460=DIRECTION('ref_axis',(-1.,-4.93126972949051E-49,5.82933015661259E-16));
#1461=DIRECTION('',(0.,1.,0.));
#1462=DIRECTION('',(1.,-2.6308359991923E-32,-5.82933015661259E-16));
#1463=DIRECTION('',(-1.,2.6308359991923E-32,5.82933015661259E-16));
#1464=DIRECTION('center_axis',(1.,0.,0.));
#1465=DIRECTION('ref_axis',(0.,0.,-1.));
#1466=DIRECTION('',(0.,-1.,0.));
#1467=DIRECTION('',(0.,4.51310172611851E-17,1.));
#1468=DIRECTION('center_axis',(5.55111512312578E-17,0.,1.));
#1469=DIRECTION('ref_axis',(-1.,-4.99706253558698E-49,5.55111512312578E-17));
#1470=DIRECTION('',(-3.98834614358283E-51,-1.,2.2139768593903E-67));
#1471=DIRECTION('',(-1.,2.47752642840799E-33,5.48963125309116E-17));
#1472=DIRECTION('center_axis',(0.707106781186551,-0.707106781186544,2.55299586777715E-18));
#1473=DIRECTION('ref_axis',(3.61048138089289E-18,0.,-1.));
#1474=DIRECTION('',(0.707106781186546,0.707106781186549,-8.36997818048334E-16));
#1475=DIRECTION('',(2.22044604925031E-16,2.25655086305926E-16,1.));
#1476=DIRECTION('',(-0.707106781186544,-0.707106781186551,0.));
#1477=DIRECTION('center_axis',(-1.,0.,2.04085114820803E-16));
#1478=DIRECTION('ref_axis',(-1.06244127419825E-16,2.15577286334982E-15,
-1.));
#1479=DIRECTION('',(0.707106781186548,-1.84716759845152E-15,0.707106781186547));
#1480=DIRECTION('center_axis',(-1.,-5.83407682299482E-62,2.22044604925031E-16));
#1481=DIRECTION('ref_axis',(-2.22044604925031E-16,2.15577286334982E-15,
-1.));
#1482=DIRECTION('center_axis',(1.,5.83407682299482E-62,-2.22044604925031E-16));
#1483=DIRECTION('ref_axis',(0.,2.15577286334982E-15,-1.));
#1484=DIRECTION('center_axis',(0.707106781186542,1.82781427087752E-16,-0.707106781186553));
#1485=DIRECTION('ref_axis',(-0.707106781186553,0.,-0.707106781186542));
#1486=DIRECTION('',(0.707106781186552,0.,0.707106781186543));
#1487=DIRECTION('',(-5.73967480515868E-32,-1.,-2.58491973137406E-16));
#1488=DIRECTION('',(5.73967480515868E-32,1.,2.58491973137406E-16));
#1489=DIRECTION('center_axis',(-1.,0.,2.04085114820806E-16));
#1490=DIRECTION('ref_axis',(-7.51259429598056E-17,0.707106781186548,-0.707106781186547));
#1491=DIRECTION('center_axis',(1.,5.83407682299482E-62,-2.22044604925031E-16));
#1492=DIRECTION('ref_axis',(0.,0.707106781186548,-0.707106781186547));
#1493=DIRECTION('',(0.707106781186535,-0.70710678118656,-1.44309968629025E-16));
#1494=DIRECTION('center_axis',(-1.,-5.83407682299482E-62,2.22044604925031E-16));
#1495=DIRECTION('ref_axis',(-1.57009245868377E-16,0.707106781186548,-0.707106781186547));
#1496=DIRECTION('center_axis',(0.707106781186544,0.707106781186551,-2.20834142562839E-16));
#1497=DIRECTION('ref_axis',(-3.12306639447402E-16,0.,-1.));
#1498=DIRECTION('',(0.707106781186551,-0.707106781186544,0.));
#1499=DIRECTION('',(-2.22044604925031E-16,-9.02620345223701E-17,-1.));
#1500=DIRECTION('',(2.22044604925031E-16,9.02620345223701E-17,1.));
#1501=DIRECTION('center_axis',(-1.,0.,0.));
#1502=DIRECTION('ref_axis',(7.51259429598056E-17,0.707106781186549,0.707106781186546));
#1503=DIRECTION('center_axis',(1.,5.83407682299482E-62,-2.22044604925031E-16));
#1504=DIRECTION('ref_axis',(0.,0.707106781186549,0.707106781186546));
#1505=DIRECTION('',(0.707106781186559,-7.38867039380596E-15,-0.707106781186536));
#1506=DIRECTION('center_axis',(-1.,-5.83407682299482E-62,2.22044604925031E-16));
#1507=DIRECTION('ref_axis',(1.57009245868377E-16,0.707106781186549,0.707106781186546));
#1508=DIRECTION('center_axis',(0.707106781186562,-1.46225141670197E-16,
0.707106781186533));
#1509=DIRECTION('ref_axis',(0.707106781186533,0.,-0.707106781186562));
#1510=DIRECTION('',(0.70710678118654,0.,-0.707106781186555));
#1511=DIRECTION('',(4.59173984412694E-32,1.,2.06793578509924E-16));
#1512=DIRECTION('',(-4.59173984412694E-32,-1.,-2.06793578509924E-16));
#1513=DIRECTION('center_axis',(-1.,0.,0.));
#1514=DIRECTION('ref_axis',(2.79149498619246E-62,-1.,2.21255947474014E-63));
#1515=DIRECTION('center_axis',(-1.,-5.83407682299482E-62,2.22044604925031E-16));
#1516=DIRECTION('ref_axis',(5.83407682299482E-62,-1.,2.21255947474013E-63));
#1517=DIRECTION('center_axis',(-1.,0.,0.));
#1518=DIRECTION('ref_axis',(0.,0.707106781186548,-0.707106781186547));
#1519=DIRECTION('',(-1.,0.,0.));
#1520=DIRECTION('center_axis',(1.,-3.98834614358283E-51,-2.22044604925031E-16));
#1521=DIRECTION('ref_axis',(0.,0.707106781186548,-0.707106781186547));
#1522=DIRECTION('',(1.,0.,0.));
#1523=DIRECTION('center_axis',(0.,2.58491973137406E-16,-1.));
#1524=DIRECTION('ref_axis',(-5.53017667477039E-32,-1.,-2.58491973137406E-16));
#1525=DIRECTION('',(-1.,0.,0.));
#1526=DIRECTION('',(5.73967480515868E-32,1.,2.58491973137406E-16));
#1527=DIRECTION('center_axis',(-1.,0.,0.));
#1528=DIRECTION('ref_axis',(0.,2.15577286334982E-15,-1.));
#1529=DIRECTION('center_axis',(1.,-3.98834614358283E-51,-2.22044604925031E-16));
#1530=DIRECTION('ref_axis',(0.,2.15577286334982E-15,-1.));
#1531=DIRECTION('center_axis',(-1.,-5.83407682299482E-62,2.22044604925031E-16));
#1532=DIRECTION('ref_axis',(5.83407682299482E-62,-1.,-1.29542528326416E-77));
#1533=DIRECTION('center_axis',(1.,5.83407682299482E-62,-2.22044604925031E-16));
#1534=DIRECTION('ref_axis',(2.13205650059731E-32,-1.,9.60192886162292E-17));
#1535=DIRECTION('center_axis',(0.,-1.,4.51310172611851E-17));
#1536=DIRECTION('ref_axis',(-2.22044604925031E-16,-4.51310172611851E-17,
-1.));
#1537=DIRECTION('',(-1.,9.80928266728123E-33,2.17351242284487E-16));
#1538=DIRECTION('',(0.,-4.51310172611851E-17,-1.));
#1539=DIRECTION('',(1.,0.,0.));
#1540=DIRECTION('',(-2.22044604925031E-16,-4.51310172611851E-17,-1.));
#1541=DIRECTION('',(2.22044604925031E-16,9.02056207507939E-17,1.));
#1542=DIRECTION('',(-2.22044604925031E-16,-9.02056207507939E-17,-1.));
#1543=DIRECTION('center_axis',(0.,-1.46563339818606E-49,1.));
#1544=DIRECTION('ref_axis',(6.60062602593252E-34,-1.,-1.46563339818606E-49));
#1545=DIRECTION('',(-3.98834614358286E-51,-1.,-1.46563339818606E-49));
#1546=DIRECTION('',(-3.98834614358286E-51,-1.,-1.46563339818606E-49));
#1547=DIRECTION('',(-1.,0.,0.));
#1548=DIRECTION('',(0.,-1.,-1.46563339818606E-49));
#1549=DIRECTION('',(1.,0.,0.));
#1550=DIRECTION('',(-3.98834614358286E-51,-1.,-1.46563339818606E-49));
#1551=DIRECTION('',(1.,0.,0.));
#1552=DIRECTION('',(-3.98834614358286E-51,-1.,-1.46563339818606E-49));
#1553=DIRECTION('',(-1.,0.,0.));
#1554=DIRECTION('center_axis',(-1.,3.98834614358283E-51,2.22044604925031E-16));
#1555=DIRECTION('ref_axis',(-3.98834614358283E-51,-1.,8.85590743756118E-67));
#1556=DIRECTION('',(5.81142074022316E-32,1.,2.61723122801623E-16));
#1557=DIRECTION('',(2.22044604925031E-16,0.,1.));
#1558=DIRECTION('center_axis',(0.,2.61723122801623E-16,-1.));
#1559=DIRECTION('ref_axis',(5.74541447996384E-32,1.,2.61723122801623E-16));
#1560=DIRECTION('',(1.,0.,0.));
#1561=DIRECTION('',(5.81142074022316E-32,1.,2.61723122801623E-16));
#1562=DIRECTION('',(-1.,0.,0.));
#1563=DIRECTION('',(0.,1.,2.61723122801623E-16));
#1564=DIRECTION('',(-1.,0.,0.));
#1565=DIRECTION('',(0.,1.,2.61723122801623E-16));
#1566=DIRECTION('',(1.,0.,0.));
#1567=DIRECTION('',(5.81142074022316E-32,1.,2.61723122801623E-16));
#1568=DIRECTION('center_axis',(-1.,0.,0.));
#1569=DIRECTION('ref_axis',(0.,0.707106781186547,-0.707106781186548));
#1570=DIRECTION('',(-1.,0.,0.));
#1571=DIRECTION('center_axis',(1.,-3.98834614358283E-51,-2.22044604925031E-16));
#1572=DIRECTION('ref_axis',(0.,0.707106781186547,-0.707106781186548));
#1573=DIRECTION('center_axis',(1.,0.,0.));
#1574=DIRECTION('ref_axis',(0.,0.,-1.));
#1575=DIRECTION('center_axis',(1.,-3.98834614358283E-51,-2.22044604925031E-16));
#1576=DIRECTION('ref_axis',(0.,0.,-1.));
#1577=DIRECTION('',(1.,0.,0.));
#1578=DIRECTION('center_axis',(1.,0.,-1.10933564796705E-31));
#1579=DIRECTION('ref_axis',(-1.15555796663234E-31,0.,-1.));
#1580=DIRECTION('center_axis',(-1.,0.,1.10933564796705E-31));
#1581=DIRECTION('ref_axis',(-1.10933564796705E-31,0.,-1.));
#1582=DIRECTION('center_axis',(1.,0.,0.));
#1583=DIRECTION('ref_axis',(0.,0.,-1.));
#1584=DIRECTION('center_axis',(1.,-3.98834614358283E-51,-2.22044604925031E-16));
#1585=DIRECTION('ref_axis',(0.,0.,-1.));
#1586=DIRECTION('',(1.,0.,0.));
#1587=DIRECTION('center_axis',(1.,0.,-1.10933564796705E-31));
#1588=DIRECTION('ref_axis',(-1.15555796663234E-31,0.,-1.));
#1589=DIRECTION('center_axis',(-1.,0.,1.10933564796705E-31));
#1590=DIRECTION('ref_axis',(-1.10933564796705E-31,0.,-1.));
#1591=DIRECTION('center_axis',(1.,0.,0.));
#1592=DIRECTION('ref_axis',(0.,0.,-1.));
#1593=DIRECTION('center_axis',(1.,-3.98834614358283E-51,-2.22044604925031E-16));
#1594=DIRECTION('ref_axis',(0.,0.,-1.));
#1595=DIRECTION('',(1.,0.,0.));
#1596=DIRECTION('center_axis',(1.,0.,-1.10933564796705E-31));
#1597=DIRECTION('ref_axis',(-1.15555796663234E-31,0.,-1.));
#1598=DIRECTION('center_axis',(-1.,0.,1.10933564796705E-31));
#1599=DIRECTION('ref_axis',(-1.10933564796705E-31,0.,-1.));
#1600=DIRECTION('center_axis',(1.,0.,0.));
#1601=DIRECTION('ref_axis',(0.,0.,-1.));
#1602=DIRECTION('center_axis',(1.,-3.98834614358283E-51,-2.22044604925031E-16));
#1603=DIRECTION('ref_axis',(0.,0.,-1.));
#1604=DIRECTION('',(1.,0.,0.));
#1605=DIRECTION('center_axis',(1.,0.,-1.10933564796705E-31));
#1606=DIRECTION('ref_axis',(-1.15555796663234E-31,0.,-1.));
#1607=DIRECTION('center_axis',(-1.,0.,1.10933564796705E-31));
#1608=DIRECTION('ref_axis',(-1.10933564796705E-31,0.,-1.));
#1609=DIRECTION('center_axis',(0.,9.02056207507939E-17,1.));
#1610=DIRECTION('ref_axis',(1.,0.,0.));
#1611=DIRECTION('',(1.,0.,0.));
#1612=DIRECTION('',(2.00296714216272E-32,-1.,9.02056207507939E-17));
#1613=DIRECTION('',(1.,0.,0.));
#1614=DIRECTION('center_axis',(0.,-9.02056207507939E-17,-1.));
#1615=DIRECTION('ref_axis',(-1.,0.,0.));
#1616=DIRECTION('',(-1.,0.,0.));
#1617=DIRECTION('',(-2.00296714216272E-32,1.,-9.02056207507939E-17));
#1618=DIRECTION('center_axis',(0.,1.,-9.02056207507939E-17));
#1619=DIRECTION('ref_axis',(0.,9.02056207507939E-17,1.));
#1620=DIRECTION('',(2.22044604925031E-16,9.02056207507939E-17,1.));
#1621=DIRECTION('center_axis',(1.,-3.98834614358283E-51,-2.22044604925031E-16));
#1622=DIRECTION('ref_axis',(-2.22044604925031E-16,0.,-1.));
#1623=DIRECTION('',(3.98834614358283E-51,1.,-2.2139768593903E-67));
#1624=DIRECTION('center_axis',(1.,-3.98834614358283E-51,-2.22044604925031E-16));
#1625=DIRECTION('ref_axis',(0.,-0.707106781186547,-0.707106781186548));
#1626=DIRECTION('center_axis',(1.,-3.98834614358283E-51,-2.22044604925031E-16));
#1627=DIRECTION('ref_axis',(0.,0.70710678118655,0.707106781186545));
#1628=DIRECTION('center_axis',(1.,-3.98834614358283E-51,-2.22044604925031E-16));
#1629=DIRECTION('ref_axis',(0.,-0.707106781186546,0.707106781186549));
#1630=DIRECTION('',(-2.22044604925031E-16,-4.51310172611851E-17,-1.));
#1631=DIRECTION('',(-4.59173984412694E-32,-1.,-2.06793578509924E-16));
#1632=DIRECTION('center_axis',(1.,-3.98834614358283E-51,-2.22044604925031E-16));
#1633=DIRECTION('ref_axis',(0.,0.707106781186549,0.707106781186546));
#1634=DIRECTION('',(-2.22044604925031E-16,-9.02620345223701E-17,-1.));
#1635=DIRECTION('center_axis',(-1.,0.,0.));
#1636=DIRECTION('ref_axis',(0.,0.707106781186549,0.707106781186546));
#1637=DIRECTION('',(-1.,0.,0.));
#1638=DIRECTION('',(1.,0.,0.));
#1639=DIRECTION('center_axis',(0.,-2.06793578509924E-16,1.));
#1640=DIRECTION('ref_axis',(4.38224171373865E-32,1.,2.06793578509924E-16));
#1641=DIRECTION('center_axis',(0.,1.,-9.02620345223701E-17));
#1642=DIRECTION('ref_axis',(-2.22044604925031E-16,-9.02620345223701E-17,
-1.));
#1643=DIRECTION('center_axis',(0.,-1.,4.51310172611851E-17));
#1644=DIRECTION('ref_axis',(-2.22044604925031E-16,-4.51310172611851E-17,
-1.));
#1645=DIRECTION('',(-1.,0.,0.));
#1646=DIRECTION('',(-2.22044604925031E-16,-4.51310172611851E-17,-1.));
#1647=DIRECTION('center_axis',(0.,-1.,4.51310172611851E-17));
#1648=DIRECTION('ref_axis',(-2.22044604925031E-16,-4.51310172611851E-17,
-1.));
#1649=DIRECTION('',(0.,-4.51310172611851E-17,-1.));
#1650=DIRECTION('',(-2.22044604925031E-16,-4.51310172611851E-17,-1.));
#1651=DIRECTION('',(-1.,0.,0.));
#1652=DIRECTION('center_axis',(-2.17351242284487E-16,0.,-1.));
#1653=DIRECTION('ref_axis',(1.,2.52932272624371E-48,-2.17351242284487E-16));
#1654=DIRECTION('center_axis',(-1.,-5.83407682299482E-62,2.22044604925031E-16));
#1655=DIRECTION('ref_axis',(0.,-1.,9.60192886162292E-17));
#1656=DIRECTION('center_axis',(1.,0.,0.));
#1657=DIRECTION('ref_axis',(0.,-1.,0.));
#1658=DIRECTION('center_axis',(1.,-3.98834614358283E-51,-2.22044604925031E-16));
#1659=DIRECTION('ref_axis',(0.,-1.,0.));
#1660=DIRECTION('',(1.,0.,0.));
#1661=DIRECTION('',(0.,-3.05382285387303E-15,-1.));
#1662=DIRECTION('',(0.,3.05382285387303E-15,1.));
#1663=DIRECTION('center_axis',(0.,-1.,3.05382285387303E-15));
#1664=DIRECTION('ref_axis',(0.,3.05382285387303E-15,1.));
#1665=DIRECTION('',(0.,-3.05382285387303E-15,-1.));
#1666=DIRECTION('',(-1.,0.,0.));
#1667=DIRECTION('',(0.,0.,1.));
#1668=DIRECTION('',(0.,0.,-1.));
#1669=DIRECTION('center_axis',(0.,-1.,0.));
#1670=DIRECTION('ref_axis',(0.,0.,1.));
#1671=DIRECTION('',(-1.,0.,0.));
#1672=DIRECTION('',(-2.22044604925031E-16,0.,-1.));
#1673=DIRECTION('',(0.,0.,1.));
#1674=DIRECTION('',(0.,0.,-1.));
#1675=DIRECTION('center_axis',(1.,0.,0.));
#1676=DIRECTION('ref_axis',(0.,0.,-1.));
#1677=DIRECTION('',(0.,1.,0.));
#1678=DIRECTION('center_axis',(-1.,0.,0.));
#1679=DIRECTION('ref_axis',(0.,-1.,0.));
#1680=DIRECTION('center_axis',(-1.,0.,0.));
#1681=DIRECTION('ref_axis',(0.,-0.707106781186547,-0.707106781186548));
#1682=DIRECTION('',(0.,1.,0.));
#1683=DIRECTION('center_axis',(-1.,0.,0.));
#1684=DIRECTION('ref_axis',(0.,-0.707106781186547,-0.707106781186548));
#1685=DIRECTION('center_axis',(-1.,0.,0.));
#1686=DIRECTION('ref_axis',(0.,0.70710678118655,0.707106781186545));
#1687=DIRECTION('center_axis',(1.,0.,0.));
#1688=DIRECTION('ref_axis',(0.,-0.707106781186546,0.707106781186549));
#1689=DIRECTION('center_axis',(-1.,3.98834614358283E-51,2.22044604925031E-16));
#1690=DIRECTION('ref_axis',(0.,-0.707106781186546,0.707106781186549));
#1691=DIRECTION('center_axis',(-1.,3.98834614358283E-51,2.22044604925031E-16));
#1692=DIRECTION('ref_axis',(-3.98834614358283E-51,-1.,8.85590743756118E-67));
#1693=DIRECTION('',(-3.98834614358283E-51,-1.,0.));
#1694=DIRECTION('center_axis',(0.,1.,0.));
#1695=DIRECTION('ref_axis',(1.03517961302676E-50,0.,-1.));
#1696=DIRECTION('',(2.22044604925031E-16,0.,1.));
#1697=DIRECTION('center_axis',(-1.,3.98834614358283E-51,2.22044604925031E-16));
#1698=DIRECTION('ref_axis',(-3.98834614358283E-51,-1.,8.85590743756118E-67));
#1699=DIRECTION('center_axis',(0.,0.,1.));
#1700=DIRECTION('ref_axis',(0.,1.,0.));
#1701=CARTESIAN_POINT('',(0.,0.,0.));
#1702=CARTESIAN_POINT('Origin',(-1.62689999999995,-19.9339263702527,-0.905545081148026));
#1703=CARTESIAN_POINT('',(-4.90000000000001,-26.38,-0.0700000000011602));
#1704=CARTESIAN_POINT('',(-4.9,-26.3209056877901,-2.11239850942723));
#1705=CARTESIAN_POINT('Origin',(-4.9,-19.9339263702527,-0.905545081148026));
#1706=CARTESIAN_POINT('',(7.6671056877902,-26.3209056877901,-2.11239850942723));
#1707=CARTESIAN_POINT('',(-1.62689999999995,-26.3209056877901,-2.11239850942723));
#1708=CARTESIAN_POINT('',(7.72620000000013,-26.38,-0.0700000000011602));
#1709=CARTESIAN_POINT('Origin',(1.28012637025284,-19.9339263702527,-0.905545081148026));
#1710=CARTESIAN_POINT('',(-1.62689999999995,-26.38,-0.0700000000011587));
#1711=CARTESIAN_POINT('Origin',(-4.90000000000001,-26.5,-0.200000000000155));
#1712=CARTESIAN_POINT('',(7.84620000000013,-26.5,-0.200000000000155));
#1713=CARTESIAN_POINT('',(7.84620000000013,-26.5,13.4529999999999));
#1714=CARTESIAN_POINT('',(7.84620000000013,-26.5,0.494999999999594));
#1715=CARTESIAN_POINT('',(39.25,-26.5,-0.200000000000155));
#1716=CARTESIAN_POINT('',(-4.90000000000001,-26.5,-0.200000000000155));
#1717=CARTESIAN_POINT('',(39.25,-26.5,98.2));
#1718=CARTESIAN_POINT('',(39.25,-26.5,24.3999999999999));
#1719=CARTESIAN_POINT('',(14.0900000000002,-26.5,98.2));
#1720=CARTESIAN_POINT('',(-4.89999999999999,-26.5,98.2));
#1721=CARTESIAN_POINT('',(14.0900000000002,-26.5,65.445));
#1722=CARTESIAN_POINT('',(14.0900000000002,-26.5,21.9374999999999));
#1723=CARTESIAN_POINT('',(20.5062000000002,-26.5,65.445));
#1724=CARTESIAN_POINT('',(6.79310000000011,-26.5,65.445));
#1725=CARTESIAN_POINT('',(20.5062000000002,-26.5,30.3549999999999));
#1726=CARTESIAN_POINT('',(20.5062000000002,-26.5,24.5874999999999));
#1727=CARTESIAN_POINT('',(15.7399927954102,-26.5,30.3549999999999));
#1728=CARTESIAN_POINT('',(-1.62689999999994,-26.5,30.3549999999999));
#1729=CARTESIAN_POINT('',(15.7399927954101,-26.5,13.4529999999999));
#1730=CARTESIAN_POINT('',(15.7399927954101,-26.5,6.88649999999981));
#1731=CARTESIAN_POINT('',(-1.66499999999994,-26.5,13.4529999999999));
#1732=CARTESIAN_POINT('Origin',(3.83500000000009,-19.9354667217148,98.8973437968183));
#1733=CARTESIAN_POINT('',(13.9150808509641,-26.3250808509639,100.090168712428));
#1734=CARTESIAN_POINT('',(13.9700000000002,-26.38,98.0500000000002));
#1735=CARTESIAN_POINT('Origin',(7.52546672171504,-19.9354667217148,98.8973437968183));
#1736=CARTESIAN_POINT('',(-4.9,-26.3250808509639,100.090168712428));
#1737=CARTESIAN_POINT('',(3.83500000000009,-26.3250808509639,100.090168712428));
#1738=CARTESIAN_POINT('',(-4.89999999999999,-26.38,98.0500000000002));
#1739=CARTESIAN_POINT('Origin',(-4.9,-19.9354667217148,98.8973437968183));
#1740=CARTESIAN_POINT('',(3.83500000000009,-26.38,98.0500000000002));
#1741=CARTESIAN_POINT('Origin',(-4.89999999999999,-16.2,98.2));
#1742=CARTESIAN_POINT('Origin',(3.79000000000021,-16.2,98.2));
#1743=CARTESIAN_POINT('',(39.25,-16.2,108.5));
#1744=CARTESIAN_POINT('Origin',(39.25,-16.2,98.2));
#1745=CARTESIAN_POINT('',(-4.89999999999998,-16.2,108.5));
#1746=CARTESIAN_POINT('',(-4.89999999999999,-16.2,108.5));
#1747=CARTESIAN_POINT('Origin',(-4.9,-16.2,98.2));
#1748=CARTESIAN_POINT('Origin',(7.78620000000013,-26.44,1.18999999999934));
#1749=CARTESIAN_POINT('',(7.72620000000013,-26.38,13.5729999999999));
#1750=CARTESIAN_POINT('',(7.84620000000013,-26.5,13.4529999999999));
#1751=CARTESIAN_POINT('',(7.72620000000013,-26.38,1.18999999999934));
#1752=CARTESIAN_POINT('Origin',(-2.45379999999978,-16.2,-0.200000000000181));
#1753=CARTESIAN_POINT('Origin',(-1.66499999999994,-26.44,13.5129999999999));
#1754=CARTESIAN_POINT('',(15.6199927954101,-26.38,13.5729999999999));
#1755=CARTESIAN_POINT('',(15.7399927954101,-26.5,13.4529999999999));
#1756=CARTESIAN_POINT('',(-1.66499999999994,-26.38,13.5729999999999));
#1757=CARTESIAN_POINT('Origin',(15.6799927954101,-26.44,6.88649999999981));
#1758=CARTESIAN_POINT('',(15.6199927954102,-26.38,30.4749999999999));
#1759=CARTESIAN_POINT('',(15.7399927954102,-26.5,30.3549999999999));
#1760=CARTESIAN_POINT('',(15.6199927954101,-26.38,6.88649999999981));
#1761=CARTESIAN_POINT('Origin',(-1.62689999999994,-26.44,30.4149999999999));
#1762=CARTESIAN_POINT('',(20.3862000000002,-26.38,30.4749999999999));
#1763=CARTESIAN_POINT('',(20.5062000000002,-26.5,30.3549999999999));
#1764=CARTESIAN_POINT('',(-1.62689999999994,-26.38,30.4749999999999));
#1765=CARTESIAN_POINT('Origin',(6.79310000000011,-26.44,65.385));
#1766=CARTESIAN_POINT('',(13.9700000000002,-26.38,65.325));
#1767=CARTESIAN_POINT('',(14.0900000000002,-26.5,65.445));
#1768=CARTESIAN_POINT('',(20.3862000000002,-26.38,65.325));
#1769=CARTESIAN_POINT('',(6.79310000000011,-26.38,65.325));
#1770=CARTESIAN_POINT('',(20.3862000000002,-26.38,65.325));
#1771=CARTESIAN_POINT('Origin',(14.0300000000002,-26.44,44.075));
#1772=CARTESIAN_POINT('',(13.9700000000002,-26.38,44.075));
#1773=CARTESIAN_POINT('Origin',(20.4462000000002,-26.44,24.5874999999999));
#1774=CARTESIAN_POINT('',(20.3862000000002,-26.38,24.5874999999999));
#1775=CARTESIAN_POINT('Origin',(7.72620000000013,-18.7,2.57999999999884));
#1776=CARTESIAN_POINT('',(7.72620000000013,-18.7,13.5729999999999));
#1777=CARTESIAN_POINT('',(7.72620000000013,-18.7,13.5729999999999));
#1778=CARTESIAN_POINT('',(7.72620000000012,-18.7,-0.0700000000011602));
#1779=CARTESIAN_POINT('',(7.72620000000013,-18.7,50.3899999999994));
#1780=CARTESIAN_POINT('',(7.72620000000013,-18.7,-0.0700000000011602));
#1781=CARTESIAN_POINT('Origin',(1.57000000000012,-18.7,13.5729999999999));
#1782=CARTESIAN_POINT('',(15.6199927954101,-18.7,13.5729999999999));
#1783=CARTESIAN_POINT('',(15.6199927954101,-18.7,13.5729999999999));
#1784=CARTESIAN_POINT('',(15.6,-18.7,13.5729999999999));
#1785=CARTESIAN_POINT('',(-1.66499999999994,-18.7,13.5729999999999));
#1786=CARTESIAN_POINT('',(-1.66499999999994,-18.7,13.5729999999999));
#1787=CARTESIAN_POINT('Origin',(15.6199927954101,-18.7,13.9729999999999));
#1788=CARTESIAN_POINT('',(15.6199927954102,-18.7,30.4749999999999));
#1789=CARTESIAN_POINT('',(15.6199927954102,-18.7,30.4749999999999));
#1790=CARTESIAN_POINT('',(15.6199927954102,-18.7,30.5269999999999));
#1791=CARTESIAN_POINT('Origin',(1.64620000000013,-18.7,30.4749999999999));
#1792=CARTESIAN_POINT('',(20.3862000000002,-18.7,30.4749999999999));
#1793=CARTESIAN_POINT('',(20.3862000000002,-18.7,30.4749999999999));
#1794=CARTESIAN_POINT('',(-1.62689999999993,-18.7,30.4749999999999));
#1795=CARTESIAN_POINT('Origin',(20.3862000000002,-18.7,49.375));
#1796=CARTESIAN_POINT('',(20.3862000000002,-18.7,65.325));
#1797=CARTESIAN_POINT('',(20.3862000000002,-18.7,65.325));
#1798=CARTESIAN_POINT('',(20.3862000000002,-18.7,73.5875));
#1799=CARTESIAN_POINT('Origin',(18.4862000000002,-18.7,65.325));
#1800=CARTESIAN_POINT('',(13.9700000000002,-18.7,65.325));
#1801=CARTESIAN_POINT('',(13.9700000000002,-18.7,65.325));
#1802=CARTESIAN_POINT('',(19.1,-18.7,65.325));
#1803=CARTESIAN_POINT('',(6.79310000000009,-18.7,65.325));
#1804=CARTESIAN_POINT('',(18.6862000000002,-18.7,65.325));
#1805=CARTESIAN_POINT('Origin',(13.9700000000002,-18.7,88.3500000000002));
#1806=CARTESIAN_POINT('',(13.9700000000002,-18.7,98.0500000000002));
#1807=CARTESIAN_POINT('',(13.9700000000002,-18.7,98.0500000000002));
#1808=CARTESIAN_POINT('',(13.9700000000002,-18.7,93.2750000000001));
#1809=CARTESIAN_POINT('Origin',(12.5700000000002,-18.7,98.0500000000002));
#1810=CARTESIAN_POINT('',(-4.89999999999999,-18.7,98.0499999999999));
#1811=CARTESIAN_POINT('',(-4.89999999999999,0.125000000000013,98.0500000000002));
#1812=CARTESIAN_POINT('',(-3.95189999999993,-18.7,98.0500000000002));
#1813=CARTESIAN_POINT('Origin',(39.675,-26.075,24.3999999999999));
#1814=CARTESIAN_POINT('',(40.1,-25.65,-0.200000000000156));
#1815=CARTESIAN_POINT('',(39.25,-26.5,-0.200000000000155));
#1816=CARTESIAN_POINT('',(40.1,-25.65,98.2));
#1817=CARTESIAN_POINT('',(40.1,-25.65,24.3999999999999));
#1818=CARTESIAN_POINT('',(40.1,-25.65,98.2));
#1819=CARTESIAN_POINT('Origin',(39.675,-16.2,-0.200000000000181));
#1820=CARTESIAN_POINT('',(39.25,-16.2,-10.5000000000002));
#1821=CARTESIAN_POINT('',(40.1,-16.2,-9.65000000000021));
#1822=CARTESIAN_POINT('',(39.25,-16.2,-10.5000000000002));
#1823=CARTESIAN_POINT('Origin',(40.1,-16.2,-0.200000000000181));
#1824=CARTESIAN_POINT('Origin',(39.25,-16.2,-0.200000000000181));
#1825=CARTESIAN_POINT('Origin',(39.675,48.225,-10.0750000000002));
#1826=CARTESIAN_POINT('',(39.25,78.7,-10.5000000000002));
#1827=CARTESIAN_POINT('',(40.1,78.7,-9.65000000000019));
#1828=CARTESIAN_POINT('',(39.25,78.7,-10.5000000000002));
#1829=CARTESIAN_POINT('',(40.1,48.225,-9.65000000000019));
#1830=CARTESIAN_POINT('',(39.25,48.225,-10.5000000000002));
#1831=CARTESIAN_POINT('Origin',(39.675,78.7,-0.200000000000173));
#1832=CARTESIAN_POINT('',(39.25,89.,-0.200000000000174));
#1833=CARTESIAN_POINT('Origin',(39.25,78.7,-0.200000000000173));
#1834=CARTESIAN_POINT('',(40.1,88.15,-0.200000000000174));
#1835=CARTESIAN_POINT('',(39.25,89.,-0.200000000000174));
#1836=CARTESIAN_POINT('Origin',(40.1,78.7,-0.200000000000174));
#1837=CARTESIAN_POINT('Origin',(39.675,88.575,73.6));
#1838=CARTESIAN_POINT('',(39.25,89.,98.2));
#1839=CARTESIAN_POINT('',(40.1,88.15,98.2));
#1840=CARTESIAN_POINT('',(39.25,89.,98.2));
#1841=CARTESIAN_POINT('',(40.1,88.15,73.6));
#1842=CARTESIAN_POINT('',(39.25,89.,73.6));
#1843=CARTESIAN_POINT('Origin',(39.675,78.7,98.2));
#1844=CARTESIAN_POINT('',(39.25,78.7,108.5));
#1845=CARTESIAN_POINT('Origin',(39.25,78.7,98.2));
#1846=CARTESIAN_POINT('',(40.1,78.7,107.65));
#1847=CARTESIAN_POINT('',(39.25,78.7,108.5));
#1848=CARTESIAN_POINT('Origin',(40.1,78.7,98.2));
#1849=CARTESIAN_POINT('Origin',(39.675,5.275,108.075));
#1850=CARTESIAN_POINT('',(40.1,-16.2,107.65));
#1851=CARTESIAN_POINT('',(39.25,-16.2,108.5));
#1852=CARTESIAN_POINT('',(40.1,5.275,107.65));
#1853=CARTESIAN_POINT('',(39.25,5.275,108.5));
#1854=CARTESIAN_POINT('Origin',(39.675,-16.2,98.2));
#1855=CARTESIAN_POINT('Origin',(40.1,-16.2,98.2));
#1856=CARTESIAN_POINT('Origin',(-4.9,78.7,-0.200000000000173));
#1857=CARTESIAN_POINT('',(-4.90000000000001,78.7,-10.5000000000002));
#1858=CARTESIAN_POINT('',(-4.9,78.7,-10.5000000000002));
#1859=CARTESIAN_POINT('',(-4.90000000000001,89.,-0.200000000000173));
#1860=CARTESIAN_POINT('Origin',(-4.9,78.7,-0.200000000000173));
#1861=CARTESIAN_POINT('',(-4.9,89.,-0.200000000000174));
#1862=CARTESIAN_POINT('Origin',(-4.90000000000001,69.7,-10.5000000000002));
#1863=CARTESIAN_POINT('',(-4.90000000000001,-16.2,-10.5000000000002));
#1864=CARTESIAN_POINT('',(-4.90000000000001,-16.2,-10.5000000000002));
#1865=CARTESIAN_POINT('',(-4.90000000000001,48.225,-10.5000000000002));
#1866=CARTESIAN_POINT('Origin',(-4.90000000000001,-16.2,-0.200000000000181));
#1867=CARTESIAN_POINT('Origin',(-4.9,-16.2,-0.200000000000181));
#1868=CARTESIAN_POINT('Origin',(40.1,26.75,48.9999999999999));
#1869=CARTESIAN_POINT('',(40.1,68.51,50.9999999999999));
#1870=CARTESIAN_POINT('Origin',(40.1,42.01,50.9999999999999));
#1871=CARTESIAN_POINT('Origin',(-4.89999999999999,-18.7,98.2));
#1872=CARTESIAN_POINT('',(-4.90000000000001,-18.7,-0.0700000000011511));
#1873=CARTESIAN_POINT('',(-1.62689999999995,-18.7,-0.0700000000011514));
#1874=CARTESIAN_POINT('',(15.6,-18.7,-0.400000000000178));
#1875=CARTESIAN_POINT('',(15.6,-18.7,56.2071371107513));
#1876=CARTESIAN_POINT('',(-4.90000000000001,-18.7,-0.400000000000178));
#1877=CARTESIAN_POINT('',(-4.9,-18.7,-0.400000000000178));
#1878=CARTESIAN_POINT('',(-4.89999999999999,-18.7,73.6));
#1879=CARTESIAN_POINT('Ctrl Pts',(30.1000000000001,65.1,100.7));
#1880=CARTESIAN_POINT('Ctrl Pts',(30.1000000000001,65.1,66.2333312239966));
#1881=CARTESIAN_POINT('Ctrl Pts',(30.1000000000001,65.1,31.7666624479933));
#1882=CARTESIAN_POINT('Ctrl Pts',(30.1,65.1,-2.70000632801013));
#1883=CARTESIAN_POINT('Ctrl Pts',(30.1000000000001,66.3790770089616,100.7));
#1884=CARTESIAN_POINT('Ctrl Pts',(30.1000000000001,66.3790770089616,66.2333312239966));
#1885=CARTESIAN_POINT('Ctrl Pts',(30.1000000000001,66.3790770089616,31.7666624479933));
#1886=CARTESIAN_POINT('Ctrl Pts',(30.1,66.3790770089616,-2.70000632801013));
#1887=CARTESIAN_POINT('Ctrl Pts',(30.0870037973995,68.9101889545652,100.7));
#1888=CARTESIAN_POINT('Ctrl Pts',(30.0870037973995,68.9101889545652,66.2333312239967));
#1889=CARTESIAN_POINT('Ctrl Pts',(30.0870037973995,68.9101889545652,31.7666624479932));
#1890=CARTESIAN_POINT('Ctrl Pts',(30.0870037973994,68.9101889545652,-2.70000632801013));
#1891=CARTESIAN_POINT('Ctrl Pts',(29.2461182784609,72.6780679216054,100.7));
#1892=CARTESIAN_POINT('Ctrl Pts',(29.2461182784609,72.6780679216054,66.2333312239966));
#1893=CARTESIAN_POINT('Ctrl Pts',(29.2461182784609,72.6780679216054,31.7666624479933));
#1894=CARTESIAN_POINT('Ctrl Pts',(29.2461182784609,72.6780679216054,-2.70000632801013));
#1895=CARTESIAN_POINT('Ctrl Pts',(27.2340702025681,76.2733426678745,100.7));
#1896=CARTESIAN_POINT('Ctrl Pts',(27.234070202568,76.2733426678745,66.2333312239967));
#1897=CARTESIAN_POINT('Ctrl Pts',(27.234070202568,76.2733426678745,31.7666624479932));
#1898=CARTESIAN_POINT('Ctrl Pts',(27.234070202568,76.2733426678745,-2.70000632801013));
#1899=CARTESIAN_POINT('Ctrl Pts',(24.1732753681883,79.3357844266932,100.7));
#1900=CARTESIAN_POINT('Ctrl Pts',(24.1732753681883,79.3357844266932,66.2333312239966));
#1901=CARTESIAN_POINT('Ctrl Pts',(24.1732753681883,79.3357844266932,31.7666624479933));
#1902=CARTESIAN_POINT('Ctrl Pts',(24.1732753681883,79.3357844266932,-2.70000632801013));
#1903=CARTESIAN_POINT('Ctrl Pts',(20.5793162709491,81.3430893316077,100.7));
#1904=CARTESIAN_POINT('Ctrl Pts',(20.5793162709491,81.3430893316077,66.2333312239967));
#1905=CARTESIAN_POINT('Ctrl Pts',(20.5793162709491,81.3430893316077,31.7666624479932));
#1906=CARTESIAN_POINT('Ctrl Pts',(20.5793162709491,81.3430893316077,-2.70000632801013));
#1907=CARTESIAN_POINT('Ctrl Pts',(16.8097939416415,82.1884722150101,100.7));
#1908=CARTESIAN_POINT('Ctrl Pts',(16.8097939416415,82.1884722150101,66.2333312239966));
#1909=CARTESIAN_POINT('Ctrl Pts',(16.8097939416415,82.1884722150101,31.7666624479933));
#1910=CARTESIAN_POINT('Ctrl Pts',(16.8097939416415,82.1884722150101,-2.70000632801013));
#1911=CARTESIAN_POINT('Ctrl Pts',(14.2790770089616,82.2,100.7));
#1912=CARTESIAN_POINT('Ctrl Pts',(14.2790770089616,82.2,66.2333312239966));
#1913=CARTESIAN_POINT('Ctrl Pts',(14.2790770089616,82.2,31.7666624479932));
#1914=CARTESIAN_POINT('Ctrl Pts',(14.2790770089616,82.2,-2.70000632801013));
#1915=CARTESIAN_POINT('Ctrl Pts',(13.0000000000001,82.2,100.7));
#1916=CARTESIAN_POINT('Ctrl Pts',(13.0000000000001,82.2,66.2333312239966));
#1917=CARTESIAN_POINT('Ctrl Pts',(13.,82.2,31.7666624479933));
#1918=CARTESIAN_POINT('Ctrl Pts',(13.,82.2,-2.70000632801013));
#1919=CARTESIAN_POINT('',(30.1,65.1,-2.70000000000018));
#1920=CARTESIAN_POINT('',(29.8075491814458,69.9,-2.70000000000017));
#1921=CARTESIAN_POINT('Ctrl Pts',(30.1,65.1,-2.70000000000017));
#1922=CARTESIAN_POINT('Ctrl Pts',(30.1,66.6300430305492,-2.70000000000017));
#1923=CARTESIAN_POINT('Ctrl Pts',(30.1000311128227,68.2216978961314,-2.70000000000017));
#1924=CARTESIAN_POINT('Ctrl Pts',(29.8075491814458,69.9,-2.70000000000017));
#1925=CARTESIAN_POINT('',(30.1,65.1,100.7));
#1926=CARTESIAN_POINT('',(30.1,65.1,24.3999999999999));
#1927=CARTESIAN_POINT('',(29.8075491814458,69.9,100.7));
#1928=CARTESIAN_POINT('Ctrl Pts',(29.8075491814459,69.9,100.7));
#1929=CARTESIAN_POINT('Ctrl Pts',(30.1000311128227,68.2216978961314,100.7));
#1930=CARTESIAN_POINT('Ctrl Pts',(30.1000000000001,66.6300430305492,100.7));
#1931=CARTESIAN_POINT('Ctrl Pts',(30.1000000000001,65.1,100.7));
#1932=CARTESIAN_POINT('',(29.2151586018959,72.2,98.4));
#1933=CARTESIAN_POINT('Ctrl Pts',(29.216146150723,72.199475188395,98.4));
#1934=CARTESIAN_POINT('Ctrl Pts',(29.2161461495632,72.1994751917324,98.4357541139062));
#1935=CARTESIAN_POINT('Ctrl Pts',(29.2164358431289,72.1986418485917,98.4715014572324));
#1936=CARTESIAN_POINT('Ctrl Pts',(29.2170144156069,72.1969759561882,98.5072146517996));
#1937=CARTESIAN_POINT('Ctrl Pts',(29.2179020496515,72.1944201781857,98.5620051033795));
#1938=CARTESIAN_POINT('Ctrl Pts',(29.2194690527153,72.1899072510145,98.6166646981701));
#1939=CARTESIAN_POINT('Ctrl Pts',(29.2217043739374,72.1834493762844,98.6710951346402));
#1940=CARTESIAN_POINT('Ctrl Pts',(29.2257291582201,72.171821717379,98.7690992886071));
#1941=CARTESIAN_POINT('Ctrl Pts',(29.2319112984075,72.1539243582548,98.8660709837392));
#1942=CARTESIAN_POINT('Ctrl Pts',(29.2401081911608,72.1299248580269,98.9614531546792));
#1943=CARTESIAN_POINT('Ctrl Pts',(29.2421253533208,72.1240188537428,98.9849256230575));
#1944=CARTESIAN_POINT('Ctrl Pts',(29.244264281273,72.1177432735035,99.0083018304596));
#1945=CARTESIAN_POINT('Ctrl Pts',(29.2465223793409,72.1111005530613,99.0315734749218));
#1946=CARTESIAN_POINT('Ctrl Pts',(29.2567917004624,72.0808909575127,99.1374076693711));
#1947=CARTESIAN_POINT('Ctrl Pts',(29.2694827862605,72.0432283149012,99.2405925954839));
#1948=CARTESIAN_POINT('Ctrl Pts',(29.2842521251308,71.9985261882089,99.3404151292496));
#1949=CARTESIAN_POINT('Ctrl Pts',(29.2915001035846,71.9765888453154,99.3894025335132));
#1950=CARTESIAN_POINT('Ctrl Pts',(29.2992477052627,71.9529560752784,99.437580170793));
#1951=CARTESIAN_POINT('Ctrl Pts',(29.30744993411,71.9276762861769,99.4848637595271));
#1952=CARTESIAN_POINT('Ctrl Pts',(29.3332423489582,71.8481824290901,99.6335499226233));
#1953=CARTESIAN_POINT('Ctrl Pts',(29.3633491260868,71.7529730950039,99.7723376663377));
#1954=CARTESIAN_POINT('Ctrl Pts',(29.3961354531564,71.6441260554363,99.8990630896863));
#1955=CARTESIAN_POINT('Ctrl Pts',(29.4093726628243,71.6001799592047,99.9502274362004));
#1956=CARTESIAN_POINT('Ctrl Pts',(29.4230460103248,71.5540108871685,99.9994255350469));
#1957=CARTESIAN_POINT('Ctrl Pts',(29.4370477873495,71.5057562860974,100.046514973622));
#1958=CARTESIAN_POINT('Ctrl Pts',(29.4617940348991,71.4204728037643,100.129739188798));
#1959=CARTESIAN_POINT('Ctrl Pts',(29.4874520266614,71.32905561844,100.20601033968));
#1960=CARTESIAN_POINT('Ctrl Pts',(29.5134446404403,71.2323851668884,100.274745767682));
#1961=CARTESIAN_POINT('Ctrl Pts',(29.5373334674436,71.1435390157051,100.337917896598));
#1962=CARTESIAN_POINT('Ctrl Pts',(29.5615045745045,71.0502555819541,100.394724787283));
#1963=CARTESIAN_POINT('Ctrl Pts',(29.5855545322991,70.9532272310457,100.444714116638));
#1964=CARTESIAN_POINT('Ctrl Pts',(29.5939450170479,70.91937624031,100.462154259741));
#1965=CARTESIAN_POINT('Ctrl Pts',(29.6023211999379,70.8850695176626,100.47876460076));
#1966=CARTESIAN_POINT('Ctrl Pts',(29.6106674593066,70.8503367329541,100.494525932367));
#1967=CARTESIAN_POINT('Ctrl Pts',(29.6328690979988,70.7579450754699,100.536452186296));
#1968=CARTESIAN_POINT('Ctrl Pts',(29.6547567818088,70.6629479260526,100.572185535543));
#1969=CARTESIAN_POINT('Ctrl Pts',(29.6760796963486,70.5659703518483,100.601519291032));
#1970=CARTESIAN_POINT('Ctrl Pts',(29.6972663102567,70.4696126790463,100.63066553888));
#1971=CARTESIAN_POINT('Ctrl Pts',(29.7178952736936,70.371299873303,100.653493746623));
#1972=CARTESIAN_POINT('Ctrl Pts',(29.7377716797438,70.2716518657268,100.669801163504));
#1973=CARTESIAN_POINT('Ctrl Pts',(29.7548092022584,70.1862362645192,100.683779444163));
#1974=CARTESIAN_POINT('Ctrl Pts',(29.7712946337717,70.0998397677101,100.692966600541));
#1975=CARTESIAN_POINT('Ctrl Pts',(29.7871355434621,70.0128562566249,100.697234939302));
#1976=CARTESIAN_POINT('Ctrl Pts',(29.7939797225568,69.9752744043328,100.699079105798));
#1977=CARTESIAN_POINT('Ctrl Pts',(29.8006873393581,69.9376741565833,100.699999615114));
#1978=CARTESIAN_POINT('Ctrl Pts',(29.8072541988586,69.9000895245992,100.7));
#1979=CARTESIAN_POINT('',(13.,82.2,98.4));
#1980=CARTESIAN_POINT('Ctrl Pts',(13.,82.2,98.4));
#1981=CARTESIAN_POINT('Ctrl Pts',(15.2138882264814,82.2,98.4));
#1982=CARTESIAN_POINT('Ctrl Pts',(17.6060459369582,82.2,98.4));
#1983=CARTESIAN_POINT('Ctrl Pts',(22.4039112812653,80.4982066002742,98.4));
#1984=CARTESIAN_POINT('Ctrl Pts',(23.9940029227862,79.2995517176424,98.4));
#1985=CARTESIAN_POINT('Ctrl Pts',(26.025503562179,77.4925289014448,98.4));
#1986=CARTESIAN_POINT('Ctrl Pts',(26.9491219726518,76.4300265409607,98.4));
#1987=CARTESIAN_POINT('Ctrl Pts',(28.3295902543734,74.3093706858709,98.4));
#1988=CARTESIAN_POINT('Ctrl Pts',(28.8371086128664,73.285451538439,98.4));
#1989=CARTESIAN_POINT('Ctrl Pts',(29.215158601896,72.2,98.4));
#1990=CARTESIAN_POINT('',(13.,82.2,-0.40000000000017));
#1991=CARTESIAN_POINT('',(13.,82.2,24.3999999999999));
#1992=CARTESIAN_POINT('',(29.2151586018959,72.2,-0.400000000000169));
#1993=CARTESIAN_POINT('Ctrl Pts',(29.215158601896,72.2,-0.40000000000017));
#1994=CARTESIAN_POINT('Ctrl Pts',(28.6515608471874,73.8181935396415,-0.40000000000017));
#1995=CARTESIAN_POINT('Ctrl Pts',(27.8062922552492,75.3058728195037,-0.400000000000178));
#1996=CARTESIAN_POINT('Ctrl Pts',(25.493470215245,78.0916697743607,-0.400000000000178));
#1997=CARTESIAN_POINT('Ctrl Pts',(23.9314897519093,79.474784704899,-0.400000000000177));
#1998=CARTESIAN_POINT('Ctrl Pts',(20.4048816913047,81.3293267392649,-0.400000000000177));
#1999=CARTESIAN_POINT('Ctrl Pts',(18.8854630391301,81.7366746972097,-0.400000000000176));
#2000=CARTESIAN_POINT('Ctrl Pts',(15.9726412362017,82.2,-0.400000000000176));
#2001=CARTESIAN_POINT('Ctrl Pts',(14.460800295898,82.2,-0.400000000000171));
#2002=CARTESIAN_POINT('Ctrl Pts',(13.,82.2,-0.400000000000171));
#2003=CARTESIAN_POINT('Ctrl Pts',(29.8072541988586,69.9000895245992,-2.70000000000017));
#2004=CARTESIAN_POINT('Ctrl Pts',(29.7895020390122,70.0016918802911,-2.70000230048927));
#2005=CARTESIAN_POINT('Ctrl Pts',(29.7708145444564,70.1028529178957,-2.69327725617376));
#2006=CARTESIAN_POINT('Ctrl Pts',(29.7513178293863,70.2029359252024,-2.67998751196012));
#2007=CARTESIAN_POINT('Ctrl Pts',(29.7318764906267,70.302734667818,-2.6667355144643));
#2008=CARTESIAN_POINT('Ctrl Pts',(29.7116304780884,70.401461416014,-2.6469560554046));
#2009=CARTESIAN_POINT('Ctrl Pts',(29.690756574417,70.4984903018963,-2.62081039774435));
#2010=CARTESIAN_POINT('Ctrl Pts',(29.6749819471429,70.571816045548,-2.60105185085629));
#2011=CARTESIAN_POINT('Ctrl Pts',(29.6588498122684,70.6441722509395,-2.57765757880697));
#2012=CARTESIAN_POINT('Ctrl Pts',(29.6424560738042,70.7152912342726,-2.55069718026482));
#2013=CARTESIAN_POINT('Ctrl Pts',(29.6193833684119,70.8153847763185,-2.51275285571766));
#2014=CARTESIAN_POINT('Ctrl Pts',(29.5959165912646,70.9124812859068,-2.46795149470214));
#2015=CARTESIAN_POINT('Ctrl Pts',(29.5723909353901,71.0059197652582,-2.41669941664306));
#2016=CARTESIAN_POINT('Ctrl Pts',(29.5472193631678,71.1058954447417,-2.36186160930214));
#2017=CARTESIAN_POINT('Ctrl Pts',(29.521980479598,71.2016832670625,-2.29963889212481));
#2018=CARTESIAN_POINT('Ctrl Pts',(29.4971466107361,71.2924844634421,-2.23052897170271));
#2019=CARTESIAN_POINT('Ctrl Pts',(29.4788579854541,71.3593539900946,-2.17963374289659));
#2020=CARTESIAN_POINT('Ctrl Pts',(29.460790467713,71.4235193122933,-2.12500329349214));
#2021=CARTESIAN_POINT('Ctrl Pts',(29.4431501666972,71.4846648929833,-2.06683640840571));
#2022=CARTESIAN_POINT('Ctrl Pts',(29.4015162465745,71.6289782026043,-1.92955329485212));
#2023=CARTESIAN_POINT('Ctrl Pts',(29.3626113901857,71.7552628979053,-1.77369479250877));
#2024=CARTESIAN_POINT('Ctrl Pts',(29.32922117189,71.8599886030434,-1.60293293059885));
#2025=CARTESIAN_POINT('Ctrl Pts',(29.3201733412245,71.8883663883581,-1.55666116331093));
#2026=CARTESIAN_POINT('Ctrl Pts',(29.3115303560609,71.9151613490904,-1.50929510057967));
#2027=CARTESIAN_POINT('Ctrl Pts',(29.303346305286,71.9403034219261,-1.46090780275465));
#2028=CARTESIAN_POINT('Ctrl Pts',(29.2869958554112,71.9905333402093,-1.36423757068659));
#2029=CARTESIAN_POINT('Ctrl Pts',(29.2725786116228,72.0338659905699,-1.26406695646022));
#2030=CARTESIAN_POINT('Ctrl Pts',(29.2604390372847,72.0699492378488,-1.16112408761188));
#2031=CARTESIAN_POINT('Ctrl Pts',(29.249141540202,72.1035295240691,-1.06532198383897));
#2032=CARTESIAN_POINT('Ctrl Pts',(29.2398169731343,72.1308313479184,-0.967118888281114));
#2033=CARTESIAN_POINT('Ctrl Pts',(29.2326969121634,72.1515654706129,-0.867101673482593));
#2034=CARTESIAN_POINT('Ctrl Pts',(29.2311331390318,72.1561192889169,-0.845134974906552));
#2035=CARTESIAN_POINT('Ctrl Pts',(29.2296755082721,72.1603562763009,-0.823080768705317));
#2036=CARTESIAN_POINT('Ctrl Pts',(29.2283261275423,72.164273323957,-0.800945272351696));
#2037=CARTESIAN_POINT('Ctrl Pts',(29.2238283789935,72.1773296060151,-0.727163355647526));
#2038=CARTESIAN_POINT('Ctrl Pts',(29.2205514584446,72.186782975347,-0.652740976397545));
#2039=CARTESIAN_POINT('Ctrl Pts',(29.2185384168364,72.1925854828622,-0.577927856467197));
#2040=CARTESIAN_POINT('Ctrl Pts',(29.2173390879574,72.1960424977618,-0.533355734913363));
#2041=CARTESIAN_POINT('Ctrl Pts',(29.2165891594786,72.198200307078,-0.488686303392802));
#2042=CARTESIAN_POINT('Ctrl Pts',(29.2162921778166,72.1990549693834,-0.443973035177463));
#2043=CARTESIAN_POINT('Ctrl Pts',(29.2161948287473,72.1993351233141,-0.429316254633909));
#2044=CARTESIAN_POINT('Ctrl Pts',(29.2161461500734,72.199475190264,-0.414657947112569));
#2045=CARTESIAN_POINT('Ctrl Pts',(29.2161461497467,72.1994751912043,-0.40000000000016));
#2046=CARTESIAN_POINT('Origin',(-4.89999999999999,69.7,100.7));
#2047=CARTESIAN_POINT('',(30.1,65.0100006854534,100.7));
#2048=CARTESIAN_POINT('',(30.1,48.225,100.7));
#2049=CARTESIAN_POINT('',(30.1,22.01,100.7));
#2050=CARTESIAN_POINT('',(30.1,48.225,100.7));
#2051=CARTESIAN_POINT('',(12.75,22.01,100.7));
#2052=CARTESIAN_POINT('',(12.6,22.01,100.7));
#2053=CARTESIAN_POINT('',(11.6,20.86,100.7));
#2054=CARTESIAN_POINT('Ctrl Pts',(12.75,22.01,100.7));
#2055=CARTESIAN_POINT('Ctrl Pts',(12.6639802011517,22.01,100.7));
#2056=CARTESIAN_POINT('Ctrl Pts',(12.5788822278843,22.0096102246786,100.7));
#2057=CARTESIAN_POINT('Ctrl Pts',(12.4940821017654,21.9999393879177,100.7));
#2058=CARTESIAN_POINT('Ctrl Pts',(12.4092819756464,21.9902685511569,100.7));
#2059=CARTESIAN_POINT('Ctrl Pts',(12.324779696676,21.9713166529566,100.7));
#2060=CARTESIAN_POINT('Ctrl Pts',(12.2422456882568,21.9393420868376,100.7));
#2061=CARTESIAN_POINT('Ctrl Pts',(12.1597116798376,21.9073675207187,100.7));
#2062=CARTESIAN_POINT('Ctrl Pts',(12.0791459419696,21.862370286681,100.7));
#2063=CARTESIAN_POINT('Ctrl Pts',(12.0045562345598,21.8055462512862,100.7));
#2064=CARTESIAN_POINT('Ctrl Pts',(11.92996652715,21.7487222158914,100.7));
#2065=CARTESIAN_POINT('Ctrl Pts',(11.8613528501984,21.6800713791394,100.7));
#2066=CARTESIAN_POINT('Ctrl Pts',(11.8044936034215,21.6054481658205,100.7));
#2067=CARTESIAN_POINT('Ctrl Pts',(11.7476343566446,21.5308249525016,100.7));
#2068=CARTESIAN_POINT('Ctrl Pts',(11.7025295400424,21.4502293626159,100.7));
#2069=CARTESIAN_POINT('Ctrl Pts',(11.6705522594602,21.3676992360146,100.7));
#2070=CARTESIAN_POINT('Ctrl Pts',(11.638574978878,21.2851691094134,100.7));
#2071=CARTESIAN_POINT('Ctrl Pts',(11.6197252343158,21.2007044460965,100.7));
#2072=CARTESIAN_POINT('Ctrl Pts',(11.6100814895963,21.1159171184553,100.7));
#2073=CARTESIAN_POINT('Ctrl Pts',(11.6004377448768,21.031129790814,100.7));
#2074=CARTESIAN_POINT('Ctrl Pts',(11.6,20.9460197988483,100.7));
#2075=CARTESIAN_POINT('Ctrl Pts',(11.6,20.86,100.7));
#2076=CARTESIAN_POINT('',(11.6,20.16,100.7));
#2077=CARTESIAN_POINT('',(11.6,45.105,100.7));
#2078=CARTESIAN_POINT('',(12.75,19.01,100.7));
#2079=CARTESIAN_POINT('Ctrl Pts',(11.6,20.16,100.7));
#2080=CARTESIAN_POINT('Ctrl Pts',(11.6,20.0739802011517,100.7));
#2081=CARTESIAN_POINT('Ctrl Pts',(11.6004377352436,19.9888701993064,100.7));
#2082=CARTESIAN_POINT('Ctrl Pts',(11.6100814785354,19.9040828633924,100.7));
#2083=CARTESIAN_POINT('Ctrl Pts',(11.6197252218272,19.8192955274783,100.7));
#2084=CARTESIAN_POINT('Ctrl Pts',(11.6385749731673,19.7348308574957,100.7));
#2085=CARTESIAN_POINT('Ctrl Pts',(11.6705522544878,19.6523007252009,100.7));
#2086=CARTESIAN_POINT('Ctrl Pts',(11.7025295358082,19.5697705929061,100.7));
#2087=CARTESIAN_POINT('Ctrl Pts',(11.747634347109,19.4891749982992,100.7));
#2088=CARTESIAN_POINT('Ctrl Pts',(11.8044935954653,19.4145517801593,100.7));
#2089=CARTESIAN_POINT('Ctrl Pts',(11.8613528438216,19.3399285620193,100.7));
#2090=CARTESIAN_POINT('Ctrl Pts',(11.9299665292333,19.2712777203463,100.7));
#2091=CARTESIAN_POINT('Ctrl Pts',(12.0045562448637,19.2144536771627,100.7));
#2092=CARTESIAN_POINT('Ctrl Pts',(12.0791459604942,19.1576296339791,100.7));
#2093=CARTESIAN_POINT('Ctrl Pts',(12.1597117063432,19.112632389285,100.7));
#2094=CARTESIAN_POINT('Ctrl Pts',(12.2422457166007,19.0806578237388,100.7));
#2095=CARTESIAN_POINT('Ctrl Pts',(12.3247797268581,19.0486832581927,100.7));
#2096=CARTESIAN_POINT('Ctrl Pts',(12.4092820015238,19.0297313717944,100.7));
#2097=CARTESIAN_POINT('Ctrl Pts',(12.4940821200972,19.0200605572463,100.7));
#2098=CARTESIAN_POINT('Ctrl Pts',(12.5788822386706,19.0103897426981,100.7));
#2099=CARTESIAN_POINT('Ctrl Pts',(12.6639802011517,19.01,100.7));
#2100=CARTESIAN_POINT('Ctrl Pts',(12.75,19.01,100.7));
#2101=CARTESIAN_POINT('',(19.1,19.01,100.7));
#2102=CARTESIAN_POINT('',(12.6,19.01,100.7));
#2103=CARTESIAN_POINT('',(19.1,-16.4,100.7));
#2104=CARTESIAN_POINT('',(19.1,48.225,100.7));
#2105=CARTESIAN_POINT('',(-4.89999999999999,-16.4,100.7));
#2106=CARTESIAN_POINT('',(-4.89999999999999,-16.4,100.7));
#2107=CARTESIAN_POINT('',(-4.89999999999999,69.9,100.7));
#2108=CARTESIAN_POINT('',(-4.89999999999999,48.225,100.7));
#2109=CARTESIAN_POINT('',(-4.9,69.9,100.7));
#2110=CARTESIAN_POINT('Origin',(30.1,26.75,48.9999999999999));
#2111=CARTESIAN_POINT('',(30.1,65.0100006854534,-2.70000000000017));
#2112=CARTESIAN_POINT('',(30.1,5.27500000000001,-2.7000000000002));
#2113=CARTESIAN_POINT('',(30.1,65.0100006854534,74.75));
#2114=CARTESIAN_POINT('Origin',(-4.90000000000001,-16.2,-2.7000000000002));
#2115=CARTESIAN_POINT('',(-4.90000000000001,69.9,-2.70000000000018));
#2116=CARTESIAN_POINT('',(-4.90000000000001,69.9,-2.70000000000017));
#2117=CARTESIAN_POINT('',(-4.90000000000001,-16.4,-2.7000000000002));
#2118=CARTESIAN_POINT('',(-4.90000000000001,5.27500000000001,-2.7000000000002));
#2119=CARTESIAN_POINT('',(15.6,-16.4,-2.7000000000002));
#2120=CARTESIAN_POINT('',(-4.9,-16.4,-2.7000000000002));
#2121=CARTESIAN_POINT('',(15.6,3.47699999999984,-2.70000000000019));
#2122=CARTESIAN_POINT('',(15.6,-7.9725,-2.70000000000019));
#2123=CARTESIAN_POINT('',(12.75,3.47699999999984,-2.70000000000019));
#2124=CARTESIAN_POINT('',(5.35,3.47699999999984,-2.70000000000019));
#2125=CARTESIAN_POINT('',(11.6,4.62699999999984,-2.70000000000019));
#2126=CARTESIAN_POINT('Ctrl Pts',(12.75,3.47699999999984,-2.70000000000019));
#2127=CARTESIAN_POINT('Ctrl Pts',(12.6639802011517,3.47699999999984,-2.70000000000019));
#2128=CARTESIAN_POINT('Ctrl Pts',(12.5788696980654,3.47743697103931,-2.7000000000002));
#2129=CARTESIAN_POINT('Ctrl Pts',(12.4940818748781,3.48708059915258,-2.7000000000002));
#2130=CARTESIAN_POINT('Ctrl Pts',(12.4092940516907,3.49672422726584,-2.7000000000002));
#2131=CARTESIAN_POINT('Ctrl Pts',(12.3248289084021,3.51557451245291,-2.70000000000019));
#2132=CARTESIAN_POINT('Ctrl Pts',(12.2422984197425,3.54755184003729,-2.70000000000019));
#2133=CARTESIAN_POINT('Ctrl Pts',(12.1597679310828,3.57952916762167,-2.70000000000019));
#2134=CARTESIAN_POINT('Ctrl Pts',(12.079172097052,3.62463353760336,-2.70000000000019));
#2135=CARTESIAN_POINT('Ctrl Pts',(12.0045485560519,3.6814928921683,-2.70000000000019));
#2136=CARTESIAN_POINT('Ctrl Pts',(11.9299250150518,3.73835224673324,-2.70000000000019));
#2137=CARTESIAN_POINT('Ctrl Pts',(11.8612737670824,3.80696658588143,-2.70000000000019));
#2138=CARTESIAN_POINT('Ctrl Pts',(11.8044490911035,3.88155693688923,-2.70000000000019));
#2139=CARTESIAN_POINT('Ctrl Pts',(11.7476244151247,3.95614728789702,-2.70000000000019));
#2140=CARTESIAN_POINT('Ctrl Pts',(11.7026263111364,4.03671365076441,-2.70000000000019));
#2141=CARTESIAN_POINT('Ctrl Pts',(11.6706517382097,4.11924780605885,-2.70000000000019));
#2142=CARTESIAN_POINT('Ctrl Pts',(11.638677165283,4.20178196135328,-2.70000000000019));
#2143=CARTESIAN_POINT('Ctrl Pts',(11.6197261234179,4.28628390907476,-2.70000000000019));
#2144=CARTESIAN_POINT('Ctrl Pts',(11.6100568320972,4.37108346902432,-2.70000000000019));
#2145=CARTESIAN_POINT('Ctrl Pts',(11.6003875407764,4.45588302897389,-2.70000000000019));
#2146=CARTESIAN_POINT('Ctrl Pts',(11.6,4.54098020115155,-2.7000000000002));
#2147=CARTESIAN_POINT('Ctrl Pts',(11.6,4.62699999999984,-2.7000000000002));
#2148=CARTESIAN_POINT('',(11.6,20.86,-2.70000000000018));
#2149=CARTESIAN_POINT('',(11.6,2.15500000000001,-2.70000000000019));
#2150=CARTESIAN_POINT('',(12.75,22.01,-2.70000000000018));
#2151=CARTESIAN_POINT('Ctrl Pts',(11.6,20.86,-2.70000000000018));
#2152=CARTESIAN_POINT('Ctrl Pts',(11.6,20.9460197988483,-2.70000000000018));
#2153=CARTESIAN_POINT('Ctrl Pts',(11.6004377448768,21.031129790814,-2.70000000000018));
#2154=CARTESIAN_POINT('Ctrl Pts',(11.6100814895963,21.1159171184553,-2.70000000000018));
#2155=CARTESIAN_POINT('Ctrl Pts',(11.6197252343158,21.2007044460965,-2.70000000000018));
#2156=CARTESIAN_POINT('Ctrl Pts',(11.638574978878,21.2851691094134,-2.70000000000017));
#2157=CARTESIAN_POINT('Ctrl Pts',(11.6705522594602,21.3676992360146,-2.70000000000018));
#2158=CARTESIAN_POINT('Ctrl Pts',(11.7025295400424,21.4502293626159,-2.70000000000018));
#2159=CARTESIAN_POINT('Ctrl Pts',(11.7476343566446,21.5308249525016,-2.70000000000017));
#2160=CARTESIAN_POINT('Ctrl Pts',(11.8044936034215,21.6054481658205,-2.70000000000018));
#2161=CARTESIAN_POINT('Ctrl Pts',(11.8613528501984,21.6800713791394,-2.70000000000018));
#2162=CARTESIAN_POINT('Ctrl Pts',(11.92996652715,21.7487222158914,-2.70000000000018));
#2163=CARTESIAN_POINT('Ctrl Pts',(12.0045562345598,21.8055462512862,-2.70000000000018));
#2164=CARTESIAN_POINT('Ctrl Pts',(12.0791459419696,21.862370286681,-2.70000000000018));
#2165=CARTESIAN_POINT('Ctrl Pts',(12.1597116798376,21.9073675207187,-2.70000000000018));
#2166=CARTESIAN_POINT('Ctrl Pts',(12.2422456882568,21.9393420868376,-2.70000000000018));
#2167=CARTESIAN_POINT('Ctrl Pts',(12.324779696676,21.9713166529566,-2.70000000000017));
#2168=CARTESIAN_POINT('Ctrl Pts',(12.4092819756464,21.9902685511569,-2.70000000000018));
#2169=CARTESIAN_POINT('Ctrl Pts',(12.4940821017654,21.9999393879177,-2.70000000000017));
#2170=CARTESIAN_POINT('Ctrl Pts',(12.5788822278843,22.0096102246786,-2.70000000000017));
#2171=CARTESIAN_POINT('Ctrl Pts',(12.6639802011517,22.01,-2.70000000000018));
#2172=CARTESIAN_POINT('Ctrl Pts',(12.75,22.01,-2.70000000000018));
#2173=CARTESIAN_POINT('',(30.1,22.01,-2.70000000000018));
#2174=CARTESIAN_POINT('',(12.6,22.01,-2.70000000000018));
#2175=CARTESIAN_POINT('',(30.1,5.27500000000001,-2.7000000000002));
#2176=CARTESIAN_POINT('Origin',(-4.90000000000001,69.9,-0.400000000000169));
#2177=CARTESIAN_POINT('',(-4.90000000000001,72.2,-0.400000000000169));
#2178=CARTESIAN_POINT('',(-4.90000000000001,72.2,-0.400000000000169));
#2179=CARTESIAN_POINT('Origin',(-4.9,69.9,-0.400000000000169));
#2180=CARTESIAN_POINT('Origin',(-4.89999999999985,81.5093299041394,-5.27349004448771));
#2181=CARTESIAN_POINT('',(-4.89999999999985,81.5093299041394,-3.2734900444877));
#2182=CARTESIAN_POINT('Origin',(-4.9,81.5093299041394,-5.27349004448771));
#2183=CARTESIAN_POINT('',(1.80000000000015,81.5093299041394,-3.2734900444877));
#2184=CARTESIAN_POINT('',(-4.89999999999985,81.5093299041394,-3.2734900444877));
#2185=CARTESIAN_POINT('Origin',(1.80000000000015,81.5093299041394,-5.27349004448771));
#2186=CARTESIAN_POINT('Origin',(1.80000000000015,81.5093299041394,-5.27349004448771));
#2187=CARTESIAN_POINT('Origin',(-4.89999999999985,81.5093299041394,102.976509955512));
#2188=CARTESIAN_POINT('',(-4.89999999999985,81.5093299041394,104.976509955512));
#2189=CARTESIAN_POINT('Origin',(-4.9,81.5093299041394,102.976509955512));
#2190=CARTESIAN_POINT('',(1.80000000000015,81.5093299041394,104.976509955512));
#2191=CARTESIAN_POINT('',(-4.89999999999985,81.5093299041394,104.976509955512));
#2192=CARTESIAN_POINT('Origin',(1.80000000000015,81.5093299041394,102.976509955512));
#2193=CARTESIAN_POINT('Origin',(1.80000000000015,81.5093299041394,102.976509955512));
#2194=CARTESIAN_POINT('Origin',(-4.89999999999985,-19.9906700958606,-5.27349004448771));
#2195=CARTESIAN_POINT('',(-4.89999999999985,-19.9906700958606,-3.2734900444877));
#2196=CARTESIAN_POINT('Origin',(-4.9,-19.9906700958606,-5.27349004448771));
#2197=CARTESIAN_POINT('',(1.80000000000015,-19.9906700958606,-3.2734900444877));
#2198=CARTESIAN_POINT('',(-4.89999999999985,-19.9906700958606,-3.2734900444877));
#2199=CARTESIAN_POINT('Origin',(1.80000000000015,-19.9906700958606,-5.27349004448771));
#2200=CARTESIAN_POINT('Origin',(1.80000000000015,-19.9906700958606,-5.27349004448771));
#2201=CARTESIAN_POINT('Origin',(-4.89999999999985,-19.9906700958606,102.976509955512));
#2202=CARTESIAN_POINT('',(-4.89999999999985,-19.9906700958606,104.976509955512));
#2203=CARTESIAN_POINT('Origin',(-4.9,-19.9906700958606,102.976509955512));
#2204=CARTESIAN_POINT('',(1.80000000000015,-19.9906700958606,104.976509955512));
#2205=CARTESIAN_POINT('',(-4.89999999999985,-19.9906700958606,104.976509955512));
#2206=CARTESIAN_POINT('Origin',(1.80000000000015,-19.9906700958606,102.976509955512));
#2207=CARTESIAN_POINT('Origin',(1.80000000000015,-19.9906700958606,102.976509955512));
#2208=CARTESIAN_POINT('Origin',(-4.89999999999999,72.2,98.4));
#2209=CARTESIAN_POINT('',(-4.89999999999999,72.2,98.4));
#2210=CARTESIAN_POINT('',(-4.9,72.2,98.4));
#2211=CARTESIAN_POINT('',(-4.89999999999999,82.2,98.4));
#2212=CARTESIAN_POINT('',(-4.89999999999999,49.475,98.4));
#2213=CARTESIAN_POINT('',(-4.9,82.2,98.4));
#2214=CARTESIAN_POINT('Origin',(30.1,72.2,-0.400000000000169));
#2215=CARTESIAN_POINT('',(-4.90000000000001,82.2,-0.40000000000017));
#2216=CARTESIAN_POINT('',(-4.90000000000001,82.2,-0.40000000000017));
#2217=CARTESIAN_POINT('',(-4.90000000000001,49.475,-0.400000000000169));
#2218=CARTESIAN_POINT('Origin',(-4.90000000000001,82.2,-0.200000000000174));
#2219=CARTESIAN_POINT('',(-4.9,82.2,24.3999999999999));
#2220=CARTESIAN_POINT('Origin',(-4.9,26.75,48.9999999999999));
#2221=CARTESIAN_POINT('',(-4.90000000000001,4.02500000000001,-0.0700000000011602));
#2222=CARTESIAN_POINT('Origin',(-4.9,-16.4,-0.400000000000178));
#2223=CARTESIAN_POINT('Origin',(-4.9,69.9,98.4));
#2224=CARTESIAN_POINT('',(-4.89999999999999,-18.7,98.4));
#2225=CARTESIAN_POINT('Origin',(-4.9,-16.4,98.4));
#2226=CARTESIAN_POINT('',(-4.89999999999999,-18.7,73.6));
#2227=CARTESIAN_POINT('',(-4.89999999999998,78.7,108.5));
#2228=CARTESIAN_POINT('',(-4.89999999999998,5.275,108.5));
#2229=CARTESIAN_POINT('',(-4.89999999999999,89.,98.2));
#2230=CARTESIAN_POINT('Origin',(-4.9,78.7,98.2));
#2231=CARTESIAN_POINT('',(-4.89999999999999,89.,73.6));
#2232=CARTESIAN_POINT('Origin',(-4.89999999999999,78.7,98.2));
#2233=CARTESIAN_POINT('',(-4.89999999999999,89.,98.2));
#2234=CARTESIAN_POINT('',(-4.89999999999999,78.7,108.5));
#2235=CARTESIAN_POINT('Origin',(-4.89999999999999,-16.2,108.5));
#2236=CARTESIAN_POINT('Origin',(-4.89999999999999,89.,98.2000000000002));
#2237=CARTESIAN_POINT('Origin',(-4.89999999999999,-18.7,98.2));
#2238=CARTESIAN_POINT('',(19.1,-18.7,98.4));
#2239=CARTESIAN_POINT('',(-4.89999999999999,-18.7,98.4));
#2240=CARTESIAN_POINT('',(19.1,-18.7,73.6));
#2241=CARTESIAN_POINT('Origin',(-4.89999999999999,-18.7,98.2));
#2242=CARTESIAN_POINT('',(15.6,-18.7,30.9285484430055));
#2243=CARTESIAN_POINT('',(15.6,-18.7,56.2071371107513));
#2244=CARTESIAN_POINT('',(19.1,-18.7,30.9285484430055));
#2245=CARTESIAN_POINT('',(19.1,-18.7,73.6));
#2246=CARTESIAN_POINT('',(7.10000000000001,-18.7,30.9285484430055));
#2247=CARTESIAN_POINT('Origin',(1.64620000000012,-18.7,-0.0700000000011594));
#2248=CARTESIAN_POINT('Ctrl Pts',(32.1,60.51,50.9999999999999));
#2249=CARTESIAN_POINT('Ctrl Pts',(32.1,60.51,48.2324064718375));
#2250=CARTESIAN_POINT('Ctrl Pts',(32.1,59.2478161243785,42.6988226871996));
#2251=CARTESIAN_POINT('Ctrl Pts',(32.1,53.9389071855234,36.0420020285888));
#2252=CARTESIAN_POINT('Ctrl Pts',(32.1,46.2671266527648,32.3472247138973));
#2253=CARTESIAN_POINT('Ctrl Pts',(32.1,38.6990074466929,32.3480188072433));
#2254=CARTESIAN_POINT('Ctrl Pts',(32.1,32.6216611616727,34.7380469757741));
#2255=CARTESIAN_POINT('Ctrl Pts',(32.1,28.2428086691133,38.227322164998));
#2256=CARTESIAN_POINT('Ctrl Pts',(32.1,25.0960043740919,42.8520839303172));
#2257=CARTESIAN_POINT('Ctrl Pts',(32.1,22.8777319674011,49.985880147298));
#2258=CARTESIAN_POINT('Ctrl Pts',(32.1,24.0291895905451,57.6083063485492));
#2259=CARTESIAN_POINT('Ctrl Pts',(32.1,28.2471620498879,63.7714054511911));
#2260=CARTESIAN_POINT('Ctrl Pts',(32.1,32.6198236570327,67.2642241119053));
#2261=CARTESIAN_POINT('Ctrl Pts',(32.1,37.8308762389307,69.3031743236271));
#2262=CARTESIAN_POINT('Ctrl Pts',(32.1,45.2779215155722,69.8780088049514));
#2263=CARTESIAN_POINT('Ctrl Pts',(32.1,53.3522011075763,66.7092047435225));
#2264=CARTESIAN_POINT('Ctrl Pts',(32.1,59.2459884138401,59.295088836429));
#2265=CARTESIAN_POINT('Ctrl Pts',(32.1,60.51,53.7675935281624));
#2266=CARTESIAN_POINT('Ctrl Pts',(32.1,60.51,50.9999999999999));
#2267=CARTESIAN_POINT('Ctrl Pts',(32.6983986006838,60.51,50.9999999999999));
#2268=CARTESIAN_POINT('Ctrl Pts',(32.6983986006838,60.51,48.2325287993958));
#2269=CARTESIAN_POINT('Ctrl Pts',(32.6983986006838,59.2477462026802,42.6988117649561));
#2270=CARTESIAN_POINT('Ctrl Pts',(32.6983986006838,53.9388436359248,36.0420995286473));
#2271=CARTESIAN_POINT('Ctrl Pts',(32.6983986006838,46.2670655219066,32.3472662515776));
#2272=CARTESIAN_POINT('Ctrl Pts',(32.6983986006838,38.6989852823202,32.3481214378313));
#2273=CARTESIAN_POINT('Ctrl Pts',(32.6983986006838,32.6216674997664,34.7381205283765));
#2274=CARTESIAN_POINT('Ctrl Pts',(32.6983986006838,28.2428968127477,38.2273348336699));
#2275=CARTESIAN_POINT('Ctrl Pts',(32.6983986006838,25.0960866124954,42.8521108849167));
#2276=CARTESIAN_POINT('Ctrl Pts',(32.6983986006838,22.8778142783507,49.985873552133));
#2277=CARTESIAN_POINT('Ctrl Pts',(32.6983986006838,24.0292864484395,57.6083192564035));
#2278=CARTESIAN_POINT('Ctrl Pts',(32.6983986006838,28.247229249684,63.7713702959084));
#2279=CARTESIAN_POINT('Ctrl Pts',(32.6983986006838,32.6198161257615,67.2641373219324));
#2280=CARTESIAN_POINT('Ctrl Pts',(32.6983986006838,37.8308744296461,69.3030895420635));
#2281=CARTESIAN_POINT('Ctrl Pts',(32.6983986006838,45.2779058069011,69.8779319981562));
#2282=CARTESIAN_POINT('Ctrl Pts',(32.6983986006838,53.3521120987437,66.709150002266));
#2283=CARTESIAN_POINT('Ctrl Pts',(32.6983986006838,59.2459150288733,59.2950912812458));
#2284=CARTESIAN_POINT('Ctrl Pts',(32.6983986006838,60.51,53.7674712006041));
#2285=CARTESIAN_POINT('Ctrl Pts',(32.6983986006838,60.51,50.9999999999999));
#2286=CARTESIAN_POINT('Ctrl Pts',(33.882560420153,60.5160682459412,50.9999999999999));
#2287=CARTESIAN_POINT('Ctrl Pts',(33.882560420153,60.5160682459412,48.2315203612979));
#2288=CARTESIAN_POINT('Ctrl Pts',(33.882560420153,59.2534579553937,42.6960978534334));
#2289=CARTESIAN_POINT('Ctrl Pts',(33.882560420153,53.9428087540326,36.0371128997401));
#2290=CARTESIAN_POINT('Ctrl Pts',(33.882560420153,46.2685122042755,32.3411137230648));
#2291=CARTESIAN_POINT('Ctrl Pts',(33.882560420153,38.6979174658798,32.3419189127788));
#2292=CARTESIAN_POINT('Ctrl Pts',(33.882560420153,32.6185827858957,34.7327258848333));
#2293=CARTESIAN_POINT('Ctrl Pts',(33.882560420153,28.2383084811481,38.223134803877));
#2294=CARTESIAN_POINT('Ctrl Pts',(33.882560420153,25.090470945088,42.8494160863963));
#2295=CARTESIAN_POINT('Ctrl Pts',(33.882560420153,22.8714709284252,49.9855463327367));
#2296=CARTESIAN_POINT('Ctrl Pts',(33.882560420153,24.0233088251321,57.6104762503166));
#2297=CARTESIAN_POINT('Ctrl Pts',(33.882560420153,28.2426595751337,63.7755884065599));
#2298=CARTESIAN_POINT('Ctrl Pts',(33.882560420153,32.6167422185555,67.269543599914));
#2299=CARTESIAN_POINT('Ctrl Pts',(33.882560420153,37.8295051098711,69.3091629706378));
#2300=CARTESIAN_POINT('Ctrl Pts',(33.882560420153,45.2789906510661,69.8841874197784));
#2301=CARTESIAN_POINT('Ctrl Pts',(33.882560420153,53.3559057130521,66.7143478621999));
#2302=CARTESIAN_POINT('Ctrl Pts',(33.882560420153,59.2516290310707,59.2978101694742));
#2303=CARTESIAN_POINT('Ctrl Pts',(33.882560420153,60.5160682459412,53.768479638702));
#2304=CARTESIAN_POINT('Ctrl Pts',(33.882560420153,60.5160682459412,50.9999999999999));
#2305=CARTESIAN_POINT('Ctrl Pts',(35.6452168486391,60.9094651651246,50.9999999999999));
#2306=CARTESIAN_POINT('Ctrl Pts',(35.6452168486391,60.9094651651246,48.172579414906));
#2307=CARTESIAN_POINT('Ctrl Pts',(35.6452168486391,59.6200657327292,42.5195837600973));
#2308=CARTESIAN_POINT('Ctrl Pts',(35.6452168486391,54.1965195532014,35.7189647243558));
#2309=CARTESIAN_POINT('Ctrl Pts',(35.6452168486391,46.3590831468429,31.9444378948626));
#2310=CARTESIAN_POINT('Ctrl Pts',(35.6452168486391,38.6275263166118,31.945215569788));
#2311=CARTESIAN_POINT('Ctrl Pts',(35.6452168486391,32.418937986256,34.3868669030792));
#2312=CARTESIAN_POINT('Ctrl Pts',(35.6452168486391,27.9454892497864,37.951518455491));
#2313=CARTESIAN_POINT('Ctrl Pts',(35.6452168486391,24.7307401614641,42.6761335191283));
#2314=CARTESIAN_POINT('Ctrl Pts',(35.6452168486391,22.464569198525,49.963986173211));
#2315=CARTESIAN_POINT('Ctrl Pts',(35.6452168486391,23.6408819218421,57.750990510182));
#2316=CARTESIAN_POINT('Ctrl Pts',(35.6452168486391,27.9499481386091,64.0471940408483));
#2317=CARTESIAN_POINT('Ctrl Pts',(35.6452168486391,32.4170684248747,67.6154604962843));
#2318=CARTESIAN_POINT('Ctrl Pts',(35.6452168486391,37.7406386187376,69.6984360685123));
#2319=CARTESIAN_POINT('Ctrl Pts',(35.6452168486391,45.3484934329817,70.2856784036091));
#2320=CARTESIAN_POINT('Ctrl Pts',(35.6452168486391,53.5971588876582,67.0484391468492));
#2321=CARTESIAN_POINT('Ctrl Pts',(35.6452168486391,59.6182004597182,59.474200954399));
#2322=CARTESIAN_POINT('Ctrl Pts',(35.6452168486391,60.9094651651246,53.8274205850939));
#2323=CARTESIAN_POINT('Ctrl Pts',(35.6452168486391,60.9094651651246,50.9999999999999));
#2324=CARTESIAN_POINT('Ctrl Pts',(37.3274007000831,61.8507565221805,50.9999999999999));
#2325=CARTESIAN_POINT('Ctrl Pts',(37.3274007000831,61.8507565221805,48.0318872772975));
#2326=CARTESIAN_POINT('Ctrl Pts',(37.3274007000831,60.4970651100752,42.097203626504));
#2327=CARTESIAN_POINT('Ctrl Pts',(37.3274007000831,54.8034048813555,34.9579920119562));
#2328=CARTESIAN_POINT('Ctrl Pts',(37.3274007000831,46.5756260378707,30.9954155875616));
#2329=CARTESIAN_POINT('Ctrl Pts',(37.3274007000831,38.4590383850209,30.9962959542444));
#2330=CARTESIAN_POINT('Ctrl Pts',(37.3274007000831,31.9412600047664,33.5595237412658));
#2331=CARTESIAN_POINT('Ctrl Pts',(37.3274007000831,27.245095970864,37.3016496826177));
#2332=CARTESIAN_POINT('Ctrl Pts',(37.3274007000831,23.8702295274749,42.2615900293328));
#2333=CARTESIAN_POINT('Ctrl Pts',(37.3274007000831,21.4911915766622,49.9123804083852));
#2334=CARTESIAN_POINT('Ctrl Pts',(37.3274007000831,22.7261060021818,58.087238354316));
#2335=CARTESIAN_POINT('Ctrl Pts',(37.3274007000831,27.2497550089023,64.6969751476344));
#2336=CARTESIAN_POINT('Ctrl Pts',(37.3274007000831,31.9392828093906,68.4429057161578));
#2337=CARTESIAN_POINT('Ctrl Pts',(37.3274007000831,37.5280003915599,70.6296263745505));
#2338=CARTESIAN_POINT('Ctrl Pts',(37.3274007000831,45.5147512699434,71.2461247716887));
#2339=CARTESIAN_POINT('Ctrl Pts',(37.3274007000831,54.174166293209,67.8476773160808));
#2340=CARTESIAN_POINT('Ctrl Pts',(37.3274007000831,60.4951033110248,59.8962626593434));
#2341=CARTESIAN_POINT('Ctrl Pts',(37.3274007000831,61.8507565221805,53.9681127227023));
#2342=CARTESIAN_POINT('Ctrl Pts',(37.3274007000831,61.8507565221805,50.9999999999999));
#2343=CARTESIAN_POINT('Ctrl Pts',(38.7596319659362,63.2825674480412,50.9999999999999));
#2344=CARTESIAN_POINT('Ctrl Pts',(38.7596319659362,63.2825674480412,47.8176092326969));
#2345=CARTESIAN_POINT('Ctrl Pts',(38.7596319659362,61.8312345977398,41.4547395811543));
#2346=CARTESIAN_POINT('Ctrl Pts',(38.7596319659362,55.7266862305697,33.8002515198688));
#2347=CARTESIAN_POINT('Ctrl Pts',(38.7596319659362,46.9051469375633,29.5517535505584));
#2348=CARTESIAN_POINT('Ctrl Pts',(38.7596319659362,38.2027979314574,29.552655606887));
#2349=CARTESIAN_POINT('Ctrl Pts',(38.7596319659362,31.2146436559476,32.3008789953574));
#2350=CARTESIAN_POINT('Ctrl Pts',(38.7596319659362,26.1795242699419,36.3130976694478));
#2351=CARTESIAN_POINT('Ctrl Pts',(38.7596319659362,22.5611141695088,41.6309630097693));
#2352=CARTESIAN_POINT('Ctrl Pts',(38.7596319659362,20.010392567772,49.8338967078118));
#2353=CARTESIAN_POINT('Ctrl Pts',(38.7596319659362,21.334414799709,58.5986810453353));
#2354=CARTESIAN_POINT('Ctrl Pts',(38.7596319659362,26.1845338724008,65.6854433224243));
#2355=CARTESIAN_POINT('Ctrl Pts',(38.7596319659362,31.2125332750335,69.701734850385));
#2356=CARTESIAN_POINT('Ctrl Pts',(38.7596319659362,37.2045575119562,72.0462591305856));
#2357=CARTESIAN_POINT('Ctrl Pts',(38.7596319659362,45.7676828865982,72.7072417575582));
#2358=CARTESIAN_POINT('Ctrl Pts',(38.7596319659362,55.0520559899483,69.0635297609142));
#2359=CARTESIAN_POINT('Ctrl Pts',(38.7596319659362,61.829133597161,60.5382610044465));
#2360=CARTESIAN_POINT('Ctrl Pts',(38.7596319659362,63.2825674480412,54.182390767303));
#2361=CARTESIAN_POINT('Ctrl Pts',(38.7596319659362,63.2825674480412,50.9999999999999));
#2362=CARTESIAN_POINT('Ctrl Pts',(39.6995939109609,64.9643706324234,50.9999999999999));
#2363=CARTESIAN_POINT('Ctrl Pts',(39.6995939109609,64.9643706324234,47.566020197884));
#2364=CARTESIAN_POINT('Ctrl Pts',(39.6995939109608,63.3982901677427,40.7000931015159));
#2365=CARTESIAN_POINT('Ctrl Pts',(39.6995939109608,56.8111184426708,32.4404521310153));
#2366=CARTESIAN_POINT('Ctrl Pts',(39.6995939109609,47.292150935892,27.8560645893814));
#2367=CARTESIAN_POINT('Ctrl Pts',(39.6995939109608,37.9017998189103,27.857042897272));
#2368=CARTESIAN_POINT('Ctrl Pts',(39.6995939109608,30.3611663392769,30.8225377029449));
#2369=CARTESIAN_POINT('Ctrl Pts',(39.6995939109608,24.9279784427898,35.1519563357537));
#2370=CARTESIAN_POINT('Ctrl Pts',(39.6995939109608,21.0234973830316,40.8902517644982));
#2371=CARTESIAN_POINT('Ctrl Pts',(39.6995939109608,18.2711164565289,49.741704377554));
#2372=CARTESIAN_POINT('Ctrl Pts',(39.6995939109608,19.6998166879385,59.1994316689686));
#2373=CARTESIAN_POINT('Ctrl Pts',(39.6995939109608,24.9333824111093,66.8464674908207));
#2374=CARTESIAN_POINT('Ctrl Pts',(39.6995939109608,30.3588879918396,71.1802817233559));
#2375=CARTESIAN_POINT('Ctrl Pts',(39.6995939109608,36.8246404376459,73.7101635943263));
#2376=CARTESIAN_POINT('Ctrl Pts',(39.6995939109608,46.0647629671011,74.4234039656377));
#2377=CARTESIAN_POINT('Ctrl Pts',(39.6995939109609,56.0831500687833,70.4916229084394));
#2378=CARTESIAN_POINT('Ctrl Pts',(39.6995939109608,63.3960227828788,61.2923534275276));
#2379=CARTESIAN_POINT('Ctrl Pts',(39.6995939109609,64.9643706324234,54.4339798021158));
#2380=CARTESIAN_POINT('Ctrl Pts',(39.6995939109609,64.9643706324234,50.9999999999999));
#2381=CARTESIAN_POINT('Ctrl Pts',(40.0942580753076,66.7274881360568,50.9999999999999));
#2382=CARTESIAN_POINT('Ctrl Pts',(40.0942580753076,66.7274881360568,47.3022710040199));
#2383=CARTESIAN_POINT('Ctrl Pts',(40.0942580753075,65.0411097587857,39.9089594917489));
#2384=CARTESIAN_POINT('Ctrl Pts',(40.0942580753075,57.947980295122,31.0149103620442));
#2385=CARTESIAN_POINT('Ctrl Pts',(40.0942580753075,47.6978643589335,26.0783913110955));
#2386=CARTESIAN_POINT('Ctrl Pts',(40.0942580753075,37.5862478701215,26.0794515756431));
#2387=CARTESIAN_POINT('Ctrl Pts',(40.0942580753075,29.466424042564,29.2727217991575));
#2388=CARTESIAN_POINT('Ctrl Pts',(40.0942580753075,23.6159239304539,33.9346748341305));
#2389=CARTESIAN_POINT('Ctrl Pts',(40.0942580753075,19.4115403324775,40.1137284018801));
#2390=CARTESIAN_POINT('Ctrl Pts',(40.0942580753075,16.4477499589383,49.6450543776403));
#2391=CARTESIAN_POINT('Ctrl Pts',(40.0942580753075,17.9861897978719,59.8292287028196));
#2392=CARTESIAN_POINT('Ctrl Pts',(40.0942580753075,23.6217406400835,68.0636254193576));
#2393=CARTESIAN_POINT('Ctrl Pts',(40.0942580753075,29.4639691492962,72.7303127100833));
#2394=CARTESIAN_POINT('Ctrl Pts',(40.0942580753075,36.4263545083557,75.4545141823875));
#2395=CARTESIAN_POINT('Ctrl Pts',(40.0942580753075,46.3762061977711,76.2225391965759));
#2396=CARTESIAN_POINT('Ctrl Pts',(40.0942580753075,57.1640940755339,71.9887618168539));
#2397=CARTESIAN_POINT('Ctrl Pts',(40.0942580753075,65.0386678306234,62.0829059123128));
#2398=CARTESIAN_POINT('Ctrl Pts',(40.0942580753076,66.7274881360568,54.6977289959799));
#2399=CARTESIAN_POINT('Ctrl Pts',(40.0942580753076,66.7274881360568,50.9999999999999));
#2400=CARTESIAN_POINT('Ctrl Pts',(40.1,67.9116013993163,50.9999999999999));
#2401=CARTESIAN_POINT('Ctrl Pts',(40.1,67.9116013993163,47.1250772707722));
#2402=CARTESIAN_POINT('Ctrl Pts',(40.1,66.1444645653508,39.3776378571807));
#2403=CARTESIAN_POINT('Ctrl Pts',(40.1,58.7115297802959,30.0574664216439));
#2404=CARTESIAN_POINT('Ctrl Pts',(40.1,47.9703719162586,24.8844822433586));
#2405=CARTESIAN_POINT('Ctrl Pts',(40.1,37.3743332806779,24.8855679625247));
#2406=CARTESIAN_POINT('Ctrl Pts',(40.1,28.8655102460794,28.231826697632));
#2407=CARTESIAN_POINT('Ctrl Pts',(40.1,22.7347027913423,33.1171399926667));
#2408=CARTESIAN_POINT('Ctrl Pts',(40.1,18.3289069051584,39.5922006947295));
#2409=CARTESIAN_POINT('Ctrl Pts',(40.1,15.223133486448,49.5801472372905));
#2410=CARTESIAN_POINT('Ctrl Pts',(40.1,16.8352676214506,60.2521954067119));
#2411=CARTESIAN_POINT('Ctrl Pts',(40.1,22.7408068420845,68.8810881592796));
#2412=CARTESIAN_POINT('Ctrl Pts',(40.1,28.8629435012876,73.7713586726767));
#2413=CARTESIAN_POINT('Ctrl Pts',(40.1,36.1588657530433,76.6260646075709));
#2414=CARTESIAN_POINT('Ctrl Pts',(40.1,46.5853797059856,77.4308792359304));
#2415=CARTESIAN_POINT('Ctrl Pts',(40.1,57.8901013530646,72.994269831848));
#2416=CARTESIAN_POINT('Ctrl Pts',(40.1,66.1419070908385,62.613841367839));
#2417=CARTESIAN_POINT('Ctrl Pts',(40.1,67.9116013993163,54.8749227292276));
#2418=CARTESIAN_POINT('Ctrl Pts',(40.1,67.9116013993163,50.9999999999999));
#2419=CARTESIAN_POINT('Ctrl Pts',(40.1,68.51,50.9999999999999));
#2420=CARTESIAN_POINT('Ctrl Pts',(40.1,68.51,47.0356092704699));
#2421=CARTESIAN_POINT('Ctrl Pts',(40.1,66.7020068808665,39.1091243897724));
#2422=CARTESIAN_POINT('Ctrl Pts',(40.1,59.09735353602,29.5736785814921));
#2423=CARTESIAN_POINT('Ctrl Pts',(40.1,48.1080462863927,24.2811597253124));
#2424=CARTESIAN_POINT('Ctrl Pts',(40.1,37.2672268831006,24.2822972103756));
#2425=CARTESIAN_POINT('Ctrl Pts',(40.1,28.561838961315,27.7058510734062));
#2426=CARTESIAN_POINT('Ctrl Pts',(40.1,22.2894286341353,32.7040020201323));
#2427=CARTESIAN_POINT('Ctrl Pts',(40.1,17.7818441034289,39.328660765049));
#2428=CARTESIAN_POINT('Ctrl Pts',(40.1,14.6043187641151,49.5473418326161));
#2429=CARTESIAN_POINT('Ctrl Pts',(40.1,16.2537040080781,60.465952337111));
#2430=CARTESIAN_POINT('Ctrl Pts',(40.1,22.2956645579475,69.2941753760305));
#2431=CARTESIAN_POINT('Ctrl Pts',(40.1,28.5592068600739,74.2974021062428));
#2432=CARTESIAN_POINT('Ctrl Pts',(40.1,36.0236875854954,77.2180605176281));
#2433=CARTESIAN_POINT('Ctrl Pts',(40.1,46.6910767655494,78.0414720719574));
#2434=CARTESIAN_POINT('Ctrl Pts',(40.1,58.2569367216634,73.5023743623431));
#2435=CARTESIAN_POINT('Ctrl Pts',(40.1,66.6993888090142,62.8821542792091));
#2436=CARTESIAN_POINT('Ctrl Pts',(40.1,68.51,54.9643907295299));
#2437=CARTESIAN_POINT('Ctrl Pts',(40.1,68.51,50.9999999999999));
#2438=CARTESIAN_POINT('',(32.1,60.51,50.9999999999999));
#2439=CARTESIAN_POINT('Ctrl Pts',(40.1,68.51,50.9999999999999));
#2440=CARTESIAN_POINT('Ctrl Pts',(40.1,67.9116013993163,50.9999999999999));
#2441=CARTESIAN_POINT('Ctrl Pts',(40.0942580753076,66.7274881360568,50.9999999999999));
#2442=CARTESIAN_POINT('Ctrl Pts',(39.6995939109609,64.9643706324234,50.9999999999999));
#2443=CARTESIAN_POINT('Ctrl Pts',(38.7596319659362,63.2825674480412,50.9999999999999));
#2444=CARTESIAN_POINT('Ctrl Pts',(37.3274007000831,61.8507565221805,50.9999999999999));
#2445=CARTESIAN_POINT('Ctrl Pts',(35.6452168486391,60.9094651651246,50.9999999999999));
#2446=CARTESIAN_POINT('Ctrl Pts',(33.882560420153,60.5160682459412,50.9999999999999));
#2447=CARTESIAN_POINT('Ctrl Pts',(32.6983986006838,60.51,50.9999999999999));
#2448=CARTESIAN_POINT('Ctrl Pts',(32.1,60.51,50.9999999999999));
#2449=CARTESIAN_POINT('Origin',(32.1,42.01,50.9999999999999));
#2450=CARTESIAN_POINT('Origin',(30.1,42.01,50.9999999999999));
#2451=CARTESIAN_POINT('',(30.1,60.51,50.9999999999999));
#2452=CARTESIAN_POINT('Origin',(30.1,42.01,50.9999999999999));
#2453=CARTESIAN_POINT('',(30.1,60.51,50.9999999999999));
#2454=CARTESIAN_POINT('Ctrl Pts',(12.75,3.47699999999984,-2.70000000000019));
#2455=CARTESIAN_POINT('Ctrl Pts',(12.75,3.47699999999987,8.50951614766838));
#2456=CARTESIAN_POINT('Ctrl Pts',(12.75,3.47699999999991,19.7190322953369));
#2457=CARTESIAN_POINT('Ctrl Pts',(12.75,3.47699999999994,30.9285484430055));
#2458=CARTESIAN_POINT('Ctrl Pts',(12.6639802011517,3.47699999999984,-2.70000000000019));
#2459=CARTESIAN_POINT('Ctrl Pts',(12.6639802011517,3.47699999999987,8.5095161476684));
#2460=CARTESIAN_POINT('Ctrl Pts',(12.6639802011517,3.47699999999991,19.7190322953369));
#2461=CARTESIAN_POINT('Ctrl Pts',(12.6639802011517,3.47699999999994,30.9285484430055));
#2462=CARTESIAN_POINT('Ctrl Pts',(12.4937591949792,3.47787394207878,-2.70000000000019));
#2463=CARTESIAN_POINT('Ctrl Pts',(12.4937591949792,3.47787394207881,8.50951614766835));
#2464=CARTESIAN_POINT('Ctrl Pts',(12.4937591949792,3.47787394207885,19.719032295337));
#2465=CARTESIAN_POINT('Ctrl Pts',(12.4937591949792,3.47787394207888,30.9285484430055));
#2466=CARTESIAN_POINT('Ctrl Pts',(12.2403637651136,3.53442479763998,-2.70000000000019));
#2467=CARTESIAN_POINT('Ctrl Pts',(12.2403637651136,3.53442479764001,8.5095161476684));
#2468=CARTESIAN_POINT('Ctrl Pts',(12.2403637651136,3.53442479764005,19.7190322953369));
#2469=CARTESIAN_POINT('Ctrl Pts',(12.2403637651136,3.53442479764008,30.9285484430055));
#2470=CARTESIAN_POINT('Ctrl Pts',(11.9985762630212,3.66973790758506,-2.70000000000019));
#2471=CARTESIAN_POINT('Ctrl Pts',(11.9985762630212,3.66973790758509,8.50951614766836));
#2472=CARTESIAN_POINT('Ctrl Pts',(11.9985762630212,3.66973790758512,19.719032295337));
#2473=CARTESIAN_POINT('Ctrl Pts',(11.9985762630212,3.66973790758516,30.9285484430055));
#2474=CARTESIAN_POINT('Ctrl Pts',(11.792622519113,3.87558092502962,-2.70000000000019));
#2475=CARTESIAN_POINT('Ctrl Pts',(11.792622519113,3.87558092502966,8.50951614766839));
#2476=CARTESIAN_POINT('Ctrl Pts',(11.792622519113,3.87558092502969,19.7190322953369));
#2477=CARTESIAN_POINT('Ctrl Pts',(11.792622519113,3.87558092502972,30.9285484430055));
#2478=CARTESIAN_POINT('Ctrl Pts',(11.6576282071481,4.11728001363181,-2.70000000000019));
#2479=CARTESIAN_POINT('Ctrl Pts',(11.6576282071481,4.11728001363184,8.50951614766837));
#2480=CARTESIAN_POINT('Ctrl Pts',(11.6576282071481,4.11728001363188,19.719032295337));
#2481=CARTESIAN_POINT('Ctrl Pts',(11.6576282071481,4.11728001363191,30.9285484430055));
#2482=CARTESIAN_POINT('Ctrl Pts',(11.6007750815528,4.37078585679623,-2.70000000000019));
#2483=CARTESIAN_POINT('Ctrl Pts',(11.6007750815528,4.37078585679627,8.50951614766839));
#2484=CARTESIAN_POINT('Ctrl Pts',(11.6007750815528,4.3707858567963,19.7190322953369));
#2485=CARTESIAN_POINT('Ctrl Pts',(11.6007750815528,4.37078585679634,30.9285484430055));
#2486=CARTESIAN_POINT('Ctrl Pts',(11.6,4.54098020115155,-2.7000000000002));
#2487=CARTESIAN_POINT('Ctrl Pts',(11.6,4.54098020115158,8.50951614766837));
#2488=CARTESIAN_POINT('Ctrl Pts',(11.6,4.54098020115162,19.7190322953369));
#2489=CARTESIAN_POINT('Ctrl Pts',(11.6,4.54098020115165,30.9285484430055));
#2490=CARTESIAN_POINT('Ctrl Pts',(11.6,4.62699999999984,-2.7000000000002));
#2491=CARTESIAN_POINT('Ctrl Pts',(11.6,4.62699999999987,8.50951614766837));
#2492=CARTESIAN_POINT('Ctrl Pts',(11.6,4.62699999999991,19.7190322953369));
#2493=CARTESIAN_POINT('Ctrl Pts',(11.6,4.62699999999995,30.9285484430055));
#2494=CARTESIAN_POINT('',(12.75,3.47699999999994,30.9285484430055));
#2495=CARTESIAN_POINT('',(11.6,4.62699999999994,30.9285484430055));
#2496=CARTESIAN_POINT('Ctrl Pts',(12.75,3.47699999999994,30.9285484430055));
#2497=CARTESIAN_POINT('Ctrl Pts',(12.6639802011517,3.47699999999994,30.9285484430055));
#2498=CARTESIAN_POINT('Ctrl Pts',(12.5788696980654,3.47743697103941,30.9285484430055));
#2499=CARTESIAN_POINT('Ctrl Pts',(12.4940818748781,3.48708059915268,30.9285484430055));
#2500=CARTESIAN_POINT('Ctrl Pts',(12.4092940516907,3.49672422726595,30.9285484430055));
#2501=CARTESIAN_POINT('Ctrl Pts',(12.3248289084021,3.51557451245301,30.9285484430055));
#2502=CARTESIAN_POINT('Ctrl Pts',(12.2422984197425,3.54755184003739,30.9285484430055));
#2503=CARTESIAN_POINT('Ctrl Pts',(12.1597679310828,3.57952916762177,30.9285484430055));
#2504=CARTESIAN_POINT('Ctrl Pts',(12.079172097052,3.62463353760347,30.9285484430055));
#2505=CARTESIAN_POINT('Ctrl Pts',(12.0045485560519,3.68149289216841,30.9285484430055));
#2506=CARTESIAN_POINT('Ctrl Pts',(11.9299250150518,3.73835224673335,30.9285484430055));
#2507=CARTESIAN_POINT('Ctrl Pts',(11.8612737670824,3.80696658588154,30.9285484430055));
#2508=CARTESIAN_POINT('Ctrl Pts',(11.8044490911035,3.88155693688933,30.9285484430055));
#2509=CARTESIAN_POINT('Ctrl Pts',(11.7476244151247,3.95614728789712,30.9285484430055));
#2510=CARTESIAN_POINT('Ctrl Pts',(11.7026263111364,4.03671365076452,30.9285484430055));
#2511=CARTESIAN_POINT('Ctrl Pts',(11.6706517382097,4.11924780605895,30.9285484430055));
#2512=CARTESIAN_POINT('Ctrl Pts',(11.638677165283,4.20178196135339,30.9285484430055));
#2513=CARTESIAN_POINT('Ctrl Pts',(11.6197261234179,4.28628390907486,30.9285484430055));
#2514=CARTESIAN_POINT('Ctrl Pts',(11.6100568320971,4.37108346902443,30.9285484430055));
#2515=CARTESIAN_POINT('Ctrl Pts',(11.6003875407764,4.455883028974,30.9285484430055));
#2516=CARTESIAN_POINT('Ctrl Pts',(11.6,4.54098020115165,30.9285484430055));
#2517=CARTESIAN_POINT('Ctrl Pts',(11.6,4.62699999999995,30.9285484430055));
#2518=CARTESIAN_POINT('',(11.6,4.62699999999992,23.1499999999999));
#2519=CARTESIAN_POINT('',(12.75,3.47699999999992,23.1499999999999));
#2520=CARTESIAN_POINT('Origin',(15.6,3.47699999999984,-2.70000000000019));
#2521=CARTESIAN_POINT('',(15.6,3.47699999999994,30.9285484430055));
#2522=CARTESIAN_POINT('',(15.6,3.47699999999987,5.75713711075123));
#2523=CARTESIAN_POINT('',(15.6,3.47699999999994,30.9285484430055));
#2524=CARTESIAN_POINT('Ctrl Pts',(11.6,20.16,100.7));
#2525=CARTESIAN_POINT('Ctrl Pts',(11.6,20.16,77.4428494810018));
#2526=CARTESIAN_POINT('Ctrl Pts',(11.6,20.16,54.1856989620037));
#2527=CARTESIAN_POINT('Ctrl Pts',(11.6,20.16,30.9285484430055));
#2528=CARTESIAN_POINT('Ctrl Pts',(11.6,20.0739802011517,100.7));
#2529=CARTESIAN_POINT('Ctrl Pts',(11.6,20.0739802011517,77.4428494810018));
#2530=CARTESIAN_POINT('Ctrl Pts',(11.6,20.0739802011517,54.1856989620037));
#2531=CARTESIAN_POINT('Ctrl Pts',(11.6,20.0739802011517,30.9285484430055));
#2532=CARTESIAN_POINT('Ctrl Pts',(11.6008754704872,19.903760197461,100.7));
#2533=CARTESIAN_POINT('Ctrl Pts',(11.6008754704872,19.903760197461,77.4428494810019));
#2534=CARTESIAN_POINT('Ctrl Pts',(11.6008754704872,19.903760197461,54.1856989620036));
#2535=CARTESIAN_POINT('Ctrl Pts',(11.6008754704872,19.903760197461,30.9285484430055));
#2536=CARTESIAN_POINT('Ctrl Pts',(11.6574247245074,19.650366187513,100.7));
#2537=CARTESIAN_POINT('Ctrl Pts',(11.6574247245074,19.650366187513,77.4428494810018));
#2538=CARTESIAN_POINT('Ctrl Pts',(11.6574247245074,19.650366187513,54.1856989620037));
#2539=CARTESIAN_POINT('Ctrl Pts',(11.6574247245074,19.650366187513,30.9285484430055));
#2540=CARTESIAN_POINT('Ctrl Pts',(11.7927391584098,19.4085794036923,100.7));
#2541=CARTESIAN_POINT('Ctrl Pts',(11.7927391584098,19.4085794036923,77.4428494810018));
#2542=CARTESIAN_POINT('Ctrl Pts',(11.7927391584098,19.4085794036923,54.1856989620036));
#2543=CARTESIAN_POINT('Ctrl Pts',(11.7927391584098,19.4085794036923,30.9285484430055));
#2544=CARTESIAN_POINT('Ctrl Pts',(11.9985802146451,19.2026268786732,100.7));
#2545=CARTESIAN_POINT('Ctrl Pts',(11.9985802146451,19.2026268786732,77.4428494810017));
#2546=CARTESIAN_POINT('Ctrl Pts',(11.9985802146451,19.2026268786732,54.1856989620037));
#2547=CARTESIAN_POINT('Ctrl Pts',(11.9985802146451,19.2026268786732,30.9285484430055));
#2548=CARTESIAN_POINT('Ctrl Pts',(12.2402774521923,19.0676351445909,100.7));
#2549=CARTESIAN_POINT('Ctrl Pts',(12.2402774521923,19.0676351445909,77.4428494810018));
#2550=CARTESIAN_POINT('Ctrl Pts',(12.2402774521923,19.0676351445909,54.1856989620036));
#2551=CARTESIAN_POINT('Ctrl Pts',(12.2402774521923,19.0676351445909,30.9285484430055));
#2552=CARTESIAN_POINT('Ctrl Pts',(12.4937842761896,19.0107794853962,100.7));
#2553=CARTESIAN_POINT('Ctrl Pts',(12.4937842761896,19.0107794853962,77.4428494810018));
#2554=CARTESIAN_POINT('Ctrl Pts',(12.4937842761896,19.0107794853962,54.1856989620037));
#2555=CARTESIAN_POINT('Ctrl Pts',(12.4937842761896,19.0107794853962,30.9285484430055));
#2556=CARTESIAN_POINT('Ctrl Pts',(12.6639802011517,19.01,100.7));
#2557=CARTESIAN_POINT('Ctrl Pts',(12.6639802011517,19.01,77.4428494810018));
#2558=CARTESIAN_POINT('Ctrl Pts',(12.6639802011517,19.01,54.1856989620037));
#2559=CARTESIAN_POINT('Ctrl Pts',(12.6639802011517,19.01,30.9285484430055));
#2560=CARTESIAN_POINT('Ctrl Pts',(12.75,19.01,100.7));
#2561=CARTESIAN_POINT('Ctrl Pts',(12.75,19.01,77.4428494810018));
#2562=CARTESIAN_POINT('Ctrl Pts',(12.75,19.01,54.1856989620037));
#2563=CARTESIAN_POINT('Ctrl Pts',(12.75,19.01,30.9285484430055));
#2564=CARTESIAN_POINT('',(11.6,20.16,30.9285484430055));
#2565=CARTESIAN_POINT('',(12.75,19.01,30.9285484430055));
#2566=CARTESIAN_POINT('Ctrl Pts',(12.75,19.01,30.9285484430055));
#2567=CARTESIAN_POINT('Ctrl Pts',(12.6639802011517,19.01,30.9285484430055));
#2568=CARTESIAN_POINT('Ctrl Pts',(12.5788822386706,19.0103897426981,30.9285484430055));
#2569=CARTESIAN_POINT('Ctrl Pts',(12.4940821200972,19.0200605572463,30.9285484430055));
#2570=CARTESIAN_POINT('Ctrl Pts',(12.4092820015238,19.0297313717944,30.9285484430055));
#2571=CARTESIAN_POINT('Ctrl Pts',(12.3247797268581,19.0486832581927,30.9285484430055));
#2572=CARTESIAN_POINT('Ctrl Pts',(12.2422457166007,19.0806578237388,30.9285484430055));
#2573=CARTESIAN_POINT('Ctrl Pts',(12.1597117063432,19.112632389285,30.9285484430055));
#2574=CARTESIAN_POINT('Ctrl Pts',(12.0791459604942,19.1576296339791,30.9285484430055));
#2575=CARTESIAN_POINT('Ctrl Pts',(12.0045562448637,19.2144536771627,30.9285484430055));
#2576=CARTESIAN_POINT('Ctrl Pts',(11.9299665292333,19.2712777203463,30.9285484430055));
#2577=CARTESIAN_POINT('Ctrl Pts',(11.8613528438216,19.3399285620193,30.9285484430055));
#2578=CARTESIAN_POINT('Ctrl Pts',(11.8044935954653,19.4145517801593,30.9285484430055));
#2579=CARTESIAN_POINT('Ctrl Pts',(11.747634347109,19.4891749982992,30.9285484430055));
#2580=CARTESIAN_POINT('Ctrl Pts',(11.7025295358082,19.5697705929061,30.9285484430055));
#2581=CARTESIAN_POINT('Ctrl Pts',(11.6705522544878,19.6523007252009,30.9285484430055));
#2582=CARTESIAN_POINT('Ctrl Pts',(11.6385749731673,19.7348308574957,30.9285484430055));
#2583=CARTESIAN_POINT('Ctrl Pts',(11.6197252218272,19.8192955274783,30.9285484430055));
#2584=CARTESIAN_POINT('Ctrl Pts',(11.6100814785354,19.9040828633924,30.9285484430055));
#2585=CARTESIAN_POINT('Ctrl Pts',(11.6004377352436,19.9888701993064,30.9285484430055));
#2586=CARTESIAN_POINT('Ctrl Pts',(11.6,20.0739802011517,30.9285484430055));
#2587=CARTESIAN_POINT('Ctrl Pts',(11.6,20.16,30.9285484430055));
#2588=CARTESIAN_POINT('',(12.75,19.01,23.2499999999999));
#2589=CARTESIAN_POINT('',(11.6,20.16,23.2499999999999));
#2590=CARTESIAN_POINT('Origin',(30.1,19.01,-2.50000000000016));
#2591=CARTESIAN_POINT('',(19.1,19.01,30.9285484430055));
#2592=CARTESIAN_POINT('',(19.1,19.01,30.9285484430055));
#2593=CARTESIAN_POINT('',(19.1,19.01,23.2499999999999));
#2594=CARTESIAN_POINT('Ctrl Pts',(11.6,20.86,-2.70000000000018));
#2595=CARTESIAN_POINT('Ctrl Pts',(11.6,20.86,31.7666666666665));
#2596=CARTESIAN_POINT('Ctrl Pts',(11.6,20.86,66.2333333333333));
#2597=CARTESIAN_POINT('Ctrl Pts',(11.6,20.86,100.7));
#2598=CARTESIAN_POINT('Ctrl Pts',(11.6,20.9460197988483,-2.70000000000018));
#2599=CARTESIAN_POINT('Ctrl Pts',(11.6,20.9460197988483,31.7666666666666));
#2600=CARTESIAN_POINT('Ctrl Pts',(11.6,20.9460197988483,66.2333333333332));
#2601=CARTESIAN_POINT('Ctrl Pts',(11.6,20.9460197988483,100.7));
#2602=CARTESIAN_POINT('Ctrl Pts',(11.6008754897536,21.1162397827797,-2.70000000000018));
#2603=CARTESIAN_POINT('Ctrl Pts',(11.6008754897536,21.1162397827797,31.7666666666665));
#2604=CARTESIAN_POINT('Ctrl Pts',(11.6008754897536,21.1162397827797,66.2333333333334));
#2605=CARTESIAN_POINT('Ctrl Pts',(11.6008754897536,21.1162397827797,100.7));
#2606=CARTESIAN_POINT('Ctrl Pts',(11.6574247234402,21.3696337727302,-2.70000000000018));
#2607=CARTESIAN_POINT('Ctrl Pts',(11.6574247234402,21.3696337727302,31.7666666666666));
#2608=CARTESIAN_POINT('Ctrl Pts',(11.6574247234402,21.3696337727302,66.2333333333332));
#2609=CARTESIAN_POINT('Ctrl Pts',(11.6574247234402,21.3696337727302,100.7));
#2610=CARTESIAN_POINT('Ctrl Pts',(11.7927391732467,21.6114205423874,-2.70000000000018));
#2611=CARTESIAN_POINT('Ctrl Pts',(11.7927391732467,21.6114205423874,31.7666666666665));
#2612=CARTESIAN_POINT('Ctrl Pts',(11.7927391732467,21.6114205423874,66.2333333333334));
#2613=CARTESIAN_POINT('Ctrl Pts',(11.7927391732467,21.6114205423874,100.7));
#2614=CARTESIAN_POINT('Ctrl Pts',(11.9985802041017,21.8173730526434,-2.70000000000018));
#2615=CARTESIAN_POINT('Ctrl Pts',(11.9985802041017,21.8173730526434,31.7666666666666));
#2616=CARTESIAN_POINT('Ctrl Pts',(11.9985802041017,21.8173730526434,66.2333333333333));
#2617=CARTESIAN_POINT('Ctrl Pts',(11.9985802041017,21.8173730526434,100.7));
#2618=CARTESIAN_POINT('Ctrl Pts',(12.2402774177055,21.9523647547563,-2.70000000000018));
#2619=CARTESIAN_POINT('Ctrl Pts',(12.2402774177055,21.9523647547563,31.7666666666665));
#2620=CARTESIAN_POINT('Ctrl Pts',(12.2402774177055,21.9523647547563,66.2333333333334));
#2621=CARTESIAN_POINT('Ctrl Pts',(12.2402774177055,21.9523647547563,100.7));
#2622=CARTESIAN_POINT('Ctrl Pts',(12.4937842546169,22.0092204493572,-2.70000000000018));
#2623=CARTESIAN_POINT('Ctrl Pts',(12.4937842546169,22.0092204493572,31.7666666666666));
#2624=CARTESIAN_POINT('Ctrl Pts',(12.4937842546169,22.0092204493572,66.2333333333333));
#2625=CARTESIAN_POINT('Ctrl Pts',(12.4937842546169,22.0092204493572,100.7));
#2626=CARTESIAN_POINT('Ctrl Pts',(12.6639802011517,22.01,-2.70000000000018));
#2627=CARTESIAN_POINT('Ctrl Pts',(12.6639802011517,22.01,31.7666666666665));
#2628=CARTESIAN_POINT('Ctrl Pts',(12.6639802011517,22.01,66.2333333333333));
#2629=CARTESIAN_POINT('Ctrl Pts',(12.6639802011517,22.01,100.7));
#2630=CARTESIAN_POINT('Ctrl Pts',(12.75,22.01,-2.70000000000018));
#2631=CARTESIAN_POINT('Ctrl Pts',(12.75,22.01,31.7666666666665));
#2632=CARTESIAN_POINT('Ctrl Pts',(12.75,22.01,66.2333333333333));
#2633=CARTESIAN_POINT('Ctrl Pts',(12.75,22.01,100.7));
#2634=CARTESIAN_POINT('',(11.6,20.86,74.75));
#2635=CARTESIAN_POINT('',(12.75,22.01,74.75));
#2636=CARTESIAN_POINT('Origin',(11.6,20.51,48.9999999999999));
#2637=CARTESIAN_POINT('',(11.6,-18.7,30.9285484430055));
#2638=CARTESIAN_POINT('Origin',(15.6,0.254999999999987,14.2142742215027));
#2639=CARTESIAN_POINT('Origin',(15.6,-16.4,-0.400000000000178));
#2640=CARTESIAN_POINT('',(15.6,-18.5,30.9285484430055));
#2641=CARTESIAN_POINT('Origin',(-4.9,-16.4,-0.400000000000178));
#2642=CARTESIAN_POINT('Origin',(-4.9,69.9,98.4));
#2643=CARTESIAN_POINT('Origin',(-4.89999999999999,-16.4,98.4));
#2644=CARTESIAN_POINT('Origin',(19.1,-16.4,98.4));
#2645=CARTESIAN_POINT('Origin',(19.1,26.75,48.9999999999999));
#2646=CARTESIAN_POINT('',(19.1,4.125,30.9285484430055));
#2647=CARTESIAN_POINT('Origin',(30.1,22.01,100.5));
#2648=CARTESIAN_POINT('',(30.1,22.01,74.75));
#2649=CARTESIAN_POINT('Origin',(30.1,26.75,48.9999999999999));
#2650=CARTESIAN_POINT('Origin',(19.1,-18.5,30.9285484430055));
#2651=UNCERTAINTY_MEASURE_WITH_UNIT(LENGTH_MEASURE(0.01),#2655,
'DISTANCE_ACCURACY_VALUE',
'Maximum model space distance between geometric entities at asserted c
onnectivities');
#2652=UNCERTAINTY_MEASURE_WITH_UNIT(LENGTH_MEASURE(0.01),#2655,
'DISTANCE_ACCURACY_VALUE',
'Maximum model space distance between geometric entities at asserted c
onnectivities');
#2653=(
GEOMETRIC_REPRESENTATION_CONTEXT(3)
GLOBAL_UNCERTAINTY_ASSIGNED_CONTEXT((#2651))
GLOBAL_UNIT_ASSIGNED_CONTEXT((#2655,#2657,#2658))
REPRESENTATION_CONTEXT('','3D')
);
#2654=(
GEOMETRIC_REPRESENTATION_CONTEXT(3)
GLOBAL_UNCERTAINTY_ASSIGNED_CONTEXT((#2652))
GLOBAL_UNIT_ASSIGNED_CONTEXT((#2655,#2657,#2658))
REPRESENTATION_CONTEXT('','3D')
);
#2655=(
LENGTH_UNIT()
NAMED_UNIT(*)
SI_UNIT(.MILLI.,.METRE.)
);
#2656=(
LENGTH_UNIT()
NAMED_UNIT(*)
SI_UNIT($,.METRE.)
);
#2657=(
NAMED_UNIT(*)
PLANE_ANGLE_UNIT()
SI_UNIT($,.RADIAN.)
);
#2658=(
NAMED_UNIT(*)
SI_UNIT($,.STERADIAN.)
SOLID_ANGLE_UNIT()
);
#2659=SHAPE_DEFINITION_REPRESENTATION(#2660,#2661);
#2660=PRODUCT_DEFINITION_SHAPE('',$,#2663);
#2661=SHAPE_REPRESENTATION('',(#1267),#2653);
#2662=PRODUCT_DEFINITION_CONTEXT('part definition',#2667,'design');
#2663=PRODUCT_DEFINITION('2026-08-10-20-36-07-492','Upper Half',#2664,#2662);
#2664=PRODUCT_DEFINITION_FORMATION('',$,#2669);
#2665=PRODUCT_RELATED_PRODUCT_CATEGORY('Upper Half','Upper Half',(#2669));
#2666=APPLICATION_PROTOCOL_DEFINITION('international standard',
'automotive_design',2009,#2667);
#2667=APPLICATION_CONTEXT(
'Core Data for Automotive Mechanical Design Process');
#2668=PRODUCT_CONTEXT('part definition',#2667,'mechanical');
#2669=PRODUCT('2026-08-10-20-36-07-492','Upper Half',$,(#2668));
#2670=PRESENTATION_STYLE_ASSIGNMENT((#2671));
#2671=SURFACE_STYLE_USAGE(.BOTH.,#2672);
#2672=SURFACE_SIDE_STYLE('',(#2673));
#2673=SURFACE_STYLE_FILL_AREA(#2674);
#2674=FILL_AREA_STYLE('Steel - Satin',(#2675));
#2675=FILL_AREA_STYLE_COLOUR('Steel - Satin',#2676);
#2676=COLOUR_RGB('Steel - Satin',0.627450980392157,0.627450980392157,0.627450980392157);
ENDSEC;
END-ISO-10303-21;
